{
  "fileName": "Benchmarks/Study_SamplesSet/04a8004f4d161150f9a5bad912ea1df3.sol",
  "baseName": "04a8004f4d161150f9a5bad912ea1df3.sol",
  "iter": 1,
  "time": "0.008446",
  "errMsg": null,
  "result": [
    {
      "no": "1",
      "kind": "IO",
      "line": 28,
      "signatures": [
        {
          "contractName": "IntegerOverflowMultiTxOneFuncFeasible",
          "methodName": "run",
          "argTypes": [ "uint256" ]
        }
      ],
      "exp": "(a - b)",
      "status": "proven"
    }
  ]
}