{
  "fileName": "Benchmarks/Study_SamplesSet/05fecfbf66b19b64ef7b468b71052fd5.sol",
  "baseName": "05fecfbf66b19b64ef7b468b71052fd5.sol",
  "iter": 66,
  "time": "300.167023",
  "errMsg": null,
  "result": [
    {
      "no": "1",
      "kind": "IO",
      "line": 73,
      "signatures": [
        {
          "contractName": "Storage",
          "methodName": "purchase",
          "argTypes": [ "address" ]
        }
      ],
      "exp": "(amount[addr] + 1)",
      "status": "unproven"
    },
    {
      "no": "2",
      "kind": "IO",
      "line": 77,
      "signatures": [
        {
          "contractName": "Storage",
          "methodName": "purchase",
          "argTypes": [ "address" ]
        }
      ],
      "exp": "(amount[addr] - 1)",
      "status": "unproven"
    },
    {
      "no": "3",
      "kind": "IO",
      "line": 77,
      "signatures": [
        {
          "contractName": "Storage",
          "methodName": "purchase",
          "argTypes": [ "address" ]
        }
      ],
      "exp": "(i + 1)",
      "status": "proven"
    },
    {
      "no": "4",
      "kind": "IO",
      "line": 78,
      "signatures": [
        {
          "contractName": "Storage",
          "methodName": "purchase",
          "argTypes": [ "address" ]
        }
      ],
      "exp": "(amount[addr] - 1)",
      "status": "unproven"
    },
    {
      "no": "5",
      "kind": "IO",
      "line": 79,
      "signatures": [
        {
          "contractName": "Storage",
          "methodName": "purchase",
          "argTypes": [ "address" ]
        }
      ],
      "exp": "(amount[addr] - 1)",
      "status": "unproven"
    },
    {
      "no": "6",
      "kind": "IO",
      "line": 84,
      "signatures": [
        {
          "contractName": "Storage",
          "methodName": "purchase",
          "argTypes": [ "address" ]
        }
      ],
      "exp": "(count + 1)",
      "status": "unproven"
    },
    {
      "no": "7",
      "kind": "IO",
      "line": 98,
      "signatures": [
        {
          "contractName": "Storage",
          "methodName": "draw",
          "argTypes": [ "uint256" ]
        }
      ],
      "exp": "(i - 1)",
      "status": "unproven"
    },
    {
      "no": "8",
      "kind": "IO",
      "line": 99,
      "signatures": [
        {
          "contractName": "Storage",
          "methodName": "draw",
          "argTypes": [ "uint256" ]
        }
      ],
      "exp": "(j + 1)",
      "status": "proven"
    },
    {
      "no": "9",
      "kind": "IO",
      "line": 102,
      "signatures": [
        {
          "contractName": "Storage",
          "methodName": "draw",
          "argTypes": [ "uint256" ]
        }
      ],
      "exp": "(winnersCount + 1)",
      "status": "proven"
    },
    {
      "no": "10",
      "kind": "IO",
      "line": 155,
      "signatures": [
        {
          "contractName": "RefStorage",
          "methodName": "newTicket",
          "argTypes": []
        }
      ],
      "exp": "(players[tx.origin].tickets + 1)",
      "status": "unproven"
    },
    {
      "no": "11",
      "kind": "IO",
      "line": 156,
      "signatures": [
        {
          "contractName": "RefStorage",
          "methodName": "newTicket",
          "argTypes": []
        }
      ],
      "exp": "(players[tx.origin].tickets - players[tx.origin].checkpoint)",
      "status": "unproven"
    },
    {
      "no": "12",
      "kind": "IO",
      "line": 157,
      "signatures": [
        {
          "contractName": "RefStorage",
          "methodName": "newTicket",
          "argTypes": []
        }
      ],
      "exp": "(prize * 2)",
      "status": "unproven"
    },
    {
      "no": "13",
      "kind": "IO",
      "line": 240,
      "signatures": [
        {
          "contractName": "Lottery10ETH",
          "methodName": "Lottery10ETH",
          "argTypes": [ "address" ]
        }
      ],
      "exp": "(gameCount + 1)",
      "status": "proven"
    },
    {
      "no": "14",
      "kind": "IO",
      "line": 262,
      "signatures": [
        {
          "contractName": "Lottery10ETH",
          "methodName": "@fallback",
          "argTypes": []
        }
      ],
      "exp": "(msg.value - PRICE)",
      "status": "proven"
    },
    {
      "no": "15",
      "kind": "IO",
      "line": 285,
      "signatures": [
        {
          "contractName": "Lottery10ETH",
          "methodName": "drawing",
          "argTypes": []
        }
      ],
      "exp": "(futureblock + 230)",
      "status": "unproven"
    },
    {
      "no": "16",
      "kind": "IO",
      "line": 286,
      "signatures": [
        {
          "contractName": "Lottery10ETH",
          "methodName": "drawing",
          "argTypes": []
        }
      ],
      "exp": "(block.number + 20)",
      "status": "unproven"
    },
    {
      "no": "17",
      "kind": "IO",
      "line": 292,
      "signatures": [
        {
          "contractName": "Lottery10ETH",
          "methodName": "drawing",
          "argTypes": []
        }
      ],
      "exp": "(i + 1)",
      "status": "proven"
    },
    {
      "no": "18",
      "kind": "IO",
      "line": 293,
      "signatures": [
        {
          "contractName": "Lottery10ETH",
          "methodName": "drawing",
          "argTypes": []
        }
      ],
      "exp": "((futureblock - 1) - i)",
      "status": "unproven"
    },
    {
      "no": "19",
      "kind": "IO",
      "line": 293,
      "signatures": [
        {
          "contractName": "Lottery10ETH",
          "methodName": "drawing",
          "argTypes": []
        }
      ],
      "exp": "(futureblock - 1)",
      "status": "unproven"
    },
    {
      "no": "20",
      "kind": "IO",
      "line": 303,
      "signatures": [
        {
          "contractName": "Lottery10ETH",
          "methodName": "drawing",
          "argTypes": []
        }
      ],
      "exp": "(gold[0] * gold[1])",
      "status": "unproven"
    },
    {
      "no": "21",
      "kind": "IO",
      "line": 307,
      "signatures": [
        {
          "contractName": "Lottery10ETH",
          "methodName": "drawing",
          "argTypes": []
        }
      ],
      "exp": "(k + 1)",
      "status": "proven"
    },
    {
      "no": "22",
      "kind": "IO",
      "line": 317,
      "signatures": [
        {
          "contractName": "Lottery10ETH",
          "methodName": "drawing",
          "argTypes": []
        }
      ],
      "exp": "(players.length * 1000000000000000000)",
      "status": "unproven"
    },
    {
      "no": "23",
      "kind": "IO",
      "line": 318,
      "signatures": [
        {
          "contractName": "Lottery10ETH",
          "methodName": "drawing",
          "argTypes": []
        }
      ],
      "exp": "(j + 1)",
      "status": "proven"
    },
    {
      "no": "24",
      "kind": "IO",
      "line": 319,
      "signatures": [
        {
          "contractName": "Lottery10ETH",
          "methodName": "drawing",
          "argTypes": []
        }
      ],
      "exp": "(2 ** (j + 1))",
      "status": "proven"
    },
    {
      "no": "25",
      "kind": "IO",
      "line": 319,
      "signatures": [
        {
          "contractName": "Lottery10ETH",
          "methodName": "drawing",
          "argTypes": []
        }
      ],
      "exp": "(j + 1)",
      "status": "proven"
    },
    {
      "no": "26",
      "kind": "IO",
      "line": 320,
      "signatures": [
        {
          "contractName": "Lottery10ETH",
          "methodName": "drawing",
          "argTypes": []
        }
      ],
      "exp": "(futureblock - j)",
      "status": "unproven"
    },
    {
      "no": "27",
      "kind": "IO",
      "line": 321,
      "signatures": [
        {
          "contractName": "Lottery10ETH",
          "methodName": "drawing",
          "argTypes": []
        }
      ],
      "exp": "(winnerIdx + change)",
      "status": "unproven"
    },
    {
      "no": "28",
      "kind": "IO",
      "line": 332,
      "signatures": [
        {
          "contractName": "Lottery10ETH",
          "methodName": "drawing",
          "argTypes": []
        }
      ],
      "exp": "(gameCount + 1)",
      "status": "unproven"
    },
    {
      "no": "29",
      "kind": "IO",
      "line": 334,
      "signatures": [
        {
          "contractName": "Lottery10ETH",
          "methodName": "drawing",
          "argTypes": []
        }
      ],
      "exp": "(gas - gasleft())",
      "status": "unproven"
    },
    {
      "no": "30",
      "kind": "IO",
      "line": 334,
      "signatures": [
        {
          "contractName": "Lottery10ETH",
          "methodName": "drawing",
          "argTypes": []
        }
      ],
      "exp": "(tx.gasprice * (gas - gasleft()))",
      "status": "unproven"
    },
    {
      "no": "31",
      "kind": "IO",
      "line": 338,
      "signatures": [
        {
          "contractName": "Lottery10ETH",
          "methodName": "drawing",
          "argTypes": []
        }
      ],
      "exp": "(address(this).balance - msg.value)",
      "status": "unproven"
    },
    {
      "no": "32",
      "kind": "DZ",
      "line": 156,
      "signatures": [
        {
          "contractName": "RefStorage",
          "methodName": "newTicket",
          "argTypes": []
        }
      ],
      "exp": "((players[tx.origin].tickets - players[tx.origin].checkpoint) % interval)",
      "status": "unproven"
    },
    {
      "no": "33",
      "kind": "DZ",
      "line": 293,
      "signatures": [
        {
          "contractName": "Lottery10ETH",
          "methodName": "drawing",
          "argTypes": []
        }
      ],
      "exp": "(uint256(blockhash(((futureblock - 1) - i))) % players.length)",
      "status": "unproven"
    },
    {
      "no": "34",
      "kind": "DZ",
      "line": 303,
      "signatures": [
        {
          "contractName": "Lottery10ETH",
          "methodName": "drawing",
          "argTypes": []
        }
      ],
      "exp": "((gold[0] * gold[1]) / x.count())",
      "status": "unproven"
    },
    {
      "no": "35",
      "kind": "DZ",
      "line": 319,
      "signatures": [
        {
          "contractName": "Lottery10ETH",
          "methodName": "drawing",
          "argTypes": []
        }
      ],
      "exp": "(indexes / (2 ** (j + 1)))",
      "status": "unproven"
    },
    {
      "no": "36",
      "kind": "DZ",
      "line": 320,
      "signatures": [
        {
          "contractName": "Lottery10ETH",
          "methodName": "drawing",
          "argTypes": []
        }
      ],
      "exp": "(uint256(blockhash((futureblock - j))) % 2)",
      "status": "proven"
    },
    {
      "no": "37",
      "kind": "DZ",
      "line": 324,
      "signatures": [
        {
          "contractName": "Lottery10ETH",
          "methodName": "drawing",
          "argTypes": []
        }
      ],
      "exp": "(winnerIdx / 1000000000000000000)",
      "status": "proven"
    },
    {
      "no": "38",
      "kind": "ETH_LEAK",
      "line": 253,
      "signatures": [
        {
          "contractName": "Lottery10ETH",
          "methodName": "@fallback",
          "argTypes": []
        }
      ],
      "exp": "msg.sender.transfer(msg.value);",
      "status": "unproven"
    },
    {
      "no": "39",
      "kind": "ETH_LEAK",
      "line": 262,
      "signatures": [
        {
          "contractName": "Lottery10ETH",
          "methodName": "@fallback",
          "argTypes": []
        }
      ],
      "exp": "msg.sender.transfer((msg.value - PRICE));",
      "status": "unproven"
    },
    {
      "no": "40",
      "kind": "ETH_LEAK",
      "line": 294,
      "signatures": [
        {
          "contractName": "Lottery10ETH",
          "methodName": "drawing",
          "argTypes": []
        }
      ],
      "exp": "winner.send(silver[1]);",
      "status": "unproven"
    },
    {
      "no": "41",
      "kind": "ETH_LEAK",
      "line": 308,
      "signatures": [
        {
          "contractName": "Lottery10ETH",
          "methodName": "drawing",
          "argTypes": []
        }
      ],
      "exp": "addresses[k].send(goldenPrize);",
      "status": "unproven"
    },
    {
      "no": "42",
      "kind": "ETH_LEAK",
      "line": 325,
      "signatures": [
        {
          "contractName": "Lottery10ETH",
          "methodName": "drawing",
          "argTypes": []
        }
      ],
      "exp": "players[winnerIdx].send(brilliant[1]);",
      "status": "unproven"
    },
    {
      "no": "43",
      "kind": "ETH_LEAK",
      "line": 335,
      "signatures": [
        {
          "contractName": "Lottery10ETH",
          "methodName": "drawing",
          "argTypes": []
        }
      ],
      "exp": "msg.sender.send(txCost);",
      "status": "unproven"
    },
    {
      "no": "44",
      "kind": "ETH_LEAK",
      "line": 339,
      "signatures": [
        {
          "contractName": "Lottery10ETH",
          "methodName": "drawing",
          "argTypes": []
        }
      ],
      "exp": "owner.send(fee);",
      "status": "proven"
    }
  ]
}