{
  "fileName": "Benchmarks/Study_SamplesSet/06143d888209369c24b41735d14a9379.sol",
  "baseName": "06143d888209369c24b41735d14a9379.sol",
  "iter": 67,
  "time": "300.9423",
  "errMsg": null,
  "result": [
    {
      "no": "1",
      "kind": "IO",
      "line": 21,
      "signatures": [
        {
          "contractName": "SurpriseToken",
          "methodName": "decreaseApproval",
          "argTypes": [ "address", "uint256" ]
        },
        {
          "contractName": "SurpriseToken",
          "methodName": "transfer",
          "argTypes": [ "address", "uint256" ]
        },
        {
          "contractName": "SurpriseToken",
          "methodName": "transferFrom",
          "argTypes": [ "address", "address", "uint256" ]
        }
      ],
      "exp": "(a - b)",
      "status": "proven"
    },
    {
      "no": "2",
      "kind": "IO",
      "line": 25,
      "signatures": [
        {
          "contractName": "SurpriseToken",
          "methodName": "balanceOf",
          "argTypes": [ "address" ]
        },
        {
          "contractName": "SurpriseToken",
          "methodName": "increaseApproval",
          "argTypes": [ "address", "uint256" ]
        },
        {
          "contractName": "SurpriseToken",
          "methodName": "transfer",
          "argTypes": [ "address", "uint256" ]
        },
        {
          "contractName": "SurpriseToken",
          "methodName": "transferFrom",
          "argTypes": [ "address", "address", "uint256" ]
        }
      ],
      "exp": "(a + b)",
      "status": "unproven"
    }
  ]
}