{
  "fileName": "Benchmarks/Study_SamplesSet/0761a37c97dccdc9d7f9d036e8588207.sol",
  "baseName": "0761a37c97dccdc9d7f9d036e8588207.sol",
  "iter": 395,
  "time": "300.620174",
  "errMsg": null,
  "result": [
    {
      "no": "1",
      "kind": "KA",
      "line": 216,
      "signatures": [
        {
          "contractName": "ethBank",
          "methodName": "moveBrickClear",
          "argTypes": []
        }
      ],
      "exp": "selfdestruct(msg.sender);",
      "status": "proven"
    },
    {
      "no": "2",
      "kind": "ETH_LEAK",
      "line": 65,
      "signatures": [
        {
          "contractName": "ethBank",
          "methodName": "setReward_TOD12",
          "argTypes": []
        }
      ],
      "exp": "owner_TOD12.transfer(reward_TOD12);",
      "status": "proven"
    },
    {
      "no": "3",
      "kind": "ETH_LEAK",
      "line": 73,
      "signatures": [
        {
          "contractName": "ethBank",
          "methodName": "claimReward_TOD12",
          "argTypes": [ "uint256" ]
        }
      ],
      "exp": "msg.sender.transfer(reward_TOD12);",
      "status": "unproven"
    },
    {
      "no": "4",
      "kind": "ETH_LEAK",
      "line": 95,
      "signatures": [
        {
          "contractName": "ethBank",
          "methodName": "getReward_TOD11",
          "argTypes": []
        }
      ],
      "exp": "winner_TOD11.transfer(msg.value);",
      "status": "unproven"
    },
    {
      "no": "5",
      "kind": "ETH_LEAK",
      "line": 124,
      "signatures": [
        {
          "contractName": "ethBank",
          "methodName": "getReward_TOD1",
          "argTypes": []
        }
      ],
      "exp": "winner_TOD1.transfer(msg.value);",
      "status": "unproven"
    },
    {
      "no": "6",
      "kind": "ETH_LEAK",
      "line": 138,
      "signatures": [
        {
          "contractName": "ethBank",
          "methodName": "setReward_TOD2",
          "argTypes": []
        }
      ],
      "exp": "owner_TOD2.transfer(reward_TOD2);",
      "status": "proven"
    },
    {
      "no": "7",
      "kind": "ETH_LEAK",
      "line": 146,
      "signatures": [
        {
          "contractName": "ethBank",
          "methodName": "claimReward_TOD2",
          "argTypes": [ "uint256" ]
        }
      ],
      "exp": "msg.sender.transfer(reward_TOD2);",
      "status": "unproven"
    },
    {
      "no": "8",
      "kind": "ETH_LEAK",
      "line": 152,
      "signatures": [
        {
          "contractName": "ethBank",
          "methodName": "withdrawForUser",
          "argTypes": [ "address", "uint256" ]
        }
      ],
      "exp": "_address.transfer(amount);",
      "status": "proven"
    },
    {
      "no": "9",
      "kind": "ETH_LEAK",
      "line": 165,
      "signatures": [
        {
          "contractName": "ethBank",
          "methodName": "getReward_TOD17",
          "argTypes": []
        }
      ],
      "exp": "winner_TOD17.transfer(msg.value);",
      "status": "unproven"
    },
    {
      "no": "10",
      "kind": "ETH_LEAK",
      "line": 170,
      "signatures": [
        {
          "contractName": "ethBank",
          "methodName": "moveBrick",
          "argTypes": [ "uint256" ]
        }
      ],
      "exp": "msg.sender.transfer(amount);",
      "status": "proven"
    },
    {
      "no": "11",
      "kind": "ETH_LEAK",
      "line": 183,
      "signatures": [
        {
          "contractName": "ethBank",
          "methodName": "getReward_TOD37",
          "argTypes": []
        }
      ],
      "exp": "winner_TOD37.transfer(msg.value);",
      "status": "unproven"
    },
    {
      "no": "12",
      "kind": "ETH_LEAK",
      "line": 195,
      "signatures": [
        {
          "contractName": "ethBank",
          "methodName": "moveBrickContracts",
          "argTypes": []
        }
      ],
      "exp": "msg.sender.transfer(address(this).balance);",
      "status": "proven"
    },
    {
      "no": "13",
      "kind": "ETH_LEAK",
      "line": 208,
      "signatures": [
        {
          "contractName": "ethBank",
          "methodName": "getReward_TOD3",
          "argTypes": []
        }
      ],
      "exp": "winner_TOD3.transfer(msg.value);",
      "status": "unproven"
    },
    {
      "no": "14",
      "kind": "ETH_LEAK",
      "line": 216,
      "signatures": [
        {
          "contractName": "ethBank",
          "methodName": "moveBrickClear",
          "argTypes": []
        }
      ],
      "exp": "selfdestruct(msg.sender);",
      "status": "proven"
    },
    {
      "no": "15",
      "kind": "ETH_LEAK",
      "line": 229,
      "signatures": [
        {
          "contractName": "ethBank",
          "methodName": "getReward_TOD9",
          "argTypes": []
        }
      ],
      "exp": "winner_TOD9.transfer(msg.value);",
      "status": "unproven"
    },
    {
      "no": "16",
      "kind": "ETH_LEAK",
      "line": 238,
      "signatures": [
        {
          "contractName": "ethBank",
          "methodName": "joinFlexible",
          "argTypes": []
        }
      ],
      "exp": "msg.sender.transfer(address(this).balance);",
      "status": "proven"
    },
    {
      "no": "17",
      "kind": "ETH_LEAK",
      "line": 252,
      "signatures": [
        {
          "contractName": "ethBank",
          "methodName": "getReward_TOD25",
          "argTypes": []
        }
      ],
      "exp": "winner_TOD25.transfer(msg.value);",
      "status": "unproven"
    },
    {
      "no": "18",
      "kind": "ETH_LEAK",
      "line": 256,
      "signatures": [
        {
          "contractName": "ethBank",
          "methodName": "joinFixed",
          "argTypes": []
        }
      ],
      "exp": "msg.sender.transfer(address(this).balance);",
      "status": "proven"
    },
    {
      "no": "19",
      "kind": "ETH_LEAK",
      "line": 270,
      "signatures": [
        {
          "contractName": "ethBank",
          "methodName": "getReward_TOD19",
          "argTypes": []
        }
      ],
      "exp": "winner_TOD19.transfer(msg.value);",
      "status": "unproven"
    },
    {
      "no": "20",
      "kind": "ETH_LEAK",
      "line": 274,
      "signatures": [
        {
          "contractName": "ethBank",
          "methodName": "staticBonus",
          "argTypes": []
        }
      ],
      "exp": "msg.sender.transfer(address(this).balance);",
      "status": "proven"
    },
    {
      "no": "21",
      "kind": "ETH_LEAK",
      "line": 284,
      "signatures": [
        {
          "contractName": "ethBank",
          "methodName": "setReward_TOD26",
          "argTypes": []
        }
      ],
      "exp": "owner_TOD26.transfer(reward_TOD26);",
      "status": "proven"
    },
    {
      "no": "22",
      "kind": "ETH_LEAK",
      "line": 292,
      "signatures": [
        {
          "contractName": "ethBank",
          "methodName": "claimReward_TOD26",
          "argTypes": [ "uint256" ]
        }
      ],
      "exp": "msg.sender.transfer(reward_TOD26);",
      "status": "unproven"
    },
    {
      "no": "23",
      "kind": "ETH_LEAK",
      "line": 297,
      "signatures": [
        {
          "contractName": "ethBank",
          "methodName": "activeBonus",
          "argTypes": []
        }
      ],
      "exp": "msg.sender.transfer(address(this).balance);",
      "status": "proven"
    },
    {
      "no": "24",
      "kind": "ETH_LEAK",
      "line": 307,
      "signatures": [
        {
          "contractName": "ethBank",
          "methodName": "setReward_TOD20",
          "argTypes": []
        }
      ],
      "exp": "owner_TOD20.transfer(reward_TOD20);",
      "status": "proven"
    },
    {
      "no": "25",
      "kind": "ETH_LEAK",
      "line": 315,
      "signatures": [
        {
          "contractName": "ethBank",
          "methodName": "claimReward_TOD20",
          "argTypes": [ "uint256" ]
        }
      ],
      "exp": "msg.sender.transfer(reward_TOD20);",
      "status": "unproven"
    },
    {
      "no": "26",
      "kind": "ETH_LEAK",
      "line": 320,
      "signatures": [
        {
          "contractName": "ethBank",
          "methodName": "teamAddBonus",
          "argTypes": []
        }
      ],
      "exp": "msg.sender.transfer(address(this).balance);",
      "status": "proven"
    },
    {
      "no": "27",
      "kind": "ETH_LEAK",
      "line": 330,
      "signatures": [
        {
          "contractName": "ethBank",
          "methodName": "setReward_TOD32",
          "argTypes": []
        }
      ],
      "exp": "owner_TOD32.transfer(reward_TOD32);",
      "status": "proven"
    },
    {
      "no": "28",
      "kind": "ETH_LEAK",
      "line": 338,
      "signatures": [
        {
          "contractName": "ethBank",
          "methodName": "claimReward_TOD32",
          "argTypes": [ "uint256" ]
        }
      ],
      "exp": "msg.sender.transfer(reward_TOD32);",
      "status": "unproven"
    },
    {
      "no": "29",
      "kind": "ETH_LEAK",
      "line": 343,
      "signatures": [
        {
          "contractName": "ethBank",
          "methodName": "staticBonusCacl",
          "argTypes": []
        }
      ],
      "exp": "msg.sender.transfer(address(this).balance);",
      "status": "proven"
    },
    {
      "no": "30",
      "kind": "ETH_LEAK",
      "line": 353,
      "signatures": [
        {
          "contractName": "ethBank",
          "methodName": "setReward_TOD38",
          "argTypes": []
        }
      ],
      "exp": "owner_TOD38.transfer(reward_TOD38);",
      "status": "proven"
    },
    {
      "no": "31",
      "kind": "ETH_LEAK",
      "line": 361,
      "signatures": [
        {
          "contractName": "ethBank",
          "methodName": "claimReward_TOD38",
          "argTypes": [ "uint256" ]
        }
      ],
      "exp": "msg.sender.transfer(reward_TOD38);",
      "status": "unproven"
    },
    {
      "no": "32",
      "kind": "ETH_LEAK",
      "line": 366,
      "signatures": [
        {
          "contractName": "ethBank",
          "methodName": "activeBonusCacl_1",
          "argTypes": []
        }
      ],
      "exp": "msg.sender.transfer(address(this).balance);",
      "status": "proven"
    },
    {
      "no": "33",
      "kind": "ETH_LEAK",
      "line": 376,
      "signatures": [
        {
          "contractName": "ethBank",
          "methodName": "setReward_TOD4",
          "argTypes": []
        }
      ],
      "exp": "owner_TOD4.transfer(reward_TOD4);",
      "status": "proven"
    },
    {
      "no": "34",
      "kind": "ETH_LEAK",
      "line": 384,
      "signatures": [
        {
          "contractName": "ethBank",
          "methodName": "claimReward_TOD4",
          "argTypes": [ "uint256" ]
        }
      ],
      "exp": "msg.sender.transfer(reward_TOD4);",
      "status": "unproven"
    },
    {
      "no": "35",
      "kind": "ETH_LEAK",
      "line": 389,
      "signatures": [
        {
          "contractName": "ethBank",
          "methodName": "activeBonusCacl_2",
          "argTypes": []
        }
      ],
      "exp": "msg.sender.transfer(address(this).balance);",
      "status": "proven"
    },
    {
      "no": "36",
      "kind": "ETH_LEAK",
      "line": 403,
      "signatures": [
        {
          "contractName": "ethBank",
          "methodName": "getReward_TOD7",
          "argTypes": []
        }
      ],
      "exp": "winner_TOD7.transfer(msg.value);",
      "status": "unproven"
    },
    {
      "no": "37",
      "kind": "ETH_LEAK",
      "line": 407,
      "signatures": [
        {
          "contractName": "ethBank",
          "methodName": "activeBonusCacl_3",
          "argTypes": []
        }
      ],
      "exp": "msg.sender.transfer(address(this).balance);",
      "status": "proven"
    },
    {
      "no": "38",
      "kind": "ETH_LEAK",
      "line": 421,
      "signatures": [
        {
          "contractName": "ethBank",
          "methodName": "getReward_TOD23",
          "argTypes": []
        }
      ],
      "exp": "winner_TOD23.transfer(msg.value);",
      "status": "unproven"
    },
    {
      "no": "39",
      "kind": "ETH_LEAK",
      "line": 425,
      "signatures": [
        {
          "contractName": "ethBank",
          "methodName": "activeBonusCacl_4",
          "argTypes": []
        }
      ],
      "exp": "msg.sender.transfer(address(this).balance);",
      "status": "proven"
    },
    {
      "no": "40",
      "kind": "ETH_LEAK",
      "line": 435,
      "signatures": [
        {
          "contractName": "ethBank",
          "methodName": "setReward_TOD14",
          "argTypes": []
        }
      ],
      "exp": "owner_TOD14.transfer(reward_TOD14);",
      "status": "proven"
    },
    {
      "no": "41",
      "kind": "ETH_LEAK",
      "line": 443,
      "signatures": [
        {
          "contractName": "ethBank",
          "methodName": "claimReward_TOD14",
          "argTypes": [ "uint256" ]
        }
      ],
      "exp": "msg.sender.transfer(reward_TOD14);",
      "status": "unproven"
    },
    {
      "no": "42",
      "kind": "ETH_LEAK",
      "line": 448,
      "signatures": [
        {
          "contractName": "ethBank",
          "methodName": "activeBonusCacl_5",
          "argTypes": []
        }
      ],
      "exp": "msg.sender.transfer(address(this).balance);",
      "status": "proven"
    },
    {
      "no": "43",
      "kind": "ETH_LEAK",
      "line": 458,
      "signatures": [
        {
          "contractName": "ethBank",
          "methodName": "setReward_TOD30",
          "argTypes": []
        }
      ],
      "exp": "owner_TOD30.transfer(reward_TOD30);",
      "status": "proven"
    },
    {
      "no": "44",
      "kind": "ETH_LEAK",
      "line": 466,
      "signatures": [
        {
          "contractName": "ethBank",
          "methodName": "claimReward_TOD30",
          "argTypes": [ "uint256" ]
        }
      ],
      "exp": "msg.sender.transfer(reward_TOD30);",
      "status": "unproven"
    },
    {
      "no": "45",
      "kind": "ETH_LEAK",
      "line": 471,
      "signatures": [
        {
          "contractName": "ethBank",
          "methodName": "activeBonusCacl_6",
          "argTypes": []
        }
      ],
      "exp": "msg.sender.transfer(address(this).balance);",
      "status": "proven"
    },
    {
      "no": "46",
      "kind": "ETH_LEAK",
      "line": 481,
      "signatures": [
        {
          "contractName": "ethBank",
          "methodName": "setReward_TOD8",
          "argTypes": []
        }
      ],
      "exp": "owner_TOD8.transfer(reward_TOD8);",
      "status": "proven"
    },
    {
      "no": "47",
      "kind": "ETH_LEAK",
      "line": 489,
      "signatures": [
        {
          "contractName": "ethBank",
          "methodName": "claimReward_TOD8",
          "argTypes": [ "uint256" ]
        }
      ],
      "exp": "msg.sender.transfer(reward_TOD8);",
      "status": "unproven"
    },
    {
      "no": "48",
      "kind": "ETH_LEAK",
      "line": 494,
      "signatures": [
        {
          "contractName": "ethBank",
          "methodName": "activeBonusCacl_7",
          "argTypes": []
        }
      ],
      "exp": "msg.sender.transfer(address(this).balance);",
      "status": "proven"
    },
    {
      "no": "49",
      "kind": "ETH_LEAK",
      "line": 508,
      "signatures": [
        {
          "contractName": "ethBank",
          "methodName": "getReward_TOD39",
          "argTypes": []
        }
      ],
      "exp": "winner_TOD39.transfer(msg.value);",
      "status": "unproven"
    },
    {
      "no": "50",
      "kind": "ETH_LEAK",
      "line": 512,
      "signatures": [
        {
          "contractName": "ethBank",
          "methodName": "activeBonusCacl_8",
          "argTypes": []
        }
      ],
      "exp": "msg.sender.transfer(address(this).balance);",
      "status": "proven"
    },
    {
      "no": "51",
      "kind": "ETH_LEAK",
      "line": 522,
      "signatures": [
        {
          "contractName": "ethBank",
          "methodName": "setReward_TOD36",
          "argTypes": []
        }
      ],
      "exp": "owner_TOD36.transfer(reward_TOD36);",
      "status": "proven"
    },
    {
      "no": "52",
      "kind": "ETH_LEAK",
      "line": 530,
      "signatures": [
        {
          "contractName": "ethBank",
          "methodName": "claimReward_TOD36",
          "argTypes": [ "uint256" ]
        }
      ],
      "exp": "msg.sender.transfer(reward_TOD36);",
      "status": "unproven"
    },
    {
      "no": "53",
      "kind": "ETH_LEAK",
      "line": 535,
      "signatures": [
        {
          "contractName": "ethBank",
          "methodName": "activeBonusCacl_9",
          "argTypes": []
        }
      ],
      "exp": "msg.sender.transfer(address(this).balance);",
      "status": "proven"
    },
    {
      "no": "54",
      "kind": "ETH_LEAK",
      "line": 549,
      "signatures": [
        {
          "contractName": "ethBank",
          "methodName": "getReward_TOD35",
          "argTypes": []
        }
      ],
      "exp": "winner_TOD35.transfer(msg.value);",
      "status": "unproven"
    },
    {
      "no": "55",
      "kind": "ETH_LEAK",
      "line": 553,
      "signatures": [
        {
          "contractName": "ethBank",
          "methodName": "teamAddBonusCacl",
          "argTypes": []
        }
      ],
      "exp": "msg.sender.transfer(address(this).balance);",
      "status": "proven"
    },
    {
      "no": "56",
      "kind": "ETH_LEAK",
      "line": 563,
      "signatures": [
        {
          "contractName": "ethBank",
          "methodName": "setReward_TOD40",
          "argTypes": []
        }
      ],
      "exp": "owner_TOD40.transfer(reward_TOD40);",
      "status": "proven"
    },
    {
      "no": "57",
      "kind": "ETH_LEAK",
      "line": 571,
      "signatures": [
        {
          "contractName": "ethBank",
          "methodName": "claimReward_TOD40",
          "argTypes": [ "uint256" ]
        }
      ],
      "exp": "msg.sender.transfer(reward_TOD40);",
      "status": "unproven"
    },
    {
      "no": "58",
      "kind": "ETH_LEAK",
      "line": 576,
      "signatures": [
        {
          "contractName": "ethBank",
          "methodName": "caclTeamPerformance",
          "argTypes": []
        }
      ],
      "exp": "msg.sender.transfer(address(this).balance);",
      "status": "proven"
    },
    {
      "no": "59",
      "kind": "ETH_LEAK",
      "line": 590,
      "signatures": [
        {
          "contractName": "ethBank",
          "methodName": "getReward_TOD33",
          "argTypes": []
        }
      ],
      "exp": "winner_TOD33.transfer(msg.value);",
      "status": "unproven"
    },
    {
      "no": "60",
      "kind": "ETH_LEAK",
      "line": 594,
      "signatures": [
        {
          "contractName": "ethBank",
          "methodName": "releaStaticBonus",
          "argTypes": []
        }
      ],
      "exp": "msg.sender.transfer(address(this).balance);",
      "status": "proven"
    },
    {
      "no": "61",
      "kind": "ETH_LEAK",
      "line": 608,
      "signatures": [
        {
          "contractName": "ethBank",
          "methodName": "getReward_TOD27",
          "argTypes": []
        }
      ],
      "exp": "winner_TOD27.transfer(msg.value);",
      "status": "unproven"
    },
    {
      "no": "62",
      "kind": "ETH_LEAK",
      "line": 612,
      "signatures": [
        {
          "contractName": "ethBank",
          "methodName": "releaActiveBonus",
          "argTypes": []
        }
      ],
      "exp": "msg.sender.transfer(address(this).balance);",
      "status": "proven"
    },
    {
      "no": "63",
      "kind": "ETH_LEAK",
      "line": 626,
      "signatures": [
        {
          "contractName": "ethBank",
          "methodName": "getReward_TOD31",
          "argTypes": []
        }
      ],
      "exp": "winner_TOD31.transfer(msg.value);",
      "status": "unproven"
    },
    {
      "no": "64",
      "kind": "ETH_LEAK",
      "line": 630,
      "signatures": [
        {
          "contractName": "ethBank",
          "methodName": "releaTeamAddBonus",
          "argTypes": []
        }
      ],
      "exp": "msg.sender.transfer(address(this).balance);",
      "status": "proven"
    },
    {
      "no": "65",
      "kind": "ETH_LEAK",
      "line": 644,
      "signatures": [
        {
          "contractName": "ethBank",
          "methodName": "getReward_TOD13",
          "argTypes": []
        }
      ],
      "exp": "winner_TOD13.transfer(msg.value);",
      "status": "unproven"
    }
  ]
}