{
  "fileName": "Benchmarks/Study_SamplesSet/0901241c8dd29426865fcbbe5ba3b634.sol",
  "baseName": "0901241c8dd29426865fcbbe5ba3b634.sol",
  "iter": 9,
  "time": "6.810684",
  "errMsg": null,
  "result": [
    {
      "no": "1",
      "kind": "IO",
      "line": 28,
      "signatures": [
        {
          "contractName": "Xtime",
          "methodName": "transfer",
          "argTypes": [ "address", "uint256" ]
        }
      ],
      "exp": "(balances[msg.sender] - _value)",
      "status": "proven"
    },
    {
      "no": "2",
      "kind": "IO",
      "line": 29,
      "signatures": [
        {
          "contractName": "Xtime",
          "methodName": "transfer",
          "argTypes": [ "address", "uint256" ]
        }
      ],
      "exp": "(balances[_to] + _value)",
      "status": "proven"
    },
    {
      "no": "3",
      "kind": "IO",
      "line": 39,
      "signatures": [
        {
          "contractName": "Xtime",
          "methodName": "transferFrom",
          "argTypes": [ "address", "address", "uint256" ]
        }
      ],
      "exp": "(balances[_to] + _value)",
      "status": "proven"
    },
    {
      "no": "4",
      "kind": "IO",
      "line": 40,
      "signatures": [
        {
          "contractName": "Xtime",
          "methodName": "transferFrom",
          "argTypes": [ "address", "address", "uint256" ]
        }
      ],
      "exp": "(balances[_from] - _value)",
      "status": "proven"
    },
    {
      "no": "5",
      "kind": "IO",
      "line": 41,
      "signatures": [
        {
          "contractName": "Xtime",
          "methodName": "transferFrom",
          "argTypes": [ "address", "address", "uint256" ]
        }
      ],
      "exp": "(allowed[_from][msg.sender] - _value)",
      "status": "proven"
    },
    {
      "no": "6",
      "kind": "IO",
      "line": 75,
      "signatures": [
        {
          "contractName": "Xtime",
          "methodName": "Xtime",
          "argTypes": [ "address" ]
        }
      ],
      "exp": "(10 ** decimals)",
      "status": "proven"
    },
    {
      "no": "7",
      "kind": "IO",
      "line": 75,
      "signatures": [
        {
          "contractName": "Xtime",
          "methodName": "Xtime",
          "argTypes": [ "address" ]
        }
      ],
      "exp": "(1000000000 * (10 ** decimals))",
      "status": "proven"
    }
  ]
}