{
  "fileName": "Benchmarks/Study_SamplesSet/17d5d4e0c845e8d9ead4d85011127c69.sol",
  "baseName": "17d5d4e0c845e8d9ead4d85011127c69.sol",
  "iter": 221,
  "time": "303.842721",
  "errMsg": null,
  "result": [
    {
      "no": "1",
      "kind": "IO",
      "line": 29,
      "signatures": [
        {
          "contractName": "TIP",
          "methodName": "transfer",
          "argTypes": [ "address", "uint256" ]
        },
        {
          "contractName": "TIP",
          "methodName": "transferFrom",
          "argTypes": [ "address", "address", "uint256" ]
        }
      ],
      "exp": "(a - b)",
      "status": "proven"
    },
    {
      "no": "2",
      "kind": "IO",
      "line": 33,
      "signatures": [
        {
          "contractName": "TIP",
          "methodName": "transfer",
          "argTypes": [ "address", "uint256" ]
        },
        {
          "contractName": "TIP",
          "methodName": "transferFrom",
          "argTypes": [ "address", "address", "uint256" ]
        }
      ],
      "exp": "(a + b)",
      "status": "unproven"
    },
    {
      "no": "3",
      "kind": "IO",
      "line": 68,
      "signatures": [
        {
          "contractName": "TIP",
          "methodName": "transfer",
          "argTypes": [ "address", "uint256" ]
        }
      ],
      "exp": "(size + 4)",
      "status": "proven"
    },
    {
      "no": "4",
      "kind": "IO",
      "line": 74,
      "signatures": [
        {
          "contractName": "TIP",
          "methodName": "transfer",
          "argTypes": [ "address", "uint256" ]
        }
      ],
      "exp": "(2 * 32)",
      "status": "proven"
    },
    {
      "no": "5",
      "kind": "IO",
      "line": 139,
      "signatures": [
        { "contractName": "TIP", "methodName": "TIP", "argTypes": [] }
      ],
      "exp": "(10 ** 8)",
      "status": "proven"
    },
    {
      "no": "6",
      "kind": "IO",
      "line": 139,
      "signatures": [
        { "contractName": "TIP", "methodName": "TIP", "argTypes": [] }
      ],
      "exp": "(10000000 * (10 ** 8))",
      "status": "proven"
    },
    {
      "no": "7",
      "kind": "IO",
      "line": 140,
      "signatures": [
        { "contractName": "TIP", "methodName": "TIP", "argTypes": [] }
      ],
      "exp": "(10 ** 8)",
      "status": "proven"
    },
    {
      "no": "8",
      "kind": "IO",
      "line": 140,
      "signatures": [
        { "contractName": "TIP", "methodName": "TIP", "argTypes": [] }
      ],
      "exp": "(10000 * (10 ** 8))",
      "status": "proven"
    },
    {
      "no": "9",
      "kind": "IO",
      "line": 148,
      "signatures": [
        { "contractName": "TIP", "methodName": "TIP", "argTypes": [] }
      ],
      "exp": "(10 ** 8)",
      "status": "proven"
    },
    {
      "no": "10",
      "kind": "IO",
      "line": 148,
      "signatures": [
        { "contractName": "TIP", "methodName": "TIP", "argTypes": [] }
      ],
      "exp": "(100000000 * (10 ** 8))",
      "status": "proven"
    },
    {
      "no": "11",
      "kind": "IO",
      "line": 149,
      "signatures": [
        { "contractName": "TIP", "methodName": "TIP", "argTypes": [] }
      ],
      "exp": "(10 ** 8)",
      "status": "proven"
    },
    {
      "no": "12",
      "kind": "IO",
      "line": 149,
      "signatures": [
        { "contractName": "TIP", "methodName": "TIP", "argTypes": [] }
      ],
      "exp": "(100000000 * (10 ** 8))",
      "status": "proven"
    },
    {
      "no": "13",
      "kind": "IO",
      "line": 166,
      "signatures": [
        { "contractName": "TIP", "methodName": "@fallback", "argTypes": [] }
      ],
      "exp": "(balances[owner] - transferAmount)",
      "status": "proven"
    },
    {
      "no": "14",
      "kind": "IO",
      "line": 167,
      "signatures": [
        { "contractName": "TIP", "methodName": "@fallback", "argTypes": [] }
      ],
      "exp": "(balances[msg.sender] + transferAmount)",
      "status": "unproven"
    },
    {
      "no": "15",
      "kind": "IO",
      "line": 168,
      "signatures": [
        { "contractName": "TIP", "methodName": "@fallback", "argTypes": [] }
      ],
      "exp": "(address_claimed_tokens[msg.sender] + transferAmount)",
      "status": "proven"
    },
    {
      "no": "16",
      "kind": "IO",
      "line": 173,
      "signatures": [
        {
          "contractName": "TIP",
          "methodName": "distribute",
          "argTypes": [ "address[]" ]
        }
      ],
      "exp": "(i + 1)",
      "status": "proven"
    },
    {
      "no": "17",
      "kind": "IO",
      "line": 175,
      "signatures": [
        {
          "contractName": "TIP",
          "methodName": "distribute",
          "argTypes": [ "address[]" ]
        }
      ],
      "exp": "(balances[owner] - transferAmount)",
      "status": "unproven"
    },
    {
      "no": "18",
      "kind": "IO",
      "line": 176,
      "signatures": [
        {
          "contractName": "TIP",
          "methodName": "distribute",
          "argTypes": [ "address[]" ]
        }
      ],
      "exp": "(balances[addresses[i]] + transferAmount)",
      "status": "unproven"
    },
    {
      "no": "19",
      "kind": "IO",
      "line": 177,
      "signatures": [
        {
          "contractName": "TIP",
          "methodName": "distribute",
          "argTypes": [ "address[]" ]
        }
      ],
      "exp": "(address_claimed_tokens[addresses[i]] + transferAmount)",
      "status": "proven"
    }
  ]
}