{
  "fileName": "Benchmarks/Study_SamplesSet/187c97cc295dfaaac4b85f7c829214fc.sol",
  "baseName": "187c97cc295dfaaac4b85f7c829214fc.sol",
  "iter": 95,
  "time": "300.057899",
  "errMsg": null,
  "result": [
    {
      "no": "1",
      "kind": "IO",
      "line": 27,
      "signatures": [
        {
          "contractName": "WaterCrowdsale",
          "methodName": "buyTokens",
          "argTypes": [ "address" ]
        }
      ],
      "exp": "(a + b)",
      "status": "unproven"
    },
    {
      "no": "2",
      "kind": "IO",
      "line": 106,
      "signatures": [
        {
          "contractName": "WaterCrowdsale",
          "methodName": "WaterCrowdsale",
          "argTypes": [
            "uint256", "uint256", "address", "address", "uint256", "uint256",
            "uint256", "uint256", "uint256", "uint256"
          ]
        }
      ],
      "exp": "(_fundingGoalInEther * 1000000000000000000)",
      "status": "unproven"
    },
    {
      "no": "3",
      "kind": "IO",
      "line": 107,
      "signatures": [
        {
          "contractName": "WaterCrowdsale",
          "methodName": "WaterCrowdsale",
          "argTypes": [
            "uint256", "uint256", "address", "address", "uint256", "uint256",
            "uint256", "uint256", "uint256", "uint256"
          ]
        }
      ],
      "exp": "(_minimumFundingGoalInEther * 1000000000000000000)",
      "status": "unproven"
    },
    {
      "no": "4",
      "kind": "IO",
      "line": 110,
      "signatures": [
        {
          "contractName": "WaterCrowdsale",
          "methodName": "WaterCrowdsale",
          "argTypes": [
            "uint256", "uint256", "address", "address", "uint256", "uint256",
            "uint256", "uint256", "uint256", "uint256"
          ]
        }
      ],
      "exp": "(_startTimeInMinutes * 60)",
      "status": "unproven"
    },
    {
      "no": "5",
      "kind": "IO",
      "line": 110,
      "signatures": [
        {
          "contractName": "WaterCrowdsale",
          "methodName": "WaterCrowdsale",
          "argTypes": [
            "uint256", "uint256", "address", "address", "uint256", "uint256",
            "uint256", "uint256", "uint256", "uint256"
          ]
        }
      ],
      "exp": "(now + (_startTimeInMinutes * 60))",
      "status": "unproven"
    },
    {
      "no": "6",
      "kind": "IO",
      "line": 111,
      "signatures": [
        {
          "contractName": "WaterCrowdsale",
          "methodName": "WaterCrowdsale",
          "argTypes": [
            "uint256", "uint256", "address", "address", "uint256", "uint256",
            "uint256", "uint256", "uint256", "uint256"
          ]
        }
      ],
      "exp": "((((_firstWeekBonusInWeek * 7) * 24) * 60) * 60)",
      "status": "unproven"
    },
    {
      "no": "7",
      "kind": "IO",
      "line": 111,
      "signatures": [
        {
          "contractName": "WaterCrowdsale",
          "methodName": "WaterCrowdsale",
          "argTypes": [
            "uint256", "uint256", "address", "address", "uint256", "uint256",
            "uint256", "uint256", "uint256", "uint256"
          ]
        }
      ],
      "exp": "(((_firstWeekBonusInWeek * 7) * 24) * 60)",
      "status": "unproven"
    },
    {
      "no": "8",
      "kind": "IO",
      "line": 111,
      "signatures": [
        {
          "contractName": "WaterCrowdsale",
          "methodName": "WaterCrowdsale",
          "argTypes": [
            "uint256", "uint256", "address", "address", "uint256", "uint256",
            "uint256", "uint256", "uint256", "uint256"
          ]
        }
      ],
      "exp": "((_firstWeekBonusInWeek * 7) * 24)",
      "status": "unproven"
    },
    {
      "no": "9",
      "kind": "IO",
      "line": 111,
      "signatures": [
        {
          "contractName": "WaterCrowdsale",
          "methodName": "WaterCrowdsale",
          "argTypes": [
            "uint256", "uint256", "address", "address", "uint256", "uint256",
            "uint256", "uint256", "uint256", "uint256"
          ]
        }
      ],
      "exp": "(_firstWeekBonusInWeek * 7)",
      "status": "unproven"
    },
    {
      "no": "10",
      "kind": "IO",
      "line": 111,
      "signatures": [
        {
          "contractName": "WaterCrowdsale",
          "methodName": "WaterCrowdsale",
          "argTypes": [
            "uint256", "uint256", "address", "address", "uint256", "uint256",
            "uint256", "uint256", "uint256", "uint256"
          ]
        }
      ],
      "exp": "(startTimeInMinutes + ((((_firstWeekBonusInWeek * 7) * 24) * 60) * 60))",
      "status": "unproven"
    },
    {
      "no": "11",
      "kind": "IO",
      "line": 112,
      "signatures": [
        {
          "contractName": "WaterCrowdsale",
          "methodName": "WaterCrowdsale",
          "argTypes": [
            "uint256", "uint256", "address", "address", "uint256", "uint256",
            "uint256", "uint256", "uint256", "uint256"
          ]
        }
      ],
      "exp": "((((_secondWeekBonusInWeek * 7) * 24) * 60) * 60)",
      "status": "unproven"
    },
    {
      "no": "12",
      "kind": "IO",
      "line": 112,
      "signatures": [
        {
          "contractName": "WaterCrowdsale",
          "methodName": "WaterCrowdsale",
          "argTypes": [
            "uint256", "uint256", "address", "address", "uint256", "uint256",
            "uint256", "uint256", "uint256", "uint256"
          ]
        }
      ],
      "exp": "(((_secondWeekBonusInWeek * 7) * 24) * 60)",
      "status": "unproven"
    },
    {
      "no": "13",
      "kind": "IO",
      "line": 112,
      "signatures": [
        {
          "contractName": "WaterCrowdsale",
          "methodName": "WaterCrowdsale",
          "argTypes": [
            "uint256", "uint256", "address", "address", "uint256", "uint256",
            "uint256", "uint256", "uint256", "uint256"
          ]
        }
      ],
      "exp": "((_secondWeekBonusInWeek * 7) * 24)",
      "status": "unproven"
    },
    {
      "no": "14",
      "kind": "IO",
      "line": 112,
      "signatures": [
        {
          "contractName": "WaterCrowdsale",
          "methodName": "WaterCrowdsale",
          "argTypes": [
            "uint256", "uint256", "address", "address", "uint256", "uint256",
            "uint256", "uint256", "uint256", "uint256"
          ]
        }
      ],
      "exp": "(_secondWeekBonusInWeek * 7)",
      "status": "unproven"
    },
    {
      "no": "15",
      "kind": "IO",
      "line": 112,
      "signatures": [
        {
          "contractName": "WaterCrowdsale",
          "methodName": "WaterCrowdsale",
          "argTypes": [
            "uint256", "uint256", "address", "address", "uint256", "uint256",
            "uint256", "uint256", "uint256", "uint256"
          ]
        }
      ],
      "exp": "(startTimeInMinutes + ((((_secondWeekBonusInWeek * 7) * 24) * 60) * 60))",
      "status": "unproven"
    },
    {
      "no": "16",
      "kind": "IO",
      "line": 113,
      "signatures": [
        {
          "contractName": "WaterCrowdsale",
          "methodName": "WaterCrowdsale",
          "argTypes": [
            "uint256", "uint256", "address", "address", "uint256", "uint256",
            "uint256", "uint256", "uint256", "uint256"
          ]
        }
      ],
      "exp": "((((_thirdWeekBonusInWeek * 7) * 24) * 60) * 60)",
      "status": "unproven"
    },
    {
      "no": "17",
      "kind": "IO",
      "line": 113,
      "signatures": [
        {
          "contractName": "WaterCrowdsale",
          "methodName": "WaterCrowdsale",
          "argTypes": [
            "uint256", "uint256", "address", "address", "uint256", "uint256",
            "uint256", "uint256", "uint256", "uint256"
          ]
        }
      ],
      "exp": "(((_thirdWeekBonusInWeek * 7) * 24) * 60)",
      "status": "unproven"
    },
    {
      "no": "18",
      "kind": "IO",
      "line": 113,
      "signatures": [
        {
          "contractName": "WaterCrowdsale",
          "methodName": "WaterCrowdsale",
          "argTypes": [
            "uint256", "uint256", "address", "address", "uint256", "uint256",
            "uint256", "uint256", "uint256", "uint256"
          ]
        }
      ],
      "exp": "((_thirdWeekBonusInWeek * 7) * 24)",
      "status": "unproven"
    },
    {
      "no": "19",
      "kind": "IO",
      "line": 113,
      "signatures": [
        {
          "contractName": "WaterCrowdsale",
          "methodName": "WaterCrowdsale",
          "argTypes": [
            "uint256", "uint256", "address", "address", "uint256", "uint256",
            "uint256", "uint256", "uint256", "uint256"
          ]
        }
      ],
      "exp": "(_thirdWeekBonusInWeek * 7)",
      "status": "unproven"
    },
    {
      "no": "20",
      "kind": "IO",
      "line": 113,
      "signatures": [
        {
          "contractName": "WaterCrowdsale",
          "methodName": "WaterCrowdsale",
          "argTypes": [
            "uint256", "uint256", "address", "address", "uint256", "uint256",
            "uint256", "uint256", "uint256", "uint256"
          ]
        }
      ],
      "exp": "(startTimeInMinutes + ((((_thirdWeekBonusInWeek * 7) * 24) * 60) * 60))",
      "status": "unproven"
    },
    {
      "no": "21",
      "kind": "IO",
      "line": 115,
      "signatures": [
        {
          "contractName": "WaterCrowdsale",
          "methodName": "WaterCrowdsale",
          "argTypes": [
            "uint256", "uint256", "address", "address", "uint256", "uint256",
            "uint256", "uint256", "uint256", "uint256"
          ]
        }
      ],
      "exp": "(_endTimeInMinutes * 60)",
      "status": "unproven"
    },
    {
      "no": "22",
      "kind": "IO",
      "line": 115,
      "signatures": [
        {
          "contractName": "WaterCrowdsale",
          "methodName": "WaterCrowdsale",
          "argTypes": [
            "uint256", "uint256", "address", "address", "uint256", "uint256",
            "uint256", "uint256", "uint256", "uint256"
          ]
        }
      ],
      "exp": "(startTimeInMinutes + (_endTimeInMinutes * 60))",
      "status": "unproven"
    },
    {
      "no": "23",
      "kind": "IO",
      "line": 133,
      "signatures": [
        {
          "contractName": "WaterCrowdsale",
          "methodName": "buyTokens",
          "argTypes": [ "address" ]
        }
      ],
      "exp": "(weiAmount * price)",
      "status": "unproven"
    },
    {
      "no": "24",
      "kind": "IO",
      "line": 136,
      "signatures": [
        {
          "contractName": "WaterCrowdsale",
          "methodName": "buyTokens",
          "argTypes": [ "address" ]
        }
      ],
      "exp": "(tokens * 20)",
      "status": "unproven"
    },
    {
      "no": "25",
      "kind": "IO",
      "line": 136,
      "signatures": [
        {
          "contractName": "WaterCrowdsale",
          "methodName": "buyTokens",
          "argTypes": [ "address" ]
        }
      ],
      "exp": "(tokens + ((tokens * 20) / 100))",
      "status": "unproven"
    },
    {
      "no": "26",
      "kind": "IO",
      "line": 138,
      "signatures": [
        {
          "contractName": "WaterCrowdsale",
          "methodName": "buyTokens",
          "argTypes": [ "address" ]
        }
      ],
      "exp": "(tokens * 10)",
      "status": "unproven"
    },
    {
      "no": "27",
      "kind": "IO",
      "line": 138,
      "signatures": [
        {
          "contractName": "WaterCrowdsale",
          "methodName": "buyTokens",
          "argTypes": [ "address" ]
        }
      ],
      "exp": "(tokens + ((tokens * 10) / 100))",
      "status": "unproven"
    },
    {
      "no": "28",
      "kind": "IO",
      "line": 140,
      "signatures": [
        {
          "contractName": "WaterCrowdsale",
          "methodName": "buyTokens",
          "argTypes": [ "address" ]
        }
      ],
      "exp": "(tokens * 5)",
      "status": "unproven"
    },
    {
      "no": "29",
      "kind": "IO",
      "line": 140,
      "signatures": [
        {
          "contractName": "WaterCrowdsale",
          "methodName": "buyTokens",
          "argTypes": [ "address" ]
        }
      ],
      "exp": "(tokens + ((tokens * 5) / 100))",
      "status": "unproven"
    },
    {
      "no": "30",
      "kind": "IO",
      "line": 143,
      "signatures": [
        {
          "contractName": "WaterCrowdsale",
          "methodName": "buyTokens",
          "argTypes": [ "address" ]
        }
      ],
      "exp": "(balanceOf[msg.sender] + weiAmount)",
      "status": "unproven"
    },
    {
      "no": "31",
      "kind": "DZ",
      "line": 136,
      "signatures": [
        {
          "contractName": "WaterCrowdsale",
          "methodName": "buyTokens",
          "argTypes": [ "address" ]
        }
      ],
      "exp": "((tokens * 20) / 100)",
      "status": "proven"
    },
    {
      "no": "32",
      "kind": "DZ",
      "line": 138,
      "signatures": [
        {
          "contractName": "WaterCrowdsale",
          "methodName": "buyTokens",
          "argTypes": [ "address" ]
        }
      ],
      "exp": "((tokens * 10) / 100)",
      "status": "proven"
    },
    {
      "no": "33",
      "kind": "DZ",
      "line": 140,
      "signatures": [
        {
          "contractName": "WaterCrowdsale",
          "methodName": "buyTokens",
          "argTypes": [ "address" ]
        }
      ],
      "exp": "((tokens * 5) / 100)",
      "status": "proven"
    },
    {
      "no": "34",
      "kind": "ETH_LEAK",
      "line": 156,
      "signatures": [
        {
          "contractName": "WaterCrowdsale",
          "methodName": "safeWithdrawal",
          "argTypes": []
        }
      ],
      "exp": "msg.sender.send(amount)",
      "status": "unproven"
    },
    {
      "no": "35",
      "kind": "ETH_LEAK",
      "line": 166,
      "signatures": [
        {
          "contractName": "WaterCrowdsale",
          "methodName": "safeWithdrawal",
          "argTypes": []
        }
      ],
      "exp": "wallet.send(weiRaised)",
      "status": "proven"
    }
  ]
}