{
  "fileName": "Benchmarks/Study_SamplesSet/1b15a0a530394a1ff5768af418ebfecc.sol",
  "baseName": "1b15a0a530394a1ff5768af418ebfecc.sol",
  "iter": 281,
  "time": "300.07027",
  "errMsg": null,
  "result": [
    {
      "no": "1",
      "kind": "IO",
      "line": 12,
      "signatures": [
        {
          "contractName": "AccountWallet",
          "methodName": "increaseLockTime_intou21",
          "argTypes": [ "uint256" ]
        }
      ],
      "exp": "(lockTime_intou21[msg.sender] + _secondsToIncrease)",
      "status": "unproven"
    },
    {
      "no": "2",
      "kind": "IO",
      "line": 23,
      "signatures": [
        {
          "contractName": "AccountWallet",
          "methodName": "transfer_intou10",
          "argTypes": [ "address", "uint256" ]
        }
      ],
      "exp": "(balances_intou10[msg.sender] - _value)",
      "status": "unproven"
    },
    {
      "no": "3",
      "kind": "IO",
      "line": 24,
      "signatures": [
        {
          "contractName": "AccountWallet",
          "methodName": "transfer_intou10",
          "argTypes": [ "address", "uint256" ]
        }
      ],
      "exp": "(balances_intou10[msg.sender] - _value)",
      "status": "unproven"
    },
    {
      "no": "4",
      "kind": "IO",
      "line": 25,
      "signatures": [
        {
          "contractName": "AccountWallet",
          "methodName": "transfer_intou10",
          "argTypes": [ "address", "uint256" ]
        }
      ],
      "exp": "(balances_intou10[_to] + _value)",
      "status": "unproven"
    },
    {
      "no": "5",
      "kind": "IO",
      "line": 32,
      "signatures": [
        {
          "contractName": "AccountWallet",
          "methodName": "transfer_intou22",
          "argTypes": [ "address", "uint256" ]
        }
      ],
      "exp": "(balances_intou22[msg.sender] - _value)",
      "status": "unproven"
    },
    {
      "no": "6",
      "kind": "IO",
      "line": 33,
      "signatures": [
        {
          "contractName": "AccountWallet",
          "methodName": "transfer_intou22",
          "argTypes": [ "address", "uint256" ]
        }
      ],
      "exp": "(balances_intou22[msg.sender] - _value)",
      "status": "unproven"
    },
    {
      "no": "7",
      "kind": "IO",
      "line": 34,
      "signatures": [
        {
          "contractName": "AccountWallet",
          "methodName": "transfer_intou22",
          "argTypes": [ "address", "uint256" ]
        }
      ],
      "exp": "(balances_intou22[_to] + _value)",
      "status": "unproven"
    },
    {
      "no": "8",
      "kind": "IO",
      "line": 41,
      "signatures": [
        {
          "contractName": "AccountWallet",
          "methodName": "bug_intou36",
          "argTypes": [ "uint8" ]
        }
      ],
      "exp": "(vundflw1 + p_intou36)",
      "status": "proven"
    },
    {
      "no": "9",
      "kind": "IO",
      "line": 46,
      "signatures": [
        {
          "contractName": "AccountWallet",
          "methodName": "bug_intou35",
          "argTypes": []
        }
      ],
      "exp": "(vundflw - 10)",
      "status": "unproven"
    },
    {
      "no": "10",
      "kind": "IO",
      "line": 51,
      "signatures": [
        {
          "contractName": "AccountWallet",
          "methodName": "bug_intou40",
          "argTypes": [ "uint8" ]
        }
      ],
      "exp": "(vundflw1 + p_intou40)",
      "status": "proven"
    },
    {
      "no": "11",
      "kind": "IO",
      "line": 57,
      "signatures": [
        {
          "contractName": "AccountWallet",
          "methodName": "increaseLockTime_intou33",
          "argTypes": [ "uint256" ]
        }
      ],
      "exp": "(lockTime_intou33[msg.sender] + _secondsToIncrease)",
      "status": "unproven"
    },
    {
      "no": "12",
      "kind": "IO",
      "line": 77,
      "signatures": [
        {
          "contractName": "AccountWallet",
          "methodName": "increaseLockTime_intou1",
          "argTypes": [ "uint256" ]
        }
      ],
      "exp": "(lockTime_intou1[msg.sender] + _secondsToIncrease)",
      "status": "unproven"
    },
    {
      "no": "13",
      "kind": "IO",
      "line": 92,
      "signatures": [
        {
          "contractName": "AccountWallet",
          "methodName": "transfer_undrflow2",
          "argTypes": [ "address", "uint256" ]
        }
      ],
      "exp": "(balances_intou2[msg.sender] - _value)",
      "status": "unproven"
    },
    {
      "no": "14",
      "kind": "IO",
      "line": 93,
      "signatures": [
        {
          "contractName": "AccountWallet",
          "methodName": "transfer_undrflow2",
          "argTypes": [ "address", "uint256" ]
        }
      ],
      "exp": "(balances_intou2[msg.sender] - _value)",
      "status": "unproven"
    },
    {
      "no": "15",
      "kind": "IO",
      "line": 94,
      "signatures": [
        {
          "contractName": "AccountWallet",
          "methodName": "transfer_undrflow2",
          "argTypes": [ "address", "uint256" ]
        }
      ],
      "exp": "(balances_intou2[_to] + _value)",
      "status": "unproven"
    },
    {
      "no": "16",
      "kind": "IO",
      "line": 105,
      "signatures": [
        {
          "contractName": "AccountWallet",
          "methodName": "increaseLockTime_intou17",
          "argTypes": [ "uint256" ]
        }
      ],
      "exp": "(lockTime_intou17[msg.sender] + _secondsToIncrease)",
      "status": "unproven"
    },
    {
      "no": "17",
      "kind": "IO",
      "line": 138,
      "signatures": [
        {
          "contractName": "AccountWallet",
          "methodName": "increaseLockTime_intou37",
          "argTypes": [ "uint256" ]
        }
      ],
      "exp": "(lockTime_intou37[msg.sender] + _secondsToIncrease)",
      "status": "unproven"
    },
    {
      "no": "18",
      "kind": "IO",
      "line": 152,
      "signatures": [
        {
          "contractName": "AccountWallet",
          "methodName": "bug_intou3",
          "argTypes": []
        }
      ],
      "exp": "(vundflw - 10)",
      "status": "unproven"
    },
    {
      "no": "19",
      "kind": "IO",
      "line": 162,
      "signatures": [
        {
          "contractName": "AccountWallet",
          "methodName": "increaseLockTime_intou9",
          "argTypes": [ "uint256" ]
        }
      ],
      "exp": "(lockTime_intou9[msg.sender] + _secondsToIncrease)",
      "status": "unproven"
    },
    {
      "no": "20",
      "kind": "IO",
      "line": 177,
      "signatures": [
        {
          "contractName": "AccountWallet",
          "methodName": "increaseLockTime_intou25",
          "argTypes": [ "uint256" ]
        }
      ],
      "exp": "(lockTime_intou25[msg.sender] + _secondsToIncrease)",
      "status": "unproven"
    },
    {
      "no": "21",
      "kind": "IO",
      "line": 191,
      "signatures": [
        {
          "contractName": "AccountWallet",
          "methodName": "bug_intou19",
          "argTypes": []
        }
      ],
      "exp": "(vundflw - 10)",
      "status": "unproven"
    },
    {
      "no": "22",
      "kind": "IO",
      "line": 201,
      "signatures": [
        {
          "contractName": "AccountWallet",
          "methodName": "transfer_intou26",
          "argTypes": [ "address", "uint256" ]
        }
      ],
      "exp": "(balances_intou26[msg.sender] - _value)",
      "status": "unproven"
    },
    {
      "no": "23",
      "kind": "IO",
      "line": 202,
      "signatures": [
        {
          "contractName": "AccountWallet",
          "methodName": "transfer_intou26",
          "argTypes": [ "address", "uint256" ]
        }
      ],
      "exp": "(balances_intou26[msg.sender] - _value)",
      "status": "unproven"
    },
    {
      "no": "24",
      "kind": "IO",
      "line": 203,
      "signatures": [
        {
          "contractName": "AccountWallet",
          "methodName": "transfer_intou26",
          "argTypes": [ "address", "uint256" ]
        }
      ],
      "exp": "(balances_intou26[_to] + _value)",
      "status": "unproven"
    },
    {
      "no": "25",
      "kind": "IO",
      "line": 213,
      "signatures": [
        {
          "contractName": "AccountWallet",
          "methodName": "bug_intou20",
          "argTypes": [ "uint8" ]
        }
      ],
      "exp": "(vundflw1 + p_intou20)",
      "status": "proven"
    },
    {
      "no": "26",
      "kind": "IO",
      "line": 224,
      "signatures": [
        {
          "contractName": "AccountWallet",
          "methodName": "bug_intou32",
          "argTypes": [ "uint8" ]
        }
      ],
      "exp": "(vundflw1 + p_intou32)",
      "status": "proven"
    },
    {
      "no": "27",
      "kind": "IO",
      "line": 236,
      "signatures": [
        {
          "contractName": "AccountWallet",
          "methodName": "transfer_intou38",
          "argTypes": [ "address", "uint256" ]
        }
      ],
      "exp": "(balances_intou38[msg.sender] - _value)",
      "status": "unproven"
    },
    {
      "no": "28",
      "kind": "IO",
      "line": 237,
      "signatures": [
        {
          "contractName": "AccountWallet",
          "methodName": "transfer_intou38",
          "argTypes": [ "address", "uint256" ]
        }
      ],
      "exp": "(balances_intou38[msg.sender] - _value)",
      "status": "unproven"
    },
    {
      "no": "29",
      "kind": "IO",
      "line": 238,
      "signatures": [
        {
          "contractName": "AccountWallet",
          "methodName": "transfer_intou38",
          "argTypes": [ "address", "uint256" ]
        }
      ],
      "exp": "(balances_intou38[_to] + _value)",
      "status": "unproven"
    },
    {
      "no": "30",
      "kind": "IO",
      "line": 249,
      "signatures": [
        {
          "contractName": "AccountWallet",
          "methodName": "bug_intou4",
          "argTypes": [ "uint8" ]
        }
      ],
      "exp": "(vundflw1 + p_intou4)",
      "status": "proven"
    },
    {
      "no": "31",
      "kind": "IO",
      "line": 259,
      "signatures": [
        {
          "contractName": "AccountWallet",
          "methodName": "bug_intou7",
          "argTypes": []
        }
      ],
      "exp": "(vundflw - 10)",
      "status": "unproven"
    },
    {
      "no": "32",
      "kind": "IO",
      "line": 267,
      "signatures": [
        {
          "contractName": "AccountWallet",
          "methodName": "bug_intou12",
          "argTypes": [ "uint8" ]
        }
      ],
      "exp": "(vundflw1 + p_intou12)",
      "status": "proven"
    },
    {
      "no": "33",
      "kind": "IO",
      "line": 272,
      "signatures": [
        {
          "contractName": "AccountWallet",
          "methodName": "bug_intou11",
          "argTypes": []
        }
      ],
      "exp": "(vundflw - 10)",
      "status": "unproven"
    },
    {
      "no": "34",
      "kind": "IO",
      "line": 278,
      "signatures": [
        {
          "contractName": "AccountWallet",
          "methodName": "bug_intou27",
          "argTypes": []
        }
      ],
      "exp": "(vundflw - 10)",
      "status": "unproven"
    },
    {
      "no": "35",
      "kind": "IO",
      "line": 283,
      "signatures": [
        {
          "contractName": "AccountWallet",
          "methodName": "bug_intou31",
          "argTypes": []
        }
      ],
      "exp": "(vundflw - 10)",
      "status": "unproven"
    },
    {
      "no": "36",
      "kind": "IO",
      "line": 289,
      "signatures": [
        {
          "contractName": "AccountWallet",
          "methodName": "increaseLockTime_intou13",
          "argTypes": [ "uint256" ]
        }
      ],
      "exp": "(lockTime_intou13[msg.sender] + _secondsToIncrease)",
      "status": "unproven"
    },
    {
      "no": "37",
      "kind": "IO",
      "line": 304,
      "signatures": [
        {
          "contractName": "AccountWallet",
          "methodName": "bug_intou23",
          "argTypes": []
        }
      ],
      "exp": "(vundflw - 10)",
      "status": "unproven"
    },
    {
      "no": "38",
      "kind": "IO",
      "line": 314,
      "signatures": [
        {
          "contractName": "AccountWallet",
          "methodName": "transfer_intou14",
          "argTypes": [ "address", "uint256" ]
        }
      ],
      "exp": "(balances_intou14[msg.sender] - _value)",
      "status": "unproven"
    },
    {
      "no": "39",
      "kind": "IO",
      "line": 315,
      "signatures": [
        {
          "contractName": "AccountWallet",
          "methodName": "transfer_intou14",
          "argTypes": [ "address", "uint256" ]
        }
      ],
      "exp": "(balances_intou14[msg.sender] - _value)",
      "status": "unproven"
    },
    {
      "no": "40",
      "kind": "IO",
      "line": 316,
      "signatures": [
        {
          "contractName": "AccountWallet",
          "methodName": "transfer_intou14",
          "argTypes": [ "address", "uint256" ]
        }
      ],
      "exp": "(balances_intou14[_to] + _value)",
      "status": "unproven"
    },
    {
      "no": "41",
      "kind": "IO",
      "line": 332,
      "signatures": [
        {
          "contractName": "AccountWallet",
          "methodName": "transfer_intou30",
          "argTypes": [ "address", "uint256" ]
        }
      ],
      "exp": "(balances_intou30[msg.sender] - _value)",
      "status": "unproven"
    },
    {
      "no": "42",
      "kind": "IO",
      "line": 333,
      "signatures": [
        {
          "contractName": "AccountWallet",
          "methodName": "transfer_intou30",
          "argTypes": [ "address", "uint256" ]
        }
      ],
      "exp": "(balances_intou30[msg.sender] - _value)",
      "status": "unproven"
    },
    {
      "no": "43",
      "kind": "IO",
      "line": 334,
      "signatures": [
        {
          "contractName": "AccountWallet",
          "methodName": "transfer_intou30",
          "argTypes": [ "address", "uint256" ]
        }
      ],
      "exp": "(balances_intou30[_to] + _value)",
      "status": "unproven"
    },
    {
      "no": "44",
      "kind": "IO",
      "line": 353,
      "signatures": [
        {
          "contractName": "AccountWallet",
          "methodName": "bug_intou8",
          "argTypes": [ "uint8" ]
        }
      ],
      "exp": "(vundflw1 + p_intou8)",
      "status": "proven"
    },
    {
      "no": "45",
      "kind": "IO",
      "line": 367,
      "signatures": [
        {
          "contractName": "AccountWallet",
          "methodName": "bug_intou39",
          "argTypes": []
        }
      ],
      "exp": "(vundflw - 10)",
      "status": "unproven"
    },
    {
      "no": "46",
      "kind": "ETH_LEAK",
      "line": 17,
      "signatures": [
        {
          "contractName": "AccountWallet",
          "methodName": "withdraw_intou21",
          "argTypes": []
        }
      ],
      "exp": "msg.sender.transfer(transferValue_intou21);",
      "status": "unproven"
    },
    {
      "no": "47",
      "kind": "ETH_LEAK",
      "line": 62,
      "signatures": [
        {
          "contractName": "AccountWallet",
          "methodName": "withdraw_intou33",
          "argTypes": []
        }
      ],
      "exp": "msg.sender.transfer(transferValue_intou33);",
      "status": "unproven"
    },
    {
      "no": "48",
      "kind": "ETH_LEAK",
      "line": 82,
      "signatures": [
        {
          "contractName": "AccountWallet",
          "methodName": "withdraw_ovrflow1",
          "argTypes": []
        }
      ],
      "exp": "msg.sender.transfer(transferValue_intou1);",
      "status": "unproven"
    },
    {
      "no": "49",
      "kind": "ETH_LEAK",
      "line": 110,
      "signatures": [
        {
          "contractName": "AccountWallet",
          "methodName": "withdraw_intou17",
          "argTypes": []
        }
      ],
      "exp": "msg.sender.transfer(transferValue_intou17);",
      "status": "unproven"
    },
    {
      "no": "50",
      "kind": "ETH_LEAK",
      "line": 143,
      "signatures": [
        {
          "contractName": "AccountWallet",
          "methodName": "withdraw_intou37",
          "argTypes": []
        }
      ],
      "exp": "msg.sender.transfer(transferValue_intou37);",
      "status": "unproven"
    },
    {
      "no": "51",
      "kind": "ETH_LEAK",
      "line": 167,
      "signatures": [
        {
          "contractName": "AccountWallet",
          "methodName": "withdraw_intou9",
          "argTypes": []
        }
      ],
      "exp": "msg.sender.transfer(transferValue_intou9);",
      "status": "unproven"
    },
    {
      "no": "52",
      "kind": "ETH_LEAK",
      "line": 182,
      "signatures": [
        {
          "contractName": "AccountWallet",
          "methodName": "withdraw_intou25",
          "argTypes": []
        }
      ],
      "exp": "msg.sender.transfer(transferValue_intou25);",
      "status": "unproven"
    },
    {
      "no": "53",
      "kind": "ETH_LEAK",
      "line": 294,
      "signatures": [
        {
          "contractName": "AccountWallet",
          "methodName": "withdraw_intou13",
          "argTypes": []
        }
      ],
      "exp": "msg.sender.transfer(transferValue_intou13);",
      "status": "unproven"
    }
  ]
}