{
  "fileName": "Benchmarks/Study_SamplesSet/1cf4ed67642a496429b5e106368e4a23.sol",
  "baseName": "1cf4ed67642a496429b5e106368e4a23.sol",
  "iter": 3,
  "time": "0.050739",
  "errMsg": null,
  "result": [
    {
      "no": "1",
      "kind": "ETH_LEAK",
      "line": 25,
      "signatures": [
        {
          "contractName": "SonContract",
          "methodName": "withdraw",
          "argTypes": []
        }
      ],
      "exp": "msg.sender.transfer(address(this).balance);",
      "status": "proven"
    }
  ]
}