{
  "fileName": "Benchmarks/Study_SamplesSet/22fc1f0341e063e69a7757e8ce96d153.sol",
  "baseName": "22fc1f0341e063e69a7757e8ce96d153.sol",
  "iter": 2,
  "time": "0.02387",
  "errMsg": null,
  "result": [
    {
      "no": "1",
      "kind": "ETH_LEAK",
      "line": 18,
      "signatures": [
        {
          "contractName": "FindThisHash",
          "methodName": "solve",
          "argTypes": [ "string" ]
        }
      ],
      "exp": "msg.sender.transfer(1000000000000000000000);",
      "status": "unproven"
    }
  ]
}