{
  "fileName": "Benchmarks/Study_SamplesSet/23cdcd6d3e6ea50e02950ca2383949f3.sol",
  "baseName": "23cdcd6d3e6ea50e02950ca2383949f3.sol",
  "iter": 85,
  "time": "304.318509",
  "errMsg": null,
  "result": [
    {
      "no": "1",
      "kind": "IO",
      "line": 48,
      "signatures": [
        {
          "contractName": "BitpayerDEX",
          "methodName": "deposit",
          "argTypes": []
        },
        {
          "contractName": "BitpayerDEX",
          "methodName": "depositToken",
          "argTypes": [ "address", "uint256" ]
        },
        {
          "contractName": "BitpayerDEX",
          "methodName": "trade",
          "argTypes": [
            "address", "uint256", "address", "uint256", "uint256", "uint256",
            "address", "uint8", "bytes32", "bytes32", "uint256"
          ]
        },
        {
          "contractName": "BitpayerDEX",
          "methodName": "tradeBalances",
          "argTypes": [
            "address", "uint256", "address", "uint256", "address", "uint256"
          ]
        }
      ],
      "exp": "(a + b)",
      "status": "unproven"
    },
    {
      "no": "2",
      "kind": "IO",
      "line": 65,
      "signatures": [
        {
          "contractName": "BitpayerDEX",
          "methodName": "availableVolume",
          "argTypes": [
            "address", "uint256", "address", "uint256", "uint256", "uint256",
            "address", "uint8", "bytes32", "bytes32"
          ]
        },
        {
          "contractName": "BitpayerDEX",
          "methodName": "tradeBalances",
          "argTypes": [
            "address", "uint256", "address", "uint256", "address", "uint256"
          ]
        },
        {
          "contractName": "BitpayerDEX",
          "methodName": "withdraw",
          "argTypes": [ "uint256" ]
        },
        {
          "contractName": "BitpayerDEX",
          "methodName": "withdrawToken",
          "argTypes": [ "address", "uint256" ]
        }
      ],
      "exp": "(a - b)",
      "status": "proven"
    },
    {
      "no": "3",
      "kind": "IO",
      "line": 87,
      "signatures": [
        {
          "contractName": "BitpayerDEX",
          "methodName": "availableVolume",
          "argTypes": [
            "address", "uint256", "address", "uint256", "uint256", "uint256",
            "address", "uint8", "bytes32", "bytes32"
          ]
        },
        {
          "contractName": "BitpayerDEX",
          "methodName": "tradeBalances",
          "argTypes": [
            "address", "uint256", "address", "uint256", "address", "uint256"
          ]
        }
      ],
      "exp": "(a * b)",
      "status": "unproven"
    },
    {
      "no": "4",
      "kind": "IO",
      "line": 138,
      "signatures": [
        {
          "contractName": "BitpayerDEX",
          "methodName": "bug_intou15",
          "argTypes": []
        }
      ],
      "exp": "(vundflw - 10)",
      "status": "unproven"
    },
    {
      "no": "5",
      "kind": "IO",
      "line": 143,
      "signatures": [
        {
          "contractName": "BitpayerDEX",
          "methodName": "bug_intou28",
          "argTypes": [ "uint8" ]
        }
      ],
      "exp": "(vundflw1 + p_intou28)",
      "status": "proven"
    },
    {
      "no": "6",
      "kind": "IO",
      "line": 150,
      "signatures": [
        {
          "contractName": "BitpayerDEX",
          "methodName": "bug_intou36",
          "argTypes": [ "uint8" ]
        }
      ],
      "exp": "(vundflw1 + p_intou36)",
      "status": "proven"
    },
    {
      "no": "7",
      "kind": "IO",
      "line": 160,
      "signatures": [
        {
          "contractName": "BitpayerDEX",
          "methodName": "increaseLockTime_intou1",
          "argTypes": [ "uint256" ]
        }
      ],
      "exp": "(lockTime_intou1[msg.sender] + _secondsToIncrease)",
      "status": "unproven"
    },
    {
      "no": "8",
      "kind": "IO",
      "line": 180,
      "signatures": [
        {
          "contractName": "BitpayerDEX",
          "methodName": "transfer_undrflow2",
          "argTypes": [ "address", "uint256" ]
        }
      ],
      "exp": "(balances_intou2[msg.sender] - _value)",
      "status": "unproven"
    },
    {
      "no": "9",
      "kind": "IO",
      "line": 181,
      "signatures": [
        {
          "contractName": "BitpayerDEX",
          "methodName": "transfer_undrflow2",
          "argTypes": [ "address", "uint256" ]
        }
      ],
      "exp": "(balances_intou2[msg.sender] - _value)",
      "status": "unproven"
    },
    {
      "no": "10",
      "kind": "IO",
      "line": 182,
      "signatures": [
        {
          "contractName": "BitpayerDEX",
          "methodName": "transfer_undrflow2",
          "argTypes": [ "address", "uint256" ]
        }
      ],
      "exp": "(balances_intou2[_to] + _value)",
      "status": "unproven"
    },
    {
      "no": "11",
      "kind": "IO",
      "line": 196,
      "signatures": [
        {
          "contractName": "BitpayerDEX",
          "methodName": "increaseLockTime_intou17",
          "argTypes": [ "uint256" ]
        }
      ],
      "exp": "(lockTime_intou17[msg.sender] + _secondsToIncrease)",
      "status": "unproven"
    },
    {
      "no": "12",
      "kind": "IO",
      "line": 219,
      "signatures": [
        {
          "contractName": "BitpayerDEX",
          "methodName": "transfer_intou34",
          "argTypes": [ "address", "uint256" ]
        }
      ],
      "exp": "(balances_intou34[msg.sender] - _value)",
      "status": "unproven"
    },
    {
      "no": "13",
      "kind": "IO",
      "line": 220,
      "signatures": [
        {
          "contractName": "BitpayerDEX",
          "methodName": "transfer_intou34",
          "argTypes": [ "address", "uint256" ]
        }
      ],
      "exp": "(balances_intou34[msg.sender] - _value)",
      "status": "unproven"
    },
    {
      "no": "14",
      "kind": "IO",
      "line": 221,
      "signatures": [
        {
          "contractName": "BitpayerDEX",
          "methodName": "transfer_intou34",
          "argTypes": [ "address", "uint256" ]
        }
      ],
      "exp": "(balances_intou34[_to] + _value)",
      "status": "unproven"
    },
    {
      "no": "15",
      "kind": "IO",
      "line": 228,
      "signatures": [
        {
          "contractName": "BitpayerDEX",
          "methodName": "increaseLockTime_intou21",
          "argTypes": [ "uint256" ]
        }
      ],
      "exp": "(lockTime_intou21[msg.sender] + _secondsToIncrease)",
      "status": "unproven"
    },
    {
      "no": "16",
      "kind": "IO",
      "line": 239,
      "signatures": [
        {
          "contractName": "BitpayerDEX",
          "methodName": "transfer_intou10",
          "argTypes": [ "address", "uint256" ]
        }
      ],
      "exp": "(balances_intou10[msg.sender] - _value)",
      "status": "unproven"
    },
    {
      "no": "17",
      "kind": "IO",
      "line": 240,
      "signatures": [
        {
          "contractName": "BitpayerDEX",
          "methodName": "transfer_intou10",
          "argTypes": [ "address", "uint256" ]
        }
      ],
      "exp": "(balances_intou10[msg.sender] - _value)",
      "status": "unproven"
    },
    {
      "no": "18",
      "kind": "IO",
      "line": 241,
      "signatures": [
        {
          "contractName": "BitpayerDEX",
          "methodName": "transfer_intou10",
          "argTypes": [ "address", "uint256" ]
        }
      ],
      "exp": "(balances_intou10[_to] + _value)",
      "status": "unproven"
    },
    {
      "no": "19",
      "kind": "IO",
      "line": 249,
      "signatures": [
        {
          "contractName": "BitpayerDEX",
          "methodName": "transfer_intou22",
          "argTypes": [ "address", "uint256" ]
        }
      ],
      "exp": "(balances_intou22[msg.sender] - _value)",
      "status": "unproven"
    },
    {
      "no": "20",
      "kind": "IO",
      "line": 250,
      "signatures": [
        {
          "contractName": "BitpayerDEX",
          "methodName": "transfer_intou22",
          "argTypes": [ "address", "uint256" ]
        }
      ],
      "exp": "(balances_intou22[msg.sender] - _value)",
      "status": "unproven"
    },
    {
      "no": "21",
      "kind": "IO",
      "line": 251,
      "signatures": [
        {
          "contractName": "BitpayerDEX",
          "methodName": "transfer_intou22",
          "argTypes": [ "address", "uint256" ]
        }
      ],
      "exp": "(balances_intou22[_to] + _value)",
      "status": "unproven"
    },
    {
      "no": "22",
      "kind": "IO",
      "line": 257,
      "signatures": [
        {
          "contractName": "BitpayerDEX",
          "methodName": "bug_intou12",
          "argTypes": [ "uint8" ]
        }
      ],
      "exp": "(vundflw1 + p_intou12)",
      "status": "proven"
    },
    {
      "no": "23",
      "kind": "IO",
      "line": 262,
      "signatures": [
        {
          "contractName": "BitpayerDEX",
          "methodName": "bug_intou11",
          "argTypes": []
        }
      ],
      "exp": "(vundflw - 10)",
      "status": "unproven"
    },
    {
      "no": "24",
      "kind": "IO",
      "line": 268,
      "signatures": [
        {
          "contractName": "BitpayerDEX",
          "methodName": "bug_intou35",
          "argTypes": []
        }
      ],
      "exp": "(vundflw - 10)",
      "status": "unproven"
    },
    {
      "no": "25",
      "kind": "IO",
      "line": 273,
      "signatures": [
        {
          "contractName": "BitpayerDEX",
          "methodName": "bug_intou40",
          "argTypes": [ "uint8" ]
        }
      ],
      "exp": "(vundflw1 + p_intou40)",
      "status": "proven"
    },
    {
      "no": "26",
      "kind": "IO",
      "line": 279,
      "signatures": [
        {
          "contractName": "BitpayerDEX",
          "methodName": "increaseLockTime_intou33",
          "argTypes": [ "uint256" ]
        }
      ],
      "exp": "(lockTime_intou33[msg.sender] + _secondsToIncrease)",
      "status": "unproven"
    },
    {
      "no": "27",
      "kind": "IO",
      "line": 289,
      "signatures": [
        {
          "contractName": "BitpayerDEX",
          "methodName": "bug_intou27",
          "argTypes": []
        }
      ],
      "exp": "(vundflw - 10)",
      "status": "unproven"
    },
    {
      "no": "28",
      "kind": "IO",
      "line": 294,
      "signatures": [
        {
          "contractName": "BitpayerDEX",
          "methodName": "bug_intou31",
          "argTypes": []
        }
      ],
      "exp": "(vundflw - 10)",
      "status": "unproven"
    },
    {
      "no": "29",
      "kind": "IO",
      "line": 300,
      "signatures": [
        {
          "contractName": "BitpayerDEX",
          "methodName": "increaseLockTime_intou13",
          "argTypes": [ "uint256" ]
        }
      ],
      "exp": "(lockTime_intou13[msg.sender] + _secondsToIncrease)",
      "status": "unproven"
    },
    {
      "no": "30",
      "kind": "IO",
      "line": 317,
      "signatures": [
        {
          "contractName": "BitpayerDEX",
          "methodName": "increaseLockTime_intou37",
          "argTypes": [ "uint256" ]
        }
      ],
      "exp": "(lockTime_intou37[msg.sender] + _secondsToIncrease)",
      "status": "unproven"
    },
    {
      "no": "31",
      "kind": "IO",
      "line": 338,
      "signatures": [
        {
          "contractName": "BitpayerDEX",
          "methodName": "bug_intou3",
          "argTypes": []
        }
      ],
      "exp": "(vundflw - 10)",
      "status": "unproven"
    },
    {
      "no": "32",
      "kind": "IO",
      "line": 352,
      "signatures": [
        {
          "contractName": "BitpayerDEX",
          "methodName": "increaseLockTime_intou9",
          "argTypes": [ "uint256" ]
        }
      ],
      "exp": "(lockTime_intou9[msg.sender] + _secondsToIncrease)",
      "status": "unproven"
    },
    {
      "no": "33",
      "kind": "IO",
      "line": 373,
      "signatures": [
        {
          "contractName": "BitpayerDEX",
          "methodName": "increaseLockTime_intou25",
          "argTypes": [ "uint256" ]
        }
      ],
      "exp": "(lockTime_intou25[msg.sender] + _secondsToIncrease)",
      "status": "unproven"
    },
    {
      "no": "34",
      "kind": "IO",
      "line": 387,
      "signatures": [
        {
          "contractName": "BitpayerDEX",
          "methodName": "bug_intou19",
          "argTypes": []
        }
      ],
      "exp": "(vundflw - 10)",
      "status": "unproven"
    },
    {
      "no": "35",
      "kind": "IO",
      "line": 397,
      "signatures": [
        {
          "contractName": "BitpayerDEX",
          "methodName": "transfer_intou26",
          "argTypes": [ "address", "uint256" ]
        }
      ],
      "exp": "(balances_intou26[msg.sender] - _value)",
      "status": "unproven"
    },
    {
      "no": "36",
      "kind": "IO",
      "line": 398,
      "signatures": [
        {
          "contractName": "BitpayerDEX",
          "methodName": "transfer_intou26",
          "argTypes": [ "address", "uint256" ]
        }
      ],
      "exp": "(balances_intou26[msg.sender] - _value)",
      "status": "unproven"
    },
    {
      "no": "37",
      "kind": "IO",
      "line": 399,
      "signatures": [
        {
          "contractName": "BitpayerDEX",
          "methodName": "transfer_intou26",
          "argTypes": [ "address", "uint256" ]
        }
      ],
      "exp": "(balances_intou26[_to] + _value)",
      "status": "unproven"
    },
    {
      "no": "38",
      "kind": "IO",
      "line": 416,
      "signatures": [
        {
          "contractName": "BitpayerDEX",
          "methodName": "bug_intou20",
          "argTypes": [ "uint8" ]
        }
      ],
      "exp": "(vundflw1 + p_intou20)",
      "status": "proven"
    },
    {
      "no": "39",
      "kind": "IO",
      "line": 425,
      "signatures": [
        {
          "contractName": "BitpayerDEX",
          "methodName": "bug_intou32",
          "argTypes": [ "uint8" ]
        }
      ],
      "exp": "(vundflw1 + p_intou32)",
      "status": "proven"
    },
    {
      "no": "40",
      "kind": "IO",
      "line": 438,
      "signatures": [
        {
          "contractName": "BitpayerDEX",
          "methodName": "transfer_intou38",
          "argTypes": [ "address", "uint256" ]
        }
      ],
      "exp": "(balances_intou38[msg.sender] - _value)",
      "status": "unproven"
    },
    {
      "no": "41",
      "kind": "IO",
      "line": 439,
      "signatures": [
        {
          "contractName": "BitpayerDEX",
          "methodName": "transfer_intou38",
          "argTypes": [ "address", "uint256" ]
        }
      ],
      "exp": "(balances_intou38[msg.sender] - _value)",
      "status": "unproven"
    },
    {
      "no": "42",
      "kind": "IO",
      "line": 440,
      "signatures": [
        {
          "contractName": "BitpayerDEX",
          "methodName": "transfer_intou38",
          "argTypes": [ "address", "uint256" ]
        }
      ],
      "exp": "(balances_intou38[_to] + _value)",
      "status": "unproven"
    },
    {
      "no": "43",
      "kind": "IO",
      "line": 453,
      "signatures": [
        {
          "contractName": "BitpayerDEX",
          "methodName": "bug_intou4",
          "argTypes": [ "uint8" ]
        }
      ],
      "exp": "(vundflw1 + p_intou4)",
      "status": "proven"
    },
    {
      "no": "44",
      "kind": "IO",
      "line": 466,
      "signatures": [
        {
          "contractName": "BitpayerDEX",
          "methodName": "bug_intou7",
          "argTypes": []
        }
      ],
      "exp": "(vundflw - 10)",
      "status": "unproven"
    },
    {
      "no": "45",
      "kind": "IO",
      "line": 474,
      "signatures": [
        {
          "contractName": "BitpayerDEX",
          "methodName": "bug_intou23",
          "argTypes": []
        }
      ],
      "exp": "(vundflw - 10)",
      "status": "unproven"
    },
    {
      "no": "46",
      "kind": "IO",
      "line": 485,
      "signatures": [
        {
          "contractName": "BitpayerDEX",
          "methodName": "transfer_intou14",
          "argTypes": [ "address", "uint256" ]
        }
      ],
      "exp": "(balances_intou14[msg.sender] - _value)",
      "status": "unproven"
    },
    {
      "no": "47",
      "kind": "IO",
      "line": 486,
      "signatures": [
        {
          "contractName": "BitpayerDEX",
          "methodName": "transfer_intou14",
          "argTypes": [ "address", "uint256" ]
        }
      ],
      "exp": "(balances_intou14[msg.sender] - _value)",
      "status": "unproven"
    },
    {
      "no": "48",
      "kind": "IO",
      "line": 487,
      "signatures": [
        {
          "contractName": "BitpayerDEX",
          "methodName": "transfer_intou14",
          "argTypes": [ "address", "uint256" ]
        }
      ],
      "exp": "(balances_intou14[_to] + _value)",
      "status": "unproven"
    },
    {
      "no": "49",
      "kind": "IO",
      "line": 518,
      "signatures": [
        {
          "contractName": "BitpayerDEX",
          "methodName": "transfer_intou30",
          "argTypes": [ "address", "uint256" ]
        }
      ],
      "exp": "(balances_intou30[msg.sender] - _value)",
      "status": "unproven"
    },
    {
      "no": "50",
      "kind": "IO",
      "line": 519,
      "signatures": [
        {
          "contractName": "BitpayerDEX",
          "methodName": "transfer_intou30",
          "argTypes": [ "address", "uint256" ]
        }
      ],
      "exp": "(balances_intou30[msg.sender] - _value)",
      "status": "unproven"
    },
    {
      "no": "51",
      "kind": "IO",
      "line": 520,
      "signatures": [
        {
          "contractName": "BitpayerDEX",
          "methodName": "transfer_intou30",
          "argTypes": [ "address", "uint256" ]
        }
      ],
      "exp": "(balances_intou30[_to] + _value)",
      "status": "unproven"
    },
    {
      "no": "52",
      "kind": "IO",
      "line": 534,
      "signatures": [
        {
          "contractName": "BitpayerDEX",
          "methodName": "bug_intou8",
          "argTypes": [ "uint8" ]
        }
      ],
      "exp": "(vundflw1 + p_intou8)",
      "status": "proven"
    },
    {
      "no": "53",
      "kind": "IO",
      "line": 557,
      "signatures": [
        {
          "contractName": "BitpayerDEX",
          "methodName": "bug_intou39",
          "argTypes": []
        }
      ],
      "exp": "(vundflw - 10)",
      "status": "unproven"
    },
    {
      "no": "54",
      "kind": "DZ",
      "line": 88,
      "signatures": [
        {
          "contractName": "BitpayerDEX",
          "methodName": "availableVolume",
          "argTypes": [
            "address", "uint256", "address", "uint256", "uint256", "uint256",
            "address", "uint8", "bytes32", "bytes32"
          ]
        },
        {
          "contractName": "BitpayerDEX",
          "methodName": "tradeBalances",
          "argTypes": [
            "address", "uint256", "address", "uint256", "address", "uint256"
          ]
        }
      ],
      "exp": "(c / a)",
      "status": "proven"
    },
    {
      "no": "55",
      "kind": "DZ",
      "line": 107,
      "signatures": [
        {
          "contractName": "BitpayerDEX",
          "methodName": "tradeBalances",
          "argTypes": [
            "address", "uint256", "address", "uint256", "address", "uint256"
          ]
        }
      ],
      "exp": "(a / b)",
      "status": "proven"
    },
    {
      "no": "56",
      "kind": "DZ",
      "line": 512,
      "signatures": [
        {
          "contractName": "BitpayerDEX",
          "methodName": "tradeBalances",
          "argTypes": [
            "address", "uint256", "address", "uint256", "address", "uint256"
          ]
        }
      ],
      "exp": "(amountGive.mul(amount) / amountGet)",
      "status": "unproven"
    },
    {
      "no": "57",
      "kind": "DZ",
      "line": 513,
      "signatures": [
        {
          "contractName": "BitpayerDEX",
          "methodName": "tradeBalances",
          "argTypes": [
            "address", "uint256", "address", "uint256", "address", "uint256"
          ]
        }
      ],
      "exp": "(amountGive.mul(amount) / amountGet)",
      "status": "proven"
    },
    {
      "no": "58",
      "kind": "DZ",
      "line": 544,
      "signatures": [
        {
          "contractName": "BitpayerDEX",
          "methodName": "availableVolume",
          "argTypes": [
            "address", "uint256", "address", "uint256", "uint256", "uint256",
            "address", "uint8", "bytes32", "bytes32"
          ]
        }
      ],
      "exp": "(tokens[tokenGive][user].mul(amountGet) / amountGive)",
      "status": "unproven"
    },
    {
      "no": "59",
      "kind": "ETH_LEAK",
      "line": 165,
      "signatures": [
        {
          "contractName": "BitpayerDEX",
          "methodName": "withdraw_ovrflow1",
          "argTypes": []
        }
      ],
      "exp": "msg.sender.transfer(transferValue_intou1);",
      "status": "unproven"
    },
    {
      "no": "60",
      "kind": "ETH_LEAK",
      "line": 201,
      "signatures": [
        {
          "contractName": "BitpayerDEX",
          "methodName": "withdraw_intou17",
          "argTypes": []
        }
      ],
      "exp": "msg.sender.transfer(transferValue_intou17);",
      "status": "unproven"
    },
    {
      "no": "61",
      "kind": "ETH_LEAK",
      "line": 233,
      "signatures": [
        {
          "contractName": "BitpayerDEX",
          "methodName": "withdraw_intou21",
          "argTypes": []
        }
      ],
      "exp": "msg.sender.transfer(transferValue_intou21);",
      "status": "unproven"
    },
    {
      "no": "62",
      "kind": "ETH_LEAK",
      "line": 284,
      "signatures": [
        {
          "contractName": "BitpayerDEX",
          "methodName": "withdraw_intou33",
          "argTypes": []
        }
      ],
      "exp": "msg.sender.transfer(transferValue_intou33);",
      "status": "unproven"
    },
    {
      "no": "63",
      "kind": "ETH_LEAK",
      "line": 305,
      "signatures": [
        {
          "contractName": "BitpayerDEX",
          "methodName": "withdraw_intou13",
          "argTypes": []
        }
      ],
      "exp": "msg.sender.transfer(transferValue_intou13);",
      "status": "unproven"
    },
    {
      "no": "64",
      "kind": "ETH_LEAK",
      "line": 322,
      "signatures": [
        {
          "contractName": "BitpayerDEX",
          "methodName": "withdraw_intou37",
          "argTypes": []
        }
      ],
      "exp": "msg.sender.transfer(transferValue_intou37);",
      "status": "unproven"
    },
    {
      "no": "65",
      "kind": "ETH_LEAK",
      "line": 357,
      "signatures": [
        {
          "contractName": "BitpayerDEX",
          "methodName": "withdraw_intou9",
          "argTypes": []
        }
      ],
      "exp": "msg.sender.transfer(transferValue_intou9);",
      "status": "unproven"
    },
    {
      "no": "66",
      "kind": "ETH_LEAK",
      "line": 378,
      "signatures": [
        {
          "contractName": "BitpayerDEX",
          "methodName": "withdraw_intou25",
          "argTypes": []
        }
      ],
      "exp": "msg.sender.transfer(transferValue_intou25);",
      "status": "unproven"
    },
    {
      "no": "67",
      "kind": "ETH_LEAK",
      "line": 409,
      "signatures": [
        {
          "contractName": "BitpayerDEX",
          "methodName": "withdrawTradingFeeOwner",
          "argTypes": []
        }
      ],
      "exp": "msg.sender.transfer(amount);",
      "status": "proven"
    },
    {
      "no": "68",
      "kind": "ETH_LEAK",
      "line": 432,
      "signatures": [
        {
          "contractName": "BitpayerDEX",
          "methodName": "withdraw",
          "argTypes": [ "uint256" ]
        }
      ],
      "exp": "msg.sender.transfer(amount);",
      "status": "unproven"
    }
  ]
}