{
  "fileName": "Benchmarks/Study_SamplesSet/25ecaf43663af0ab0868ad0cb3d8e6f9.sol",
  "baseName": "25ecaf43663af0ab0868ad0cb3d8e6f9.sol",
  "iter": 545,
  "time": "300.383058",
  "errMsg": null,
  "result": [
    {
      "no": "1",
      "kind": "IO",
      "line": 17,
      "signatures": [
        {
          "contractName": "CareerOnToken",
          "methodName": "play_tmstmp38",
          "argTypes": [ "uint256" ]
        }
      ],
      "exp": "(5 * 86400)",
      "status": "proven"
    },
    {
      "no": "2",
      "kind": "IO",
      "line": 17,
      "signatures": [
        {
          "contractName": "CareerOnToken",
          "methodName": "play_tmstmp38",
          "argTypes": [ "uint256" ]
        }
      ],
      "exp": "(startTime + (5 * 86400))",
      "status": "unproven"
    },
    {
      "no": "3",
      "kind": "IO",
      "line": 33,
      "signatures": [
        {
          "contractName": "CareerOnToken",
          "methodName": "play_tmstmp7",
          "argTypes": [ "uint256" ]
        }
      ],
      "exp": "(5 * 86400)",
      "status": "proven"
    },
    {
      "no": "4",
      "kind": "IO",
      "line": 33,
      "signatures": [
        {
          "contractName": "CareerOnToken",
          "methodName": "play_tmstmp7",
          "argTypes": [ "uint256" ]
        }
      ],
      "exp": "(startTime + (5 * 86400))",
      "status": "unproven"
    },
    {
      "no": "5",
      "kind": "IO",
      "line": 39,
      "signatures": [
        {
          "contractName": "CareerOnToken",
          "methodName": "play_tmstmp23",
          "argTypes": [ "uint256" ]
        }
      ],
      "exp": "(5 * 86400)",
      "status": "proven"
    },
    {
      "no": "6",
      "kind": "IO",
      "line": 39,
      "signatures": [
        {
          "contractName": "CareerOnToken",
          "methodName": "play_tmstmp23",
          "argTypes": [ "uint256" ]
        }
      ],
      "exp": "(startTime + (5 * 86400))",
      "status": "unproven"
    },
    {
      "no": "7",
      "kind": "IO",
      "line": 44,
      "signatures": [
        {
          "contractName": "CareerOnToken",
          "methodName": "play_tmstmp14",
          "argTypes": [ "uint256" ]
        }
      ],
      "exp": "(5 * 86400)",
      "status": "proven"
    },
    {
      "no": "8",
      "kind": "IO",
      "line": 44,
      "signatures": [
        {
          "contractName": "CareerOnToken",
          "methodName": "play_tmstmp14",
          "argTypes": [ "uint256" ]
        }
      ],
      "exp": "(startTime + (5 * 86400))",
      "status": "unproven"
    },
    {
      "no": "9",
      "kind": "IO",
      "line": 49,
      "signatures": [
        {
          "contractName": "CareerOnToken",
          "methodName": "play_tmstmp30",
          "argTypes": [ "uint256" ]
        }
      ],
      "exp": "(5 * 86400)",
      "status": "proven"
    },
    {
      "no": "10",
      "kind": "IO",
      "line": 49,
      "signatures": [
        {
          "contractName": "CareerOnToken",
          "methodName": "play_tmstmp30",
          "argTypes": [ "uint256" ]
        }
      ],
      "exp": "(startTime + (5 * 86400))",
      "status": "unproven"
    },
    {
      "no": "11",
      "kind": "IO",
      "line": 67,
      "signatures": [
        {
          "contractName": "CareerOnToken",
          "methodName": "play_tmstmp39",
          "argTypes": [ "uint256" ]
        }
      ],
      "exp": "(5 * 86400)",
      "status": "proven"
    },
    {
      "no": "12",
      "kind": "IO",
      "line": 67,
      "signatures": [
        {
          "contractName": "CareerOnToken",
          "methodName": "play_tmstmp39",
          "argTypes": [ "uint256" ]
        }
      ],
      "exp": "(startTime + (5 * 86400))",
      "status": "unproven"
    },
    {
      "no": "13",
      "kind": "IO",
      "line": 109,
      "signatures": [
        {
          "contractName": "CareerOnToken",
          "methodName": "transfer",
          "argTypes": [ "address", "uint256" ]
        }
      ],
      "exp": "(balances[_to] + _value)",
      "status": "unproven"
    },
    {
      "no": "14",
      "kind": "IO",
      "line": 112,
      "signatures": [
        {
          "contractName": "CareerOnToken",
          "methodName": "transfer",
          "argTypes": [ "address", "uint256" ]
        }
      ],
      "exp": "(balances[msg.sender] - _value)",
      "status": "proven"
    },
    {
      "no": "15",
      "kind": "IO",
      "line": 113,
      "signatures": [
        {
          "contractName": "CareerOnToken",
          "methodName": "transfer",
          "argTypes": [ "address", "uint256" ]
        }
      ],
      "exp": "(balances[_to] + _value)",
      "status": "proven"
    },
    {
      "no": "16",
      "kind": "IO",
      "line": 124,
      "signatures": [
        {
          "contractName": "CareerOnToken",
          "methodName": "play_tmstmp35",
          "argTypes": [ "uint256" ]
        }
      ],
      "exp": "(5 * 86400)",
      "status": "proven"
    },
    {
      "no": "17",
      "kind": "IO",
      "line": 124,
      "signatures": [
        {
          "contractName": "CareerOnToken",
          "methodName": "play_tmstmp35",
          "argTypes": [ "uint256" ]
        }
      ],
      "exp": "(startTime + (5 * 86400))",
      "status": "unproven"
    },
    {
      "no": "18",
      "kind": "IO",
      "line": 136,
      "signatures": [
        {
          "contractName": "CareerOnToken",
          "methodName": "transferFrom",
          "argTypes": [ "address", "address", "uint256" ]
        }
      ],
      "exp": "(balances[_to] + _value)",
      "status": "unproven"
    },
    {
      "no": "19",
      "kind": "IO",
      "line": 140,
      "signatures": [
        {
          "contractName": "CareerOnToken",
          "methodName": "transferFrom",
          "argTypes": [ "address", "address", "uint256" ]
        }
      ],
      "exp": "(balances[_to] + _value)",
      "status": "proven"
    },
    {
      "no": "20",
      "kind": "IO",
      "line": 141,
      "signatures": [
        {
          "contractName": "CareerOnToken",
          "methodName": "transferFrom",
          "argTypes": [ "address", "address", "uint256" ]
        }
      ],
      "exp": "(balances[_from] - _value)",
      "status": "unproven"
    },
    {
      "no": "21",
      "kind": "IO",
      "line": 142,
      "signatures": [
        {
          "contractName": "CareerOnToken",
          "methodName": "transferFrom",
          "argTypes": [ "address", "address", "uint256" ]
        }
      ],
      "exp": "(allowed[_from][msg.sender] - _value)",
      "status": "proven"
    },
    {
      "no": "22",
      "kind": "IO",
      "line": 180,
      "signatures": [
        {
          "contractName": "CareerOnToken",
          "methodName": "play_tmstmp27",
          "argTypes": [ "uint256" ]
        }
      ],
      "exp": "(5 * 86400)",
      "status": "proven"
    },
    {
      "no": "23",
      "kind": "IO",
      "line": 180,
      "signatures": [
        {
          "contractName": "CareerOnToken",
          "methodName": "play_tmstmp27",
          "argTypes": [ "uint256" ]
        }
      ],
      "exp": "(startTime + (5 * 86400))",
      "status": "unproven"
    },
    {
      "no": "24",
      "kind": "IO",
      "line": 195,
      "signatures": [
        {
          "contractName": "CareerOnToken",
          "methodName": "play_tmstmp31",
          "argTypes": [ "uint256" ]
        }
      ],
      "exp": "(5 * 86400)",
      "status": "proven"
    },
    {
      "no": "25",
      "kind": "IO",
      "line": 195,
      "signatures": [
        {
          "contractName": "CareerOnToken",
          "methodName": "play_tmstmp31",
          "argTypes": [ "uint256" ]
        }
      ],
      "exp": "(startTime + (5 * 86400))",
      "status": "unproven"
    },
    {
      "no": "26",
      "kind": "DZ",
      "line": 25,
      "signatures": [
        {
          "contractName": "CareerOnToken",
          "methodName": "bug_tmstmp4",
          "argTypes": []
        }
      ],
      "exp": "(now % 15)",
      "status": "proven"
    },
    {
      "no": "27",
      "kind": "DZ",
      "line": 57,
      "signatures": [
        {
          "contractName": "CareerOnToken",
          "methodName": "bug_tmstmp8",
          "argTypes": []
        }
      ],
      "exp": "(now % 15)",
      "status": "proven"
    },
    {
      "no": "28",
      "kind": "DZ",
      "line": 96,
      "signatures": [
        {
          "contractName": "CareerOnToken",
          "methodName": "bug_tmstmp36",
          "argTypes": []
        }
      ],
      "exp": "(now % 15)",
      "status": "proven"
    },
    {
      "no": "29",
      "kind": "DZ",
      "line": 155,
      "signatures": [
        {
          "contractName": "CareerOnToken",
          "methodName": "bug_tmstmp40",
          "argTypes": []
        }
      ],
      "exp": "(now % 15)",
      "status": "proven"
    },
    {
      "no": "30",
      "kind": "ETH_LEAK",
      "line": 26,
      "signatures": [
        {
          "contractName": "CareerOnToken",
          "methodName": "bug_tmstmp4",
          "argTypes": []
        }
      ],
      "exp": "msg.sender.transfer(address(this).balance);",
      "status": "unproven"
    },
    {
      "no": "31",
      "kind": "ETH_LEAK",
      "line": 58,
      "signatures": [
        {
          "contractName": "CareerOnToken",
          "methodName": "bug_tmstmp8",
          "argTypes": []
        }
      ],
      "exp": "msg.sender.transfer(address(this).balance);",
      "status": "unproven"
    },
    {
      "no": "32",
      "kind": "ETH_LEAK",
      "line": 97,
      "signatures": [
        {
          "contractName": "CareerOnToken",
          "methodName": "bug_tmstmp36",
          "argTypes": []
        }
      ],
      "exp": "msg.sender.transfer(address(this).balance);",
      "status": "unproven"
    },
    {
      "no": "33",
      "kind": "ETH_LEAK",
      "line": 156,
      "signatures": [
        {
          "contractName": "CareerOnToken",
          "methodName": "bug_tmstmp40",
          "argTypes": []
        }
      ],
      "exp": "msg.sender.transfer(address(this).balance);",
      "status": "unproven"
    }
  ]
}