{
  "fileName": "Benchmarks/Study_SamplesSet/291a71d5b94d48a9113beae8c5808a7a.sol",
  "baseName": "291a71d5b94d48a9113beae8c5808a7a.sol",
  "iter": 5,
  "time": "537.678072",
  "errMsg": null,
  "result": [
    {
      "no": "1",
      "kind": "IO",
      "line": 290,
      "signatures": [
        { "contractName": "UBets", "methodName": "UBets", "argTypes": [] }
      ],
      "exp": "((60 * 60) * 24)",
      "status": "proven"
    },
    {
      "no": "2",
      "kind": "IO",
      "line": 290,
      "signatures": [
        { "contractName": "UBets", "methodName": "UBets", "argTypes": [] }
      ],
      "exp": "(60 * 60)",
      "status": "proven"
    },
    {
      "no": "3",
      "kind": "IO",
      "line": 291,
      "signatures": [
        { "contractName": "UBets", "methodName": "UBets", "argTypes": [] }
      ],
      "exp": "(((60 * 60) * 24) * 7)",
      "status": "proven"
    },
    {
      "no": "4",
      "kind": "IO",
      "line": 291,
      "signatures": [
        { "contractName": "UBets", "methodName": "UBets", "argTypes": [] }
      ],
      "exp": "((60 * 60) * 24)",
      "status": "proven"
    },
    {
      "no": "5",
      "kind": "IO",
      "line": 291,
      "signatures": [
        { "contractName": "UBets", "methodName": "UBets", "argTypes": [] }
      ],
      "exp": "(60 * 60)",
      "status": "proven"
    },
    {
      "no": "6",
      "kind": "IO",
      "line": 292,
      "signatures": [
        { "contractName": "UBets", "methodName": "UBets", "argTypes": [] }
      ],
      "exp": "(((60 * 60) * 24) * 30)",
      "status": "proven"
    },
    {
      "no": "7",
      "kind": "IO",
      "line": 292,
      "signatures": [
        { "contractName": "UBets", "methodName": "UBets", "argTypes": [] }
      ],
      "exp": "((60 * 60) * 24)",
      "status": "proven"
    },
    {
      "no": "8",
      "kind": "IO",
      "line": 292,
      "signatures": [
        { "contractName": "UBets", "methodName": "UBets", "argTypes": [] }
      ],
      "exp": "(60 * 60)",
      "status": "proven"
    },
    {
      "no": "9",
      "kind": "IO",
      "line": 399,
      "signatures": [
        {
          "contractName": "UBets",
          "methodName": "_playGame",
          "argTypes": [ "uint256" ]
        }
      ],
      "exp": "(1000000000000000000 + (tx.gasprice * gaslimit))",
      "status": "unproven"
    },
    {
      "no": "10",
      "kind": "IO",
      "line": 399,
      "signatures": [
        {
          "contractName": "UBets",
          "methodName": "_playGame",
          "argTypes": [ "uint256" ]
        }
      ],
      "exp": "(tx.gasprice * gaslimit)",
      "status": "unproven"
    },
    {
      "no": "11",
      "kind": "IO",
      "line": 846,
      "signatures": [
        {
          "contractName": "UBets",
          "methodName": "strConcat",
          "argTypes": [ "string", "string", "string", "string", "string" ]
        }
      ],
      "exp": "((((_ba.length + _bb.length) + _bc.length) + _bd.length) + _be.length)",
      "status": "unproven"
    },
    {
      "no": "12",
      "kind": "IO",
      "line": 846,
      "signatures": [
        {
          "contractName": "UBets",
          "methodName": "strConcat",
          "argTypes": [ "string", "string", "string", "string", "string" ]
        }
      ],
      "exp": "(((_ba.length + _bb.length) + _bc.length) + _bd.length)",
      "status": "unproven"
    },
    {
      "no": "13",
      "kind": "IO",
      "line": 846,
      "signatures": [
        {
          "contractName": "UBets",
          "methodName": "strConcat",
          "argTypes": [ "string", "string", "string", "string", "string" ]
        }
      ],
      "exp": "((_ba.length + _bb.length) + _bc.length)",
      "status": "unproven"
    },
    {
      "no": "14",
      "kind": "IO",
      "line": 846,
      "signatures": [
        {
          "contractName": "UBets",
          "methodName": "strConcat",
          "argTypes": [ "string", "string", "string", "string", "string" ]
        }
      ],
      "exp": "(_ba.length + _bb.length)",
      "status": "unproven"
    },
    {
      "no": "15",
      "kind": "IO",
      "line": 849,
      "signatures": [
        {
          "contractName": "UBets",
          "methodName": "strConcat",
          "argTypes": [ "string", "string", "string", "string", "string" ]
        }
      ],
      "exp": "(i + 1)",
      "status": "proven"
    },
    {
      "no": "16",
      "kind": "IO",
      "line": 849,
      "signatures": [
        {
          "contractName": "UBets",
          "methodName": "strConcat",
          "argTypes": [ "string", "string", "string", "string", "string" ]
        }
      ],
      "exp": "(k + 1)",
      "status": "unproven"
    },
    {
      "no": "17",
      "kind": "IO",
      "line": 850,
      "signatures": [
        {
          "contractName": "UBets",
          "methodName": "strConcat",
          "argTypes": [ "string", "string", "string", "string", "string" ]
        }
      ],
      "exp": "(i + 1)",
      "status": "proven"
    },
    {
      "no": "18",
      "kind": "IO",
      "line": 850,
      "signatures": [
        {
          "contractName": "UBets",
          "methodName": "strConcat",
          "argTypes": [ "string", "string", "string", "string", "string" ]
        }
      ],
      "exp": "(k + 1)",
      "status": "unproven"
    },
    {
      "no": "19",
      "kind": "IO",
      "line": 851,
      "signatures": [
        {
          "contractName": "UBets",
          "methodName": "strConcat",
          "argTypes": [ "string", "string", "string", "string", "string" ]
        }
      ],
      "exp": "(i + 1)",
      "status": "proven"
    },
    {
      "no": "20",
      "kind": "IO",
      "line": 851,
      "signatures": [
        {
          "contractName": "UBets",
          "methodName": "strConcat",
          "argTypes": [ "string", "string", "string", "string", "string" ]
        }
      ],
      "exp": "(k + 1)",
      "status": "unproven"
    },
    {
      "no": "21",
      "kind": "IO",
      "line": 852,
      "signatures": [
        {
          "contractName": "UBets",
          "methodName": "strConcat",
          "argTypes": [ "string", "string", "string", "string", "string" ]
        }
      ],
      "exp": "(i + 1)",
      "status": "proven"
    },
    {
      "no": "22",
      "kind": "IO",
      "line": 852,
      "signatures": [
        {
          "contractName": "UBets",
          "methodName": "strConcat",
          "argTypes": [ "string", "string", "string", "string", "string" ]
        }
      ],
      "exp": "(k + 1)",
      "status": "unproven"
    },
    {
      "no": "23",
      "kind": "IO",
      "line": 853,
      "signatures": [
        {
          "contractName": "UBets",
          "methodName": "strConcat",
          "argTypes": [ "string", "string", "string", "string", "string" ]
        }
      ],
      "exp": "(i + 1)",
      "status": "proven"
    },
    {
      "no": "24",
      "kind": "IO",
      "line": 853,
      "signatures": [
        {
          "contractName": "UBets",
          "methodName": "strConcat",
          "argTypes": [ "string", "string", "string", "string", "string" ]
        }
      ],
      "exp": "(k + 1)",
      "status": "unproven"
    },
    {
      "no": "25",
      "kind": "IO",
      "line": 898,
      "signatures": [
        {
          "contractName": "UBets",
          "methodName": "uint2str",
          "argTypes": [ "uint256" ]
        }
      ],
      "exp": "(len + 1)",
      "status": "unproven"
    },
    {
      "no": "26",
      "kind": "IO",
      "line": 902,
      "signatures": [
        {
          "contractName": "UBets",
          "methodName": "uint2str",
          "argTypes": [ "uint256" ]
        }
      ],
      "exp": "(len - 1)",
      "status": "unproven"
    },
    {
      "no": "27",
      "kind": "IO",
      "line": 904,
      "signatures": [
        {
          "contractName": "UBets",
          "methodName": "uint2str",
          "argTypes": [ "uint256" ]
        }
      ],
      "exp": "(48 + (i % 10))",
      "status": "proven"
    },
    {
      "no": "28",
      "kind": "IO",
      "line": 904,
      "signatures": [
        {
          "contractName": "UBets",
          "methodName": "uint2str",
          "argTypes": [ "uint256" ]
        }
      ],
      "exp": "(k - 1)",
      "status": "unproven"
    },
    {
      "no": "29",
      "kind": "IO",
      "line": 1291,
      "signatures": [
        {
          "contractName": "UBets",
          "methodName": "parseRes",
          "argTypes": [ "string" ]
        }
      ],
      "exp": "(i + 1)",
      "status": "proven"
    },
    {
      "no": "30",
      "kind": "IO",
      "line": 1292,
      "signatures": [
        {
          "contractName": "UBets",
          "methodName": "parseRes",
          "argTypes": [ "string" ]
        }
      ],
      "exp": "(c + 1)",
      "status": "unproven"
    },
    {
      "no": "31",
      "kind": "IO",
      "line": 1297,
      "signatures": [
        {
          "contractName": "UBets",
          "methodName": "parseRes",
          "argTypes": [ "string" ]
        }
      ],
      "exp": "(i + 1)",
      "status": "proven"
    },
    {
      "no": "32",
      "kind": "IO",
      "line": 1299,
      "signatures": [
        {
          "contractName": "UBets",
          "methodName": "parseRes",
          "argTypes": [ "string" ]
        }
      ],
      "exp": "(uint256(bstr[i]) - 48)",
      "status": "proven"
    },
    {
      "no": "33",
      "kind": "IO",
      "line": 1300,
      "signatures": [
        {
          "contractName": "UBets",
          "methodName": "parseRes",
          "argTypes": [ "string" ]
        }
      ],
      "exp": "(p + 1)",
      "status": "proven"
    },
    {
      "no": "34",
      "kind": "IO",
      "line": 1308,
      "signatures": [
        {
          "contractName": "UBets",
          "methodName": "inArray",
          "argTypes": [ "uint256[]", "uint256" ]
        }
      ],
      "exp": "(i + 1)",
      "status": "proven"
    },
    {
      "no": "35",
      "kind": "IO",
      "line": 1324,
      "signatures": [
        {
          "contractName": "UBets",
          "methodName": "__callback",
          "argTypes": [ "bytes32", "string" ]
        }
      ],
      "exp": "(i + 1)",
      "status": "proven"
    },
    {
      "no": "36",
      "kind": "IO",
      "line": 1342,
      "signatures": [
        {
          "contractName": "UBets",
          "methodName": "_joinGame",
          "argTypes": [
            "uint256", "address", "uint256", "uint256", "address"
          ]
        }
      ],
      "exp": "(game.players.length - 1)",
      "status": "unproven"
    },
    {
      "no": "37",
      "kind": "IO",
      "line": 1344,
      "signatures": [
        {
          "contractName": "UBets",
          "methodName": "_joinGame",
          "argTypes": [
            "uint256", "address", "uint256", "uint256", "address"
          ]
        }
      ],
      "exp": "(i + 1)",
      "status": "proven"
    },
    {
      "no": "38",
      "kind": "IO",
      "line": 1372,
      "signatures": [
        {
          "contractName": "UBets",
          "methodName": "_playGame",
          "argTypes": [ "uint256" ]
        }
      ],
      "exp": "(games[game_id].uniq_numbers.length - 1)",
      "status": "unproven"
    },
    {
      "no": "39",
      "kind": "IO",
      "line": 1386,
      "signatures": [
        {
          "contractName": "UBets",
          "methodName": "_finishGame",
          "argTypes": [ "uint256", "uint256[]" ]
        }
      ],
      "exp": "(game.uniq_numbers.length - 1)",
      "status": "proven"
    },
    {
      "no": "40",
      "kind": "IO",
      "line": 1388,
      "signatures": [
        {
          "contractName": "UBets",
          "methodName": "_finishGame",
          "argTypes": [ "uint256", "uint256[]" ]
        }
      ],
      "exp": "((game.bet * game.max_players) * commision)",
      "status": "unproven"
    },
    {
      "no": "41",
      "kind": "IO",
      "line": 1388,
      "signatures": [
        {
          "contractName": "UBets",
          "methodName": "_finishGame",
          "argTypes": [ "uint256", "uint256[]" ]
        }
      ],
      "exp": "((game.bet * game.max_players) - (((game.bet * game.max_players) * commision) / 100))",
      "status": "unproven"
    },
    {
      "no": "42",
      "kind": "IO",
      "line": 1388,
      "signatures": [
        {
          "contractName": "UBets",
          "methodName": "_finishGame",
          "argTypes": [ "uint256", "uint256[]" ]
        }
      ],
      "exp": "(game.bet * game.max_players)",
      "status": "unproven"
    },
    {
      "no": "43",
      "kind": "IO",
      "line": 1391,
      "signatures": [
        {
          "contractName": "UBets",
          "methodName": "_finishGame",
          "argTypes": [ "uint256", "uint256[]" ]
        }
      ],
      "exp": "(n + 1)",
      "status": "unproven"
    },
    {
      "no": "44",
      "kind": "IO",
      "line": 1394,
      "signatures": [
        {
          "contractName": "UBets",
          "methodName": "_finishGame",
          "argTypes": [ "uint256", "uint256[]" ]
        }
      ],
      "exp": "(j + 1)",
      "status": "proven"
    },
    {
      "no": "45",
      "kind": "IO",
      "line": 1396,
      "signatures": [
        {
          "contractName": "UBets",
          "methodName": "_finishGame",
          "argTypes": [ "uint256", "uint256[]" ]
        }
      ],
      "exp": "(num_w + 1)",
      "status": "unproven"
    },
    {
      "no": "46",
      "kind": "IO",
      "line": 1403,
      "signatures": [
        {
          "contractName": "UBets",
          "methodName": "_finishGame",
          "argTypes": [ "uint256", "uint256[]" ]
        }
      ],
      "exp": "(p + 1)",
      "status": "proven"
    },
    {
      "no": "47",
      "kind": "IO",
      "line": 1410,
      "signatures": [
        {
          "contractName": "UBets",
          "methodName": "_finishGame",
          "argTypes": [ "uint256", "uint256[]" ]
        }
      ],
      "exp": "(payout * referer_commision)",
      "status": "unproven"
    },
    {
      "no": "48",
      "kind": "IO",
      "line": 1446,
      "signatures": [
        {
          "contractName": "UBets",
          "methodName": "newGame",
          "argTypes": [ "uint256", "uint256", "address" ]
        }
      ],
      "exp": "(games.length - 1)",
      "status": "unproven"
    },
    {
      "no": "49",
      "kind": "IO",
      "line": 1462,
      "signatures": [
        {
          "contractName": "UBets",
          "methodName": "refundGame",
          "argTypes": [ "uint256" ]
        }
      ],
      "exp": "(i + 1)",
      "status": "proven"
    },
    {
      "no": "50",
      "kind": "DZ",
      "line": 899,
      "signatures": [
        {
          "contractName": "UBets",
          "methodName": "uint2str",
          "argTypes": [ "uint256" ]
        }
      ],
      "exp": "(j / 10)",
      "status": "proven"
    },
    {
      "no": "51",
      "kind": "DZ",
      "line": 904,
      "signatures": [
        {
          "contractName": "UBets",
          "methodName": "uint2str",
          "argTypes": [ "uint256" ]
        }
      ],
      "exp": "(i % 10)",
      "status": "proven"
    },
    {
      "no": "52",
      "kind": "DZ",
      "line": 905,
      "signatures": [
        {
          "contractName": "UBets",
          "methodName": "uint2str",
          "argTypes": [ "uint256" ]
        }
      ],
      "exp": "(i / 10)",
      "status": "proven"
    },
    {
      "no": "53",
      "kind": "DZ",
      "line": 1388,
      "signatures": [
        {
          "contractName": "UBets",
          "methodName": "_finishGame",
          "argTypes": [ "uint256", "uint256[]" ]
        }
      ],
      "exp": "(((game.bet * game.max_players) * commision) / 100)",
      "status": "proven"
    },
    {
      "no": "54",
      "kind": "DZ",
      "line": 1389,
      "signatures": [
        {
          "contractName": "UBets",
          "methodName": "_finishGame",
          "argTypes": [ "uint256", "uint256[]" ]
        }
      ],
      "exp": "(bank / numbers.length)",
      "status": "proven"
    },
    {
      "no": "55",
      "kind": "DZ",
      "line": 1401,
      "signatures": [
        {
          "contractName": "UBets",
          "methodName": "_finishGame",
          "argTypes": [ "uint256", "uint256[]" ]
        }
      ],
      "exp": "(num_payout / num_w)",
      "status": "proven"
    },
    {
      "no": "56",
      "kind": "DZ",
      "line": 1410,
      "signatures": [
        {
          "contractName": "UBets",
          "methodName": "_finishGame",
          "argTypes": [ "uint256", "uint256[]" ]
        }
      ],
      "exp": "((payout * referer_commision) / 100)",
      "status": "proven"
    },
    {
      "no": "57",
      "kind": "ETH_LEAK",
      "line": 1405,
      "signatures": [
        {
          "contractName": "UBets",
          "methodName": "_finishGame",
          "argTypes": [ "uint256", "uint256[]" ]
        }
      ],
      "exp": "game.players[p].transfer(payout);",
      "status": "unproven"
    },
    {
      "no": "58",
      "kind": "ETH_LEAK",
      "line": 1412,
      "signatures": [
        {
          "contractName": "UBets",
          "methodName": "_finishGame",
          "argTypes": [ "uint256", "uint256[]" ]
        }
      ],
      "exp": "referers[game.players[p]].transfer(referer_payout);",
      "status": "unproven"
    },
    {
      "no": "59",
      "kind": "ETH_LEAK",
      "line": 1463,
      "signatures": [
        {
          "contractName": "UBets",
          "methodName": "refundGame",
          "argTypes": [ "uint256" ]
        }
      ],
      "exp": "game.players[i].transfer(game.bet);",
      "status": "unproven"
    },
    {
      "no": "60",
      "kind": "ETH_LEAK",
      "line": 1474,
      "signatures": [
        {
          "contractName": "UBets",
          "methodName": "withdraw",
          "argTypes": [ "address", "uint256" ]
        }
      ],
      "exp": "to.transfer(value);",
      "status": "proven"
    }
  ]
}