{
  "fileName": "Benchmarks/Study_SamplesSet/2b43ed6272900ff57bdf55da0d054ebf.sol",
  "baseName": "2b43ed6272900ff57bdf55da0d054ebf.sol",
  "iter": 135,
  "time": "300.45773",
  "errMsg": null,
  "result": [
    {
      "no": "1",
      "kind": "IO",
      "line": 24,
      "signatures": [
        {
          "contractName": "QurasToken",
          "methodName": "increaseApproval",
          "argTypes": [ "address", "uint256" ]
        },
        {
          "contractName": "QurasToken",
          "methodName": "transfer",
          "argTypes": [ "address", "uint256" ]
        },
        {
          "contractName": "QurasToken",
          "methodName": "transferFrom",
          "argTypes": [ "address", "address", "uint256" ]
        }
      ],
      "exp": "(a + b)",
      "status": "unproven"
    },
    {
      "no": "2",
      "kind": "IO",
      "line": 29,
      "signatures": [
        {
          "contractName": "QurasToken",
          "methodName": "decreaseApproval",
          "argTypes": [ "address", "uint256" ]
        },
        {
          "contractName": "QurasToken",
          "methodName": "totalSupply",
          "argTypes": []
        },
        {
          "contractName": "QurasToken",
          "methodName": "transfer",
          "argTypes": [ "address", "uint256" ]
        },
        {
          "contractName": "QurasToken",
          "methodName": "transferFrom",
          "argTypes": [ "address", "address", "uint256" ]
        }
      ],
      "exp": "(a - b)",
      "status": "proven"
    },
    {
      "no": "3",
      "kind": "ETH_LEAK",
      "line": 59,
      "signatures": [
        {
          "contractName": "QurasToken",
          "methodName": "getReward_TOD17",
          "argTypes": []
        }
      ],
      "exp": "winner_TOD17.transfer(msg.value);",
      "status": "unproven"
    },
    {
      "no": "4",
      "kind": "ETH_LEAK",
      "line": 73,
      "signatures": [
        {
          "contractName": "QurasToken",
          "methodName": "getReward_TOD37",
          "argTypes": []
        }
      ],
      "exp": "winner_TOD37.transfer(msg.value);",
      "status": "unproven"
    },
    {
      "no": "5",
      "kind": "ETH_LEAK",
      "line": 87,
      "signatures": [
        {
          "contractName": "QurasToken",
          "methodName": "getReward_TOD3",
          "argTypes": []
        }
      ],
      "exp": "winner_TOD3.transfer(msg.value);",
      "status": "unproven"
    },
    {
      "no": "6",
      "kind": "ETH_LEAK",
      "line": 101,
      "signatures": [
        {
          "contractName": "QurasToken",
          "methodName": "getReward_TOD9",
          "argTypes": []
        }
      ],
      "exp": "winner_TOD9.transfer(msg.value);",
      "status": "unproven"
    },
    {
      "no": "7",
      "kind": "ETH_LEAK",
      "line": 115,
      "signatures": [
        {
          "contractName": "QurasToken",
          "methodName": "getReward_TOD25",
          "argTypes": []
        }
      ],
      "exp": "winner_TOD25.transfer(msg.value);",
      "status": "unproven"
    },
    {
      "no": "8",
      "kind": "ETH_LEAK",
      "line": 129,
      "signatures": [
        {
          "contractName": "QurasToken",
          "methodName": "getReward_TOD19",
          "argTypes": []
        }
      ],
      "exp": "winner_TOD19.transfer(msg.value);",
      "status": "unproven"
    },
    {
      "no": "9",
      "kind": "ETH_LEAK",
      "line": 143,
      "signatures": [
        {
          "contractName": "QurasToken",
          "methodName": "getReward_TOD27",
          "argTypes": []
        }
      ],
      "exp": "winner_TOD27.transfer(msg.value);",
      "status": "unproven"
    },
    {
      "no": "10",
      "kind": "ETH_LEAK",
      "line": 157,
      "signatures": [
        {
          "contractName": "QurasToken",
          "methodName": "getReward_TOD31",
          "argTypes": []
        }
      ],
      "exp": "winner_TOD31.transfer(msg.value);",
      "status": "unproven"
    },
    {
      "no": "11",
      "kind": "ETH_LEAK",
      "line": 202,
      "signatures": [
        {
          "contractName": "QurasToken",
          "methodName": "setReward_TOD34",
          "argTypes": []
        }
      ],
      "exp": "owner_TOD34.transfer(reward_TOD34);",
      "status": "unproven"
    },
    {
      "no": "12",
      "kind": "ETH_LEAK",
      "line": 210,
      "signatures": [
        {
          "contractName": "QurasToken",
          "methodName": "claimReward_TOD34",
          "argTypes": [ "uint256" ]
        }
      ],
      "exp": "msg.sender.transfer(reward_TOD34);",
      "status": "unproven"
    },
    {
      "no": "13",
      "kind": "ETH_LEAK",
      "line": 225,
      "signatures": [
        {
          "contractName": "QurasToken",
          "methodName": "getReward_TOD21",
          "argTypes": []
        }
      ],
      "exp": "winner_TOD21.transfer(msg.value);",
      "status": "unproven"
    },
    {
      "no": "14",
      "kind": "ETH_LEAK",
      "line": 240,
      "signatures": [
        {
          "contractName": "QurasToken",
          "methodName": "getReward_TOD13",
          "argTypes": []
        }
      ],
      "exp": "winner_TOD13.transfer(msg.value);",
      "status": "unproven"
    },
    {
      "no": "15",
      "kind": "ETH_LEAK",
      "line": 254,
      "signatures": [
        {
          "contractName": "QurasToken",
          "methodName": "setReward_TOD20",
          "argTypes": []
        }
      ],
      "exp": "owner_TOD20.transfer(reward_TOD20);",
      "status": "proven"
    },
    {
      "no": "16",
      "kind": "ETH_LEAK",
      "line": 262,
      "signatures": [
        {
          "contractName": "QurasToken",
          "methodName": "claimReward_TOD20",
          "argTypes": [ "uint256" ]
        }
      ],
      "exp": "msg.sender.transfer(reward_TOD20);",
      "status": "unproven"
    },
    {
      "no": "17",
      "kind": "ETH_LEAK",
      "line": 281,
      "signatures": [
        {
          "contractName": "QurasToken",
          "methodName": "setReward_TOD32",
          "argTypes": []
        }
      ],
      "exp": "owner_TOD32.transfer(reward_TOD32);",
      "status": "unproven"
    },
    {
      "no": "18",
      "kind": "ETH_LEAK",
      "line": 289,
      "signatures": [
        {
          "contractName": "QurasToken",
          "methodName": "claimReward_TOD32",
          "argTypes": [ "uint256" ]
        }
      ],
      "exp": "msg.sender.transfer(reward_TOD32);",
      "status": "unproven"
    },
    {
      "no": "19",
      "kind": "ETH_LEAK",
      "line": 305,
      "signatures": [
        {
          "contractName": "QurasToken",
          "methodName": "setReward_TOD38",
          "argTypes": []
        }
      ],
      "exp": "owner_TOD38.transfer(reward_TOD38);",
      "status": "unproven"
    },
    {
      "no": "20",
      "kind": "ETH_LEAK",
      "line": 313,
      "signatures": [
        {
          "contractName": "QurasToken",
          "methodName": "claimReward_TOD38",
          "argTypes": [ "uint256" ]
        }
      ],
      "exp": "msg.sender.transfer(reward_TOD38);",
      "status": "unproven"
    },
    {
      "no": "21",
      "kind": "ETH_LEAK",
      "line": 333,
      "signatures": [
        {
          "contractName": "QurasToken",
          "methodName": "setReward_TOD10",
          "argTypes": []
        }
      ],
      "exp": "owner_TOD10.transfer(reward_TOD10);",
      "status": "proven"
    },
    {
      "no": "22",
      "kind": "ETH_LEAK",
      "line": 341,
      "signatures": [
        {
          "contractName": "QurasToken",
          "methodName": "claimReward_TOD10",
          "argTypes": [ "uint256" ]
        }
      ],
      "exp": "msg.sender.transfer(reward_TOD10);",
      "status": "unproven"
    },
    {
      "no": "23",
      "kind": "ETH_LEAK",
      "line": 352,
      "signatures": [
        {
          "contractName": "QurasToken",
          "methodName": "setReward_TOD22",
          "argTypes": []
        }
      ],
      "exp": "owner_TOD22.transfer(reward_TOD22);",
      "status": "unproven"
    },
    {
      "no": "24",
      "kind": "ETH_LEAK",
      "line": 360,
      "signatures": [
        {
          "contractName": "QurasToken",
          "methodName": "claimReward_TOD22",
          "argTypes": [ "uint256" ]
        }
      ],
      "exp": "msg.sender.transfer(reward_TOD22);",
      "status": "unproven"
    },
    {
      "no": "25",
      "kind": "ETH_LEAK",
      "line": 371,
      "signatures": [
        {
          "contractName": "QurasToken",
          "methodName": "setReward_TOD12",
          "argTypes": []
        }
      ],
      "exp": "owner_TOD12.transfer(reward_TOD12);",
      "status": "proven"
    },
    {
      "no": "26",
      "kind": "ETH_LEAK",
      "line": 379,
      "signatures": [
        {
          "contractName": "QurasToken",
          "methodName": "claimReward_TOD12",
          "argTypes": [ "uint256" ]
        }
      ],
      "exp": "msg.sender.transfer(reward_TOD12);",
      "status": "unproven"
    },
    {
      "no": "27",
      "kind": "ETH_LEAK",
      "line": 394,
      "signatures": [
        {
          "contractName": "QurasToken",
          "methodName": "getReward_TOD11",
          "argTypes": []
        }
      ],
      "exp": "winner_TOD11.transfer(msg.value);",
      "status": "unproven"
    },
    {
      "no": "28",
      "kind": "ETH_LEAK",
      "line": 409,
      "signatures": [
        {
          "contractName": "QurasToken",
          "methodName": "getReward_TOD1",
          "argTypes": []
        }
      ],
      "exp": "winner_TOD1.transfer(msg.value);",
      "status": "unproven"
    },
    {
      "no": "29",
      "kind": "ETH_LEAK",
      "line": 419,
      "signatures": [
        {
          "contractName": "QurasToken",
          "methodName": "setReward_TOD2",
          "argTypes": []
        }
      ],
      "exp": "owner_TOD2.transfer(reward_TOD2);",
      "status": "unproven"
    },
    {
      "no": "30",
      "kind": "ETH_LEAK",
      "line": 427,
      "signatures": [
        {
          "contractName": "QurasToken",
          "methodName": "claimReward_TOD2",
          "argTypes": [ "uint256" ]
        }
      ],
      "exp": "msg.sender.transfer(reward_TOD2);",
      "status": "unproven"
    },
    {
      "no": "31",
      "kind": "ETH_LEAK",
      "line": 451,
      "signatures": [
        {
          "contractName": "QurasToken",
          "methodName": "setReward_TOD4",
          "argTypes": []
        }
      ],
      "exp": "owner_TOD4.transfer(reward_TOD4);",
      "status": "proven"
    },
    {
      "no": "32",
      "kind": "ETH_LEAK",
      "line": 459,
      "signatures": [
        {
          "contractName": "QurasToken",
          "methodName": "claimReward_TOD4",
          "argTypes": [ "uint256" ]
        }
      ],
      "exp": "msg.sender.transfer(reward_TOD4);",
      "status": "unproven"
    },
    {
      "no": "33",
      "kind": "ETH_LEAK",
      "line": 481,
      "signatures": [
        {
          "contractName": "QurasToken",
          "methodName": "getReward_TOD7",
          "argTypes": []
        }
      ],
      "exp": "winner_TOD7.transfer(msg.value);",
      "status": "unproven"
    },
    {
      "no": "34",
      "kind": "ETH_LEAK",
      "line": 502,
      "signatures": [
        {
          "contractName": "QurasToken",
          "methodName": "getReward_TOD23",
          "argTypes": []
        }
      ],
      "exp": "winner_TOD23.transfer(msg.value);",
      "status": "unproven"
    },
    {
      "no": "35",
      "kind": "ETH_LEAK",
      "line": 524,
      "signatures": [
        {
          "contractName": "QurasToken",
          "methodName": "setReward_TOD14",
          "argTypes": []
        }
      ],
      "exp": "owner_TOD14.transfer(reward_TOD14);",
      "status": "proven"
    },
    {
      "no": "36",
      "kind": "ETH_LEAK",
      "line": 532,
      "signatures": [
        {
          "contractName": "QurasToken",
          "methodName": "claimReward_TOD14",
          "argTypes": [ "uint256" ]
        }
      ],
      "exp": "msg.sender.transfer(reward_TOD14);",
      "status": "unproven"
    },
    {
      "no": "37",
      "kind": "ETH_LEAK",
      "line": 549,
      "signatures": [
        {
          "contractName": "QurasToken",
          "methodName": "setReward_TOD30",
          "argTypes": []
        }
      ],
      "exp": "owner_TOD30.transfer(reward_TOD30);",
      "status": "unproven"
    },
    {
      "no": "38",
      "kind": "ETH_LEAK",
      "line": 557,
      "signatures": [
        {
          "contractName": "QurasToken",
          "methodName": "claimReward_TOD30",
          "argTypes": [ "uint256" ]
        }
      ],
      "exp": "msg.sender.transfer(reward_TOD30);",
      "status": "unproven"
    },
    {
      "no": "39",
      "kind": "ETH_LEAK",
      "line": 578,
      "signatures": [
        {
          "contractName": "QurasToken",
          "methodName": "setReward_TOD8",
          "argTypes": []
        }
      ],
      "exp": "owner_TOD8.transfer(reward_TOD8);",
      "status": "proven"
    },
    {
      "no": "40",
      "kind": "ETH_LEAK",
      "line": 586,
      "signatures": [
        {
          "contractName": "QurasToken",
          "methodName": "claimReward_TOD8",
          "argTypes": [ "uint256" ]
        }
      ],
      "exp": "msg.sender.transfer(reward_TOD8);",
      "status": "unproven"
    },
    {
      "no": "41",
      "kind": "ETH_LEAK",
      "line": 615,
      "signatures": [
        {
          "contractName": "QurasToken",
          "methodName": "getReward_TOD39",
          "argTypes": []
        }
      ],
      "exp": "winner_TOD39.transfer(msg.value);",
      "status": "unproven"
    },
    {
      "no": "42",
      "kind": "ETH_LEAK",
      "line": 642,
      "signatures": [
        {
          "contractName": "QurasToken",
          "methodName": "setReward_TOD36",
          "argTypes": []
        }
      ],
      "exp": "owner_TOD36.transfer(reward_TOD36);",
      "status": "unproven"
    },
    {
      "no": "43",
      "kind": "ETH_LEAK",
      "line": 650,
      "signatures": [
        {
          "contractName": "QurasToken",
          "methodName": "claimReward_TOD36",
          "argTypes": [ "uint256" ]
        }
      ],
      "exp": "msg.sender.transfer(reward_TOD36);",
      "status": "unproven"
    },
    {
      "no": "44",
      "kind": "ETH_LEAK",
      "line": 673,
      "signatures": [
        {
          "contractName": "QurasToken",
          "methodName": "getReward_TOD35",
          "argTypes": []
        }
      ],
      "exp": "winner_TOD35.transfer(msg.value);",
      "status": "unproven"
    },
    {
      "no": "45",
      "kind": "ETH_LEAK",
      "line": 695,
      "signatures": [
        {
          "contractName": "QurasToken",
          "methodName": "setReward_TOD40",
          "argTypes": []
        }
      ],
      "exp": "owner_TOD40.transfer(reward_TOD40);",
      "status": "proven"
    },
    {
      "no": "46",
      "kind": "ETH_LEAK",
      "line": 703,
      "signatures": [
        {
          "contractName": "QurasToken",
          "methodName": "claimReward_TOD40",
          "argTypes": [ "uint256" ]
        }
      ],
      "exp": "msg.sender.transfer(reward_TOD40);",
      "status": "unproven"
    },
    {
      "no": "47",
      "kind": "ETH_LEAK",
      "line": 725,
      "signatures": [
        {
          "contractName": "QurasToken",
          "methodName": "getReward_TOD33",
          "argTypes": []
        }
      ],
      "exp": "winner_TOD33.transfer(msg.value);",
      "status": "unproven"
    }
  ]
}