{
  "fileName": "Benchmarks/Study_SamplesSet/2f3b02206937b810c0f09f7264f54235.sol",
  "baseName": "2f3b02206937b810c0f09f7264f54235.sol",
  "iter": 59,
  "time": "303.423539",
  "errMsg": null,
  "result": [
    {
      "no": "1",
      "kind": "IO",
      "line": 26,
      "signatures": [
        { "contractName": "C", "methodName": "pay", "argTypes": [] }
      ],
      "exp": "(i + 1)",
      "status": "proven"
    },
    {
      "no": "2",
      "kind": "KA",
      "line": 38,
      "signatures": [
        { "contractName": "C", "methodName": "returnMoney", "argTypes": [] }
      ],
      "exp": "selfdestruct(owner);",
      "status": "proven"
    },
    {
      "no": "3",
      "kind": "ETH_LEAK",
      "line": 27,
      "signatures": [
        { "contractName": "C", "methodName": "pay", "argTypes": [] }
      ],
      "exp": "flag = addresses[i].send(amounts[i]);",
      "status": "unproven"
    },
    {
      "no": "4",
      "kind": "ETH_LEAK",
      "line": 29,
      "signatures": [
        { "contractName": "C", "methodName": "pay", "argTypes": [] }
      ],
      "exp": "addresses[i].send(amounts[i])",
      "status": "unproven"
    },
    {
      "no": "5",
      "kind": "ETH_LEAK",
      "line": 38,
      "signatures": [
        { "contractName": "C", "methodName": "returnMoney", "argTypes": [] }
      ],
      "exp": "selfdestruct(owner);",
      "status": "proven"
    }
  ]
}