{
  "fileName": "Benchmarks/Study_SamplesSet/310d76cd1e1d8026871771e6bedb1d28.sol",
  "baseName": "310d76cd1e1d8026871771e6bedb1d28.sol",
  "iter": 4972,
  "time": "300.032804",
  "errMsg": null,
  "result": [
    {
      "no": "1",
      "kind": "IO",
      "line": 130,
      "signatures": [
        {
          "contractName": "InvitherB",
          "methodName": "addUser",
          "argTypes": [ "int256" ]
        }
      ],
      "exp": "(i + 1)",
      "status": "proven"
    },
    {
      "no": "2",
      "kind": "IO",
      "line": 135,
      "signatures": [
        {
          "contractName": "InvitherB",
          "methodName": "addUser",
          "argTypes": [ "int256" ]
        }
      ],
      "exp": "(userCount + 1)",
      "status": "unproven"
    }
  ]
}