{
  "fileName": "Benchmarks/Study_SamplesSet/333e470cc9be93c1ebc907fb9413426c.sol",
  "baseName": "333e470cc9be93c1ebc907fb9413426c.sol",
  "iter": 229,
  "time": "301.790454",
  "errMsg": null,
  "result": [
    {
      "no": "1",
      "kind": "IO",
      "line": 262,
      "signatures": [
        {
          "contractName": "CryptoGoldStandardCoin",
          "methodName": "sell",
          "argTypes": [ "uint256" ]
        }
      ],
      "exp": "(a * b)",
      "status": "unproven"
    },
    {
      "no": "2",
      "kind": "IO",
      "line": 276,
      "signatures": [
        {
          "contractName": "CryptoGoldStandardCoin",
          "methodName": "burn",
          "argTypes": [ "uint256" ]
        },
        {
          "contractName": "CryptoGoldStandardCoin",
          "methodName": "decreaseApproval",
          "argTypes": [ "address", "uint256" ]
        },
        {
          "contractName": "CryptoGoldStandardCoin",
          "methodName": "transfer",
          "argTypes": [ "address", "uint256" ]
        },
        {
          "contractName": "CryptoGoldStandardCoin",
          "methodName": "transferFrom",
          "argTypes": [ "address", "address", "uint256" ]
        }
      ],
      "exp": "(a - b)",
      "status": "proven"
    },
    {
      "no": "3",
      "kind": "IO",
      "line": 280,
      "signatures": [
        {
          "contractName": "CryptoGoldStandardCoin",
          "methodName": "increaseApproval",
          "argTypes": [ "address", "uint256" ]
        },
        {
          "contractName": "CryptoGoldStandardCoin",
          "methodName": "mint",
          "argTypes": [ "address", "uint256" ]
        }
      ],
      "exp": "(a + b)",
      "status": "unproven"
    },
    {
      "no": "4",
      "kind": "IO",
      "line": 321,
      "signatures": [
        {
          "contractName": "CryptoGoldStandardCoin",
          "methodName": "CryptoGoldStandardCoin",
          "argTypes": []
        }
      ],
      "exp": "((2 ** 256) - 1)",
      "status": "proven"
    },
    {
      "no": "5",
      "kind": "IO",
      "line": 321,
      "signatures": [
        {
          "contractName": "CryptoGoldStandardCoin",
          "methodName": "CryptoGoldStandardCoin",
          "argTypes": []
        }
      ],
      "exp": "(2 ** 256)",
      "status": "unproven"
    },
    {
      "no": "6",
      "kind": "IO",
      "line": 337,
      "signatures": [
        {
          "contractName": "CryptoGoldStandardCoin",
          "methodName": "@fallback",
          "argTypes": []
        },
        {
          "contractName": "CryptoGoldStandardCoin",
          "methodName": "buy",
          "argTypes": []
        }
      ],
      "exp": "(balances[msg.sender] + amount)",
      "status": "proven"
    },
    {
      "no": "7",
      "kind": "IO",
      "line": 338,
      "signatures": [
        {
          "contractName": "CryptoGoldStandardCoin",
          "methodName": "@fallback",
          "argTypes": []
        },
        {
          "contractName": "CryptoGoldStandardCoin",
          "methodName": "buy",
          "argTypes": []
        }
      ],
      "exp": "(balances[this] - amount)",
      "status": "proven"
    },
    {
      "no": "8",
      "kind": "IO",
      "line": 346,
      "signatures": [
        {
          "contractName": "CryptoGoldStandardCoin",
          "methodName": "sell",
          "argTypes": [ "uint256" ]
        }
      ],
      "exp": "(balances[this] + amount)",
      "status": "proven"
    },
    {
      "no": "9",
      "kind": "IO",
      "line": 347,
      "signatures": [
        {
          "contractName": "CryptoGoldStandardCoin",
          "methodName": "sell",
          "argTypes": [ "uint256" ]
        }
      ],
      "exp": "(balances[msg.sender] - amount)",
      "status": "proven"
    },
    {
      "no": "10",
      "kind": "IO",
      "line": 360,
      "signatures": [
        {
          "contractName": "CryptoGoldStandardCoin",
          "methodName": "forwardCoins",
          "argTypes": [ "uint256" ]
        }
      ],
      "exp": "(balances[this] - amount)",
      "status": "proven"
    },
    {
      "no": "11",
      "kind": "IO",
      "line": 361,
      "signatures": [
        {
          "contractName": "CryptoGoldStandardCoin",
          "methodName": "forwardCoins",
          "argTypes": [ "uint256" ]
        }
      ],
      "exp": "(balances[owner] + amount)",
      "status": "proven"
    },
    {
      "no": "12",
      "kind": "DZ",
      "line": 263,
      "signatures": [
        {
          "contractName": "CryptoGoldStandardCoin",
          "methodName": "sell",
          "argTypes": [ "uint256" ]
        }
      ],
      "exp": "(c / a)",
      "status": "proven"
    },
    {
      "no": "13",
      "kind": "DZ",
      "line": 334,
      "signatures": [
        {
          "contractName": "CryptoGoldStandardCoin",
          "methodName": "@fallback",
          "argTypes": []
        },
        {
          "contractName": "CryptoGoldStandardCoin",
          "methodName": "buy",
          "argTypes": []
        }
      ],
      "exp": "(msg.value / buyPrice)",
      "status": "unproven"
    },
    {
      "no": "14",
      "kind": "ETH_LEAK",
      "line": 349,
      "signatures": [
        {
          "contractName": "CryptoGoldStandardCoin",
          "methodName": "sell",
          "argTypes": [ "uint256" ]
        }
      ],
      "exp": "msg.sender.transfer(revenue);",
      "status": "unproven"
    },
    {
      "no": "15",
      "kind": "ETH_LEAK",
      "line": 355,
      "signatures": [
        {
          "contractName": "CryptoGoldStandardCoin",
          "methodName": "forwardFunds",
          "argTypes": [ "uint256" ]
        }
      ],
      "exp": "owner.transfer(amount);",
      "status": "proven"
    }
  ]
}