{
  "fileName": "Benchmarks/Study_SamplesSet/356a262e8667a67027b81a97c836aa86.sol",
  "baseName": "356a262e8667a67027b81a97c836aa86.sol",
  "iter": 20,
  "time": "43.156878",
  "errMsg": null,
  "result": [
    {
      "no": "1",
      "kind": "IO",
      "line": 6,
      "signatures": [
        {
          "contractName": "XCTCrowdSale",
          "methodName": "fundRaising",
          "argTypes": []
        }
      ],
      "exp": "(x + y)",
      "status": "proven"
    },
    {
      "no": "2",
      "kind": "IO",
      "line": 13,
      "signatures": [
        {
          "contractName": "XCTCrowdSale",
          "methodName": "fundRaising",
          "argTypes": []
        }
      ],
      "exp": "(x - y)",
      "status": "proven"
    },
    {
      "no": "3",
      "kind": "ETH_LEAK",
      "line": 50,
      "signatures": [
        {
          "contractName": "XCTCrowdSale",
          "methodName": "fundRaising",
          "argTypes": []
        }
      ],
      "exp": "beneficiary.transfer(contribution);",
      "status": "proven"
    },
    {
      "no": "4",
      "kind": "ETH_LEAK",
      "line": 55,
      "signatures": [
        {
          "contractName": "XCTCrowdSale",
          "methodName": "fundRaising",
          "argTypes": []
        }
      ],
      "exp": "msg.sender.transfer(overpay);",
      "status": "proven"
    }
  ]
}