{
  "fileName": "Benchmarks/Study_SamplesSet/36a8d214d776783849bbd6c36d8efd3c.sol",
  "baseName": "36a8d214d776783849bbd6c36d8efd3c.sol",
  "iter": 7,
  "time": "351.766669",
  "errMsg": null,
  "result": [
    {
      "no": "1",
      "kind": "IO",
      "line": 84,
      "signatures": [
        {
          "contractName": "Buffer",
          "methodName": "init",
          "argTypes": [ "struct Buffer.buffer", "uint256" ]
        },
        {
          "contractName": "GreenRabbitInvader",
          "methodName": "ba2cbor",
          "argTypes": [ "dbytes[]" ]
        }
      ],
      "exp": "(32 - (capacity % 32))",
      "status": "unproven"
    },
    {
      "no": "2",
      "kind": "IO",
      "line": 84,
      "signatures": [
        {
          "contractName": "Buffer",
          "methodName": "init",
          "argTypes": [ "struct Buffer.buffer", "uint256" ]
        },
        {
          "contractName": "GreenRabbitInvader",
          "methodName": "ba2cbor",
          "argTypes": [ "dbytes[]" ]
        }
      ],
      "exp": "(capacity + (32 - (capacity % 32)))",
      "status": "unproven"
    },
    {
      "no": "3",
      "kind": "IO",
      "line": 116,
      "signatures": [
        {
          "contractName": "Buffer",
          "methodName": "append",
          "argTypes": [ "struct Buffer.buffer", "dbytes" ]
        }
      ],
      "exp": "(data.length + buf.buf.length)",
      "status": "unproven"
    },
    {
      "no": "4",
      "kind": "IO",
      "line": 117,
      "signatures": [
        {
          "contractName": "Buffer",
          "methodName": "append",
          "argTypes": [ "struct Buffer.buffer", "dbytes" ]
        }
      ],
      "exp": "(max(buf.capacity, data.length) * 2)",
      "status": "unproven"
    },
    {
      "no": "5",
      "kind": "IO",
      "line": 136,
      "signatures": [
        {
          "contractName": "Buffer",
          "methodName": "append",
          "argTypes": [ "struct Buffer.buffer", "dbytes" ]
        }
      ],
      "exp": "(len - 32)",
      "status": "proven"
    },
    {
      "no": "6",
      "kind": "IO",
      "line": 140,
      "signatures": [
        {
          "contractName": "Buffer",
          "methodName": "append",
          "argTypes": [ "struct Buffer.buffer", "dbytes" ]
        }
      ],
      "exp": "(dest + 32)",
      "status": "unproven"
    },
    {
      "no": "7",
      "kind": "IO",
      "line": 141,
      "signatures": [
        {
          "contractName": "Buffer",
          "methodName": "append",
          "argTypes": [ "struct Buffer.buffer", "dbytes" ]
        }
      ],
      "exp": "(src + 32)",
      "status": "unproven"
    },
    {
      "no": "8",
      "kind": "IO",
      "line": 145,
      "signatures": [
        {
          "contractName": "Buffer",
          "methodName": "append",
          "argTypes": [ "struct Buffer.buffer", "dbytes" ]
        }
      ],
      "exp": "((256 ** (32 - len)) - 1)",
      "status": "unproven"
    },
    {
      "no": "9",
      "kind": "IO",
      "line": 145,
      "signatures": [
        {
          "contractName": "Buffer",
          "methodName": "append",
          "argTypes": [ "struct Buffer.buffer", "dbytes" ]
        }
      ],
      "exp": "(256 ** (32 - len))",
      "status": "unproven"
    },
    {
      "no": "10",
      "kind": "IO",
      "line": 145,
      "signatures": [
        {
          "contractName": "Buffer",
          "methodName": "append",
          "argTypes": [ "struct Buffer.buffer", "dbytes" ]
        }
      ],
      "exp": "(32 - len)",
      "status": "proven"
    },
    {
      "no": "11",
      "kind": "IO",
      "line": 163,
      "signatures": [
        {
          "contractName": "Buffer",
          "methodName": "append",
          "argTypes": [ "struct Buffer.buffer", "uint8" ]
        }
      ],
      "exp": "(buf.buf.length + 1)",
      "status": "unproven"
    },
    {
      "no": "12",
      "kind": "IO",
      "line": 164,
      "signatures": [
        {
          "contractName": "Buffer",
          "methodName": "append",
          "argTypes": [ "struct Buffer.buffer", "uint8" ]
        }
      ],
      "exp": "(buf.capacity * 2)",
      "status": "unproven"
    },
    {
      "no": "13",
      "kind": "IO",
      "line": 188,
      "signatures": [
        {
          "contractName": "Buffer",
          "methodName": "appendInt",
          "argTypes": [ "struct Buffer.buffer", "uint256", "uint256" ]
        }
      ],
      "exp": "(len + buf.buf.length)",
      "status": "unproven"
    },
    {
      "no": "14",
      "kind": "IO",
      "line": 189,
      "signatures": [
        {
          "contractName": "Buffer",
          "methodName": "appendInt",
          "argTypes": [ "struct Buffer.buffer", "uint256", "uint256" ]
        }
      ],
      "exp": "(max(buf.capacity, len) * 2)",
      "status": "unproven"
    },
    {
      "no": "15",
      "kind": "IO",
      "line": 192,
      "signatures": [
        {
          "contractName": "Buffer",
          "methodName": "appendInt",
          "argTypes": [ "struct Buffer.buffer", "uint256", "uint256" ]
        }
      ],
      "exp": "((256 ** len) - 1)",
      "status": "unproven"
    },
    {
      "no": "16",
      "kind": "IO",
      "line": 192,
      "signatures": [
        {
          "contractName": "Buffer",
          "methodName": "appendInt",
          "argTypes": [ "struct Buffer.buffer", "uint256", "uint256" ]
        }
      ],
      "exp": "(256 ** len)",
      "status": "unproven"
    },
    {
      "no": "17",
      "kind": "IO",
      "line": 281,
      "signatures": [
        {
          "contractName": "GreenRabbitInvader",
          "methodName": "GreenRabbitInvader",
          "argTypes": []
        }
      ],
      "exp": "((60 * 60) * 24)",
      "status": "proven"
    },
    {
      "no": "18",
      "kind": "IO",
      "line": 281,
      "signatures": [
        {
          "contractName": "GreenRabbitInvader",
          "methodName": "GreenRabbitInvader",
          "argTypes": []
        }
      ],
      "exp": "(60 * 60)",
      "status": "proven"
    },
    {
      "no": "19",
      "kind": "IO",
      "line": 282,
      "signatures": [
        {
          "contractName": "GreenRabbitInvader",
          "methodName": "GreenRabbitInvader",
          "argTypes": []
        }
      ],
      "exp": "(((60 * 60) * 24) * 7)",
      "status": "proven"
    },
    {
      "no": "20",
      "kind": "IO",
      "line": 282,
      "signatures": [
        {
          "contractName": "GreenRabbitInvader",
          "methodName": "GreenRabbitInvader",
          "argTypes": []
        }
      ],
      "exp": "((60 * 60) * 24)",
      "status": "proven"
    },
    {
      "no": "21",
      "kind": "IO",
      "line": 282,
      "signatures": [
        {
          "contractName": "GreenRabbitInvader",
          "methodName": "GreenRabbitInvader",
          "argTypes": []
        }
      ],
      "exp": "(60 * 60)",
      "status": "proven"
    },
    {
      "no": "22",
      "kind": "IO",
      "line": 283,
      "signatures": [
        {
          "contractName": "GreenRabbitInvader",
          "methodName": "GreenRabbitInvader",
          "argTypes": []
        }
      ],
      "exp": "(((60 * 60) * 24) * 30)",
      "status": "proven"
    },
    {
      "no": "23",
      "kind": "IO",
      "line": 283,
      "signatures": [
        {
          "contractName": "GreenRabbitInvader",
          "methodName": "GreenRabbitInvader",
          "argTypes": []
        }
      ],
      "exp": "((60 * 60) * 24)",
      "status": "proven"
    },
    {
      "no": "24",
      "kind": "IO",
      "line": 283,
      "signatures": [
        {
          "contractName": "GreenRabbitInvader",
          "methodName": "GreenRabbitInvader",
          "argTypes": []
        }
      ],
      "exp": "(60 * 60)",
      "status": "proven"
    },
    {
      "no": "25",
      "kind": "IO",
      "line": 599,
      "signatures": [
        {
          "contractName": "GreenRabbitInvader",
          "methodName": "oraclize_newRandomDSQuery",
          "argTypes": [ "uint256", "uint256", "uint256" ]
        },
        {
          "contractName": "GreenRabbitInvader",
          "methodName": "oraclize_query",
          "argTypes": [ "string", "dbytes[4]", "uint256" ]
        }
      ],
      "exp": "(1000000000000000000 + (tx.gasprice * gaslimit))",
      "status": "unproven"
    },
    {
      "no": "26",
      "kind": "IO",
      "line": 599,
      "signatures": [
        {
          "contractName": "GreenRabbitInvader",
          "methodName": "oraclize_newRandomDSQuery",
          "argTypes": [ "uint256", "uint256", "uint256" ]
        },
        {
          "contractName": "GreenRabbitInvader",
          "methodName": "oraclize_query",
          "argTypes": [ "string", "dbytes[4]", "uint256" ]
        }
      ],
      "exp": "(tx.gasprice * gaslimit)",
      "status": "unproven"
    },
    {
      "no": "27",
      "kind": "IO",
      "line": 919,
      "signatures": [
        {
          "contractName": "GreenRabbitInvader",
          "methodName": "ba2cbor",
          "argTypes": [ "dbytes[]" ]
        }
      ],
      "exp": "(i + 1)",
      "status": "proven"
    },
    {
      "no": "28",
      "kind": "IO",
      "line": 938,
      "signatures": [
        {
          "contractName": "GreenRabbitInvader",
          "methodName": "attackKingdom",
          "argTypes": []
        },
        {
          "contractName": "GreenRabbitInvader",
          "methodName": "oraclize_newRandomDSQuery",
          "argTypes": [ "uint256", "uint256", "uint256" ]
        }
      ],
      "exp": "(_delay * 10)",
      "status": "unproven"
    },
    {
      "no": "29",
      "kind": "IO",
      "line": 998,
      "signatures": [
        {
          "contractName": "GreenRabbitInvader",
          "methodName": "oraclize_randomDS_proofVerify__main",
          "argTypes": [ "dbytes", "bytes32", "dbytes", "string" ]
        },
        {
          "contractName": "GreenRabbitInvader",
          "methodName": "oraclize_randomDS_proofVerify__sessionKeyValidity",
          "argTypes": [ "dbytes", "uint256" ]
        }
      ],
      "exp": "(4 + (uint256(dersig[3]) - 32))",
      "status": "unproven"
    },
    {
      "no": "30",
      "kind": "IO",
      "line": 998,
      "signatures": [
        {
          "contractName": "GreenRabbitInvader",
          "methodName": "oraclize_randomDS_proofVerify__main",
          "argTypes": [ "dbytes", "bytes32", "dbytes", "string" ]
        },
        {
          "contractName": "GreenRabbitInvader",
          "methodName": "oraclize_randomDS_proofVerify__sessionKeyValidity",
          "argTypes": [ "dbytes", "uint256" ]
        }
      ],
      "exp": "(uint256(dersig[3]) - 32)",
      "status": "unproven"
    },
    {
      "no": "31",
      "kind": "IO",
      "line": 1001,
      "signatures": [
        {
          "contractName": "GreenRabbitInvader",
          "methodName": "oraclize_randomDS_proofVerify__main",
          "argTypes": [ "dbytes", "bytes32", "dbytes", "string" ]
        },
        {
          "contractName": "GreenRabbitInvader",
          "methodName": "oraclize_randomDS_proofVerify__sessionKeyValidity",
          "argTypes": [ "dbytes", "uint256" ]
        }
      ],
      "exp": "(32 + 2)",
      "status": "proven"
    },
    {
      "no": "32",
      "kind": "IO",
      "line": 1001,
      "signatures": [
        {
          "contractName": "GreenRabbitInvader",
          "methodName": "oraclize_randomDS_proofVerify__main",
          "argTypes": [ "dbytes", "bytes32", "dbytes", "string" ]
        },
        {
          "contractName": "GreenRabbitInvader",
          "methodName": "oraclize_randomDS_proofVerify__sessionKeyValidity",
          "argTypes": [ "dbytes", "uint256" ]
        }
      ],
      "exp": "(offset + (32 + 2))",
      "status": "unproven"
    },
    {
      "no": "33",
      "kind": "IO",
      "line": 1002,
      "signatures": [
        {
          "contractName": "GreenRabbitInvader",
          "methodName": "oraclize_randomDS_proofVerify__main",
          "argTypes": [ "dbytes", "bytes32", "dbytes", "string" ]
        },
        {
          "contractName": "GreenRabbitInvader",
          "methodName": "oraclize_randomDS_proofVerify__sessionKeyValidity",
          "argTypes": [ "dbytes", "uint256" ]
        }
      ],
      "exp": "(offset + (uint256(dersig[(offset - 1)]) - 32))",
      "status": "unproven"
    },
    {
      "no": "34",
      "kind": "IO",
      "line": 1002,
      "signatures": [
        {
          "contractName": "GreenRabbitInvader",
          "methodName": "oraclize_randomDS_proofVerify__main",
          "argTypes": [ "dbytes", "bytes32", "dbytes", "string" ]
        },
        {
          "contractName": "GreenRabbitInvader",
          "methodName": "oraclize_randomDS_proofVerify__sessionKeyValidity",
          "argTypes": [ "dbytes", "uint256" ]
        }
      ],
      "exp": "(offset - 1)",
      "status": "proven"
    },
    {
      "no": "35",
      "kind": "IO",
      "line": 1002,
      "signatures": [
        {
          "contractName": "GreenRabbitInvader",
          "methodName": "oraclize_randomDS_proofVerify__main",
          "argTypes": [ "dbytes", "bytes32", "dbytes", "string" ]
        },
        {
          "contractName": "GreenRabbitInvader",
          "methodName": "oraclize_randomDS_proofVerify__sessionKeyValidity",
          "argTypes": [ "dbytes", "uint256" ]
        }
      ],
      "exp": "(uint256(dersig[(offset - 1)]) - 32)",
      "status": "unproven"
    },
    {
      "no": "36",
      "kind": "IO",
      "line": 1022,
      "signatures": [
        {
          "contractName": "GreenRabbitInvader",
          "methodName": "oraclize_randomDS_proofVerify__sessionKeyValidity",
          "argTypes": [ "dbytes", "uint256" ]
        }
      ],
      "exp": "(sig2offset + 1)",
      "status": "unproven"
    },
    {
      "no": "37",
      "kind": "IO",
      "line": 1022,
      "signatures": [
        {
          "contractName": "GreenRabbitInvader",
          "methodName": "oraclize_randomDS_proofVerify__sessionKeyValidity",
          "argTypes": [ "dbytes", "uint256" ]
        }
      ],
      "exp": "(uint256(proof[(sig2offset + 1)]) + 2)",
      "status": "proven"
    },
    {
      "no": "38",
      "kind": "IO",
      "line": 1026,
      "signatures": [
        {
          "contractName": "GreenRabbitInvader",
          "methodName": "oraclize_randomDS_proofVerify__sessionKeyValidity",
          "argTypes": [ "dbytes", "uint256" ]
        }
      ],
      "exp": "(3 + 1)",
      "status": "proven"
    },
    {
      "no": "39",
      "kind": "IO",
      "line": 1028,
      "signatures": [
        {
          "contractName": "GreenRabbitInvader",
          "methodName": "oraclize_randomDS_proofVerify__sessionKeyValidity",
          "argTypes": [ "dbytes", "uint256" ]
        }
      ],
      "exp": "((1 + 65) + 32)",
      "status": "proven"
    },
    {
      "no": "40",
      "kind": "IO",
      "line": 1028,
      "signatures": [
        {
          "contractName": "GreenRabbitInvader",
          "methodName": "oraclize_randomDS_proofVerify__sessionKeyValidity",
          "argTypes": [ "dbytes", "uint256" ]
        }
      ],
      "exp": "(1 + 65)",
      "status": "proven"
    },
    {
      "no": "41",
      "kind": "IO",
      "line": 1030,
      "signatures": [
        {
          "contractName": "GreenRabbitInvader",
          "methodName": "oraclize_randomDS_proofVerify__sessionKeyValidity",
          "argTypes": [ "dbytes", "uint256" ]
        }
      ],
      "exp": "(sig2offset - 65)",
      "status": "unproven"
    },
    {
      "no": "42",
      "kind": "IO",
      "line": 1032,
      "signatures": [
        {
          "contractName": "GreenRabbitInvader",
          "methodName": "oraclize_randomDS_proofVerify__sessionKeyValidity",
          "argTypes": [ "dbytes", "uint256" ]
        }
      ],
      "exp": "(1 + 65)",
      "status": "proven"
    },
    {
      "no": "43",
      "kind": "IO",
      "line": 1041,
      "signatures": [
        {
          "contractName": "GreenRabbitInvader",
          "methodName": "oraclize_randomDS_proofVerify__sessionKeyValidity",
          "argTypes": [ "dbytes", "uint256" ]
        }
      ],
      "exp": "(1 + 65)",
      "status": "proven"
    },
    {
      "no": "44",
      "kind": "IO",
      "line": 1045,
      "signatures": [
        {
          "contractName": "GreenRabbitInvader",
          "methodName": "oraclize_randomDS_proofVerify__sessionKeyValidity",
          "argTypes": [ "dbytes", "uint256" ]
        }
      ],
      "exp": "((3 + 65) + 1)",
      "status": "proven"
    },
    {
      "no": "45",
      "kind": "IO",
      "line": 1045,
      "signatures": [
        {
          "contractName": "GreenRabbitInvader",
          "methodName": "oraclize_randomDS_proofVerify__sessionKeyValidity",
          "argTypes": [ "dbytes", "uint256" ]
        }
      ],
      "exp": "(3 + 65)",
      "status": "proven"
    },
    {
      "no": "46",
      "kind": "IO",
      "line": 1045,
      "signatures": [
        {
          "contractName": "GreenRabbitInvader",
          "methodName": "oraclize_randomDS_proofVerify__sessionKeyValidity",
          "argTypes": [ "dbytes", "uint256" ]
        }
      ],
      "exp": "(uint256(proof[((3 + 65) + 1)]) + 2)",
      "status": "proven"
    },
    {
      "no": "47",
      "kind": "IO",
      "line": 1046,
      "signatures": [
        {
          "contractName": "GreenRabbitInvader",
          "methodName": "oraclize_randomDS_proofVerify__sessionKeyValidity",
          "argTypes": [ "dbytes", "uint256" ]
        }
      ],
      "exp": "(3 + 65)",
      "status": "proven"
    },
    {
      "no": "48",
      "kind": "IO",
      "line": 1078,
      "signatures": [
        {
          "contractName": "GreenRabbitInvader",
          "methodName": "matchBytes32Prefix",
          "argTypes": [ "bytes32", "dbytes", "uint256" ]
        }
      ],
      "exp": "(i + 1)",
      "status": "proven"
    },
    {
      "no": "49",
      "kind": "IO",
      "line": 1088,
      "signatures": [
        {
          "contractName": "GreenRabbitInvader",
          "methodName": "oraclize_randomDS_proofVerify__main",
          "argTypes": [ "dbytes", "bytes32", "dbytes", "string" ]
        }
      ],
      "exp": "(((3 + 65) + (uint256(proof[((3 + 65) + 1)]) + 2)) + 32)",
      "status": "proven"
    },
    {
      "no": "50",
      "kind": "IO",
      "line": 1088,
      "signatures": [
        {
          "contractName": "GreenRabbitInvader",
          "methodName": "oraclize_randomDS_proofVerify__main",
          "argTypes": [ "dbytes", "bytes32", "dbytes", "string" ]
        }
      ],
      "exp": "((3 + 65) + (uint256(proof[((3 + 65) + 1)]) + 2))",
      "status": "proven"
    },
    {
      "no": "51",
      "kind": "IO",
      "line": 1088,
      "signatures": [
        {
          "contractName": "GreenRabbitInvader",
          "methodName": "oraclize_randomDS_proofVerify__main",
          "argTypes": [ "dbytes", "bytes32", "dbytes", "string" ]
        }
      ],
      "exp": "((3 + 65) + 1)",
      "status": "proven"
    },
    {
      "no": "52",
      "kind": "IO",
      "line": 1088,
      "signatures": [
        {
          "contractName": "GreenRabbitInvader",
          "methodName": "oraclize_randomDS_proofVerify__main",
          "argTypes": [ "dbytes", "bytes32", "dbytes", "string" ]
        }
      ],
      "exp": "(3 + 65)",
      "status": "proven"
    },
    {
      "no": "53",
      "kind": "IO",
      "line": 1088,
      "signatures": [
        {
          "contractName": "GreenRabbitInvader",
          "methodName": "oraclize_randomDS_proofVerify__main",
          "argTypes": [ "dbytes", "bytes32", "dbytes", "string" ]
        }
      ],
      "exp": "(uint256(proof[((3 + 65) + 1)]) + 2)",
      "status": "proven"
    },
    {
      "no": "54",
      "kind": "IO",
      "line": 1093,
      "signatures": [
        {
          "contractName": "GreenRabbitInvader",
          "methodName": "oraclize_randomDS_proofVerify__main",
          "argTypes": [ "dbytes", "bytes32", "dbytes", "string" ]
        }
      ],
      "exp": "(((32 + 8) + 1) + 32)",
      "status": "proven"
    },
    {
      "no": "55",
      "kind": "IO",
      "line": 1093,
      "signatures": [
        {
          "contractName": "GreenRabbitInvader",
          "methodName": "oraclize_randomDS_proofVerify__main",
          "argTypes": [ "dbytes", "bytes32", "dbytes", "string" ]
        }
      ],
      "exp": "((32 + 8) + 1)",
      "status": "proven"
    },
    {
      "no": "56",
      "kind": "IO",
      "line": 1093,
      "signatures": [
        {
          "contractName": "GreenRabbitInvader",
          "methodName": "oraclize_randomDS_proofVerify__main",
          "argTypes": [ "dbytes", "bytes32", "dbytes", "string" ]
        }
      ],
      "exp": "((ledgerProofLength + (((32 + 8) + 1) + 32)) + 1)",
      "status": "proven"
    },
    {
      "no": "57",
      "kind": "IO",
      "line": 1093,
      "signatures": [
        {
          "contractName": "GreenRabbitInvader",
          "methodName": "oraclize_randomDS_proofVerify__main",
          "argTypes": [ "dbytes", "bytes32", "dbytes", "string" ]
        }
      ],
      "exp": "(32 + 8)",
      "status": "proven"
    },
    {
      "no": "58",
      "kind": "IO",
      "line": 1093,
      "signatures": [
        {
          "contractName": "GreenRabbitInvader",
          "methodName": "oraclize_randomDS_proofVerify__main",
          "argTypes": [ "dbytes", "bytes32", "dbytes", "string" ]
        }
      ],
      "exp": "(ledgerProofLength + (((32 + 8) + 1) + 32))",
      "status": "proven"
    },
    {
      "no": "59",
      "kind": "IO",
      "line": 1093,
      "signatures": [
        {
          "contractName": "GreenRabbitInvader",
          "methodName": "oraclize_randomDS_proofVerify__main",
          "argTypes": [ "dbytes", "bytes32", "dbytes", "string" ]
        }
      ],
      "exp": "(uint256(proof[((ledgerProofLength + (((32 + 8) + 1) + 32)) + 1)]) + 2)",
      "status": "proven"
    },
    {
      "no": "60",
      "kind": "IO",
      "line": 1094,
      "signatures": [
        {
          "contractName": "GreenRabbitInvader",
          "methodName": "oraclize_randomDS_proofVerify__main",
          "argTypes": [ "dbytes", "bytes32", "dbytes", "string" ]
        }
      ],
      "exp": "(((32 + 8) + 1) + 32)",
      "status": "proven"
    },
    {
      "no": "61",
      "kind": "IO",
      "line": 1094,
      "signatures": [
        {
          "contractName": "GreenRabbitInvader",
          "methodName": "oraclize_randomDS_proofVerify__main",
          "argTypes": [ "dbytes", "bytes32", "dbytes", "string" ]
        }
      ],
      "exp": "((32 + 8) + 1)",
      "status": "proven"
    },
    {
      "no": "62",
      "kind": "IO",
      "line": 1094,
      "signatures": [
        {
          "contractName": "GreenRabbitInvader",
          "methodName": "oraclize_randomDS_proofVerify__main",
          "argTypes": [ "dbytes", "bytes32", "dbytes", "string" ]
        }
      ],
      "exp": "(32 + 8)",
      "status": "proven"
    },
    {
      "no": "63",
      "kind": "IO",
      "line": 1094,
      "signatures": [
        {
          "contractName": "GreenRabbitInvader",
          "methodName": "oraclize_randomDS_proofVerify__main",
          "argTypes": [ "dbytes", "bytes32", "dbytes", "string" ]
        }
      ],
      "exp": "(ledgerProofLength + (((32 + 8) + 1) + 32))",
      "status": "proven"
    },
    {
      "no": "64",
      "kind": "IO",
      "line": 1097,
      "signatures": [
        {
          "contractName": "GreenRabbitInvader",
          "methodName": "oraclize_randomDS_proofVerify__main",
          "argTypes": [ "dbytes", "bytes32", "dbytes", "string" ]
        }
      ],
      "exp": "((ledgerProofLength + 32) + 8)",
      "status": "proven"
    },
    {
      "no": "65",
      "kind": "IO",
      "line": 1097,
      "signatures": [
        {
          "contractName": "GreenRabbitInvader",
          "methodName": "oraclize_randomDS_proofVerify__main",
          "argTypes": [ "dbytes", "bytes32", "dbytes", "string" ]
        }
      ],
      "exp": "(ledgerProofLength + 32)",
      "status": "proven"
    },
    {
      "no": "66",
      "kind": "IO",
      "line": 1101,
      "signatures": [
        {
          "contractName": "GreenRabbitInvader",
          "methodName": "oraclize_randomDS_proofVerify__main",
          "argTypes": [ "dbytes", "bytes32", "dbytes", "string" ]
        }
      ],
      "exp": "((8 + 1) + 32)",
      "status": "proven"
    },
    {
      "no": "67",
      "kind": "IO",
      "line": 1101,
      "signatures": [
        {
          "contractName": "GreenRabbitInvader",
          "methodName": "oraclize_randomDS_proofVerify__main",
          "argTypes": [ "dbytes", "bytes32", "dbytes", "string" ]
        }
      ],
      "exp": "(8 + 1)",
      "status": "proven"
    },
    {
      "no": "68",
      "kind": "IO",
      "line": 1102,
      "signatures": [
        {
          "contractName": "GreenRabbitInvader",
          "methodName": "oraclize_randomDS_proofVerify__main",
          "argTypes": [ "dbytes", "bytes32", "dbytes", "string" ]
        }
      ],
      "exp": "((8 + 1) + 32)",
      "status": "proven"
    },
    {
      "no": "69",
      "kind": "IO",
      "line": 1102,
      "signatures": [
        {
          "contractName": "GreenRabbitInvader",
          "methodName": "oraclize_randomDS_proofVerify__main",
          "argTypes": [ "dbytes", "bytes32", "dbytes", "string" ]
        }
      ],
      "exp": "(8 + 1)",
      "status": "proven"
    },
    {
      "no": "70",
      "kind": "IO",
      "line": 1102,
      "signatures": [
        {
          "contractName": "GreenRabbitInvader",
          "methodName": "oraclize_randomDS_proofVerify__main",
          "argTypes": [ "dbytes", "bytes32", "dbytes", "string" ]
        }
      ],
      "exp": "(ledgerProofLength + 32)",
      "status": "proven"
    },
    {
      "no": "71",
      "kind": "IO",
      "line": 1105,
      "signatures": [
        {
          "contractName": "GreenRabbitInvader",
          "methodName": "oraclize_randomDS_proofVerify__main",
          "argTypes": [ "dbytes", "bytes32", "dbytes", "string" ]
        }
      ],
      "exp": "((((ledgerProofLength + 32) + ((8 + 1) + 32)) + sig1.length) + 65)",
      "status": "unproven"
    },
    {
      "no": "72",
      "kind": "IO",
      "line": 1105,
      "signatures": [
        {
          "contractName": "GreenRabbitInvader",
          "methodName": "oraclize_randomDS_proofVerify__main",
          "argTypes": [ "dbytes", "bytes32", "dbytes", "string" ]
        }
      ],
      "exp": "(((ledgerProofLength + 32) + ((8 + 1) + 32)) + sig1.length)",
      "status": "unproven"
    },
    {
      "no": "73",
      "kind": "IO",
      "line": 1105,
      "signatures": [
        {
          "contractName": "GreenRabbitInvader",
          "methodName": "oraclize_randomDS_proofVerify__main",
          "argTypes": [ "dbytes", "bytes32", "dbytes", "string" ]
        }
      ],
      "exp": "((8 + 1) + 32)",
      "status": "proven"
    },
    {
      "no": "74",
      "kind": "IO",
      "line": 1105,
      "signatures": [
        {
          "contractName": "GreenRabbitInvader",
          "methodName": "oraclize_randomDS_proofVerify__main",
          "argTypes": [ "dbytes", "bytes32", "dbytes", "string" ]
        }
      ],
      "exp": "((ledgerProofLength + 32) + ((8 + 1) + 32))",
      "status": "proven"
    },
    {
      "no": "75",
      "kind": "IO",
      "line": 1105,
      "signatures": [
        {
          "contractName": "GreenRabbitInvader",
          "methodName": "oraclize_randomDS_proofVerify__main",
          "argTypes": [ "dbytes", "bytes32", "dbytes", "string" ]
        }
      ],
      "exp": "(8 + 1)",
      "status": "proven"
    },
    {
      "no": "76",
      "kind": "IO",
      "line": 1105,
      "signatures": [
        {
          "contractName": "GreenRabbitInvader",
          "methodName": "oraclize_randomDS_proofVerify__main",
          "argTypes": [ "dbytes", "bytes32", "dbytes", "string" ]
        }
      ],
      "exp": "(ledgerProofLength + 32)",
      "status": "proven"
    },
    {
      "no": "77",
      "kind": "IO",
      "line": 1106,
      "signatures": [
        {
          "contractName": "GreenRabbitInvader",
          "methodName": "oraclize_randomDS_proofVerify__main",
          "argTypes": [ "dbytes", "bytes32", "dbytes", "string" ]
        }
      ],
      "exp": "(sig2offset - 64)",
      "status": "unproven"
    },
    {
      "no": "78",
      "kind": "IO",
      "line": 1115,
      "signatures": [
        {
          "contractName": "GreenRabbitInvader",
          "methodName": "oraclize_randomDS_proofVerify__main",
          "argTypes": [ "dbytes", "bytes32", "dbytes", "string" ]
        }
      ],
      "exp": "(((32 + 8) + 1) + 32)",
      "status": "proven"
    },
    {
      "no": "79",
      "kind": "IO",
      "line": 1115,
      "signatures": [
        {
          "contractName": "GreenRabbitInvader",
          "methodName": "oraclize_randomDS_proofVerify__main",
          "argTypes": [ "dbytes", "bytes32", "dbytes", "string" ]
        }
      ],
      "exp": "((32 + 8) + 1)",
      "status": "proven"
    },
    {
      "no": "80",
      "kind": "IO",
      "line": 1115,
      "signatures": [
        {
          "contractName": "GreenRabbitInvader",
          "methodName": "oraclize_randomDS_proofVerify__main",
          "argTypes": [ "dbytes", "bytes32", "dbytes", "string" ]
        }
      ],
      "exp": "(32 + 8)",
      "status": "proven"
    },
    {
      "no": "81",
      "kind": "IO",
      "line": 1116,
      "signatures": [
        {
          "contractName": "GreenRabbitInvader",
          "methodName": "oraclize_randomDS_proofVerify__main",
          "argTypes": [ "dbytes", "bytes32", "dbytes", "string" ]
        }
      ],
      "exp": "(((32 + 8) + 1) + 32)",
      "status": "proven"
    },
    {
      "no": "82",
      "kind": "IO",
      "line": 1116,
      "signatures": [
        {
          "contractName": "GreenRabbitInvader",
          "methodName": "oraclize_randomDS_proofVerify__main",
          "argTypes": [ "dbytes", "bytes32", "dbytes", "string" ]
        }
      ],
      "exp": "((32 + 8) + 1)",
      "status": "proven"
    },
    {
      "no": "83",
      "kind": "IO",
      "line": 1116,
      "signatures": [
        {
          "contractName": "GreenRabbitInvader",
          "methodName": "oraclize_randomDS_proofVerify__main",
          "argTypes": [ "dbytes", "bytes32", "dbytes", "string" ]
        }
      ],
      "exp": "(32 + 8)",
      "status": "proven"
    },
    {
      "no": "84",
      "kind": "IO",
      "line": 1129,
      "signatures": [
        {
          "contractName": "GreenRabbitInvader",
          "methodName": "copyBytes",
          "argTypes": [ "dbytes", "uint256", "uint256", "dbytes", "uint256" ]
        }
      ],
      "exp": "(length + toOffset)",
      "status": "unproven"
    },
    {
      "no": "85",
      "kind": "IO",
      "line": 1135,
      "signatures": [
        {
          "contractName": "GreenRabbitInvader",
          "methodName": "copyBytes",
          "argTypes": [ "dbytes", "uint256", "uint256", "dbytes", "uint256" ]
        }
      ],
      "exp": "(32 + fromOffset)",
      "status": "unproven"
    },
    {
      "no": "86",
      "kind": "IO",
      "line": 1136,
      "signatures": [
        {
          "contractName": "GreenRabbitInvader",
          "methodName": "copyBytes",
          "argTypes": [ "dbytes", "uint256", "uint256", "dbytes", "uint256" ]
        }
      ],
      "exp": "(32 + toOffset)",
      "status": "proven"
    },
    {
      "no": "87",
      "kind": "IO",
      "line": 1138,
      "signatures": [
        {
          "contractName": "GreenRabbitInvader",
          "methodName": "copyBytes",
          "argTypes": [ "dbytes", "uint256", "uint256", "dbytes", "uint256" ]
        }
      ],
      "exp": "((32 + fromOffset) + length)",
      "status": "unproven"
    },
    {
      "no": "88",
      "kind": "IO",
      "line": 1138,
      "signatures": [
        {
          "contractName": "GreenRabbitInvader",
          "methodName": "copyBytes",
          "argTypes": [ "dbytes", "uint256", "uint256", "dbytes", "uint256" ]
        }
      ],
      "exp": "(32 + fromOffset)",
      "status": "unproven"
    },
    {
      "no": "89",
      "kind": "IO",
      "line": 1143,
      "signatures": [
        {
          "contractName": "GreenRabbitInvader",
          "methodName": "copyBytes",
          "argTypes": [ "dbytes", "uint256", "uint256", "dbytes", "uint256" ]
        }
      ],
      "exp": "(i + 32)",
      "status": "unproven"
    },
    {
      "no": "90",
      "kind": "IO",
      "line": 1144,
      "signatures": [
        {
          "contractName": "GreenRabbitInvader",
          "methodName": "copyBytes",
          "argTypes": [ "dbytes", "uint256", "uint256", "dbytes", "uint256" ]
        }
      ],
      "exp": "(j + 32)",
      "status": "unproven"
    },
    {
      "no": "91",
      "kind": "IO",
      "line": 1268,
      "signatures": [
        {
          "contractName": "GreenRabbitInvader",
          "methodName": "__callback",
          "argTypes": [ "bytes32", "string" ]
        },
        {
          "contractName": "GreenRabbitInvader",
          "methodName": "__callback",
          "argTypes": [ "bytes32", "string", "dbytes" ]
        }
      ],
      "exp": "(2 ** (8 * 7))",
      "status": "proven"
    },
    {
      "no": "92",
      "kind": "IO",
      "line": 1268,
      "signatures": [
        {
          "contractName": "GreenRabbitInvader",
          "methodName": "__callback",
          "argTypes": [ "bytes32", "string" ]
        },
        {
          "contractName": "GreenRabbitInvader",
          "methodName": "__callback",
          "argTypes": [ "bytes32", "string", "dbytes" ]
        }
      ],
      "exp": "(8 * 7)",
      "status": "proven"
    },
    {
      "no": "93",
      "kind": "DZ",
      "line": 84,
      "signatures": [
        {
          "contractName": "Buffer",
          "methodName": "init",
          "argTypes": [ "struct Buffer.buffer", "uint256" ]
        },
        {
          "contractName": "GreenRabbitInvader",
          "methodName": "ba2cbor",
          "argTypes": [ "dbytes[]" ]
        }
      ],
      "exp": "(capacity % 32)",
      "status": "proven"
    },
    {
      "no": "94",
      "kind": "DZ",
      "line": 1269,
      "signatures": [
        {
          "contractName": "GreenRabbitInvader",
          "methodName": "__callback",
          "argTypes": [ "bytes32", "string" ]
        },
        {
          "contractName": "GreenRabbitInvader",
          "methodName": "__callback",
          "argTypes": [ "bytes32", "string", "dbytes" ]
        }
      ],
      "exp": "(uint256(keccak256(abi.encodePacked(_result))) % maxRange)",
      "status": "proven"
    },
    {
      "no": "95",
      "kind": "ETH_LEAK",
      "line": 1302,
      "signatures": [
        {
          "contractName": "GreenRabbitInvader",
          "methodName": "withdraw",
          "argTypes": []
        }
      ],
      "exp": "msg.sender.transfer(address(this).balance);",
      "status": "proven"
    }
  ]
}