{
  "fileName": "Benchmarks/Study_SamplesSet/3ab6356a5eb2c3c14897fc21ed6ebbcb.sol",
  "baseName": "3ab6356a5eb2c3c14897fc21ed6ebbcb.sol",
  "iter": 31,
  "time": "308.939217",
  "errMsg": null,
  "result": [
    {
      "no": "1",
      "kind": "IO",
      "line": 20,
      "signatures": [
        {
          "contractName": "ExclusivePlatform",
          "methodName": "@fallback",
          "argTypes": []
        }
      ],
      "exp": "(a * b)",
      "status": "unproven"
    },
    {
      "no": "2",
      "kind": "IO",
      "line": 37,
      "signatures": [
        {
          "contractName": "ExclusivePlatform",
          "methodName": "@fallback",
          "argTypes": []
        },
        {
          "contractName": "ExclusivePlatform",
          "methodName": "burn",
          "argTypes": [ "uint256" ]
        },
        {
          "contractName": "ExclusivePlatform",
          "methodName": "doTransfer",
          "argTypes": [ "address", "address", "uint256" ]
        },
        {
          "contractName": "ExclusivePlatform",
          "methodName": "transfer",
          "argTypes": [ "address", "uint256" ]
        },
        {
          "contractName": "ExclusivePlatform",
          "methodName": "transferFrom",
          "argTypes": [ "address", "address", "uint256" ]
        }
      ],
      "exp": "(a - b)",
      "status": "proven"
    },
    {
      "no": "3",
      "kind": "IO",
      "line": 44,
      "signatures": [
        {
          "contractName": "ExclusivePlatform",
          "methodName": "@fallback",
          "argTypes": []
        },
        {
          "contractName": "ExclusivePlatform",
          "methodName": "doTransfer",
          "argTypes": [ "address", "address", "uint256" ]
        },
        {
          "contractName": "ExclusivePlatform",
          "methodName": "transfer",
          "argTypes": [ "address", "uint256" ]
        },
        {
          "contractName": "ExclusivePlatform",
          "methodName": "transferFrom",
          "argTypes": [ "address", "address", "uint256" ]
        }
      ],
      "exp": "(a + b)",
      "status": "unproven"
    },
    {
      "no": "4",
      "kind": "IO",
      "line": 58,
      "signatures": [
        {
          "contractName": "ExclusivePlatform",
          "methodName": "callme_re_ent21",
          "argTypes": []
        }
      ],
      "exp": "(counter_re_ent21 + 1)",
      "status": "proven"
    },
    {
      "no": "5",
      "kind": "IO",
      "line": 66,
      "signatures": [
        {
          "contractName": "ExclusivePlatform",
          "methodName": "withdrawFunds_re_ent10",
          "argTypes": [ "uint256" ]
        }
      ],
      "exp": "(balances_re_ent10[msg.sender] - _weiToWithdraw)",
      "status": "proven"
    },
    {
      "no": "6",
      "kind": "IO",
      "line": 108,
      "signatures": [
        {
          "contractName": "ExclusivePlatform",
          "methodName": "callme_re_ent35",
          "argTypes": []
        }
      ],
      "exp": "(counter_re_ent35 + 1)",
      "status": "proven"
    },
    {
      "no": "7",
      "kind": "IO",
      "line": 186,
      "signatures": [
        {
          "contractName": "ExclusivePlatform",
          "methodName": "callme_re_ent42",
          "argTypes": []
        }
      ],
      "exp": "(counter_re_ent42 + 1)",
      "status": "proven"
    },
    {
      "no": "8",
      "kind": "IO",
      "line": 225,
      "signatures": [
        {
          "contractName": "ExclusivePlatform",
          "methodName": "withdrawFunds_re_ent24",
          "argTypes": [ "uint256" ]
        }
      ],
      "exp": "(balances_re_ent24[msg.sender] - _weiToWithdraw)",
      "status": "proven"
    },
    {
      "no": "9",
      "kind": "IO",
      "line": 251,
      "signatures": [
        {
          "contractName": "ExclusivePlatform",
          "methodName": "callme_re_ent28",
          "argTypes": []
        }
      ],
      "exp": "(counter_re_ent28 + 1)",
      "status": "proven"
    },
    {
      "no": "10",
      "kind": "IO",
      "line": 268,
      "signatures": [
        {
          "contractName": "ExclusivePlatform",
          "methodName": "distribute",
          "argTypes": [ "address[]", "uint256" ]
        },
        {
          "contractName": "ExclusivePlatform",
          "methodName": "distributeWithAmount",
          "argTypes": [ "address[]", "uint256[]" ]
        },
        {
          "contractName": "ExclusivePlatform",
          "methodName": "transfer",
          "argTypes": [ "address", "uint256" ]
        },
        {
          "contractName": "ExclusivePlatform",
          "methodName": "transferFrom",
          "argTypes": [ "address", "address", "uint256" ]
        }
      ],
      "exp": "(size + 4)",
      "status": "proven"
    },
    {
      "no": "11",
      "kind": "IO",
      "line": 295,
      "signatures": [
        {
          "contractName": "ExclusivePlatform",
          "methodName": "withdrawFunds_re_ent17",
          "argTypes": [ "uint256" ]
        }
      ],
      "exp": "(balances_re_ent17[msg.sender] - _weiToWithdraw)",
      "status": "unproven"
    },
    {
      "no": "12",
      "kind": "IO",
      "line": 320,
      "signatures": [
        {
          "contractName": "ExclusivePlatform",
          "methodName": "withdrawFunds_re_ent3",
          "argTypes": [ "uint256" ]
        }
      ],
      "exp": "(balances_re_ent3[msg.sender] - _weiToWithdraw)",
      "status": "unproven"
    },
    {
      "no": "13",
      "kind": "IO",
      "line": 328,
      "signatures": [
        {
          "contractName": "ExclusivePlatform",
          "methodName": "@fallback",
          "argTypes": []
        }
      ],
      "exp": "(20 * _amount)",
      "status": "unproven"
    },
    {
      "no": "14",
      "kind": "IO",
      "line": 333,
      "signatures": [
        {
          "contractName": "ExclusivePlatform",
          "methodName": "@fallback",
          "argTypes": []
        }
      ],
      "exp": "(5 * _amount)",
      "status": "unproven"
    },
    {
      "no": "15",
      "kind": "IO",
      "line": 365,
      "signatures": [
        {
          "contractName": "ExclusivePlatform",
          "methodName": "distribute",
          "argTypes": [ "address[]", "uint256" ]
        }
      ],
      "exp": "(i + 1)",
      "status": "proven"
    },
    {
      "no": "16",
      "kind": "IO",
      "line": 379,
      "signatures": [
        {
          "contractName": "ExclusivePlatform",
          "methodName": "distributeWithAmount",
          "argTypes": [ "address[]", "uint256[]" ]
        }
      ],
      "exp": "(i + 1)",
      "status": "proven"
    },
    {
      "no": "17",
      "kind": "IO",
      "line": 426,
      "signatures": [
        {
          "contractName": "ExclusivePlatform",
          "methodName": "distribute",
          "argTypes": [ "address[]", "uint256" ]
        },
        {
          "contractName": "ExclusivePlatform",
          "methodName": "distributeWithAmount",
          "argTypes": [ "address[]", "uint256[]" ]
        },
        {
          "contractName": "ExclusivePlatform",
          "methodName": "transfer",
          "argTypes": [ "address", "uint256" ]
        }
      ],
      "exp": "(2 * 32)",
      "status": "proven"
    },
    {
      "no": "18",
      "kind": "IO",
      "line": 435,
      "signatures": [
        {
          "contractName": "ExclusivePlatform",
          "methodName": "withdrawFunds_re_ent38",
          "argTypes": [ "uint256" ]
        }
      ],
      "exp": "(balances_re_ent38[msg.sender] - _weiToWithdraw)",
      "status": "proven"
    },
    {
      "no": "19",
      "kind": "IO",
      "line": 438,
      "signatures": [
        {
          "contractName": "ExclusivePlatform",
          "methodName": "transferFrom",
          "argTypes": [ "address", "address", "uint256" ]
        }
      ],
      "exp": "(3 * 32)",
      "status": "proven"
    },
    {
      "no": "20",
      "kind": "IO",
      "line": 474,
      "signatures": [
        {
          "contractName": "ExclusivePlatform",
          "methodName": "callme_re_ent7",
          "argTypes": []
        }
      ],
      "exp": "(counter_re_ent7 + 1)",
      "status": "proven"
    },
    {
      "no": "21",
      "kind": "IO",
      "line": 500,
      "signatures": [
        {
          "contractName": "ExclusivePlatform",
          "methodName": "callme_re_ent14",
          "argTypes": []
        }
      ],
      "exp": "(counter_re_ent14 + 1)",
      "status": "proven"
    },
    {
      "no": "22",
      "kind": "IO",
      "line": 570,
      "signatures": [
        {
          "contractName": "ExclusivePlatform",
          "methodName": "withdrawFunds_re_ent31",
          "argTypes": [ "uint256" ]
        }
      ],
      "exp": "(balances_re_ent31[msg.sender] - _weiToWithdraw)",
      "status": "proven"
    },
    {
      "no": "23",
      "kind": "DZ",
      "line": 21,
      "signatures": [
        {
          "contractName": "ExclusivePlatform",
          "methodName": "@fallback",
          "argTypes": []
        }
      ],
      "exp": "(c / a)",
      "status": "proven"
    },
    {
      "no": "24",
      "kind": "DZ",
      "line": 29,
      "signatures": [
        {
          "contractName": "ExclusivePlatform",
          "methodName": "@fallback",
          "argTypes": []
        }
      ],
      "exp": "(a / b)",
      "status": "proven"
    },
    {
      "no": "25",
      "kind": "DZ",
      "line": 254,
      "signatures": [
        {
          "contractName": "ExclusivePlatform",
          "methodName": "ExclusivePlatform",
          "argTypes": []
        }
      ],
      "exp": "(1000000000000000000 / 100)",
      "status": "proven"
    },
    {
      "no": "26",
      "kind": "ETH_LEAK",
      "line": 55,
      "signatures": [
        {
          "contractName": "ExclusivePlatform",
          "methodName": "callme_re_ent21",
          "argTypes": []
        }
      ],
      "exp": "msg.sender.send(10000000000000000000)",
      "status": "unproven"
    },
    {
      "no": "27",
      "kind": "ETH_LEAK",
      "line": 65,
      "signatures": [
        {
          "contractName": "ExclusivePlatform",
          "methodName": "withdrawFunds_re_ent10",
          "argTypes": [ "uint256" ]
        }
      ],
      "exp": "msg.sender.send(_weiToWithdraw)",
      "status": "unproven"
    },
    {
      "no": "28",
      "kind": "ETH_LEAK",
      "line": 71,
      "signatures": [
        {
          "contractName": "ExclusivePlatform",
          "methodName": "withdraw_balances_re_ent21",
          "argTypes": []
        }
      ],
      "exp": "(success,  ) = msg.sender.call.value(balances_re_ent21[msg.sender])(\"\");",
      "status": "unproven"
    },
    {
      "no": "29",
      "kind": "ETH_LEAK",
      "line": 80,
      "signatures": [
        {
          "contractName": "ExclusivePlatform",
          "methodName": "withdrawBalance_re_ent12",
          "argTypes": []
        }
      ],
      "exp": "msg.sender.send(userBalance_re_ent12[msg.sender])",
      "status": "unproven"
    },
    {
      "no": "30",
      "kind": "ETH_LEAK",
      "line": 91,
      "signatures": [
        {
          "contractName": "ExclusivePlatform",
          "methodName": "claimReward_re_ent11",
          "argTypes": []
        }
      ],
      "exp": "msg.sender.transfer(transferValue_re_ent11);",
      "status": "unproven"
    },
    {
      "no": "31",
      "kind": "ETH_LEAK",
      "line": 97,
      "signatures": [
        {
          "contractName": "ExclusivePlatform",
          "methodName": "withdraw_balances_re_ent1",
          "argTypes": []
        }
      ],
      "exp": "(success,  ) = msg.sender.call.value(balances_re_ent1[msg.sender])(\"\");",
      "status": "unproven"
    },
    {
      "no": "32",
      "kind": "ETH_LEAK",
      "line": 105,
      "signatures": [
        {
          "contractName": "ExclusivePlatform",
          "methodName": "callme_re_ent35",
          "argTypes": []
        }
      ],
      "exp": "msg.sender.send(10000000000000000000)",
      "status": "unproven"
    },
    {
      "no": "33",
      "kind": "ETH_LEAK",
      "line": 115,
      "signatures": [
        {
          "contractName": "ExclusivePlatform",
          "methodName": "withdrawBalance_re_ent40",
          "argTypes": []
        }
      ],
      "exp": "(success,  ) = msg.sender.call.value(userBalance_re_ent40[msg.sender])(\"\");",
      "status": "unproven"
    },
    {
      "no": "34",
      "kind": "ETH_LEAK",
      "line": 131,
      "signatures": [
        {
          "contractName": "ExclusivePlatform",
          "methodName": "claimReward_re_ent18",
          "argTypes": []
        }
      ],
      "exp": "msg.sender.transfer(transferValue_re_ent18);",
      "status": "unproven"
    },
    {
      "no": "35",
      "kind": "ETH_LEAK",
      "line": 139,
      "signatures": [
        {
          "contractName": "ExclusivePlatform",
          "methodName": "withdrawBalance_re_ent33",
          "argTypes": []
        }
      ],
      "exp": "(success,  ) = msg.sender.call.value(userBalance_re_ent33[msg.sender])(\"\");",
      "status": "unproven"
    },
    {
      "no": "36",
      "kind": "ETH_LEAK",
      "line": 157,
      "signatures": [
        {
          "contractName": "ExclusivePlatform",
          "methodName": "bug_re_ent41",
          "argTypes": []
        }
      ],
      "exp": "msg.sender.send(1000000000000000000)",
      "status": "unproven"
    },
    {
      "no": "37",
      "kind": "ETH_LEAK",
      "line": 183,
      "signatures": [
        {
          "contractName": "ExclusivePlatform",
          "methodName": "callme_re_ent42",
          "argTypes": []
        }
      ],
      "exp": "msg.sender.send(10000000000000000000)",
      "status": "unproven"
    },
    {
      "no": "38",
      "kind": "ETH_LEAK",
      "line": 197,
      "signatures": [
        {
          "contractName": "ExclusivePlatform",
          "methodName": "withdraw_balances_re_ent29",
          "argTypes": []
        }
      ],
      "exp": "msg.sender.send(balances_re_ent29[msg.sender])",
      "status": "unproven"
    },
    {
      "no": "39",
      "kind": "ETH_LEAK",
      "line": 204,
      "signatures": [
        {
          "contractName": "ExclusivePlatform",
          "methodName": "bug_re_ent6",
          "argTypes": []
        }
      ],
      "exp": "msg.sender.send(1000000000000000000)",
      "status": "unproven"
    },
    {
      "no": "40",
      "kind": "ETH_LEAK",
      "line": 214,
      "signatures": [
        {
          "contractName": "ExclusivePlatform",
          "methodName": "buyTicket_re_ent16",
          "argTypes": []
        }
      ],
      "exp": "lastPlayer_re_ent16.send(jackpot_re_ent16)",
      "status": "unproven"
    },
    {
      "no": "41",
      "kind": "ETH_LEAK",
      "line": 224,
      "signatures": [
        {
          "contractName": "ExclusivePlatform",
          "methodName": "withdrawFunds_re_ent24",
          "argTypes": [ "uint256" ]
        }
      ],
      "exp": "msg.sender.send(_weiToWithdraw)",
      "status": "unproven"
    },
    {
      "no": "42",
      "kind": "ETH_LEAK",
      "line": 232,
      "signatures": [
        {
          "contractName": "ExclusivePlatform",
          "methodName": "withdrawBalance_re_ent5",
          "argTypes": []
        }
      ],
      "exp": "msg.sender.send(userBalance_re_ent5[msg.sender])",
      "status": "unproven"
    },
    {
      "no": "43",
      "kind": "ETH_LEAK",
      "line": 240,
      "signatures": [
        {
          "contractName": "ExclusivePlatform",
          "methodName": "withdraw_balances_re_ent15",
          "argTypes": []
        }
      ],
      "exp": "msg.sender.send(balances_re_ent15[msg.sender])",
      "status": "unproven"
    },
    {
      "no": "44",
      "kind": "ETH_LEAK",
      "line": 248,
      "signatures": [
        {
          "contractName": "ExclusivePlatform",
          "methodName": "callme_re_ent28",
          "argTypes": []
        }
      ],
      "exp": "msg.sender.send(10000000000000000000)",
      "status": "unproven"
    },
    {
      "no": "45",
      "kind": "ETH_LEAK",
      "line": 258,
      "signatures": [
        {
          "contractName": "ExclusivePlatform",
          "methodName": "bug_re_ent34",
          "argTypes": []
        }
      ],
      "exp": "msg.sender.send(1000000000000000000)",
      "status": "unproven"
    },
    {
      "no": "46",
      "kind": "ETH_LEAK",
      "line": 280,
      "signatures": [
        {
          "contractName": "ExclusivePlatform",
          "methodName": "buyTicket_re_ent2",
          "argTypes": []
        }
      ],
      "exp": "lastPlayer_re_ent2.send(jackpot_re_ent2)",
      "status": "unproven"
    },
    {
      "no": "47",
      "kind": "ETH_LEAK",
      "line": 293,
      "signatures": [
        {
          "contractName": "ExclusivePlatform",
          "methodName": "withdrawFunds_re_ent17",
          "argTypes": [ "uint256" ]
        }
      ],
      "exp": "(success,  ) = msg.sender.call.value(_weiToWithdraw)(\"\");",
      "status": "unproven"
    },
    {
      "no": "48",
      "kind": "ETH_LEAK",
      "line": 305,
      "signatures": [
        {
          "contractName": "ExclusivePlatform",
          "methodName": "buyTicket_re_ent37",
          "argTypes": []
        }
      ],
      "exp": "lastPlayer_re_ent37.send(jackpot_re_ent37)",
      "status": "unproven"
    },
    {
      "no": "49",
      "kind": "ETH_LEAK",
      "line": 318,
      "signatures": [
        {
          "contractName": "ExclusivePlatform",
          "methodName": "withdrawFunds_re_ent3",
          "argTypes": [ "uint256" ]
        }
      ],
      "exp": "(success,  ) = msg.sender.call.value(_weiToWithdraw)(\"\");",
      "status": "unproven"
    },
    {
      "no": "50",
      "kind": "ETH_LEAK",
      "line": 340,
      "signatures": [
        {
          "contractName": "ExclusivePlatform",
          "methodName": "buyTicket_re_ent9",
          "argTypes": []
        }
      ],
      "exp": "(success,  ) = lastPlayer_re_ent9.call.value(jackpot_re_ent9)(\"\");",
      "status": "unproven"
    },
    {
      "no": "51",
      "kind": "ETH_LEAK",
      "line": 360,
      "signatures": [
        {
          "contractName": "ExclusivePlatform",
          "methodName": "claimReward_re_ent25",
          "argTypes": []
        }
      ],
      "exp": "msg.sender.transfer(transferValue_re_ent25);",
      "status": "unproven"
    },
    {
      "no": "52",
      "kind": "ETH_LEAK",
      "line": 371,
      "signatures": [
        {
          "contractName": "ExclusivePlatform",
          "methodName": "withdrawBalance_re_ent19",
          "argTypes": []
        }
      ],
      "exp": "msg.sender.send(userBalance_re_ent19[msg.sender])",
      "status": "unproven"
    },
    {
      "no": "53",
      "kind": "ETH_LEAK",
      "line": 385,
      "signatures": [
        {
          "contractName": "ExclusivePlatform",
          "methodName": "withdrawBalance_re_ent26",
          "argTypes": []
        }
      ],
      "exp": "(success,  ) = msg.sender.call.value(userBalance_re_ent26[msg.sender])(\"\");",
      "status": "unproven"
    },
    {
      "no": "54",
      "kind": "ETH_LEAK",
      "line": 408,
      "signatures": [
        {
          "contractName": "ExclusivePlatform",
          "methodName": "bug_re_ent20",
          "argTypes": []
        }
      ],
      "exp": "msg.sender.send(1000000000000000000)",
      "status": "unproven"
    },
    {
      "no": "55",
      "kind": "ETH_LEAK",
      "line": 422,
      "signatures": [
        {
          "contractName": "ExclusivePlatform",
          "methodName": "claimReward_re_ent32",
          "argTypes": []
        }
      ],
      "exp": "msg.sender.transfer(transferValue_re_ent32);",
      "status": "unproven"
    },
    {
      "no": "56",
      "kind": "ETH_LEAK",
      "line": 434,
      "signatures": [
        {
          "contractName": "ExclusivePlatform",
          "methodName": "withdrawFunds_re_ent38",
          "argTypes": [ "uint256" ]
        }
      ],
      "exp": "msg.sender.send(_weiToWithdraw)",
      "status": "unproven"
    },
    {
      "no": "57",
      "kind": "ETH_LEAK",
      "line": 449,
      "signatures": [
        {
          "contractName": "ExclusivePlatform",
          "methodName": "claimReward_re_ent4",
          "argTypes": []
        }
      ],
      "exp": "msg.sender.transfer(transferValue_re_ent4);",
      "status": "unproven"
    },
    {
      "no": "58",
      "kind": "ETH_LEAK",
      "line": 471,
      "signatures": [
        {
          "contractName": "ExclusivePlatform",
          "methodName": "callme_re_ent7",
          "argTypes": []
        }
      ],
      "exp": "msg.sender.send(10000000000000000000)",
      "status": "unproven"
    },
    {
      "no": "59",
      "kind": "ETH_LEAK",
      "line": 483,
      "signatures": [
        {
          "contractName": "ExclusivePlatform",
          "methodName": "buyTicket_re_ent23",
          "argTypes": []
        }
      ],
      "exp": "lastPlayer_re_ent23.send(jackpot_re_ent23)",
      "status": "unproven"
    },
    {
      "no": "60",
      "kind": "ETH_LEAK",
      "line": 492,
      "signatures": [
        {
          "contractName": "ExclusivePlatform",
          "methodName": "transferEther",
          "argTypes": [ "address", "uint256" ]
        }
      ],
      "exp": "_receiver.transfer(_amount);",
      "status": "proven"
    },
    {
      "no": "61",
      "kind": "ETH_LEAK",
      "line": 497,
      "signatures": [
        {
          "contractName": "ExclusivePlatform",
          "methodName": "callme_re_ent14",
          "argTypes": []
        }
      ],
      "exp": "msg.sender.send(10000000000000000000)",
      "status": "unproven"
    },
    {
      "no": "62",
      "kind": "ETH_LEAK",
      "line": 505,
      "signatures": [
        {
          "contractName": "ExclusivePlatform",
          "methodName": "withdrawFund",
          "argTypes": []
        }
      ],
      "exp": "owner.transfer(balance);",
      "status": "proven"
    },
    {
      "no": "63",
      "kind": "ETH_LEAK",
      "line": 510,
      "signatures": [
        {
          "contractName": "ExclusivePlatform",
          "methodName": "buyTicket_re_ent30",
          "argTypes": []
        }
      ],
      "exp": "lastPlayer_re_ent30.send(jackpot_re_ent30)",
      "status": "unproven"
    },
    {
      "no": "64",
      "kind": "ETH_LEAK",
      "line": 525,
      "signatures": [
        {
          "contractName": "ExclusivePlatform",
          "methodName": "withdraw_balances_re_ent8",
          "argTypes": []
        }
      ],
      "exp": "(success,  ) = msg.sender.call.value(balances_re_ent8[msg.sender])(\"\");",
      "status": "unproven"
    },
    {
      "no": "65",
      "kind": "ETH_LEAK",
      "line": 541,
      "signatures": [
        {
          "contractName": "ExclusivePlatform",
          "methodName": "claimReward_re_ent39",
          "argTypes": []
        }
      ],
      "exp": "msg.sender.transfer(transferValue_re_ent39);",
      "status": "unproven"
    },
    {
      "no": "66",
      "kind": "ETH_LEAK",
      "line": 552,
      "signatures": [
        {
          "contractName": "ExclusivePlatform",
          "methodName": "withdraw_balances_re_ent36",
          "argTypes": []
        }
      ],
      "exp": "msg.sender.send(balances_re_ent36[msg.sender])",
      "status": "unproven"
    },
    {
      "no": "67",
      "kind": "ETH_LEAK",
      "line": 559,
      "signatures": [
        {
          "contractName": "ExclusivePlatform",
          "methodName": "bug_re_ent27",
          "argTypes": []
        }
      ],
      "exp": "msg.sender.send(1000000000000000000)",
      "status": "unproven"
    },
    {
      "no": "68",
      "kind": "ETH_LEAK",
      "line": 569,
      "signatures": [
        {
          "contractName": "ExclusivePlatform",
          "methodName": "withdrawFunds_re_ent31",
          "argTypes": [ "uint256" ]
        }
      ],
      "exp": "msg.sender.send(_weiToWithdraw)",
      "status": "unproven"
    },
    {
      "no": "69",
      "kind": "ETH_LEAK",
      "line": 576,
      "signatures": [
        {
          "contractName": "ExclusivePlatform",
          "methodName": "bug_re_ent13",
          "argTypes": []
        }
      ],
      "exp": "(success,  ) = msg.sender.call.value(1000000000000000000)(\"\");",
      "status": "unproven"
    }
  ]
}