{
  "fileName": "Benchmarks/Study_SamplesSet/3bd2152950e854c0c1b6d7ce9cacf43d.sol",
  "baseName": "3bd2152950e854c0c1b6d7ce9cacf43d.sol",
  "iter": 3047,
  "time": "300.017473",
  "errMsg": null,
  "result": [
    {
      "no": "1",
      "kind": "IO",
      "line": 14,
      "signatures": [
        {
          "contractName": "EternalWealth",
          "methodName": "EternalWealth",
          "argTypes": []
        }
      ],
      "exp": "(now + 10800)",
      "status": "unproven"
    },
    {
      "no": "2",
      "kind": "IO",
      "line": 16,
      "signatures": [
        {
          "contractName": "EternalWealth",
          "methodName": "EternalWealth",
          "argTypes": []
        }
      ],
      "exp": "(blessings + msg.value)",
      "status": "proven"
    },
    {
      "no": "3",
      "kind": "IO",
      "line": 27,
      "signatures": [
        {
          "contractName": "EternalWealth",
          "methodName": "ExtendLife",
          "argTypes": []
        }
      ],
      "exp": "(blessings + ((msg.value * 8) / 10))",
      "status": "unproven"
    },
    {
      "no": "4",
      "kind": "IO",
      "line": 27,
      "signatures": [
        {
          "contractName": "EternalWealth",
          "methodName": "ExtendLife",
          "argTypes": []
        }
      ],
      "exp": "(msg.value * 8)",
      "status": "unproven"
    },
    {
      "no": "5",
      "kind": "IO",
      "line": 28,
      "signatures": [
        {
          "contractName": "EternalWealth",
          "methodName": "ExtendLife",
          "argTypes": []
        }
      ],
      "exp": "(msg.value * 2)",
      "status": "unproven"
    },
    {
      "no": "6",
      "kind": "IO",
      "line": 28,
      "signatures": [
        {
          "contractName": "EternalWealth",
          "methodName": "ExtendLife",
          "argTypes": []
        }
      ],
      "exp": "(tithes + ((msg.value * 2) / 10))",
      "status": "unproven"
    },
    {
      "no": "7",
      "kind": "IO",
      "line": 30,
      "signatures": [
        {
          "contractName": "EternalWealth",
          "methodName": "ExtendLife",
          "argTypes": []
        }
      ],
      "exp": "(now + 1800)",
      "status": "unproven"
    },
    {
      "no": "8",
      "kind": "IO",
      "line": 31,
      "signatures": [
        {
          "contractName": "EternalWealth",
          "methodName": "ExtendLife",
          "argTypes": []
        }
      ],
      "exp": "(lifePoints + 1)",
      "status": "unproven"
    },
    {
      "no": "9",
      "kind": "DZ",
      "line": 27,
      "signatures": [
        {
          "contractName": "EternalWealth",
          "methodName": "ExtendLife",
          "argTypes": []
        }
      ],
      "exp": "((msg.value * 8) / 10)",
      "status": "proven"
    },
    {
      "no": "10",
      "kind": "DZ",
      "line": 28,
      "signatures": [
        {
          "contractName": "EternalWealth",
          "methodName": "ExtendLife",
          "argTypes": []
        }
      ],
      "exp": "((msg.value * 2) / 10)",
      "status": "proven"
    },
    {
      "no": "11",
      "kind": "ETH_LEAK",
      "line": 40,
      "signatures": [
        {
          "contractName": "EternalWealth",
          "methodName": "ClaimBlessings",
          "argTypes": []
        }
      ],
      "exp": "savior.transfer(pendingBlessings);",
      "status": "unproven"
    },
    {
      "no": "12",
      "kind": "ETH_LEAK",
      "line": 46,
      "signatures": [
        {
          "contractName": "EternalWealth",
          "methodName": "WithdrawTithes",
          "argTypes": []
        }
      ],
      "exp": "owner.transfer(pendingTithes);",
      "status": "proven"
    }
  ]
}