{
  "fileName": "Benchmarks/Study_SamplesSet/43b3a5495b7c935c55cc97f0d62111b5.sol",
  "baseName": "43b3a5495b7c935c55cc97f0d62111b5.sol",
  "iter": 82,
  "time": "308.508287",
  "errMsg": null,
  "result": [
    {
      "no": "1",
      "kind": "IO",
      "line": 112,
      "signatures": [
        {
          "contractName": "SafeMath",
          "methodName": "mul",
          "argTypes": [ "uint256", "uint256" ]
        },
        {
          "contractName": "Staking",
          "methodName": "startStaking",
          "argTypes": []
        }
      ],
      "exp": "(a * b)",
      "status": "unproven"
    },
    {
      "no": "2",
      "kind": "IO",
      "line": 124,
      "signatures": [
        {
          "contractName": "SafeMath",
          "methodName": "sub",
          "argTypes": [ "uint256", "uint256" ]
        }
      ],
      "exp": "(a - b)",
      "status": "proven"
    },
    {
      "no": "3",
      "kind": "IO",
      "line": 128,
      "signatures": [
        {
          "contractName": "SafeMath",
          "methodName": "add",
          "argTypes": [ "uint256", "uint256" ]
        }
      ],
      "exp": "(a + b)",
      "status": "unproven"
    },
    {
      "no": "4",
      "kind": "IO",
      "line": 339,
      "signatures": [
        {
          "contractName": "Staking",
          "methodName": "Staking",
          "argTypes": [ "address" ]
        }
      ],
      "exp": "(10 ** uint256(10))",
      "status": "proven"
    },
    {
      "no": "5",
      "kind": "IO",
      "line": 339,
      "signatures": [
        {
          "contractName": "Staking",
          "methodName": "Staking",
          "argTypes": [ "address" ]
        }
      ],
      "exp": "(500 * (10 ** uint256(10)))",
      "status": "proven"
    },
    {
      "no": "6",
      "kind": "IO",
      "line": 361,
      "signatures": [
        {
          "contractName": "Staking",
          "methodName": "startStaking",
          "argTypes": []
        }
      ],
      "exp": "(stakeTokens + findOnePercent(stakeTokens))",
      "status": "unproven"
    },
    {
      "no": "7",
      "kind": "IO",
      "line": 362,
      "signatures": [
        {
          "contractName": "Staking",
          "methodName": "startStaking",
          "argTypes": []
        }
      ],
      "exp": "(stakeTokens + findOnePercent(stakeTokens))",
      "status": "unproven"
    },
    {
      "no": "8",
      "kind": "IO",
      "line": 364,
      "signatures": [
        {
          "contractName": "Staking",
          "methodName": "startStaking",
          "argTypes": []
        }
      ],
      "exp": "(staker[msg.sender].tokens + stakeTokens)",
      "status": "unproven"
    },
    {
      "no": "9",
      "kind": "IO",
      "line": 389,
      "signatures": [
        { "contractName": "Staking", "methodName": "redeem", "argTypes": [] }
      ],
      "exp": "(staker[msg.sender].time + stakeTime)",
      "status": "unproven"
    },
    {
      "no": "10",
      "kind": "IO",
      "line": 391,
      "signatures": [
        { "contractName": "Staking", "methodName": "redeem", "argTypes": [] }
      ],
      "exp": "((staker[msg.sender].tokens * stakePercentage) * 100)",
      "status": "unproven"
    },
    {
      "no": "11",
      "kind": "IO",
      "line": 391,
      "signatures": [
        { "contractName": "Staking", "methodName": "redeem", "argTypes": [] }
      ],
      "exp": "(staker[msg.sender].tokens * stakePercentage)",
      "status": "unproven"
    },
    {
      "no": "12",
      "kind": "IO",
      "line": 416,
      "signatures": [
        {
          "contractName": "Staking",
          "methodName": "changeStakeTokens",
          "argTypes": [ "uint256" ]
        }
      ],
      "exp": "(10 ** uint256(10))",
      "status": "proven"
    },
    {
      "no": "13",
      "kind": "IO",
      "line": 416,
      "signatures": [
        {
          "contractName": "Staking",
          "methodName": "changeStakeTokens",
          "argTypes": [ "uint256" ]
        }
      ],
      "exp": "(_NewTokensThreshold * (10 ** uint256(10)))",
      "status": "unproven"
    },
    {
      "no": "14",
      "kind": "DZ",
      "line": 113,
      "signatures": [
        {
          "contractName": "SafeMath",
          "methodName": "mul",
          "argTypes": [ "uint256", "uint256" ]
        },
        {
          "contractName": "Staking",
          "methodName": "startStaking",
          "argTypes": []
        }
      ],
      "exp": "(c / a)",
      "status": "proven"
    },
    {
      "no": "15",
      "kind": "DZ",
      "line": 118,
      "signatures": [
        {
          "contractName": "SafeMath",
          "methodName": "div",
          "argTypes": [ "uint256", "uint256" ]
        },
        {
          "contractName": "Staking",
          "methodName": "startStaking",
          "argTypes": []
        }
      ],
      "exp": "(a / b)",
      "status": "proven"
    },
    {
      "no": "16",
      "kind": "DZ",
      "line": 391,
      "signatures": [
        { "contractName": "Staking", "methodName": "redeem", "argTypes": [] }
      ],
      "exp": "(((staker[msg.sender].tokens * stakePercentage) * 100) / 10000)",
      "status": "proven"
    },
    {
      "no": "17",
      "kind": "ETH_LEAK",
      "line": 15,
      "signatures": [
        {
          "contractName": "Staking",
          "methodName": "setReward_TOD2",
          "argTypes": []
        }
      ],
      "exp": "owner_TOD2.transfer(reward_TOD2);",
      "status": "unproven"
    },
    {
      "no": "18",
      "kind": "ETH_LEAK",
      "line": 23,
      "signatures": [
        {
          "contractName": "Staking",
          "methodName": "claimReward_TOD2",
          "argTypes": [ "uint256" ]
        }
      ],
      "exp": "msg.sender.transfer(reward_TOD2);",
      "status": "unproven"
    },
    {
      "no": "19",
      "kind": "ETH_LEAK",
      "line": 38,
      "signatures": [
        {
          "contractName": "Staking",
          "methodName": "getReward_TOD17",
          "argTypes": []
        }
      ],
      "exp": "winner_TOD17.transfer(msg.value);",
      "status": "unproven"
    },
    {
      "no": "20",
      "kind": "ETH_LEAK",
      "line": 53,
      "signatures": [
        {
          "contractName": "Staking",
          "methodName": "getReward_TOD27",
          "argTypes": []
        }
      ],
      "exp": "winner_TOD27.transfer(msg.value);",
      "status": "unproven"
    },
    {
      "no": "21",
      "kind": "ETH_LEAK",
      "line": 67,
      "signatures": [
        {
          "contractName": "Staking",
          "methodName": "setReward_TOD32",
          "argTypes": []
        }
      ],
      "exp": "owner_TOD32.transfer(reward_TOD32);",
      "status": "unproven"
    },
    {
      "no": "22",
      "kind": "ETH_LEAK",
      "line": 75,
      "signatures": [
        {
          "contractName": "Staking",
          "methodName": "claimReward_TOD32",
          "argTypes": [ "uint256" ]
        }
      ],
      "exp": "msg.sender.transfer(reward_TOD32);",
      "status": "unproven"
    },
    {
      "no": "23",
      "kind": "ETH_LEAK",
      "line": 94,
      "signatures": [
        {
          "contractName": "Staking",
          "methodName": "setReward_TOD38",
          "argTypes": []
        }
      ],
      "exp": "owner_TOD38.transfer(reward_TOD38);",
      "status": "unproven"
    },
    {
      "no": "24",
      "kind": "ETH_LEAK",
      "line": 102,
      "signatures": [
        {
          "contractName": "Staking",
          "methodName": "claimReward_TOD38",
          "argTypes": [ "uint256" ]
        }
      ],
      "exp": "msg.sender.transfer(reward_TOD38);",
      "status": "unproven"
    },
    {
      "no": "25",
      "kind": "ETH_LEAK",
      "line": 202,
      "signatures": [
        {
          "contractName": "Staking",
          "methodName": "getReward_TOD37",
          "argTypes": []
        }
      ],
      "exp": "winner_TOD37.transfer(msg.value);",
      "status": "unproven"
    },
    {
      "no": "26",
      "kind": "ETH_LEAK",
      "line": 216,
      "signatures": [
        {
          "contractName": "Staking",
          "methodName": "getReward_TOD3",
          "argTypes": []
        }
      ],
      "exp": "winner_TOD3.transfer(msg.value);",
      "status": "unproven"
    },
    {
      "no": "27",
      "kind": "ETH_LEAK",
      "line": 230,
      "signatures": [
        {
          "contractName": "Staking",
          "methodName": "getReward_TOD9",
          "argTypes": []
        }
      ],
      "exp": "winner_TOD9.transfer(msg.value);",
      "status": "unproven"
    },
    {
      "no": "28",
      "kind": "ETH_LEAK",
      "line": 244,
      "signatures": [
        {
          "contractName": "Staking",
          "methodName": "getReward_TOD25",
          "argTypes": []
        }
      ],
      "exp": "winner_TOD25.transfer(msg.value);",
      "status": "unproven"
    },
    {
      "no": "29",
      "kind": "ETH_LEAK",
      "line": 259,
      "signatures": [
        {
          "contractName": "Staking",
          "methodName": "getReward_TOD19",
          "argTypes": []
        }
      ],
      "exp": "winner_TOD19.transfer(msg.value);",
      "status": "unproven"
    },
    {
      "no": "30",
      "kind": "ETH_LEAK",
      "line": 269,
      "signatures": [
        {
          "contractName": "Staking",
          "methodName": "setReward_TOD26",
          "argTypes": []
        }
      ],
      "exp": "owner_TOD26.transfer(reward_TOD26);",
      "status": "proven"
    },
    {
      "no": "31",
      "kind": "ETH_LEAK",
      "line": 277,
      "signatures": [
        {
          "contractName": "Staking",
          "methodName": "claimReward_TOD26",
          "argTypes": [ "uint256" ]
        }
      ],
      "exp": "msg.sender.transfer(reward_TOD26);",
      "status": "unproven"
    },
    {
      "no": "32",
      "kind": "ETH_LEAK",
      "line": 292,
      "signatures": [
        {
          "contractName": "Staking",
          "methodName": "getReward_TOD31",
          "argTypes": []
        }
      ],
      "exp": "winner_TOD31.transfer(msg.value);",
      "status": "unproven"
    },
    {
      "no": "33",
      "kind": "ETH_LEAK",
      "line": 306,
      "signatures": [
        {
          "contractName": "Staking",
          "methodName": "getReward_TOD13",
          "argTypes": []
        }
      ],
      "exp": "winner_TOD13.transfer(msg.value);",
      "status": "unproven"
    },
    {
      "no": "34",
      "kind": "ETH_LEAK",
      "line": 322,
      "signatures": [
        {
          "contractName": "Staking",
          "methodName": "setReward_TOD20",
          "argTypes": []
        }
      ],
      "exp": "owner_TOD20.transfer(reward_TOD20);",
      "status": "proven"
    },
    {
      "no": "35",
      "kind": "ETH_LEAK",
      "line": 330,
      "signatures": [
        {
          "contractName": "Staking",
          "methodName": "claimReward_TOD20",
          "argTypes": [ "uint256" ]
        }
      ],
      "exp": "msg.sender.transfer(reward_TOD20);",
      "status": "unproven"
    },
    {
      "no": "36",
      "kind": "ETH_LEAK",
      "line": 348,
      "signatures": [
        {
          "contractName": "Staking",
          "methodName": "setReward_TOD14",
          "argTypes": []
        }
      ],
      "exp": "owner_TOD14.transfer(reward_TOD14);",
      "status": "proven"
    },
    {
      "no": "37",
      "kind": "ETH_LEAK",
      "line": 356,
      "signatures": [
        {
          "contractName": "Staking",
          "methodName": "claimReward_TOD14",
          "argTypes": [ "uint256" ]
        }
      ],
      "exp": "msg.sender.transfer(reward_TOD14);",
      "status": "unproven"
    },
    {
      "no": "38",
      "kind": "ETH_LEAK",
      "line": 374,
      "signatures": [
        {
          "contractName": "Staking",
          "methodName": "setReward_TOD30",
          "argTypes": []
        }
      ],
      "exp": "owner_TOD30.transfer(reward_TOD30);",
      "status": "unproven"
    },
    {
      "no": "39",
      "kind": "ETH_LEAK",
      "line": 382,
      "signatures": [
        {
          "contractName": "Staking",
          "methodName": "claimReward_TOD30",
          "argTypes": [ "uint256" ]
        }
      ],
      "exp": "msg.sender.transfer(reward_TOD30);",
      "status": "unproven"
    },
    {
      "no": "40",
      "kind": "ETH_LEAK",
      "line": 403,
      "signatures": [
        {
          "contractName": "Staking",
          "methodName": "setReward_TOD8",
          "argTypes": []
        }
      ],
      "exp": "owner_TOD8.transfer(reward_TOD8);",
      "status": "proven"
    },
    {
      "no": "41",
      "kind": "ETH_LEAK",
      "line": 411,
      "signatures": [
        {
          "contractName": "Staking",
          "methodName": "claimReward_TOD8",
          "argTypes": [ "uint256" ]
        }
      ],
      "exp": "msg.sender.transfer(reward_TOD8);",
      "status": "unproven"
    },
    {
      "no": "42",
      "kind": "ETH_LEAK",
      "line": 429,
      "signatures": [
        {
          "contractName": "Staking",
          "methodName": "getReward_TOD39",
          "argTypes": []
        }
      ],
      "exp": "winner_TOD39.transfer(msg.value);",
      "status": "unproven"
    },
    {
      "no": "43",
      "kind": "ETH_LEAK",
      "line": 442,
      "signatures": [
        {
          "contractName": "Staking",
          "methodName": "setReward_TOD36",
          "argTypes": []
        }
      ],
      "exp": "owner_TOD36.transfer(reward_TOD36);",
      "status": "unproven"
    },
    {
      "no": "44",
      "kind": "ETH_LEAK",
      "line": 450,
      "signatures": [
        {
          "contractName": "Staking",
          "methodName": "claimReward_TOD36",
          "argTypes": [ "uint256" ]
        }
      ],
      "exp": "msg.sender.transfer(reward_TOD36);",
      "status": "unproven"
    },
    {
      "no": "45",
      "kind": "ETH_LEAK",
      "line": 469,
      "signatures": [
        {
          "contractName": "Staking",
          "methodName": "getReward_TOD35",
          "argTypes": []
        }
      ],
      "exp": "winner_TOD35.transfer(msg.value);",
      "status": "unproven"
    },
    {
      "no": "46",
      "kind": "ETH_LEAK",
      "line": 482,
      "signatures": [
        {
          "contractName": "Staking",
          "methodName": "setReward_TOD40",
          "argTypes": []
        }
      ],
      "exp": "owner_TOD40.transfer(reward_TOD40);",
      "status": "proven"
    },
    {
      "no": "47",
      "kind": "ETH_LEAK",
      "line": 490,
      "signatures": [
        {
          "contractName": "Staking",
          "methodName": "claimReward_TOD40",
          "argTypes": [ "uint256" ]
        }
      ],
      "exp": "msg.sender.transfer(reward_TOD40);",
      "status": "unproven"
    },
    {
      "no": "48",
      "kind": "ETH_LEAK",
      "line": 510,
      "signatures": [
        {
          "contractName": "Staking",
          "methodName": "getReward_TOD33",
          "argTypes": []
        }
      ],
      "exp": "winner_TOD33.transfer(msg.value);",
      "status": "unproven"
    }
  ]
}