{
  "fileName": "Benchmarks/Study_SamplesSet/51b82cd091f192493f43dd2934e1b2fc.sol",
  "baseName": "51b82cd091f192493f43dd2934e1b2fc.sol",
  "iter": 1,
  "time": "878.381843",
  "errMsg": null,
  "result": [
    {
      "no": "1",
      "kind": "IO",
      "line": 55,
      "signatures": [
        {
          "contractName": "CWC_Sale",
          "methodName": "CWC_Sale",
          "argTypes": [ "string", "string" ]
        }
      ],
      "exp": "((60 * 60) * 24)",
      "status": "proven"
    },
    {
      "no": "2",
      "kind": "IO",
      "line": 55,
      "signatures": [
        {
          "contractName": "CWC_Sale",
          "methodName": "CWC_Sale",
          "argTypes": [ "string", "string" ]
        }
      ],
      "exp": "(60 * 60)",
      "status": "proven"
    },
    {
      "no": "3",
      "kind": "IO",
      "line": 56,
      "signatures": [
        {
          "contractName": "CWC_Sale",
          "methodName": "CWC_Sale",
          "argTypes": [ "string", "string" ]
        }
      ],
      "exp": "(((60 * 60) * 24) * 7)",
      "status": "proven"
    },
    {
      "no": "4",
      "kind": "IO",
      "line": 56,
      "signatures": [
        {
          "contractName": "CWC_Sale",
          "methodName": "CWC_Sale",
          "argTypes": [ "string", "string" ]
        }
      ],
      "exp": "((60 * 60) * 24)",
      "status": "proven"
    },
    {
      "no": "5",
      "kind": "IO",
      "line": 56,
      "signatures": [
        {
          "contractName": "CWC_Sale",
          "methodName": "CWC_Sale",
          "argTypes": [ "string", "string" ]
        }
      ],
      "exp": "(60 * 60)",
      "status": "proven"
    },
    {
      "no": "6",
      "kind": "IO",
      "line": 57,
      "signatures": [
        {
          "contractName": "CWC_Sale",
          "methodName": "CWC_Sale",
          "argTypes": [ "string", "string" ]
        }
      ],
      "exp": "(((60 * 60) * 24) * 30)",
      "status": "proven"
    },
    {
      "no": "7",
      "kind": "IO",
      "line": 57,
      "signatures": [
        {
          "contractName": "CWC_Sale",
          "methodName": "CWC_Sale",
          "argTypes": [ "string", "string" ]
        }
      ],
      "exp": "((60 * 60) * 24)",
      "status": "proven"
    },
    {
      "no": "8",
      "kind": "IO",
      "line": 57,
      "signatures": [
        {
          "contractName": "CWC_Sale",
          "methodName": "CWC_Sale",
          "argTypes": [ "string", "string" ]
        }
      ],
      "exp": "(60 * 60)",
      "status": "proven"
    },
    {
      "no": "9",
      "kind": "IO",
      "line": 164,
      "signatures": [
        {
          "contractName": "CWC_Sale",
          "methodName": "CWCreturnTransaction",
          "argTypes": [ "address", "uint256" ]
        },
        {
          "contractName": "CWC_Sale",
          "methodName": "saleTransaction",
          "argTypes": []
        }
      ],
      "exp": "(1000000000000000000 + (tx.gasprice * 200000))",
      "status": "unproven"
    },
    {
      "no": "10",
      "kind": "IO",
      "line": 164,
      "signatures": [
        {
          "contractName": "CWC_Sale",
          "methodName": "CWCreturnTransaction",
          "argTypes": [ "address", "uint256" ]
        },
        {
          "contractName": "CWC_Sale",
          "methodName": "saleTransaction",
          "argTypes": []
        }
      ],
      "exp": "(tx.gasprice * 200000)",
      "status": "unproven"
    },
    {
      "no": "11",
      "kind": "IO",
      "line": 563,
      "signatures": [
        {
          "contractName": "CWC_Sale",
          "methodName": "strCompare",
          "argTypes": [ "string", "string" ]
        }
      ],
      "exp": "(i + 1)",
      "status": "proven"
    },
    {
      "no": "12",
      "kind": "IO",
      "line": 609,
      "signatures": [
        {
          "contractName": "CWC_Sale",
          "methodName": "strConcat",
          "argTypes": [ "string", "string", "string", "string", "string" ]
        }
      ],
      "exp": "((((_ba.length + _bb.length) + _bc.length) + _bd.length) + _be.length)",
      "status": "unproven"
    },
    {
      "no": "13",
      "kind": "IO",
      "line": 609,
      "signatures": [
        {
          "contractName": "CWC_Sale",
          "methodName": "strConcat",
          "argTypes": [ "string", "string", "string", "string", "string" ]
        }
      ],
      "exp": "(((_ba.length + _bb.length) + _bc.length) + _bd.length)",
      "status": "unproven"
    },
    {
      "no": "14",
      "kind": "IO",
      "line": 609,
      "signatures": [
        {
          "contractName": "CWC_Sale",
          "methodName": "strConcat",
          "argTypes": [ "string", "string", "string", "string", "string" ]
        }
      ],
      "exp": "((_ba.length + _bb.length) + _bc.length)",
      "status": "unproven"
    },
    {
      "no": "15",
      "kind": "IO",
      "line": 609,
      "signatures": [
        {
          "contractName": "CWC_Sale",
          "methodName": "strConcat",
          "argTypes": [ "string", "string", "string", "string", "string" ]
        }
      ],
      "exp": "(_ba.length + _bb.length)",
      "status": "unproven"
    },
    {
      "no": "16",
      "kind": "IO",
      "line": 612,
      "signatures": [
        {
          "contractName": "CWC_Sale",
          "methodName": "strConcat",
          "argTypes": [ "string", "string", "string", "string", "string" ]
        }
      ],
      "exp": "(i + 1)",
      "status": "proven"
    },
    {
      "no": "17",
      "kind": "IO",
      "line": 612,
      "signatures": [
        {
          "contractName": "CWC_Sale",
          "methodName": "strConcat",
          "argTypes": [ "string", "string", "string", "string", "string" ]
        }
      ],
      "exp": "(k + 1)",
      "status": "unproven"
    },
    {
      "no": "18",
      "kind": "IO",
      "line": 613,
      "signatures": [
        {
          "contractName": "CWC_Sale",
          "methodName": "strConcat",
          "argTypes": [ "string", "string", "string", "string", "string" ]
        }
      ],
      "exp": "(i + 1)",
      "status": "proven"
    },
    {
      "no": "19",
      "kind": "IO",
      "line": 613,
      "signatures": [
        {
          "contractName": "CWC_Sale",
          "methodName": "strConcat",
          "argTypes": [ "string", "string", "string", "string", "string" ]
        }
      ],
      "exp": "(k + 1)",
      "status": "unproven"
    },
    {
      "no": "20",
      "kind": "IO",
      "line": 614,
      "signatures": [
        {
          "contractName": "CWC_Sale",
          "methodName": "strConcat",
          "argTypes": [ "string", "string", "string", "string", "string" ]
        }
      ],
      "exp": "(i + 1)",
      "status": "proven"
    },
    {
      "no": "21",
      "kind": "IO",
      "line": 614,
      "signatures": [
        {
          "contractName": "CWC_Sale",
          "methodName": "strConcat",
          "argTypes": [ "string", "string", "string", "string", "string" ]
        }
      ],
      "exp": "(k + 1)",
      "status": "unproven"
    },
    {
      "no": "22",
      "kind": "IO",
      "line": 615,
      "signatures": [
        {
          "contractName": "CWC_Sale",
          "methodName": "strConcat",
          "argTypes": [ "string", "string", "string", "string", "string" ]
        }
      ],
      "exp": "(i + 1)",
      "status": "proven"
    },
    {
      "no": "23",
      "kind": "IO",
      "line": 615,
      "signatures": [
        {
          "contractName": "CWC_Sale",
          "methodName": "strConcat",
          "argTypes": [ "string", "string", "string", "string", "string" ]
        }
      ],
      "exp": "(k + 1)",
      "status": "unproven"
    },
    {
      "no": "24",
      "kind": "IO",
      "line": 616,
      "signatures": [
        {
          "contractName": "CWC_Sale",
          "methodName": "strConcat",
          "argTypes": [ "string", "string", "string", "string", "string" ]
        }
      ],
      "exp": "(i + 1)",
      "status": "proven"
    },
    {
      "no": "25",
      "kind": "IO",
      "line": 616,
      "signatures": [
        {
          "contractName": "CWC_Sale",
          "methodName": "strConcat",
          "argTypes": [ "string", "string", "string", "string", "string" ]
        }
      ],
      "exp": "(k + 1)",
      "status": "unproven"
    },
    {
      "no": "26",
      "kind": "IO",
      "line": 642,
      "signatures": [
        {
          "contractName": "CWC_Sale",
          "methodName": "parseInt",
          "argTypes": [ "string", "uint256" ]
        }
      ],
      "exp": "(i + 1)",
      "status": "proven"
    },
    {
      "no": "27",
      "kind": "IO",
      "line": 646,
      "signatures": [
        {
          "contractName": "CWC_Sale",
          "methodName": "parseInt",
          "argTypes": [ "string", "uint256" ]
        }
      ],
      "exp": "(_b - 1)",
      "status": "proven"
    },
    {
      "no": "28",
      "kind": "IO",
      "line": 648,
      "signatures": [
        {
          "contractName": "CWC_Sale",
          "methodName": "parseInt",
          "argTypes": [ "string", "uint256" ]
        }
      ],
      "exp": "(mint * 10)",
      "status": "unproven"
    },
    {
      "no": "29",
      "kind": "IO",
      "line": 649,
      "signatures": [
        {
          "contractName": "CWC_Sale",
          "methodName": "parseInt",
          "argTypes": [ "string", "uint256" ]
        }
      ],
      "exp": "(mint + (uint256(bresult[i]) - 48))",
      "status": "unproven"
    },
    {
      "no": "30",
      "kind": "IO",
      "line": 649,
      "signatures": [
        {
          "contractName": "CWC_Sale",
          "methodName": "parseInt",
          "argTypes": [ "string", "uint256" ]
        }
      ],
      "exp": "(uint256(bresult[i]) - 48)",
      "status": "proven"
    },
    {
      "no": "31",
      "kind": "IO",
      "line": 652,
      "signatures": [
        {
          "contractName": "CWC_Sale",
          "methodName": "parseInt",
          "argTypes": [ "string", "uint256" ]
        }
      ],
      "exp": "(10 ** _b)",
      "status": "unproven"
    },
    {
      "no": "32",
      "kind": "IO",
      "line": 652,
      "signatures": [
        {
          "contractName": "CWC_Sale",
          "methodName": "parseInt",
          "argTypes": [ "string", "uint256" ]
        }
      ],
      "exp": "(mint * (10 ** _b))",
      "status": "unproven"
    },
    {
      "no": "33",
      "kind": "IO",
      "line": 661,
      "signatures": [
        {
          "contractName": "CWC_Sale",
          "methodName": "uint2str",
          "argTypes": [ "uint256" ]
        }
      ],
      "exp": "(len + 1)",
      "status": "unproven"
    },
    {
      "no": "34",
      "kind": "IO",
      "line": 665,
      "signatures": [
        {
          "contractName": "CWC_Sale",
          "methodName": "uint2str",
          "argTypes": [ "uint256" ]
        }
      ],
      "exp": "(len - 1)",
      "status": "unproven"
    },
    {
      "no": "35",
      "kind": "IO",
      "line": 667,
      "signatures": [
        {
          "contractName": "CWC_Sale",
          "methodName": "uint2str",
          "argTypes": [ "uint256" ]
        }
      ],
      "exp": "(48 + (i % 10))",
      "status": "proven"
    },
    {
      "no": "36",
      "kind": "IO",
      "line": 667,
      "signatures": [
        {
          "contractName": "CWC_Sale",
          "methodName": "uint2str",
          "argTypes": [ "uint256" ]
        }
      ],
      "exp": "(k - 1)",
      "status": "unproven"
    },
    {
      "no": "37",
      "kind": "IO",
      "line": 1063,
      "signatures": [
        {
          "contractName": "CWC_Sale",
          "methodName": "removeSomeCWCsFrom",
          "argTypes": [ "address", "uint256" ]
        },
        {
          "contractName": "CWC_Sale",
          "methodName": "transfer",
          "argTypes": [ "address", "uint256" ]
        },
        {
          "contractName": "CWC_Sale",
          "methodName": "transfer",
          "argTypes": [ "address", "uint256", "dbytes" ]
        }
      ],
      "exp": "(a - b)",
      "status": "proven"
    },
    {
      "no": "38",
      "kind": "IO",
      "line": 1067,
      "signatures": [
        {
          "contractName": "CWC_Sale",
          "methodName": "__callback",
          "argTypes": [ "bytes32", "string", "dbytes" ]
        },
        {
          "contractName": "CWC_Sale",
          "methodName": "addSomeCWCsTo",
          "argTypes": [ "address", "uint256" ]
        },
        {
          "contractName": "CWC_Sale",
          "methodName": "minterGivesCWC",
          "argTypes": [ "address", "uint256" ]
        },
        {
          "contractName": "CWC_Sale",
          "methodName": "transfer",
          "argTypes": [ "address", "uint256" ]
        },
        {
          "contractName": "CWC_Sale",
          "methodName": "transfer",
          "argTypes": [ "address", "uint256", "dbytes" ]
        }
      ],
      "exp": "(a + b)",
      "status": "unproven"
    },
    {
      "no": "39",
      "kind": "IO",
      "line": 1142,
      "signatures": [
        {
          "contractName": "CWC_Sale",
          "methodName": "addressToAsciiString",
          "argTypes": [ "address" ]
        }
      ],
      "exp": "(i + 1)",
      "status": "proven"
    },
    {
      "no": "40",
      "kind": "IO",
      "line": 1143,
      "signatures": [
        {
          "contractName": "CWC_Sale",
          "methodName": "addressToAsciiString",
          "argTypes": [ "address" ]
        }
      ],
      "exp": "(19 - i)",
      "status": "proven"
    },
    {
      "no": "41",
      "kind": "IO",
      "line": 1143,
      "signatures": [
        {
          "contractName": "CWC_Sale",
          "methodName": "addressToAsciiString",
          "argTypes": [ "address" ]
        }
      ],
      "exp": "(2 ** (8 * (19 - i)))",
      "status": "unproven"
    },
    {
      "no": "42",
      "kind": "IO",
      "line": 1143,
      "signatures": [
        {
          "contractName": "CWC_Sale",
          "methodName": "addressToAsciiString",
          "argTypes": [ "address" ]
        }
      ],
      "exp": "(8 * (19 - i))",
      "status": "unproven"
    },
    {
      "no": "43",
      "kind": "IO",
      "line": 1145,
      "signatures": [
        {
          "contractName": "CWC_Sale",
          "methodName": "addressToAsciiString",
          "argTypes": [ "address" ]
        }
      ],
      "exp": "(16 * uint8(hi))",
      "status": "unproven"
    },
    {
      "no": "44",
      "kind": "IO",
      "line": 1145,
      "signatures": [
        {
          "contractName": "CWC_Sale",
          "methodName": "addressToAsciiString",
          "argTypes": [ "address" ]
        }
      ],
      "exp": "(uint8(b) - (16 * uint8(hi)))",
      "status": "unproven"
    },
    {
      "no": "45",
      "kind": "IO",
      "line": 1146,
      "signatures": [
        {
          "contractName": "CWC_Sale",
          "methodName": "addressToAsciiString",
          "argTypes": [ "address" ]
        }
      ],
      "exp": "(2 * i)",
      "status": "unproven"
    },
    {
      "no": "46",
      "kind": "IO",
      "line": 1147,
      "signatures": [
        {
          "contractName": "CWC_Sale",
          "methodName": "addressToAsciiString",
          "argTypes": [ "address" ]
        }
      ],
      "exp": "((2 * i) + 1)",
      "status": "unproven"
    },
    {
      "no": "47",
      "kind": "IO",
      "line": 1147,
      "signatures": [
        {
          "contractName": "CWC_Sale",
          "methodName": "addressToAsciiString",
          "argTypes": [ "address" ]
        }
      ],
      "exp": "(2 * i)",
      "status": "unproven"
    },
    {
      "no": "48",
      "kind": "IO",
      "line": 1153,
      "signatures": [
        {
          "contractName": "CWC_Sale",
          "methodName": "addressToAsciiString",
          "argTypes": [ "address" ]
        }
      ],
      "exp": "(uint8(b) + 48)",
      "status": "proven"
    },
    {
      "no": "49",
      "kind": "IO",
      "line": 1154,
      "signatures": [
        {
          "contractName": "CWC_Sale",
          "methodName": "addressToAsciiString",
          "argTypes": [ "address" ]
        }
      ],
      "exp": "(uint8(b) + 87)",
      "status": "unproven"
    },
    {
      "no": "50",
      "kind": "IO",
      "line": 1390,
      "signatures": [
        {
          "contractName": "CWC_Sale",
          "methodName": "@fallback",
          "argTypes": []
        }
      ],
      "exp": "(1 * (10 ** 16))",
      "status": "proven"
    },
    {
      "no": "51",
      "kind": "IO",
      "line": 1390,
      "signatures": [
        {
          "contractName": "CWC_Sale",
          "methodName": "@fallback",
          "argTypes": []
        }
      ],
      "exp": "(10 ** 16)",
      "status": "proven"
    },
    {
      "no": "52",
      "kind": "IO",
      "line": 1398,
      "signatures": [
        {
          "contractName": "CWC_Sale",
          "methodName": "saleTransaction",
          "argTypes": []
        }
      ],
      "exp": "(10 ** 15)",
      "status": "proven"
    },
    {
      "no": "53",
      "kind": "IO",
      "line": 1398,
      "signatures": [
        {
          "contractName": "CWC_Sale",
          "methodName": "saleTransaction",
          "argTypes": []
        }
      ],
      "exp": "(maxFinneyPerSaleLessThan * (10 ** 15))",
      "status": "unproven"
    },
    {
      "no": "54",
      "kind": "IO",
      "line": 1398,
      "signatures": [
        {
          "contractName": "CWC_Sale",
          "methodName": "saleTransaction",
          "argTypes": []
        }
      ],
      "exp": "(minFinneyPerSaleMoreThan * (10 ** 15))",
      "status": "unproven"
    },
    {
      "no": "55",
      "kind": "IO",
      "line": 1462,
      "signatures": [
        {
          "contractName": "CWC_Sale",
          "methodName": "__callback",
          "argTypes": [ "bytes32", "string", "dbytes" ]
        }
      ],
      "exp": "((weiPaid[myid] - fixedFeeInWei) - ((weiPaid[myid] / 10000) * percentFeeTimes100))",
      "status": "unproven"
    },
    {
      "no": "56",
      "kind": "IO",
      "line": 1462,
      "signatures": [
        {
          "contractName": "CWC_Sale",
          "methodName": "__callback",
          "argTypes": [ "bytes32", "string", "dbytes" ]
        }
      ],
      "exp": "((weiPaid[myid] / 10000) * percentFeeTimes100)",
      "status": "unproven"
    },
    {
      "no": "57",
      "kind": "IO",
      "line": 1462,
      "signatures": [
        {
          "contractName": "CWC_Sale",
          "methodName": "__callback",
          "argTypes": [ "bytes32", "string", "dbytes" ]
        }
      ],
      "exp": "(weiPaid[myid] - fixedFeeInWei)",
      "status": "unproven"
    },
    {
      "no": "58",
      "kind": "IO",
      "line": 1502,
      "signatures": [
        {
          "contractName": "CWC_Sale",
          "methodName": "__callback",
          "argTypes": [ "bytes32", "string", "dbytes" ]
        }
      ],
      "exp": "((minFinneyToKeep * (10 ** 15)) + (minFinneyPerHedgeTransfer * (10 ** 15)))",
      "status": "unproven"
    },
    {
      "no": "59",
      "kind": "IO",
      "line": 1502,
      "signatures": [
        {
          "contractName": "CWC_Sale",
          "methodName": "__callback",
          "argTypes": [ "bytes32", "string", "dbytes" ]
        }
      ],
      "exp": "(10 ** 15)",
      "status": "proven"
    },
    {
      "no": "60",
      "kind": "IO",
      "line": 1502,
      "signatures": [
        {
          "contractName": "CWC_Sale",
          "methodName": "__callback",
          "argTypes": [ "bytes32", "string", "dbytes" ]
        }
      ],
      "exp": "(minFinneyPerHedgeTransfer * (10 ** 15))",
      "status": "unproven"
    },
    {
      "no": "61",
      "kind": "IO",
      "line": 1502,
      "signatures": [
        {
          "contractName": "CWC_Sale",
          "methodName": "__callback",
          "argTypes": [ "bytes32", "string", "dbytes" ]
        }
      ],
      "exp": "(minFinneyToKeep * (10 ** 15))",
      "status": "unproven"
    },
    {
      "no": "62",
      "kind": "IO",
      "line": 1503,
      "signatures": [
        {
          "contractName": "CWC_Sale",
          "methodName": "__callback",
          "argTypes": [ "bytes32", "string", "dbytes" ]
        }
      ],
      "exp": "(10 ** 15)",
      "status": "proven"
    },
    {
      "no": "63",
      "kind": "IO",
      "line": 1503,
      "signatures": [
        {
          "contractName": "CWC_Sale",
          "methodName": "__callback",
          "argTypes": [ "bytes32", "string", "dbytes" ]
        }
      ],
      "exp": "(minFinneyToKeep * (10 ** 15))",
      "status": "unproven"
    },
    {
      "no": "64",
      "kind": "IO",
      "line": 1503,
      "signatures": [
        {
          "contractName": "CWC_Sale",
          "methodName": "__callback",
          "argTypes": [ "bytes32", "string", "dbytes" ]
        }
      ],
      "exp": "(this.balance - (minFinneyToKeep * (10 ** 15)))",
      "status": "unproven"
    },
    {
      "no": "65",
      "kind": "DZ",
      "line": 662,
      "signatures": [
        {
          "contractName": "CWC_Sale",
          "methodName": "uint2str",
          "argTypes": [ "uint256" ]
        }
      ],
      "exp": "(j / 10)",
      "status": "proven"
    },
    {
      "no": "66",
      "kind": "DZ",
      "line": 667,
      "signatures": [
        {
          "contractName": "CWC_Sale",
          "methodName": "uint2str",
          "argTypes": [ "uint256" ]
        }
      ],
      "exp": "(i % 10)",
      "status": "proven"
    },
    {
      "no": "67",
      "kind": "DZ",
      "line": 668,
      "signatures": [
        {
          "contractName": "CWC_Sale",
          "methodName": "uint2str",
          "argTypes": [ "uint256" ]
        }
      ],
      "exp": "(i / 10)",
      "status": "proven"
    },
    {
      "no": "68",
      "kind": "DZ",
      "line": 1143,
      "signatures": [
        {
          "contractName": "CWC_Sale",
          "methodName": "addressToAsciiString",
          "argTypes": [ "address" ]
        }
      ],
      "exp": "(uint256(x) / (2 ** (8 * (19 - i))))",
      "status": "unproven"
    },
    {
      "no": "69",
      "kind": "DZ",
      "line": 1144,
      "signatures": [
        {
          "contractName": "CWC_Sale",
          "methodName": "addressToAsciiString",
          "argTypes": [ "address" ]
        }
      ],
      "exp": "(uint8(b) / 16)",
      "status": "proven"
    },
    {
      "no": "70",
      "kind": "DZ",
      "line": 1462,
      "signatures": [
        {
          "contractName": "CWC_Sale",
          "methodName": "__callback",
          "argTypes": [ "bytes32", "string", "dbytes" ]
        }
      ],
      "exp": "(weiPaid[myid] / 10000)",
      "status": "proven"
    },
    {
      "no": "71",
      "kind": "DZ",
      "line": 1463,
      "signatures": [
        {
          "contractName": "CWC_Sale",
          "methodName": "__callback",
          "argTypes": [ "bytes32", "string", "dbytes" ]
        }
      ],
      "exp": "(weiAfterFees / lastWeiPricePerCWC)",
      "status": "unproven"
    },
    {
      "no": "72",
      "kind": "KA",
      "line": 1512,
      "signatures": [
        {
          "contractName": "CWC_Sale",
          "methodName": "perform_selfdestruct",
          "argTypes": [ "uint256" ]
        }
      ],
      "exp": "selfdestruct(owner);",
      "status": "unproven"
    },
    {
      "no": "73",
      "kind": "ETH_LEAK",
      "line": 1470,
      "signatures": [
        {
          "contractName": "CWC_Sale",
          "methodName": "__callback",
          "argTypes": [ "bytes32", "string", "dbytes" ]
        }
      ],
      "exp": "waitingBuyer[myid].transfer(weiPaid[myid]);",
      "status": "unproven"
    },
    {
      "no": "74",
      "kind": "ETH_LEAK",
      "line": 1504,
      "signatures": [
        {
          "contractName": "CWC_Sale",
          "methodName": "__callback",
          "argTypes": [ "bytes32", "string", "dbytes" ]
        }
      ],
      "exp": "hedgeAddress.transfer(hedgeTransferAmountInWei);",
      "status": "unproven"
    },
    {
      "no": "75",
      "kind": "ETH_LEAK",
      "line": 1512,
      "signatures": [
        {
          "contractName": "CWC_Sale",
          "methodName": "perform_selfdestruct",
          "argTypes": [ "uint256" ]
        }
      ],
      "exp": "selfdestruct(owner);",
      "status": "unproven"
    }
  ]
}