{
  "fileName": "Benchmarks/Study_SamplesSet/52b192177711c0e46c4ff379014f10e3.sol",
  "baseName": "52b192177711c0e46c4ff379014f10e3.sol",
  "iter": 3,
  "time": "0.055755",
  "errMsg": null,
  "result": [
    {
      "no": "1",
      "kind": "ETH_LEAK",
      "line": 29,
      "signatures": [
        {
          "contractName": "CEOThrone",
          "methodName": "withdraw",
          "argTypes": []
        }
      ],
      "exp": "msg.sender.transfer(this.balance);",
      "status": "proven"
    }
  ]
}