{
  "fileName": "Benchmarks/Study_SamplesSet/532aba589ecbf1f9be5f332af38a0786.sol",
  "baseName": "532aba589ecbf1f9be5f332af38a0786.sol",
  "iter": 116,
  "time": "3592.495743",
  "errMsg": null,
  "result": [
    {
      "no": "1",
      "kind": "IO",
      "line": 54,
      "signatures": [
        {
          "contractName": "PonziTokenV3",
          "methodName": "getMeOutOfHere",
          "argTypes": []
        },
        {
          "contractName": "PonziTokenV3",
          "methodName": "withdraw",
          "argTypes": [ "uint256" ]
        }
      ],
      "exp": "(balance * PRECISION)",
      "status": "unproven"
    },
    {
      "no": "2",
      "kind": "IO",
      "line": 54,
      "signatures": [
        {
          "contractName": "PonziTokenV3",
          "methodName": "getMeOutOfHere",
          "argTypes": []
        },
        {
          "contractName": "PonziTokenV3",
          "methodName": "withdraw",
          "argTypes": [ "uint256" ]
        }
      ],
      "exp": "(payouts[msg.sender] + int256((balance * PRECISION)))",
      "status": "unproven"
    },
    {
      "no": "3",
      "kind": "IO",
      "line": 55,
      "signatures": [
        {
          "contractName": "PonziTokenV3",
          "methodName": "getMeOutOfHere",
          "argTypes": []
        },
        {
          "contractName": "PonziTokenV3",
          "methodName": "withdraw",
          "argTypes": [ "uint256" ]
        }
      ],
      "exp": "(balance * PRECISION)",
      "status": "unproven"
    },
    {
      "no": "4",
      "kind": "IO",
      "line": 55,
      "signatures": [
        {
          "contractName": "PonziTokenV3",
          "methodName": "getMeOutOfHere",
          "argTypes": []
        },
        {
          "contractName": "PonziTokenV3",
          "methodName": "withdraw",
          "argTypes": [ "uint256" ]
        }
      ],
      "exp": "(totalPayouts + int256((balance * PRECISION)))",
      "status": "unproven"
    },
    {
      "no": "5",
      "kind": "IO",
      "line": 111,
      "signatures": [
        {
          "contractName": "PonziTokenV3",
          "methodName": "sellMyTokensDaddy",
          "argTypes": []
        },
        {
          "contractName": "PonziTokenV3",
          "methodName": "transfer",
          "argTypes": [ "address", "uint256" ]
        },
        {
          "contractName": "PonziTokenV3",
          "methodName": "transferFrom",
          "argTypes": [ "address", "address", "uint256" ]
        },
        {
          "contractName": "PonziTokenV3",
          "methodName": "transferTokens",
          "argTypes": [ "address", "address", "uint256" ]
        }
      ],
      "exp": "(earningsPerShare * _value)",
      "status": "unproven"
    },
    {
      "no": "6",
      "kind": "IO",
      "line": 112,
      "signatures": [
        {
          "contractName": "PonziTokenV3",
          "methodName": "sellMyTokensDaddy",
          "argTypes": []
        },
        {
          "contractName": "PonziTokenV3",
          "methodName": "transfer",
          "argTypes": [ "address", "uint256" ]
        },
        {
          "contractName": "PonziTokenV3",
          "methodName": "transferFrom",
          "argTypes": [ "address", "address", "uint256" ]
        },
        {
          "contractName": "PonziTokenV3",
          "methodName": "transferTokens",
          "argTypes": [ "address", "address", "uint256" ]
        }
      ],
      "exp": "(balanceOfOld[_from] - _value)",
      "status": "proven"
    },
    {
      "no": "7",
      "kind": "IO",
      "line": 113,
      "signatures": [
        {
          "contractName": "PonziTokenV3",
          "methodName": "sellMyTokensDaddy",
          "argTypes": []
        },
        {
          "contractName": "PonziTokenV3",
          "methodName": "transfer",
          "argTypes": [ "address", "uint256" ]
        },
        {
          "contractName": "PonziTokenV3",
          "methodName": "transferFrom",
          "argTypes": [ "address", "address", "uint256" ]
        },
        {
          "contractName": "PonziTokenV3",
          "methodName": "transferTokens",
          "argTypes": [ "address", "address", "uint256" ]
        }
      ],
      "exp": "(balanceOfOld[_to] + _value)",
      "status": "unproven"
    },
    {
      "no": "8",
      "kind": "IO",
      "line": 114,
      "signatures": [
        {
          "contractName": "PonziTokenV3",
          "methodName": "sellMyTokensDaddy",
          "argTypes": []
        },
        {
          "contractName": "PonziTokenV3",
          "methodName": "transfer",
          "argTypes": [ "address", "uint256" ]
        },
        {
          "contractName": "PonziTokenV3",
          "methodName": "transferFrom",
          "argTypes": [ "address", "address", "uint256" ]
        },
        {
          "contractName": "PonziTokenV3",
          "methodName": "transferTokens",
          "argTypes": [ "address", "address", "uint256" ]
        }
      ],
      "exp": "(payouts[_from] - payoutDiff)",
      "status": "unproven"
    },
    {
      "no": "9",
      "kind": "IO",
      "line": 115,
      "signatures": [
        {
          "contractName": "PonziTokenV3",
          "methodName": "sellMyTokensDaddy",
          "argTypes": []
        },
        {
          "contractName": "PonziTokenV3",
          "methodName": "transfer",
          "argTypes": [ "address", "uint256" ]
        },
        {
          "contractName": "PonziTokenV3",
          "methodName": "transferFrom",
          "argTypes": [ "address", "address", "uint256" ]
        },
        {
          "contractName": "PonziTokenV3",
          "methodName": "transferTokens",
          "argTypes": [ "address", "address", "uint256" ]
        }
      ],
      "exp": "(payouts[_to] + payoutDiff)",
      "status": "unproven"
    },
    {
      "no": "10",
      "kind": "IO",
      "line": 128,
      "signatures": [
        {
          "contractName": "PonziTokenV3",
          "methodName": "transferFrom",
          "argTypes": [ "address", "address", "uint256" ]
        }
      ],
      "exp": "(_allowance - _value)",
      "status": "proven"
    },
    {
      "no": "11",
      "kind": "IO",
      "line": 143,
      "signatures": [
        {
          "contractName": "PonziTokenV3",
          "methodName": "@fallback",
          "argTypes": []
        },
        {
          "contractName": "PonziTokenV3",
          "methodName": "dividends",
          "argTypes": [ "address" ]
        },
        {
          "contractName": "PonziTokenV3",
          "methodName": "getMeOutOfHere",
          "argTypes": []
        },
        {
          "contractName": "PonziTokenV3",
          "methodName": "withdraw",
          "argTypes": [ "uint256" ]
        },
        {
          "contractName": "PonziTokenV3",
          "methodName": "withdrawOld",
          "argTypes": [ "address" ]
        }
      ],
      "exp": "(earningsPerShare * balanceOfOld[_owner])",
      "status": "unproven"
    },
    {
      "no": "12",
      "kind": "IO",
      "line": 143,
      "signatures": [
        {
          "contractName": "PonziTokenV3",
          "methodName": "@fallback",
          "argTypes": []
        },
        {
          "contractName": "PonziTokenV3",
          "methodName": "dividends",
          "argTypes": [ "address" ]
        },
        {
          "contractName": "PonziTokenV3",
          "methodName": "getMeOutOfHere",
          "argTypes": []
        },
        {
          "contractName": "PonziTokenV3",
          "methodName": "withdraw",
          "argTypes": [ "uint256" ]
        },
        {
          "contractName": "PonziTokenV3",
          "methodName": "withdrawOld",
          "argTypes": [ "address" ]
        }
      ],
      "exp": "(int256((earningsPerShare * balanceOfOld[_owner])) - payouts[_owner])",
      "status": "unproven"
    },
    {
      "no": "13",
      "kind": "IO",
      "line": 148,
      "signatures": [
        {
          "contractName": "PonziTokenV3",
          "methodName": "@fallback",
          "argTypes": []
        },
        {
          "contractName": "PonziTokenV3",
          "methodName": "withdrawOld",
          "argTypes": [ "address" ]
        }
      ],
      "exp": "(balance * PRECISION)",
      "status": "unproven"
    },
    {
      "no": "14",
      "kind": "IO",
      "line": 148,
      "signatures": [
        {
          "contractName": "PonziTokenV3",
          "methodName": "@fallback",
          "argTypes": []
        },
        {
          "contractName": "PonziTokenV3",
          "methodName": "withdrawOld",
          "argTypes": [ "address" ]
        }
      ],
      "exp": "(payouts[msg.sender] + int256((balance * PRECISION)))",
      "status": "unproven"
    },
    {
      "no": "15",
      "kind": "IO",
      "line": 149,
      "signatures": [
        {
          "contractName": "PonziTokenV3",
          "methodName": "@fallback",
          "argTypes": []
        },
        {
          "contractName": "PonziTokenV3",
          "methodName": "withdrawOld",
          "argTypes": [ "address" ]
        }
      ],
      "exp": "(balance * PRECISION)",
      "status": "unproven"
    },
    {
      "no": "16",
      "kind": "IO",
      "line": 149,
      "signatures": [
        {
          "contractName": "PonziTokenV3",
          "methodName": "@fallback",
          "argTypes": []
        },
        {
          "contractName": "PonziTokenV3",
          "methodName": "withdrawOld",
          "argTypes": [ "address" ]
        }
      ],
      "exp": "(totalPayouts + int256((balance * PRECISION)))",
      "status": "unproven"
    },
    {
      "no": "17",
      "kind": "IO",
      "line": 154,
      "signatures": [
        {
          "contractName": "PonziTokenV3",
          "methodName": "buy",
          "argTypes": []
        },
        {
          "contractName": "PonziTokenV3",
          "methodName": "buyPrice",
          "argTypes": []
        },
        {
          "contractName": "PonziTokenV3",
          "methodName": "getEtherForTokens",
          "argTypes": [ "uint256" ]
        },
        {
          "contractName": "PonziTokenV3",
          "methodName": "getTokensForEther",
          "argTypes": [ "uint256" ]
        },
        {
          "contractName": "PonziTokenV3",
          "methodName": "reserve",
          "argTypes": []
        },
        {
          "contractName": "PonziTokenV3",
          "methodName": "sell",
          "argTypes": [ "uint256" ]
        },
        {
          "contractName": "PonziTokenV3",
          "methodName": "sellPrice",
          "argTypes": []
        }
      ],
      "exp": "(this.balance - msg.value)",
      "status": "unproven"
    },
    {
      "no": "18",
      "kind": "IO",
      "line": 157,
      "signatures": [
        {
          "contractName": "PonziTokenV3",
          "methodName": "buy",
          "argTypes": []
        },
        {
          "contractName": "PonziTokenV3",
          "methodName": "buyPrice",
          "argTypes": []
        },
        {
          "contractName": "PonziTokenV3",
          "methodName": "getEtherForTokens",
          "argTypes": [ "uint256" ]
        },
        {
          "contractName": "PonziTokenV3",
          "methodName": "getTokensForEther",
          "argTypes": [ "uint256" ]
        },
        {
          "contractName": "PonziTokenV3",
          "methodName": "reserve",
          "argTypes": []
        },
        {
          "contractName": "PonziTokenV3",
          "methodName": "sell",
          "argTypes": [ "uint256" ]
        },
        {
          "contractName": "PonziTokenV3",
          "methodName": "sellPrice",
          "argTypes": []
        }
      ],
      "exp": "((balance() - (uint256((int256((earningsPerShare * totalSupply)) - totalPayouts)) / PRECISION)) - 1)",
      "status": "unproven"
    },
    {
      "no": "19",
      "kind": "IO",
      "line": 157,
      "signatures": [
        {
          "contractName": "PonziTokenV3",
          "methodName": "buy",
          "argTypes": []
        },
        {
          "contractName": "PonziTokenV3",
          "methodName": "buyPrice",
          "argTypes": []
        },
        {
          "contractName": "PonziTokenV3",
          "methodName": "getEtherForTokens",
          "argTypes": [ "uint256" ]
        },
        {
          "contractName": "PonziTokenV3",
          "methodName": "getTokensForEther",
          "argTypes": [ "uint256" ]
        },
        {
          "contractName": "PonziTokenV3",
          "methodName": "reserve",
          "argTypes": []
        },
        {
          "contractName": "PonziTokenV3",
          "methodName": "sell",
          "argTypes": [ "uint256" ]
        },
        {
          "contractName": "PonziTokenV3",
          "methodName": "sellPrice",
          "argTypes": []
        }
      ],
      "exp": "(balance() - (uint256((int256((earningsPerShare * totalSupply)) - totalPayouts)) / PRECISION))",
      "status": "unproven"
    },
    {
      "no": "20",
      "kind": "IO",
      "line": 158,
      "signatures": [
        {
          "contractName": "PonziTokenV3",
          "methodName": "buy",
          "argTypes": []
        },
        {
          "contractName": "PonziTokenV3",
          "methodName": "buyPrice",
          "argTypes": []
        },
        {
          "contractName": "PonziTokenV3",
          "methodName": "getEtherForTokens",
          "argTypes": [ "uint256" ]
        },
        {
          "contractName": "PonziTokenV3",
          "methodName": "getTokensForEther",
          "argTypes": [ "uint256" ]
        },
        {
          "contractName": "PonziTokenV3",
          "methodName": "reserve",
          "argTypes": []
        },
        {
          "contractName": "PonziTokenV3",
          "methodName": "sell",
          "argTypes": [ "uint256" ]
        },
        {
          "contractName": "PonziTokenV3",
          "methodName": "sellPrice",
          "argTypes": []
        }
      ],
      "exp": "(earningsPerShare * totalSupply)",
      "status": "unproven"
    },
    {
      "no": "21",
      "kind": "IO",
      "line": 158,
      "signatures": [
        {
          "contractName": "PonziTokenV3",
          "methodName": "buy",
          "argTypes": []
        },
        {
          "contractName": "PonziTokenV3",
          "methodName": "buyPrice",
          "argTypes": []
        },
        {
          "contractName": "PonziTokenV3",
          "methodName": "getEtherForTokens",
          "argTypes": [ "uint256" ]
        },
        {
          "contractName": "PonziTokenV3",
          "methodName": "getTokensForEther",
          "argTypes": [ "uint256" ]
        },
        {
          "contractName": "PonziTokenV3",
          "methodName": "reserve",
          "argTypes": []
        },
        {
          "contractName": "PonziTokenV3",
          "methodName": "sell",
          "argTypes": [ "uint256" ]
        },
        {
          "contractName": "PonziTokenV3",
          "methodName": "sellPrice",
          "argTypes": []
        }
      ],
      "exp": "(int256((earningsPerShare * totalSupply)) - totalPayouts)",
      "status": "unproven"
    },
    {
      "no": "22",
      "kind": "IO",
      "line": 169,
      "signatures": [
        {
          "contractName": "PonziTokenV3",
          "methodName": "buy",
          "argTypes": []
        }
      ],
      "exp": "(msg.value - fee)",
      "status": "proven"
    },
    {
      "no": "23",
      "kind": "IO",
      "line": 172,
      "signatures": [
        {
          "contractName": "PonziTokenV3",
          "methodName": "buy",
          "argTypes": []
        }
      ],
      "exp": "(fee * PRECISION)",
      "status": "unproven"
    },
    {
      "no": "24",
      "kind": "IO",
      "line": 177,
      "signatures": [
        {
          "contractName": "PonziTokenV3",
          "methodName": "buy",
          "argTypes": []
        }
      ],
      "exp": "(((reserve() + numEther) * numTokens) * PRECISION)",
      "status": "unproven"
    },
    {
      "no": "25",
      "kind": "IO",
      "line": 177,
      "signatures": [
        {
          "contractName": "PonziTokenV3",
          "methodName": "buy",
          "argTypes": []
        }
      ],
      "exp": "((PRECISION - (((((reserve() + numEther) * numTokens) * PRECISION) / (totalSupply + numTokens)) / numEther)) * uint256(CRRD))",
      "status": "unproven"
    },
    {
      "no": "26",
      "kind": "IO",
      "line": 177,
      "signatures": [
        {
          "contractName": "PonziTokenV3",
          "methodName": "buy",
          "argTypes": []
        }
      ],
      "exp": "((reserve() + numEther) * numTokens)",
      "status": "unproven"
    },
    {
      "no": "27",
      "kind": "IO",
      "line": 177,
      "signatures": [
        {
          "contractName": "PonziTokenV3",
          "methodName": "buy",
          "argTypes": []
        }
      ],
      "exp": "(PRECISION - (((((reserve() + numEther) * numTokens) * PRECISION) / (totalSupply + numTokens)) / numEther))",
      "status": "unproven"
    },
    {
      "no": "28",
      "kind": "IO",
      "line": 177,
      "signatures": [
        {
          "contractName": "PonziTokenV3",
          "methodName": "buy",
          "argTypes": []
        }
      ],
      "exp": "(reserve() + numEther)",
      "status": "unproven"
    },
    {
      "no": "29",
      "kind": "IO",
      "line": 177,
      "signatures": [
        {
          "contractName": "PonziTokenV3",
          "methodName": "buy",
          "argTypes": []
        }
      ],
      "exp": "(totalSupply + numTokens)",
      "status": "unproven"
    },
    {
      "no": "30",
      "kind": "IO",
      "line": 178,
      "signatures": [
        {
          "contractName": "PonziTokenV3",
          "methodName": "buy",
          "argTypes": []
        }
      ],
      "exp": "(CRRD - CRRN)",
      "status": "unproven"
    },
    {
      "no": "31",
      "kind": "IO",
      "line": 179,
      "signatures": [
        {
          "contractName": "PonziTokenV3",
          "methodName": "buy",
          "argTypes": []
        }
      ],
      "exp": "(fee * holderreward)",
      "status": "unproven"
    },
    {
      "no": "32",
      "kind": "IO",
      "line": 180,
      "signatures": [
        {
          "contractName": "PonziTokenV3",
          "methodName": "buy",
          "argTypes": []
        }
      ],
      "exp": "(buyerfee - holderfee)",
      "status": "unproven"
    },
    {
      "no": "33",
      "kind": "IO",
      "line": 184,
      "signatures": [
        {
          "contractName": "PonziTokenV3",
          "methodName": "buy",
          "argTypes": []
        }
      ],
      "exp": "(earningsPerShare + feePerShare)",
      "status": "unproven"
    },
    {
      "no": "34",
      "kind": "IO",
      "line": 187,
      "signatures": [
        {
          "contractName": "PonziTokenV3",
          "methodName": "buy",
          "argTypes": []
        }
      ],
      "exp": "(totalSupply + numTokens)",
      "status": "unproven"
    },
    {
      "no": "35",
      "kind": "IO",
      "line": 189,
      "signatures": [
        {
          "contractName": "PonziTokenV3",
          "methodName": "buy",
          "argTypes": []
        }
      ],
      "exp": "(balanceOfOld[sender] + numTokens)",
      "status": "unproven"
    },
    {
      "no": "36",
      "kind": "IO",
      "line": 192,
      "signatures": [
        {
          "contractName": "PonziTokenV3",
          "methodName": "buy",
          "argTypes": []
        }
      ],
      "exp": "((earningsPerShare * numTokens) - buyerfee)",
      "status": "unproven"
    },
    {
      "no": "37",
      "kind": "IO",
      "line": 192,
      "signatures": [
        {
          "contractName": "PonziTokenV3",
          "methodName": "buy",
          "argTypes": []
        }
      ],
      "exp": "(earningsPerShare * numTokens)",
      "status": "unproven"
    },
    {
      "no": "38",
      "kind": "IO",
      "line": 193,
      "signatures": [
        {
          "contractName": "PonziTokenV3",
          "methodName": "buy",
          "argTypes": []
        }
      ],
      "exp": "(payouts[sender] + payoutDiff)",
      "status": "unproven"
    },
    {
      "no": "39",
      "kind": "IO",
      "line": 194,
      "signatures": [
        {
          "contractName": "PonziTokenV3",
          "methodName": "buy",
          "argTypes": []
        }
      ],
      "exp": "(totalPayouts + payoutDiff)",
      "status": "unproven"
    },
    {
      "no": "40",
      "kind": "IO",
      "line": 200,
      "signatures": [
        {
          "contractName": "PonziTokenV3",
          "methodName": "sell",
          "argTypes": [ "uint256" ]
        },
        {
          "contractName": "PonziTokenV3",
          "methodName": "transferTokens",
          "argTypes": [ "address", "address", "uint256" ]
        }
      ],
      "exp": "(totalSupply - amount)",
      "status": "unproven"
    },
    {
      "no": "41",
      "kind": "IO",
      "line": 201,
      "signatures": [
        {
          "contractName": "PonziTokenV3",
          "methodName": "sell",
          "argTypes": [ "uint256" ]
        },
        {
          "contractName": "PonziTokenV3",
          "methodName": "transferTokens",
          "argTypes": [ "address", "address", "uint256" ]
        }
      ],
      "exp": "(balanceOfOld[msg.sender] - amount)",
      "status": "unproven"
    },
    {
      "no": "42",
      "kind": "IO",
      "line": 204,
      "signatures": [
        {
          "contractName": "PonziTokenV3",
          "methodName": "sell",
          "argTypes": [ "uint256" ]
        },
        {
          "contractName": "PonziTokenV3",
          "methodName": "transferTokens",
          "argTypes": [ "address", "address", "uint256" ]
        }
      ],
      "exp": "((earningsPerShare * amount) + (numEthers * PRECISION))",
      "status": "unproven"
    },
    {
      "no": "43",
      "kind": "IO",
      "line": 204,
      "signatures": [
        {
          "contractName": "PonziTokenV3",
          "methodName": "sell",
          "argTypes": [ "uint256" ]
        },
        {
          "contractName": "PonziTokenV3",
          "methodName": "transferTokens",
          "argTypes": [ "address", "address", "uint256" ]
        }
      ],
      "exp": "(earningsPerShare * amount)",
      "status": "unproven"
    },
    {
      "no": "44",
      "kind": "IO",
      "line": 204,
      "signatures": [
        {
          "contractName": "PonziTokenV3",
          "methodName": "sell",
          "argTypes": [ "uint256" ]
        },
        {
          "contractName": "PonziTokenV3",
          "methodName": "transferTokens",
          "argTypes": [ "address", "address", "uint256" ]
        }
      ],
      "exp": "(numEthers * PRECISION)",
      "status": "unproven"
    },
    {
      "no": "45",
      "kind": "IO",
      "line": 205,
      "signatures": [
        {
          "contractName": "PonziTokenV3",
          "methodName": "sell",
          "argTypes": [ "uint256" ]
        },
        {
          "contractName": "PonziTokenV3",
          "methodName": "transferTokens",
          "argTypes": [ "address", "address", "uint256" ]
        }
      ],
      "exp": "(payouts[msg.sender] - payoutDiff)",
      "status": "unproven"
    },
    {
      "no": "46",
      "kind": "IO",
      "line": 206,
      "signatures": [
        {
          "contractName": "PonziTokenV3",
          "methodName": "sell",
          "argTypes": [ "uint256" ]
        },
        {
          "contractName": "PonziTokenV3",
          "methodName": "transferTokens",
          "argTypes": [ "address", "address", "uint256" ]
        }
      ],
      "exp": "(totalPayouts - payoutDiff)",
      "status": "unproven"
    },
    {
      "no": "47",
      "kind": "IO",
      "line": 210,
      "signatures": [
        {
          "contractName": "PonziTokenV3",
          "methodName": "buy",
          "argTypes": []
        },
        {
          "contractName": "PonziTokenV3",
          "methodName": "buyPrice",
          "argTypes": []
        },
        {
          "contractName": "PonziTokenV3",
          "methodName": "getTokensForEther",
          "argTypes": [ "uint256" ]
        }
      ],
      "exp": "(((fixedLog((reserve() + ethervalue)) * CRRN) / CRRD) + LOGC)",
      "status": "unproven"
    },
    {
      "no": "48",
      "kind": "IO",
      "line": 210,
      "signatures": [
        {
          "contractName": "PonziTokenV3",
          "methodName": "buy",
          "argTypes": []
        },
        {
          "contractName": "PonziTokenV3",
          "methodName": "buyPrice",
          "argTypes": []
        },
        {
          "contractName": "PonziTokenV3",
          "methodName": "getTokensForEther",
          "argTypes": [ "uint256" ]
        }
      ],
      "exp": "(fixedExp((((fixedLog((reserve() + ethervalue)) * CRRN) / CRRD) + LOGC)) - totalSupply)",
      "status": "unproven"
    },
    {
      "no": "49",
      "kind": "IO",
      "line": 210,
      "signatures": [
        {
          "contractName": "PonziTokenV3",
          "methodName": "buy",
          "argTypes": []
        },
        {
          "contractName": "PonziTokenV3",
          "methodName": "buyPrice",
          "argTypes": []
        },
        {
          "contractName": "PonziTokenV3",
          "methodName": "getTokensForEther",
          "argTypes": [ "uint256" ]
        }
      ],
      "exp": "(fixedLog((reserve() + ethervalue)) * CRRN)",
      "status": "unproven"
    },
    {
      "no": "50",
      "kind": "IO",
      "line": 210,
      "signatures": [
        {
          "contractName": "PonziTokenV3",
          "methodName": "buy",
          "argTypes": []
        },
        {
          "contractName": "PonziTokenV3",
          "methodName": "buyPrice",
          "argTypes": []
        },
        {
          "contractName": "PonziTokenV3",
          "methodName": "getTokensForEther",
          "argTypes": [ "uint256" ]
        }
      ],
      "exp": "(reserve() + ethervalue)",
      "status": "unproven"
    },
    {
      "no": "51",
      "kind": "IO",
      "line": 216,
      "signatures": [
        {
          "contractName": "PonziTokenV3",
          "methodName": "getEtherForTokens",
          "argTypes": [ "uint256" ]
        },
        {
          "contractName": "PonziTokenV3",
          "methodName": "sell",
          "argTypes": [ "uint256" ]
        },
        {
          "contractName": "PonziTokenV3",
          "methodName": "sellPrice",
          "argTypes": []
        }
      ],
      "exp": "((fixedLog((totalSupply - tokens)) - LOGC) * CRRD)",
      "status": "unproven"
    },
    {
      "no": "52",
      "kind": "IO",
      "line": 216,
      "signatures": [
        {
          "contractName": "PonziTokenV3",
          "methodName": "getEtherForTokens",
          "argTypes": [ "uint256" ]
        },
        {
          "contractName": "PonziTokenV3",
          "methodName": "sell",
          "argTypes": [ "uint256" ]
        },
        {
          "contractName": "PonziTokenV3",
          "methodName": "sellPrice",
          "argTypes": []
        }
      ],
      "exp": "(fixedLog((totalSupply - tokens)) - LOGC)",
      "status": "unproven"
    },
    {
      "no": "53",
      "kind": "IO",
      "line": 216,
      "signatures": [
        {
          "contractName": "PonziTokenV3",
          "methodName": "getEtherForTokens",
          "argTypes": [ "uint256" ]
        },
        {
          "contractName": "PonziTokenV3",
          "methodName": "sell",
          "argTypes": [ "uint256" ]
        },
        {
          "contractName": "PonziTokenV3",
          "methodName": "sellPrice",
          "argTypes": []
        }
      ],
      "exp": "(reserve() - fixedExp((((fixedLog((totalSupply - tokens)) - LOGC) * CRRD) / CRRN)))",
      "status": "unproven"
    },
    {
      "no": "54",
      "kind": "IO",
      "line": 216,
      "signatures": [
        {
          "contractName": "PonziTokenV3",
          "methodName": "getEtherForTokens",
          "argTypes": [ "uint256" ]
        },
        {
          "contractName": "PonziTokenV3",
          "methodName": "sell",
          "argTypes": [ "uint256" ]
        },
        {
          "contractName": "PonziTokenV3",
          "methodName": "sellPrice",
          "argTypes": []
        }
      ],
      "exp": "(totalSupply - tokens)",
      "status": "unproven"
    },
    {
      "no": "55",
      "kind": "IO",
      "line": 235,
      "signatures": [
        {
          "contractName": "PonziTokenV3",
          "methodName": "fixedLog",
          "argTypes": [ "uint256" ]
        }
      ],
      "exp": "(scale + 1)",
      "status": "unproven"
    },
    {
      "no": "56",
      "kind": "IO",
      "line": 238,
      "signatures": [
        {
          "contractName": "PonziTokenV3",
          "methodName": "fixedLog",
          "argTypes": [ "uint256" ]
        }
      ],
      "exp": "(a * 2)",
      "status": "unproven"
    },
    {
      "no": "57",
      "kind": "IO",
      "line": 239,
      "signatures": [
        {
          "contractName": "PonziTokenV3",
          "methodName": "fixedLog",
          "argTypes": [ "uint256" ]
        }
      ],
      "exp": "(scale - 1)",
      "status": "unproven"
    },
    {
      "no": "58",
      "kind": "IO",
      "line": 241,
      "signatures": [
        {
          "contractName": "PonziTokenV3",
          "methodName": "fixedLog",
          "argTypes": [ "uint256" ]
        }
      ],
      "exp": "((int256(a) - one) * one)",
      "status": "unproven"
    },
    {
      "no": "59",
      "kind": "IO",
      "line": 241,
      "signatures": [
        {
          "contractName": "PonziTokenV3",
          "methodName": "fixedLog",
          "argTypes": [ "uint256" ]
        }
      ],
      "exp": "(int256(a) + one)",
      "status": "unproven"
    },
    {
      "no": "60",
      "kind": "IO",
      "line": 241,
      "signatures": [
        {
          "contractName": "PonziTokenV3",
          "methodName": "fixedLog",
          "argTypes": [ "uint256" ]
        }
      ],
      "exp": "(int256(a) - one)",
      "status": "unproven"
    },
    {
      "no": "61",
      "kind": "IO",
      "line": 245,
      "signatures": [
        {
          "contractName": "PonziTokenV3",
          "methodName": "fixedLog",
          "argTypes": [ "uint256" ]
        }
      ],
      "exp": "(s * s)",
      "status": "unproven"
    },
    {
      "no": "62",
      "kind": "IO",
      "line": 246,
      "signatures": [
        {
          "contractName": "PonziTokenV3",
          "methodName": "fixedLog",
          "argTypes": [ "uint256" ]
        }
      ],
      "exp": "((scale * ln2) + ((s * (c1 + ((z * (c3 + ((z * (c5 + ((z * (c7 + ((z * (c9 + ((z * c11) / one))) / one))) / one))) / one))) / one))) / one))",
      "status": "unproven"
    },
    {
      "no": "63",
      "kind": "IO",
      "line": 246,
      "signatures": [
        {
          "contractName": "PonziTokenV3",
          "methodName": "fixedLog",
          "argTypes": [ "uint256" ]
        }
      ],
      "exp": "(scale * ln2)",
      "status": "unproven"
    },
    {
      "no": "64",
      "kind": "IO",
      "line": 247,
      "signatures": [
        {
          "contractName": "PonziTokenV3",
          "methodName": "fixedLog",
          "argTypes": [ "uint256" ]
        }
      ],
      "exp": "(c1 + ((z * (c3 + ((z * (c5 + ((z * (c7 + ((z * (c9 + ((z * c11) / one))) / one))) / one))) / one))) / one))",
      "status": "unproven"
    },
    {
      "no": "65",
      "kind": "IO",
      "line": 247,
      "signatures": [
        {
          "contractName": "PonziTokenV3",
          "methodName": "fixedLog",
          "argTypes": [ "uint256" ]
        }
      ],
      "exp": "(c3 + ((z * (c5 + ((z * (c7 + ((z * (c9 + ((z * c11) / one))) / one))) / one))) / one))",
      "status": "unproven"
    },
    {
      "no": "66",
      "kind": "IO",
      "line": 247,
      "signatures": [
        {
          "contractName": "PonziTokenV3",
          "methodName": "fixedLog",
          "argTypes": [ "uint256" ]
        }
      ],
      "exp": "(c5 + ((z * (c7 + ((z * (c9 + ((z * c11) / one))) / one))) / one))",
      "status": "unproven"
    },
    {
      "no": "67",
      "kind": "IO",
      "line": 247,
      "signatures": [
        {
          "contractName": "PonziTokenV3",
          "methodName": "fixedLog",
          "argTypes": [ "uint256" ]
        }
      ],
      "exp": "(c7 + ((z * (c9 + ((z * c11) / one))) / one))",
      "status": "unproven"
    },
    {
      "no": "68",
      "kind": "IO",
      "line": 247,
      "signatures": [
        {
          "contractName": "PonziTokenV3",
          "methodName": "fixedLog",
          "argTypes": [ "uint256" ]
        }
      ],
      "exp": "(c9 + ((z * c11) / one))",
      "status": "unproven"
    },
    {
      "no": "69",
      "kind": "IO",
      "line": 247,
      "signatures": [
        {
          "contractName": "PonziTokenV3",
          "methodName": "fixedLog",
          "argTypes": [ "uint256" ]
        }
      ],
      "exp": "(s * (c1 + ((z * (c3 + ((z * (c5 + ((z * (c7 + ((z * (c9 + ((z * c11) / one))) / one))) / one))) / one))) / one)))",
      "status": "unproven"
    },
    {
      "no": "70",
      "kind": "IO",
      "line": 247,
      "signatures": [
        {
          "contractName": "PonziTokenV3",
          "methodName": "fixedLog",
          "argTypes": [ "uint256" ]
        }
      ],
      "exp": "(z * (c3 + ((z * (c5 + ((z * (c7 + ((z * (c9 + ((z * c11) / one))) / one))) / one))) / one)))",
      "status": "unproven"
    },
    {
      "no": "71",
      "kind": "IO",
      "line": 247,
      "signatures": [
        {
          "contractName": "PonziTokenV3",
          "methodName": "fixedLog",
          "argTypes": [ "uint256" ]
        }
      ],
      "exp": "(z * (c5 + ((z * (c7 + ((z * (c9 + ((z * c11) / one))) / one))) / one)))",
      "status": "unproven"
    },
    {
      "no": "72",
      "kind": "IO",
      "line": 247,
      "signatures": [
        {
          "contractName": "PonziTokenV3",
          "methodName": "fixedLog",
          "argTypes": [ "uint256" ]
        }
      ],
      "exp": "(z * (c7 + ((z * (c9 + ((z * c11) / one))) / one)))",
      "status": "unproven"
    },
    {
      "no": "73",
      "kind": "IO",
      "line": 247,
      "signatures": [
        {
          "contractName": "PonziTokenV3",
          "methodName": "fixedLog",
          "argTypes": [ "uint256" ]
        }
      ],
      "exp": "(z * (c9 + ((z * c11) / one)))",
      "status": "unproven"
    },
    {
      "no": "74",
      "kind": "IO",
      "line": 247,
      "signatures": [
        {
          "contractName": "PonziTokenV3",
          "methodName": "fixedLog",
          "argTypes": [ "uint256" ]
        }
      ],
      "exp": "(z * c11)",
      "status": "unproven"
    },
    {
      "no": "75",
      "kind": "IO",
      "line": 256,
      "signatures": [
        {
          "contractName": "PonziTokenV3",
          "methodName": "buy",
          "argTypes": []
        },
        {
          "contractName": "PonziTokenV3",
          "methodName": "buyPrice",
          "argTypes": []
        },
        {
          "contractName": "PonziTokenV3",
          "methodName": "getEtherForTokens",
          "argTypes": [ "uint256" ]
        },
        {
          "contractName": "PonziTokenV3",
          "methodName": "getTokensForEther",
          "argTypes": [ "uint256" ]
        },
        {
          "contractName": "PonziTokenV3",
          "methodName": "sell",
          "argTypes": [ "uint256" ]
        },
        {
          "contractName": "PonziTokenV3",
          "methodName": "sellPrice",
          "argTypes": []
        }
      ],
      "exp": "(((a + ln2_64dot5) / ln2) - 64)",
      "status": "unproven"
    },
    {
      "no": "76",
      "kind": "IO",
      "line": 256,
      "signatures": [
        {
          "contractName": "PonziTokenV3",
          "methodName": "buy",
          "argTypes": []
        },
        {
          "contractName": "PonziTokenV3",
          "methodName": "buyPrice",
          "argTypes": []
        },
        {
          "contractName": "PonziTokenV3",
          "methodName": "getEtherForTokens",
          "argTypes": [ "uint256" ]
        },
        {
          "contractName": "PonziTokenV3",
          "methodName": "getTokensForEther",
          "argTypes": [ "uint256" ]
        },
        {
          "contractName": "PonziTokenV3",
          "methodName": "sell",
          "argTypes": [ "uint256" ]
        },
        {
          "contractName": "PonziTokenV3",
          "methodName": "sellPrice",
          "argTypes": []
        }
      ],
      "exp": "(a + ln2_64dot5)",
      "status": "unproven"
    },
    {
      "no": "77",
      "kind": "IO",
      "line": 257,
      "signatures": [
        {
          "contractName": "PonziTokenV3",
          "methodName": "buy",
          "argTypes": []
        },
        {
          "contractName": "PonziTokenV3",
          "methodName": "buyPrice",
          "argTypes": []
        },
        {
          "contractName": "PonziTokenV3",
          "methodName": "getEtherForTokens",
          "argTypes": [ "uint256" ]
        },
        {
          "contractName": "PonziTokenV3",
          "methodName": "getTokensForEther",
          "argTypes": [ "uint256" ]
        },
        {
          "contractName": "PonziTokenV3",
          "methodName": "sell",
          "argTypes": [ "uint256" ]
        },
        {
          "contractName": "PonziTokenV3",
          "methodName": "sellPrice",
          "argTypes": []
        }
      ],
      "exp": "(a - (scale * ln2))",
      "status": "unproven"
    },
    {
      "no": "78",
      "kind": "IO",
      "line": 257,
      "signatures": [
        {
          "contractName": "PonziTokenV3",
          "methodName": "buy",
          "argTypes": []
        },
        {
          "contractName": "PonziTokenV3",
          "methodName": "buyPrice",
          "argTypes": []
        },
        {
          "contractName": "PonziTokenV3",
          "methodName": "getEtherForTokens",
          "argTypes": [ "uint256" ]
        },
        {
          "contractName": "PonziTokenV3",
          "methodName": "getTokensForEther",
          "argTypes": [ "uint256" ]
        },
        {
          "contractName": "PonziTokenV3",
          "methodName": "sell",
          "argTypes": [ "uint256" ]
        },
        {
          "contractName": "PonziTokenV3",
          "methodName": "sellPrice",
          "argTypes": []
        }
      ],
      "exp": "(scale * ln2)",
      "status": "unproven"
    },
    {
      "no": "79",
      "kind": "IO",
      "line": 261,
      "signatures": [
        {
          "contractName": "PonziTokenV3",
          "methodName": "buy",
          "argTypes": []
        },
        {
          "contractName": "PonziTokenV3",
          "methodName": "buyPrice",
          "argTypes": []
        },
        {
          "contractName": "PonziTokenV3",
          "methodName": "getEtherForTokens",
          "argTypes": [ "uint256" ]
        },
        {
          "contractName": "PonziTokenV3",
          "methodName": "getTokensForEther",
          "argTypes": [ "uint256" ]
        },
        {
          "contractName": "PonziTokenV3",
          "methodName": "sell",
          "argTypes": [ "uint256" ]
        },
        {
          "contractName": "PonziTokenV3",
          "methodName": "sellPrice",
          "argTypes": []
        }
      ],
      "exp": "(a * a)",
      "status": "unproven"
    },
    {
      "no": "80",
      "kind": "IO",
      "line": 262,
      "signatures": [
        {
          "contractName": "PonziTokenV3",
          "methodName": "buy",
          "argTypes": []
        },
        {
          "contractName": "PonziTokenV3",
          "methodName": "buyPrice",
          "argTypes": []
        },
        {
          "contractName": "PonziTokenV3",
          "methodName": "getEtherForTokens",
          "argTypes": [ "uint256" ]
        },
        {
          "contractName": "PonziTokenV3",
          "methodName": "getTokensForEther",
          "argTypes": [ "uint256" ]
        },
        {
          "contractName": "PonziTokenV3",
          "methodName": "sell",
          "argTypes": [ "uint256" ]
        },
        {
          "contractName": "PonziTokenV3",
          "methodName": "sellPrice",
          "argTypes": []
        }
      ],
      "exp": "((int256(2) * one) + ((z * (c2 + ((z * (c4 + ((z * (c6 + ((z * c8) / one))) / one))) / one))) / one))",
      "status": "unproven"
    },
    {
      "no": "81",
      "kind": "IO",
      "line": 262,
      "signatures": [
        {
          "contractName": "PonziTokenV3",
          "methodName": "buy",
          "argTypes": []
        },
        {
          "contractName": "PonziTokenV3",
          "methodName": "buyPrice",
          "argTypes": []
        },
        {
          "contractName": "PonziTokenV3",
          "methodName": "getEtherForTokens",
          "argTypes": [ "uint256" ]
        },
        {
          "contractName": "PonziTokenV3",
          "methodName": "getTokensForEther",
          "argTypes": [ "uint256" ]
        },
        {
          "contractName": "PonziTokenV3",
          "methodName": "sell",
          "argTypes": [ "uint256" ]
        },
        {
          "contractName": "PonziTokenV3",
          "methodName": "sellPrice",
          "argTypes": []
        }
      ],
      "exp": "(int256(2) * one)",
      "status": "unproven"
    },
    {
      "no": "82",
      "kind": "IO",
      "line": 263,
      "signatures": [
        {
          "contractName": "PonziTokenV3",
          "methodName": "buy",
          "argTypes": []
        },
        {
          "contractName": "PonziTokenV3",
          "methodName": "buyPrice",
          "argTypes": []
        },
        {
          "contractName": "PonziTokenV3",
          "methodName": "getEtherForTokens",
          "argTypes": [ "uint256" ]
        },
        {
          "contractName": "PonziTokenV3",
          "methodName": "getTokensForEther",
          "argTypes": [ "uint256" ]
        },
        {
          "contractName": "PonziTokenV3",
          "methodName": "sell",
          "argTypes": [ "uint256" ]
        },
        {
          "contractName": "PonziTokenV3",
          "methodName": "sellPrice",
          "argTypes": []
        }
      ],
      "exp": "(c2 + ((z * (c4 + ((z * (c6 + ((z * c8) / one))) / one))) / one))",
      "status": "unproven"
    },
    {
      "no": "83",
      "kind": "IO",
      "line": 263,
      "signatures": [
        {
          "contractName": "PonziTokenV3",
          "methodName": "buy",
          "argTypes": []
        },
        {
          "contractName": "PonziTokenV3",
          "methodName": "buyPrice",
          "argTypes": []
        },
        {
          "contractName": "PonziTokenV3",
          "methodName": "getEtherForTokens",
          "argTypes": [ "uint256" ]
        },
        {
          "contractName": "PonziTokenV3",
          "methodName": "getTokensForEther",
          "argTypes": [ "uint256" ]
        },
        {
          "contractName": "PonziTokenV3",
          "methodName": "sell",
          "argTypes": [ "uint256" ]
        },
        {
          "contractName": "PonziTokenV3",
          "methodName": "sellPrice",
          "argTypes": []
        }
      ],
      "exp": "(c4 + ((z * (c6 + ((z * c8) / one))) / one))",
      "status": "unproven"
    },
    {
      "no": "84",
      "kind": "IO",
      "line": 263,
      "signatures": [
        {
          "contractName": "PonziTokenV3",
          "methodName": "buy",
          "argTypes": []
        },
        {
          "contractName": "PonziTokenV3",
          "methodName": "buyPrice",
          "argTypes": []
        },
        {
          "contractName": "PonziTokenV3",
          "methodName": "getEtherForTokens",
          "argTypes": [ "uint256" ]
        },
        {
          "contractName": "PonziTokenV3",
          "methodName": "getTokensForEther",
          "argTypes": [ "uint256" ]
        },
        {
          "contractName": "PonziTokenV3",
          "methodName": "sell",
          "argTypes": [ "uint256" ]
        },
        {
          "contractName": "PonziTokenV3",
          "methodName": "sellPrice",
          "argTypes": []
        }
      ],
      "exp": "(c6 + ((z * c8) / one))",
      "status": "unproven"
    },
    {
      "no": "85",
      "kind": "IO",
      "line": 263,
      "signatures": [
        {
          "contractName": "PonziTokenV3",
          "methodName": "buy",
          "argTypes": []
        },
        {
          "contractName": "PonziTokenV3",
          "methodName": "buyPrice",
          "argTypes": []
        },
        {
          "contractName": "PonziTokenV3",
          "methodName": "getEtherForTokens",
          "argTypes": [ "uint256" ]
        },
        {
          "contractName": "PonziTokenV3",
          "methodName": "getTokensForEther",
          "argTypes": [ "uint256" ]
        },
        {
          "contractName": "PonziTokenV3",
          "methodName": "sell",
          "argTypes": [ "uint256" ]
        },
        {
          "contractName": "PonziTokenV3",
          "methodName": "sellPrice",
          "argTypes": []
        }
      ],
      "exp": "(z * (c2 + ((z * (c4 + ((z * (c6 + ((z * c8) / one))) / one))) / one)))",
      "status": "unproven"
    },
    {
      "no": "86",
      "kind": "IO",
      "line": 263,
      "signatures": [
        {
          "contractName": "PonziTokenV3",
          "methodName": "buy",
          "argTypes": []
        },
        {
          "contractName": "PonziTokenV3",
          "methodName": "buyPrice",
          "argTypes": []
        },
        {
          "contractName": "PonziTokenV3",
          "methodName": "getEtherForTokens",
          "argTypes": [ "uint256" ]
        },
        {
          "contractName": "PonziTokenV3",
          "methodName": "getTokensForEther",
          "argTypes": [ "uint256" ]
        },
        {
          "contractName": "PonziTokenV3",
          "methodName": "sell",
          "argTypes": [ "uint256" ]
        },
        {
          "contractName": "PonziTokenV3",
          "methodName": "sellPrice",
          "argTypes": []
        }
      ],
      "exp": "(z * (c4 + ((z * (c6 + ((z * c8) / one))) / one)))",
      "status": "unproven"
    },
    {
      "no": "87",
      "kind": "IO",
      "line": 263,
      "signatures": [
        {
          "contractName": "PonziTokenV3",
          "methodName": "buy",
          "argTypes": []
        },
        {
          "contractName": "PonziTokenV3",
          "methodName": "buyPrice",
          "argTypes": []
        },
        {
          "contractName": "PonziTokenV3",
          "methodName": "getEtherForTokens",
          "argTypes": [ "uint256" ]
        },
        {
          "contractName": "PonziTokenV3",
          "methodName": "getTokensForEther",
          "argTypes": [ "uint256" ]
        },
        {
          "contractName": "PonziTokenV3",
          "methodName": "sell",
          "argTypes": [ "uint256" ]
        },
        {
          "contractName": "PonziTokenV3",
          "methodName": "sellPrice",
          "argTypes": []
        }
      ],
      "exp": "(z * (c6 + ((z * c8) / one)))",
      "status": "unproven"
    },
    {
      "no": "88",
      "kind": "IO",
      "line": 263,
      "signatures": [
        {
          "contractName": "PonziTokenV3",
          "methodName": "buy",
          "argTypes": []
        },
        {
          "contractName": "PonziTokenV3",
          "methodName": "buyPrice",
          "argTypes": []
        },
        {
          "contractName": "PonziTokenV3",
          "methodName": "getEtherForTokens",
          "argTypes": [ "uint256" ]
        },
        {
          "contractName": "PonziTokenV3",
          "methodName": "getTokensForEther",
          "argTypes": [ "uint256" ]
        },
        {
          "contractName": "PonziTokenV3",
          "methodName": "sell",
          "argTypes": [ "uint256" ]
        },
        {
          "contractName": "PonziTokenV3",
          "methodName": "sellPrice",
          "argTypes": []
        }
      ],
      "exp": "(z * c8)",
      "status": "unproven"
    },
    {
      "no": "89",
      "kind": "IO",
      "line": 264,
      "signatures": [
        {
          "contractName": "PonziTokenV3",
          "methodName": "buy",
          "argTypes": []
        },
        {
          "contractName": "PonziTokenV3",
          "methodName": "buyPrice",
          "argTypes": []
        },
        {
          "contractName": "PonziTokenV3",
          "methodName": "getEtherForTokens",
          "argTypes": [ "uint256" ]
        },
        {
          "contractName": "PonziTokenV3",
          "methodName": "getTokensForEther",
          "argTypes": [ "uint256" ]
        },
        {
          "contractName": "PonziTokenV3",
          "methodName": "sell",
          "argTypes": [ "uint256" ]
        },
        {
          "contractName": "PonziTokenV3",
          "methodName": "sellPrice",
          "argTypes": []
        }
      ],
      "exp": "((R + a) * one)",
      "status": "unproven"
    },
    {
      "no": "90",
      "kind": "IO",
      "line": 264,
      "signatures": [
        {
          "contractName": "PonziTokenV3",
          "methodName": "buy",
          "argTypes": []
        },
        {
          "contractName": "PonziTokenV3",
          "methodName": "buyPrice",
          "argTypes": []
        },
        {
          "contractName": "PonziTokenV3",
          "methodName": "getEtherForTokens",
          "argTypes": [ "uint256" ]
        },
        {
          "contractName": "PonziTokenV3",
          "methodName": "getTokensForEther",
          "argTypes": [ "uint256" ]
        },
        {
          "contractName": "PonziTokenV3",
          "methodName": "sell",
          "argTypes": [ "uint256" ]
        },
        {
          "contractName": "PonziTokenV3",
          "methodName": "sellPrice",
          "argTypes": []
        }
      ],
      "exp": "(R + a)",
      "status": "unproven"
    },
    {
      "no": "91",
      "kind": "IO",
      "line": 264,
      "signatures": [
        {
          "contractName": "PonziTokenV3",
          "methodName": "buy",
          "argTypes": []
        },
        {
          "contractName": "PonziTokenV3",
          "methodName": "buyPrice",
          "argTypes": []
        },
        {
          "contractName": "PonziTokenV3",
          "methodName": "getEtherForTokens",
          "argTypes": [ "uint256" ]
        },
        {
          "contractName": "PonziTokenV3",
          "methodName": "getTokensForEther",
          "argTypes": [ "uint256" ]
        },
        {
          "contractName": "PonziTokenV3",
          "methodName": "sell",
          "argTypes": [ "uint256" ]
        },
        {
          "contractName": "PonziTokenV3",
          "methodName": "sellPrice",
          "argTypes": []
        }
      ],
      "exp": "(R - a)",
      "status": "unproven"
    },
    {
      "no": "92",
      "kind": "DZ",
      "line": 143,
      "signatures": [
        {
          "contractName": "PonziTokenV3",
          "methodName": "@fallback",
          "argTypes": []
        },
        {
          "contractName": "PonziTokenV3",
          "methodName": "dividends",
          "argTypes": [ "address" ]
        },
        {
          "contractName": "PonziTokenV3",
          "methodName": "getMeOutOfHere",
          "argTypes": []
        },
        {
          "contractName": "PonziTokenV3",
          "methodName": "withdraw",
          "argTypes": [ "uint256" ]
        },
        {
          "contractName": "PonziTokenV3",
          "methodName": "withdrawOld",
          "argTypes": [ "address" ]
        }
      ],
      "exp": "(uint256((int256((earningsPerShare * balanceOfOld[_owner])) - payouts[_owner])) / PRECISION)",
      "status": "proven"
    },
    {
      "no": "93",
      "kind": "DZ",
      "line": 158,
      "signatures": [
        {
          "contractName": "PonziTokenV3",
          "methodName": "buy",
          "argTypes": []
        },
        {
          "contractName": "PonziTokenV3",
          "methodName": "buyPrice",
          "argTypes": []
        },
        {
          "contractName": "PonziTokenV3",
          "methodName": "getEtherForTokens",
          "argTypes": [ "uint256" ]
        },
        {
          "contractName": "PonziTokenV3",
          "methodName": "getTokensForEther",
          "argTypes": [ "uint256" ]
        },
        {
          "contractName": "PonziTokenV3",
          "methodName": "reserve",
          "argTypes": []
        },
        {
          "contractName": "PonziTokenV3",
          "methodName": "sell",
          "argTypes": [ "uint256" ]
        },
        {
          "contractName": "PonziTokenV3",
          "methodName": "sellPrice",
          "argTypes": []
        }
      ],
      "exp": "(uint256((int256((earningsPerShare * totalSupply)) - totalPayouts)) / PRECISION)",
      "status": "proven"
    },
    {
      "no": "94",
      "kind": "DZ",
      "line": 166,
      "signatures": [
        {
          "contractName": "PonziTokenV3",
          "methodName": "buy",
          "argTypes": []
        }
      ],
      "exp": "(msg.value / 10)",
      "status": "proven"
    },
    {
      "no": "95",
      "kind": "DZ",
      "line": 177,
      "signatures": [
        {
          "contractName": "PonziTokenV3",
          "methodName": "buy",
          "argTypes": []
        }
      ],
      "exp": "(((((reserve() + numEther) * numTokens) * PRECISION) / (totalSupply + numTokens)) / numEther)",
      "status": "proven"
    },
    {
      "no": "96",
      "kind": "DZ",
      "line": 177,
      "signatures": [
        {
          "contractName": "PonziTokenV3",
          "methodName": "buy",
          "argTypes": []
        }
      ],
      "exp": "((((reserve() + numEther) * numTokens) * PRECISION) / (totalSupply + numTokens))",
      "status": "unproven"
    },
    {
      "no": "97",
      "kind": "DZ",
      "line": 177,
      "signatures": [
        {
          "contractName": "PonziTokenV3",
          "methodName": "buy",
          "argTypes": []
        }
      ],
      "exp": "(((PRECISION - (((((reserve() + numEther) * numTokens) * PRECISION) / (totalSupply + numTokens)) / numEther)) * uint256(CRRD)) / uint256((CRRD - CRRN)))",
      "status": "unproven"
    },
    {
      "no": "98",
      "kind": "DZ",
      "line": 183,
      "signatures": [
        {
          "contractName": "PonziTokenV3",
          "methodName": "buy",
          "argTypes": []
        }
      ],
      "exp": "(holderfee / totalSupply)",
      "status": "proven"
    },
    {
      "no": "99",
      "kind": "DZ",
      "line": 210,
      "signatures": [
        {
          "contractName": "PonziTokenV3",
          "methodName": "buy",
          "argTypes": []
        },
        {
          "contractName": "PonziTokenV3",
          "methodName": "buyPrice",
          "argTypes": []
        },
        {
          "contractName": "PonziTokenV3",
          "methodName": "getTokensForEther",
          "argTypes": [ "uint256" ]
        }
      ],
      "exp": "((fixedLog((reserve() + ethervalue)) * CRRN) / CRRD)",
      "status": "unproven"
    },
    {
      "no": "100",
      "kind": "DZ",
      "line": 216,
      "signatures": [
        {
          "contractName": "PonziTokenV3",
          "methodName": "getEtherForTokens",
          "argTypes": [ "uint256" ]
        },
        {
          "contractName": "PonziTokenV3",
          "methodName": "sell",
          "argTypes": [ "uint256" ]
        },
        {
          "contractName": "PonziTokenV3",
          "methodName": "sellPrice",
          "argTypes": []
        }
      ],
      "exp": "(((fixedLog((totalSupply - tokens)) - LOGC) * CRRD) / CRRN)",
      "status": "unproven"
    },
    {
      "no": "101",
      "kind": "DZ",
      "line": 234,
      "signatures": [
        {
          "contractName": "PonziTokenV3",
          "methodName": "fixedLog",
          "argTypes": [ "uint256" ]
        }
      ],
      "exp": "(a / 2)",
      "status": "proven"
    },
    {
      "no": "102",
      "kind": "DZ",
      "line": 241,
      "signatures": [
        {
          "contractName": "PonziTokenV3",
          "methodName": "fixedLog",
          "argTypes": [ "uint256" ]
        }
      ],
      "exp": "(((int256(a) - one) * one) / (int256(a) + one))",
      "status": "unproven"
    },
    {
      "no": "103",
      "kind": "DZ",
      "line": 245,
      "signatures": [
        {
          "contractName": "PonziTokenV3",
          "methodName": "fixedLog",
          "argTypes": [ "uint256" ]
        }
      ],
      "exp": "((s * s) / one)",
      "status": "unproven"
    },
    {
      "no": "104",
      "kind": "DZ",
      "line": 247,
      "signatures": [
        {
          "contractName": "PonziTokenV3",
          "methodName": "fixedLog",
          "argTypes": [ "uint256" ]
        }
      ],
      "exp": "((s * (c1 + ((z * (c3 + ((z * (c5 + ((z * (c7 + ((z * (c9 + ((z * c11) / one))) / one))) / one))) / one))) / one))) / one)",
      "status": "proven"
    },
    {
      "no": "105",
      "kind": "DZ",
      "line": 247,
      "signatures": [
        {
          "contractName": "PonziTokenV3",
          "methodName": "fixedLog",
          "argTypes": [ "uint256" ]
        }
      ],
      "exp": "((z * (c3 + ((z * (c5 + ((z * (c7 + ((z * (c9 + ((z * c11) / one))) / one))) / one))) / one))) / one)",
      "status": "proven"
    },
    {
      "no": "106",
      "kind": "DZ",
      "line": 247,
      "signatures": [
        {
          "contractName": "PonziTokenV3",
          "methodName": "fixedLog",
          "argTypes": [ "uint256" ]
        }
      ],
      "exp": "((z * (c5 + ((z * (c7 + ((z * (c9 + ((z * c11) / one))) / one))) / one))) / one)",
      "status": "proven"
    },
    {
      "no": "107",
      "kind": "DZ",
      "line": 247,
      "signatures": [
        {
          "contractName": "PonziTokenV3",
          "methodName": "fixedLog",
          "argTypes": [ "uint256" ]
        }
      ],
      "exp": "((z * (c7 + ((z * (c9 + ((z * c11) / one))) / one))) / one)",
      "status": "proven"
    },
    {
      "no": "108",
      "kind": "DZ",
      "line": 247,
      "signatures": [
        {
          "contractName": "PonziTokenV3",
          "methodName": "fixedLog",
          "argTypes": [ "uint256" ]
        }
      ],
      "exp": "((z * (c9 + ((z * c11) / one))) / one)",
      "status": "proven"
    },
    {
      "no": "109",
      "kind": "DZ",
      "line": 247,
      "signatures": [
        {
          "contractName": "PonziTokenV3",
          "methodName": "fixedLog",
          "argTypes": [ "uint256" ]
        }
      ],
      "exp": "((z * c11) / one)",
      "status": "proven"
    },
    {
      "no": "110",
      "kind": "DZ",
      "line": 256,
      "signatures": [
        {
          "contractName": "PonziTokenV3",
          "methodName": "buy",
          "argTypes": []
        },
        {
          "contractName": "PonziTokenV3",
          "methodName": "buyPrice",
          "argTypes": []
        },
        {
          "contractName": "PonziTokenV3",
          "methodName": "getEtherForTokens",
          "argTypes": [ "uint256" ]
        },
        {
          "contractName": "PonziTokenV3",
          "methodName": "getTokensForEther",
          "argTypes": [ "uint256" ]
        },
        {
          "contractName": "PonziTokenV3",
          "methodName": "sell",
          "argTypes": [ "uint256" ]
        },
        {
          "contractName": "PonziTokenV3",
          "methodName": "sellPrice",
          "argTypes": []
        }
      ],
      "exp": "((a + ln2_64dot5) / ln2)",
      "status": "unproven"
    },
    {
      "no": "111",
      "kind": "DZ",
      "line": 261,
      "signatures": [
        {
          "contractName": "PonziTokenV3",
          "methodName": "buy",
          "argTypes": []
        },
        {
          "contractName": "PonziTokenV3",
          "methodName": "buyPrice",
          "argTypes": []
        },
        {
          "contractName": "PonziTokenV3",
          "methodName": "getEtherForTokens",
          "argTypes": [ "uint256" ]
        },
        {
          "contractName": "PonziTokenV3",
          "methodName": "getTokensForEther",
          "argTypes": [ "uint256" ]
        },
        {
          "contractName": "PonziTokenV3",
          "methodName": "sell",
          "argTypes": [ "uint256" ]
        },
        {
          "contractName": "PonziTokenV3",
          "methodName": "sellPrice",
          "argTypes": []
        }
      ],
      "exp": "((a * a) / one)",
      "status": "unproven"
    },
    {
      "no": "112",
      "kind": "DZ",
      "line": 263,
      "signatures": [
        {
          "contractName": "PonziTokenV3",
          "methodName": "buy",
          "argTypes": []
        },
        {
          "contractName": "PonziTokenV3",
          "methodName": "buyPrice",
          "argTypes": []
        },
        {
          "contractName": "PonziTokenV3",
          "methodName": "getEtherForTokens",
          "argTypes": [ "uint256" ]
        },
        {
          "contractName": "PonziTokenV3",
          "methodName": "getTokensForEther",
          "argTypes": [ "uint256" ]
        },
        {
          "contractName": "PonziTokenV3",
          "methodName": "sell",
          "argTypes": [ "uint256" ]
        },
        {
          "contractName": "PonziTokenV3",
          "methodName": "sellPrice",
          "argTypes": []
        }
      ],
      "exp": "((z * (c2 + ((z * (c4 + ((z * (c6 + ((z * c8) / one))) / one))) / one))) / one)",
      "status": "proven"
    },
    {
      "no": "113",
      "kind": "DZ",
      "line": 263,
      "signatures": [
        {
          "contractName": "PonziTokenV3",
          "methodName": "buy",
          "argTypes": []
        },
        {
          "contractName": "PonziTokenV3",
          "methodName": "buyPrice",
          "argTypes": []
        },
        {
          "contractName": "PonziTokenV3",
          "methodName": "getEtherForTokens",
          "argTypes": [ "uint256" ]
        },
        {
          "contractName": "PonziTokenV3",
          "methodName": "getTokensForEther",
          "argTypes": [ "uint256" ]
        },
        {
          "contractName": "PonziTokenV3",
          "methodName": "sell",
          "argTypes": [ "uint256" ]
        },
        {
          "contractName": "PonziTokenV3",
          "methodName": "sellPrice",
          "argTypes": []
        }
      ],
      "exp": "((z * (c4 + ((z * (c6 + ((z * c8) / one))) / one))) / one)",
      "status": "proven"
    },
    {
      "no": "114",
      "kind": "DZ",
      "line": 263,
      "signatures": [
        {
          "contractName": "PonziTokenV3",
          "methodName": "buy",
          "argTypes": []
        },
        {
          "contractName": "PonziTokenV3",
          "methodName": "buyPrice",
          "argTypes": []
        },
        {
          "contractName": "PonziTokenV3",
          "methodName": "getEtherForTokens",
          "argTypes": [ "uint256" ]
        },
        {
          "contractName": "PonziTokenV3",
          "methodName": "getTokensForEther",
          "argTypes": [ "uint256" ]
        },
        {
          "contractName": "PonziTokenV3",
          "methodName": "sell",
          "argTypes": [ "uint256" ]
        },
        {
          "contractName": "PonziTokenV3",
          "methodName": "sellPrice",
          "argTypes": []
        }
      ],
      "exp": "((z * (c6 + ((z * c8) / one))) / one)",
      "status": "proven"
    },
    {
      "no": "115",
      "kind": "DZ",
      "line": 263,
      "signatures": [
        {
          "contractName": "PonziTokenV3",
          "methodName": "buy",
          "argTypes": []
        },
        {
          "contractName": "PonziTokenV3",
          "methodName": "buyPrice",
          "argTypes": []
        },
        {
          "contractName": "PonziTokenV3",
          "methodName": "getEtherForTokens",
          "argTypes": [ "uint256" ]
        },
        {
          "contractName": "PonziTokenV3",
          "methodName": "getTokensForEther",
          "argTypes": [ "uint256" ]
        },
        {
          "contractName": "PonziTokenV3",
          "methodName": "sell",
          "argTypes": [ "uint256" ]
        },
        {
          "contractName": "PonziTokenV3",
          "methodName": "sellPrice",
          "argTypes": []
        }
      ],
      "exp": "((z * c8) / one)",
      "status": "proven"
    },
    {
      "no": "116",
      "kind": "DZ",
      "line": 264,
      "signatures": [
        {
          "contractName": "PonziTokenV3",
          "methodName": "buy",
          "argTypes": []
        },
        {
          "contractName": "PonziTokenV3",
          "methodName": "buyPrice",
          "argTypes": []
        },
        {
          "contractName": "PonziTokenV3",
          "methodName": "getEtherForTokens",
          "argTypes": [ "uint256" ]
        },
        {
          "contractName": "PonziTokenV3",
          "methodName": "getTokensForEther",
          "argTypes": [ "uint256" ]
        },
        {
          "contractName": "PonziTokenV3",
          "methodName": "sell",
          "argTypes": [ "uint256" ]
        },
        {
          "contractName": "PonziTokenV3",
          "methodName": "sellPrice",
          "argTypes": []
        }
      ],
      "exp": "(((R + a) * one) / (R - a))",
      "status": "unproven"
    },
    {
      "no": "117",
      "kind": "ETH_LEAK",
      "line": 56,
      "signatures": [
        {
          "contractName": "PonziTokenV3",
          "methodName": "getMeOutOfHere",
          "argTypes": []
        },
        {
          "contractName": "PonziTokenV3",
          "methodName": "withdraw",
          "argTypes": [ "uint256" ]
        }
      ],
      "exp": "msg.sender.transfer(balance);",
      "status": "unproven"
    },
    {
      "no": "118",
      "kind": "ETH_LEAK",
      "line": 150,
      "signatures": [
        {
          "contractName": "PonziTokenV3",
          "methodName": "@fallback",
          "argTypes": []
        },
        {
          "contractName": "PonziTokenV3",
          "methodName": "withdrawOld",
          "argTypes": [ "address" ]
        }
      ],
      "exp": "to.transfer(balance);",
      "status": "unproven"
    }
  ]
}