{
  "fileName": "Benchmarks/Study_SamplesSet/55d078d9b5cdda996c1578c5320af52f.sol",
  "baseName": "55d078d9b5cdda996c1578c5320af52f.sol",
  "iter": 3,
  "time": "0.101226",
  "errMsg": null,
  "result": [
    {
      "no": "1",
      "kind": "ETH_LEAK",
      "line": 10,
      "signatures": [
        {
          "contractName": "enigma",
          "methodName": "Try",
          "argTypes": [ "string" ]
        }
      ],
      "exp": "msg.sender.transfer(this.balance);",
      "status": "unproven"
    },
    {
      "no": "2",
      "kind": "ETH_LEAK",
      "line": 34,
      "signatures": [
        {
          "contractName": "enigma",
          "methodName": "StopGame",
          "argTypes": []
        }
      ],
      "exp": "msg.sender.transfer(this.balance);",
      "status": "unproven"
    }
  ]
}