{
  "fileName": "Benchmarks/Study_SamplesSet/59f438041a2de5dbd6af27db74567660.sol",
  "baseName": "59f438041a2de5dbd6af27db74567660.sol",
  "iter": 362,
  "time": "300.360555",
  "errMsg": null,
  "result": [
    {
      "no": "1",
      "kind": "IO",
      "line": 17,
      "signatures": [
        {
          "contractName": "BirthdayCandy",
          "methodName": "BirthdayCandy",
          "argTypes": []
        },
        {
          "contractName": "BirthdayCandy",
          "methodName": "burn",
          "argTypes": [ "uint256" ]
        },
        {
          "contractName": "BirthdayCandy",
          "methodName": "distr",
          "argTypes": [ "address", "uint256" ]
        },
        {
          "contractName": "BirthdayCandy",
          "methodName": "transfer",
          "argTypes": [ "address", "uint256" ]
        },
        {
          "contractName": "BirthdayCandy",
          "methodName": "transferFrom",
          "argTypes": [ "address", "address", "uint256" ]
        }
      ],
      "exp": "(a - b)",
      "status": "proven"
    },
    {
      "no": "2",
      "kind": "IO",
      "line": 21,
      "signatures": [
        {
          "contractName": "BirthdayCandy",
          "methodName": "distr",
          "argTypes": [ "address", "uint256" ]
        },
        {
          "contractName": "BirthdayCandy",
          "methodName": "transfer",
          "argTypes": [ "address", "uint256" ]
        },
        {
          "contractName": "BirthdayCandy",
          "methodName": "transferFrom",
          "argTypes": [ "address", "address", "uint256" ]
        }
      ],
      "exp": "(a + b)",
      "status": "unproven"
    },
    {
      "no": "3",
      "kind": "IO",
      "line": 132,
      "signatures": [
        {
          "contractName": "BirthdayCandy",
          "methodName": "airdrop",
          "argTypes": [ "address[]" ]
        }
      ],
      "exp": "(i + 1)",
      "status": "proven"
    },
    {
      "no": "4",
      "kind": "IO",
      "line": 147,
      "signatures": [
        {
          "contractName": "BirthdayCandy",
          "methodName": "distribution",
          "argTypes": [ "address[]", "uint256" ]
        }
      ],
      "exp": "(i + 1)",
      "status": "proven"
    },
    {
      "no": "5",
      "kind": "IO",
      "line": 162,
      "signatures": [
        {
          "contractName": "BirthdayCandy",
          "methodName": "distributeAmounts",
          "argTypes": [ "address[]", "uint256[]" ]
        }
      ],
      "exp": "(i + 1)",
      "status": "unproven"
    },
    {
      "no": "6",
      "kind": "IO",
      "line": 206,
      "signatures": [
        {
          "contractName": "BirthdayCandy",
          "methodName": "transfer",
          "argTypes": [ "address", "uint256" ]
        },
        {
          "contractName": "BirthdayCandy",
          "methodName": "transferFrom",
          "argTypes": [ "address", "address", "uint256" ]
        }
      ],
      "exp": "(size + 4)",
      "status": "proven"
    },
    {
      "no": "7",
      "kind": "IO",
      "line": 210,
      "signatures": [
        {
          "contractName": "BirthdayCandy",
          "methodName": "transfer",
          "argTypes": [ "address", "uint256" ]
        }
      ],
      "exp": "(2 * 32)",
      "status": "proven"
    },
    {
      "no": "8",
      "kind": "IO",
      "line": 221,
      "signatures": [
        {
          "contractName": "BirthdayCandy",
          "methodName": "transferFrom",
          "argTypes": [ "address", "address", "uint256" ]
        }
      ],
      "exp": "(3 * 32)",
      "status": "proven"
    },
    {
      "no": "9",
      "kind": "ETH_LEAK",
      "line": 254,
      "signatures": [
        {
          "contractName": "BirthdayCandy",
          "methodName": "withdraw",
          "argTypes": []
        }
      ],
      "exp": "owner.transfer(etherBalance);",
      "status": "proven"
    }
  ]
}