{
  "fileName": "Benchmarks/Study_SamplesSet/5aab7687934b4e526f4fb1952abce601.sol",
  "baseName": "5aab7687934b4e526f4fb1952abce601.sol",
  "iter": 1,
  "time": "462.92284",
  "errMsg": null,
  "result": [
    {
      "no": "1",
      "kind": "IO",
      "line": 18,
      "signatures": [
        {
          "contractName": "illume",
          "methodName": "getTokens",
          "argTypes": []
        }
      ],
      "exp": "(a * b)",
      "status": "unproven"
    },
    {
      "no": "2",
      "kind": "IO",
      "line": 38,
      "signatures": [
        {
          "contractName": "illume",
          "methodName": "burn",
          "argTypes": [ "uint256" ]
        },
        {
          "contractName": "illume",
          "methodName": "transfer",
          "argTypes": [ "address", "uint256" ]
        },
        {
          "contractName": "illume",
          "methodName": "transferFrom",
          "argTypes": [ "address", "address", "uint256" ]
        }
      ],
      "exp": "(a - b)",
      "status": "proven"
    },
    {
      "no": "3",
      "kind": "IO",
      "line": 45,
      "signatures": [
        {
          "contractName": "illume",
          "methodName": "DistributeAirdrop",
          "argTypes": [ "address", "uint256" ]
        },
        {
          "contractName": "illume",
          "methodName": "DistributeAirdropMultiple",
          "argTypes": [ "address[]", "uint256" ]
        },
        {
          "contractName": "illume",
          "methodName": "add",
          "argTypes": [ "uint256" ]
        },
        {
          "contractName": "illume",
          "methodName": "getTokens",
          "argTypes": []
        },
        { "contractName": "illume", "methodName": "illume", "argTypes": [] },
        {
          "contractName": "illume",
          "methodName": "transfer",
          "argTypes": [ "address", "uint256" ]
        },
        {
          "contractName": "illume",
          "methodName": "transferFrom",
          "argTypes": [ "address", "address", "uint256" ]
        }
      ],
      "exp": "(a + b)",
      "status": "unproven"
    },
    {
      "no": "4",
      "kind": "IO",
      "line": 82,
      "signatures": [
        { "contractName": "illume", "methodName": "illume", "argTypes": [] }
      ],
      "exp": "(50 * 86400)",
      "status": "proven"
    },
    {
      "no": "5",
      "kind": "IO",
      "line": 82,
      "signatures": [
        { "contractName": "illume", "methodName": "illume", "argTypes": [] }
      ],
      "exp": "(now + (50 * 86400))",
      "status": "unproven"
    },
    {
      "no": "6",
      "kind": "IO",
      "line": 83,
      "signatures": [
        { "contractName": "illume", "methodName": "illume", "argTypes": [] }
      ],
      "exp": "(40 * 86400)",
      "status": "proven"
    },
    {
      "no": "7",
      "kind": "IO",
      "line": 83,
      "signatures": [
        { "contractName": "illume", "methodName": "illume", "argTypes": [] }
      ],
      "exp": "(now + (40 * 86400))",
      "status": "unproven"
    },
    {
      "no": "8",
      "kind": "IO",
      "line": 84,
      "signatures": [
        { "contractName": "illume", "methodName": "illume", "argTypes": [] }
      ],
      "exp": "(20 * 86400)",
      "status": "proven"
    },
    {
      "no": "9",
      "kind": "IO",
      "line": 84,
      "signatures": [
        { "contractName": "illume", "methodName": "illume", "argTypes": [] }
      ],
      "exp": "(now + (20 * 86400))",
      "status": "unproven"
    },
    {
      "no": "10",
      "kind": "IO",
      "line": 169,
      "signatures": [
        {
          "contractName": "illume",
          "methodName": "DistributeAirdropMultiple",
          "argTypes": [ "address[]", "uint256" ]
        }
      ],
      "exp": "(i + 1)",
      "status": "proven"
    },
    {
      "no": "11",
      "kind": "IO",
      "line": 194,
      "signatures": [
        {
          "contractName": "illume",
          "methodName": "getTokens",
          "argTypes": []
        }
      ],
      "exp": "(tokens * 10)",
      "status": "unproven"
    },
    {
      "no": "12",
      "kind": "IO",
      "line": 196,
      "signatures": [
        {
          "contractName": "illume",
          "methodName": "getTokens",
          "argTypes": []
        }
      ],
      "exp": "(tokens * 30)",
      "status": "unproven"
    },
    {
      "no": "13",
      "kind": "IO",
      "line": 198,
      "signatures": [
        {
          "contractName": "illume",
          "methodName": "getTokens",
          "argTypes": []
        }
      ],
      "exp": "(tokens * 50)",
      "status": "unproven"
    },
    {
      "no": "14",
      "kind": "IO",
      "line": 202,
      "signatures": [
        {
          "contractName": "illume",
          "methodName": "getTokens",
          "argTypes": []
        }
      ],
      "exp": "(tokens * 10)",
      "status": "unproven"
    },
    {
      "no": "15",
      "kind": "IO",
      "line": 204,
      "signatures": [
        {
          "contractName": "illume",
          "methodName": "getTokens",
          "argTypes": []
        }
      ],
      "exp": "(tokens * 30)",
      "status": "unproven"
    },
    {
      "no": "16",
      "kind": "IO",
      "line": 210,
      "signatures": [
        {
          "contractName": "illume",
          "methodName": "getTokens",
          "argTypes": []
        }
      ],
      "exp": "(tokens + countbonus)",
      "status": "unproven"
    },
    {
      "no": "17",
      "kind": "IO",
      "line": 217,
      "signatures": [
        {
          "contractName": "illume",
          "methodName": "getTokens",
          "argTypes": []
        }
      ],
      "exp": "(progress0drop + 1)",
      "status": "proven"
    },
    {
      "no": "18",
      "kind": "IO",
      "line": 245,
      "signatures": [
        {
          "contractName": "illume",
          "methodName": "transfer",
          "argTypes": [ "address", "uint256" ]
        },
        {
          "contractName": "illume",
          "methodName": "transferFrom",
          "argTypes": [ "address", "address", "uint256" ]
        }
      ],
      "exp": "(size + 4)",
      "status": "proven"
    },
    {
      "no": "19",
      "kind": "IO",
      "line": 249,
      "signatures": [
        {
          "contractName": "illume",
          "methodName": "transfer",
          "argTypes": [ "address", "uint256" ]
        }
      ],
      "exp": "(2 * 32)",
      "status": "proven"
    },
    {
      "no": "20",
      "kind": "IO",
      "line": 260,
      "signatures": [
        {
          "contractName": "illume",
          "methodName": "transferFrom",
          "argTypes": [ "address", "address", "uint256" ]
        }
      ],
      "exp": "(3 * 32)",
      "status": "proven"
    },
    {
      "no": "21",
      "kind": "DZ",
      "line": 19,
      "signatures": [
        {
          "contractName": "illume",
          "methodName": "getTokens",
          "argTypes": []
        }
      ],
      "exp": "(c / a)",
      "status": "proven"
    },
    {
      "no": "22",
      "kind": "DZ",
      "line": 88,
      "signatures": [
        { "contractName": "illume", "methodName": "illume", "argTypes": [] }
      ],
      "exp": "(1000000000000000000 / 100)",
      "status": "proven"
    },
    {
      "no": "23",
      "kind": "DZ",
      "line": 185,
      "signatures": [
        {
          "contractName": "illume",
          "methodName": "getTokens",
          "argTypes": []
        }
      ],
      "exp": "(1000000000000000000 / 100)",
      "status": "proven"
    },
    {
      "no": "24",
      "kind": "DZ",
      "line": 186,
      "signatures": [
        {
          "contractName": "illume",
          "methodName": "getTokens",
          "argTypes": []
        }
      ],
      "exp": "(1000000000000000000 / 10)",
      "status": "proven"
    },
    {
      "no": "25",
      "kind": "DZ",
      "line": 189,
      "signatures": [
        {
          "contractName": "illume",
          "methodName": "getTokens",
          "argTypes": []
        }
      ],
      "exp": "(tokensPerEth.mul(msg.value) / 1000000000000000000)",
      "status": "proven"
    },
    {
      "no": "26",
      "kind": "DZ",
      "line": 194,
      "signatures": [
        {
          "contractName": "illume",
          "methodName": "getTokens",
          "argTypes": []
        }
      ],
      "exp": "((tokens * 10) / 100)",
      "status": "proven"
    },
    {
      "no": "27",
      "kind": "DZ",
      "line": 196,
      "signatures": [
        {
          "contractName": "illume",
          "methodName": "getTokens",
          "argTypes": []
        }
      ],
      "exp": "((tokens * 30) / 100)",
      "status": "proven"
    },
    {
      "no": "28",
      "kind": "DZ",
      "line": 198,
      "signatures": [
        {
          "contractName": "illume",
          "methodName": "getTokens",
          "argTypes": []
        }
      ],
      "exp": "((tokens * 50) / 100)",
      "status": "proven"
    },
    {
      "no": "29",
      "kind": "DZ",
      "line": 202,
      "signatures": [
        {
          "contractName": "illume",
          "methodName": "getTokens",
          "argTypes": []
        }
      ],
      "exp": "((tokens * 10) / 100)",
      "status": "proven"
    },
    {
      "no": "30",
      "kind": "DZ",
      "line": 204,
      "signatures": [
        {
          "contractName": "illume",
          "methodName": "getTokens",
          "argTypes": []
        }
      ],
      "exp": "((tokens * 30) / 100)",
      "status": "proven"
    },
    {
      "no": "31",
      "kind": "ETH_LEAK",
      "line": 293,
      "signatures": [
        {
          "contractName": "illume",
          "methodName": "withdrawAll",
          "argTypes": []
        }
      ],
      "exp": "owner.transfer(etherBalance);",
      "status": "unproven"
    },
    {
      "no": "32",
      "kind": "ETH_LEAK",
      "line": 298,
      "signatures": [
        {
          "contractName": "illume",
          "methodName": "withdraw",
          "argTypes": [ "uint256" ]
        }
      ],
      "exp": "owner.transfer(wantAmount);",
      "status": "unproven"
    }
  ]
}