{
  "fileName": "Benchmarks/Study_SamplesSet/5b95163f116e90cfe702a5e6aa99a04e.sol",
  "baseName": "5b95163f116e90cfe702a5e6aa99a04e.sol",
  "iter": 813,
  "time": "300.123523",
  "errMsg": null,
  "result": [
    {
      "no": "1",
      "kind": "IO",
      "line": 24,
      "signatures": [
        {
          "contractName": "unstandardTokenERC20",
          "methodName": "unstandardTokenERC20",
          "argTypes": [ "uint256", "string", "string" ]
        }
      ],
      "exp": "(10 ** uint256(tokenDecimals))",
      "status": "proven"
    },
    {
      "no": "2",
      "kind": "IO",
      "line": 24,
      "signatures": [
        {
          "contractName": "unstandardTokenERC20",
          "methodName": "unstandardTokenERC20",
          "argTypes": [ "uint256", "string", "string" ]
        }
      ],
      "exp": "(initialSupply * (10 ** uint256(tokenDecimals)))",
      "status": "unproven"
    },
    {
      "no": "3",
      "kind": "IO",
      "line": 57,
      "signatures": [
        {
          "contractName": "unstandardTokenERC20",
          "methodName": "transfer",
          "argTypes": [ "address", "uint256" ]
        },
        {
          "contractName": "unstandardTokenERC20",
          "methodName": "transferFrom",
          "argTypes": [ "address", "address", "uint256" ]
        }
      ],
      "exp": "(tokenBalanceOf[_to] + _value)",
      "status": "unproven"
    },
    {
      "no": "4",
      "kind": "IO",
      "line": 59,
      "signatures": [
        {
          "contractName": "unstandardTokenERC20",
          "methodName": "transfer",
          "argTypes": [ "address", "uint256" ]
        },
        {
          "contractName": "unstandardTokenERC20",
          "methodName": "transferFrom",
          "argTypes": [ "address", "address", "uint256" ]
        }
      ],
      "exp": "(tokenBalanceOf[_from] + tokenBalanceOf[_to])",
      "status": "unproven"
    },
    {
      "no": "5",
      "kind": "IO",
      "line": 60,
      "signatures": [
        {
          "contractName": "unstandardTokenERC20",
          "methodName": "transfer",
          "argTypes": [ "address", "uint256" ]
        },
        {
          "contractName": "unstandardTokenERC20",
          "methodName": "transferFrom",
          "argTypes": [ "address", "address", "uint256" ]
        }
      ],
      "exp": "(tokenBalanceOf[_from] - _value)",
      "status": "proven"
    },
    {
      "no": "6",
      "kind": "IO",
      "line": 61,
      "signatures": [
        {
          "contractName": "unstandardTokenERC20",
          "methodName": "transfer",
          "argTypes": [ "address", "uint256" ]
        },
        {
          "contractName": "unstandardTokenERC20",
          "methodName": "transferFrom",
          "argTypes": [ "address", "address", "uint256" ]
        }
      ],
      "exp": "(tokenBalanceOf[_to] + _value)",
      "status": "proven"
    },
    {
      "no": "7",
      "kind": "IO",
      "line": 64,
      "signatures": [
        {
          "contractName": "unstandardTokenERC20",
          "methodName": "transfer",
          "argTypes": [ "address", "uint256" ]
        },
        {
          "contractName": "unstandardTokenERC20",
          "methodName": "transferFrom",
          "argTypes": [ "address", "address", "uint256" ]
        }
      ],
      "exp": "(tokenBalanceOf[_from] + tokenBalanceOf[_to])",
      "status": "unproven"
    },
    {
      "no": "8",
      "kind": "IO",
      "line": 79,
      "signatures": [
        {
          "contractName": "unstandardTokenERC20",
          "methodName": "transferFrom",
          "argTypes": [ "address", "address", "uint256" ]
        }
      ],
      "exp": "(tokenAllowance[_from][msg.sender] - _value)",
      "status": "proven"
    },
    {
      "no": "9",
      "kind": "IO",
      "line": 102,
      "signatures": [
        {
          "contractName": "unstandardTokenERC20",
          "methodName": "burn",
          "argTypes": [ "uint256" ]
        }
      ],
      "exp": "(tokenBalanceOf[msg.sender] - _value)",
      "status": "proven"
    },
    {
      "no": "10",
      "kind": "IO",
      "line": 103,
      "signatures": [
        {
          "contractName": "unstandardTokenERC20",
          "methodName": "burn",
          "argTypes": [ "uint256" ]
        }
      ],
      "exp": "(tokenTotalSupply - _value)",
      "status": "proven"
    },
    {
      "no": "11",
      "kind": "IO",
      "line": 111,
      "signatures": [
        {
          "contractName": "unstandardTokenERC20",
          "methodName": "burnFrom",
          "argTypes": [ "address", "uint256" ]
        }
      ],
      "exp": "(tokenBalanceOf[_from] - _value)",
      "status": "proven"
    },
    {
      "no": "12",
      "kind": "IO",
      "line": 112,
      "signatures": [
        {
          "contractName": "unstandardTokenERC20",
          "methodName": "burnFrom",
          "argTypes": [ "address", "uint256" ]
        }
      ],
      "exp": "(tokenAllowance[_from][msg.sender] - _value)",
      "status": "proven"
    },
    {
      "no": "13",
      "kind": "IO",
      "line": 113,
      "signatures": [
        {
          "contractName": "unstandardTokenERC20",
          "methodName": "burnFrom",
          "argTypes": [ "address", "uint256" ]
        }
      ],
      "exp": "(tokenTotalSupply - _value)",
      "status": "proven"
    }
  ]
}