{
  "fileName": "Benchmarks/Study_SamplesSet/619903f61a9a9c05bf0c23411be7a717.sol",
  "baseName": "619903f61a9a9c05bf0c23411be7a717.sol",
  "iter": 332,
  "time": "1058.671101",
  "errMsg": null,
  "result": [
    {
      "no": "1",
      "kind": "IO",
      "line": 89,
      "signatures": [
        {
          "contractName": "NewCratePreSale",
          "methodName": "openAll",
          "argTypes": []
        }
      ],
      "exp": "(i - 1)",
      "status": "unproven"
    },
    {
      "no": "2",
      "kind": "IO",
      "line": 89,
      "signatures": [
        {
          "contractName": "NewCratePreSale",
          "methodName": "openAll",
          "argTypes": []
        }
      ],
      "exp": "(len - 1)",
      "status": "proven"
    },
    {
      "no": "3",
      "kind": "IO",
      "line": 97,
      "signatures": [
        {
          "contractName": "NewCratePreSale",
          "methodName": "openAll",
          "argTypes": []
        }
      ],
      "exp": "(10 ** 20)",
      "status": "proven"
    },
    {
      "no": "4",
      "kind": "IO",
      "line": 99,
      "signatures": [
        {
          "contractName": "NewCratePreSale",
          "methodName": "openAll",
          "argTypes": []
        }
      ],
      "exp": "(count + 1)",
      "status": "unproven"
    },
    {
      "no": "5",
      "kind": "IO",
      "line": 102,
      "signatures": [
        {
          "contractName": "NewCratePreSale",
          "methodName": "openAll",
          "argTypes": []
        }
      ],
      "exp": "(expiredCrates[msg.sender] + (i + 1))",
      "status": "unproven"
    },
    {
      "no": "6",
      "kind": "IO",
      "line": 102,
      "signatures": [
        {
          "contractName": "NewCratePreSale",
          "methodName": "openAll",
          "argTypes": []
        }
      ],
      "exp": "(i + 1)",
      "status": "proven"
    },
    {
      "no": "7",
      "kind": "IO",
      "line": 155,
      "signatures": [
        {
          "contractName": "NewCratePreSale",
          "methodName": "purchaseCrates",
          "argTypes": [ "uint8" ]
        }
      ],
      "exp": "(currentPrice + appreciationRateWei)",
      "status": "unproven"
    },
    {
      "no": "8",
      "kind": "IO",
      "line": 162,
      "signatures": [
        {
          "contractName": "NewCratePreSale",
          "methodName": "purchaseCrates",
          "argTypes": [ "uint8" ]
        }
      ],
      "exp": "(cratesSold + _cratesToBuy)",
      "status": "unproven"
    },
    {
      "no": "9",
      "kind": "IO",
      "line": 166,
      "signatures": [
        {
          "contractName": "NewCratePreSale",
          "methodName": "purchaseCrates",
          "argTypes": [ "uint8" ]
        }
      ],
      "exp": "(msg.value - priceToPay)",
      "status": "proven"
    },
    {
      "no": "10",
      "kind": "IO",
      "line": 169,
      "signatures": [
        {
          "contractName": "NewCratePreSale",
          "methodName": "purchaseCrates",
          "argTypes": [ "uint8" ]
        }
      ],
      "exp": "(cratesSold + _cratesToBuy)",
      "status": "unproven"
    },
    {
      "no": "11",
      "kind": "IO",
      "line": 170,
      "signatures": [
        {
          "contractName": "NewCratePreSale",
          "methodName": "purchaseCrates",
          "argTypes": [ "uint8" ]
        }
      ],
      "exp": "(i + 1)",
      "status": "proven"
    },
    {
      "no": "12",
      "kind": "IO",
      "line": 182,
      "signatures": [
        {
          "contractName": "NewCratePreSale",
          "methodName": "_calculatePayment",
          "argTypes": [ "uint8" ]
        }
      ],
      "exp": "(i + 1)",
      "status": "proven"
    },
    {
      "no": "13",
      "kind": "IO",
      "line": 183,
      "signatures": [
        {
          "contractName": "NewCratePreSale",
          "methodName": "_calculatePayment",
          "argTypes": [ "uint8" ]
        }
      ],
      "exp": "(appreciationRateWei * i)",
      "status": "unproven"
    },
    {
      "no": "14",
      "kind": "IO",
      "line": 183,
      "signatures": [
        {
          "contractName": "NewCratePreSale",
          "methodName": "_calculatePayment",
          "argTypes": [ "uint8" ]
        }
      ],
      "exp": "(currentPrice + (appreciationRateWei * i))",
      "status": "unproven"
    },
    {
      "no": "15",
      "kind": "IO",
      "line": 183,
      "signatures": [
        {
          "contractName": "NewCratePreSale",
          "methodName": "_calculatePayment",
          "argTypes": [ "uint8" ]
        }
      ],
      "exp": "(tempPrice + (currentPrice + (appreciationRateWei * i)))",
      "status": "unproven"
    },
    {
      "no": "16",
      "kind": "DZ",
      "line": 97,
      "signatures": [
        {
          "contractName": "NewCratePreSale",
          "methodName": "openAll",
          "argTypes": []
        }
      ],
      "exp": "(uint256(keccak256(hash, msg.sender, i)) % (10 ** 20))",
      "status": "proven"
    },
    {
      "no": "17",
      "kind": "ETH_LEAK",
      "line": 166,
      "signatures": [
        {
          "contractName": "NewCratePreSale",
          "methodName": "purchaseCrates",
          "argTypes": [ "uint8" ]
        }
      ],
      "exp": "msg.sender.transfer((msg.value - priceToPay));",
      "status": "proven"
    },
    {
      "no": "18",
      "kind": "ETH_LEAK",
      "line": 194,
      "signatures": [
        {
          "contractName": "NewCratePreSale",
          "methodName": "withdraw",
          "argTypes": []
        }
      ],
      "exp": "owner.transfer(this.balance);",
      "status": "proven"
    }
  ]
}