{
  "fileName": "Benchmarks/Study_SamplesSet/64b3aa71d2bab8ead82685032f4ac6b1.sol",
  "baseName": "64b3aa71d2bab8ead82685032f4ac6b1.sol",
  "iter": 70,
  "time": "300.634162",
  "errMsg": null,
  "result": [
    {
      "no": "1",
      "kind": "IO",
      "line": 57,
      "signatures": [
        {
          "contractName": "HashRushICO",
          "methodName": "@fallback",
          "argTypes": []
        },
        {
          "contractName": "HashRushICO",
          "methodName": "mintToken",
          "argTypes": [ "address", "uint256" ]
        },
        {
          "contractName": "HashRushICO",
          "methodName": "transfer",
          "argTypes": [ "address", "uint256" ]
        },
        {
          "contractName": "HashRushICO",
          "methodName": "transferFrom",
          "argTypes": [ "address", "address", "uint256" ]
        }
      ],
      "exp": "(a + b)",
      "status": "unproven"
    },
    {
      "no": "2",
      "kind": "IO",
      "line": 75,
      "signatures": [
        {
          "contractName": "HashRushICO",
          "methodName": "@fallback",
          "argTypes": []
        },
        {
          "contractName": "HashRushICO",
          "methodName": "HashRushICO",
          "argTypes": []
        }
      ],
      "exp": "(a * b)",
      "status": "unproven"
    },
    {
      "no": "3",
      "kind": "IO",
      "line": 81,
      "signatures": [
        {
          "contractName": "HashRushICO",
          "methodName": "transfer",
          "argTypes": [ "address", "uint256" ]
        },
        {
          "contractName": "HashRushICO",
          "methodName": "transferFrom",
          "argTypes": [ "address", "address", "uint256" ]
        }
      ],
      "exp": "(a - b)",
      "status": "proven"
    },
    {
      "no": "4",
      "kind": "IO",
      "line": 147,
      "signatures": [
        {
          "contractName": "HashRushICO",
          "methodName": "transfer",
          "argTypes": [ "address", "uint256" ]
        }
      ],
      "exp": "(2 * 32)",
      "status": "proven"
    },
    {
      "no": "5",
      "kind": "IO",
      "line": 167,
      "signatures": [
        {
          "contractName": "HashRushICO",
          "methodName": "transferFrom",
          "argTypes": [ "address", "address", "uint256" ]
        }
      ],
      "exp": "(3 * 32)",
      "status": "proven"
    },
    {
      "no": "6",
      "kind": "DZ",
      "line": 63,
      "signatures": [
        {
          "contractName": "HashRushICO",
          "methodName": "@fallback",
          "argTypes": []
        }
      ],
      "exp": "(a / b)",
      "status": "proven"
    },
    {
      "no": "7",
      "kind": "DZ",
      "line": 76,
      "signatures": [
        {
          "contractName": "HashRushICO",
          "methodName": "@fallback",
          "argTypes": []
        },
        {
          "contractName": "HashRushICO",
          "methodName": "HashRushICO",
          "argTypes": []
        }
      ],
      "exp": "(c / a)",
      "status": "proven"
    }
  ]
}