{
  "fileName": "Benchmarks/Study_SamplesSet/6663c325676a319e17e7376e58fb4157.sol",
  "baseName": "6663c325676a319e17e7376e58fb4157.sol",
  "iter": 163,
  "time": "302.573765",
  "errMsg": null,
  "result": [
    {
      "no": "1",
      "kind": "IO",
      "line": 10,
      "signatures": [
        {
          "contractName": "UBBCToken",
          "methodName": "increaseAllowance",
          "argTypes": [ "address", "uint256" ]
        },
        {
          "contractName": "UBBCToken",
          "methodName": "transfer",
          "argTypes": [ "address", "uint256" ]
        },
        {
          "contractName": "UBBCToken",
          "methodName": "transferFrom",
          "argTypes": [ "address", "address", "uint256" ]
        }
      ],
      "exp": "(a + b)",
      "status": "unproven"
    },
    {
      "no": "2",
      "kind": "IO",
      "line": 17,
      "signatures": [
        {
          "contractName": "UBBCToken",
          "methodName": "decreaseAllowance",
          "argTypes": [ "address", "uint256" ]
        },
        {
          "contractName": "UBBCToken",
          "methodName": "transfer",
          "argTypes": [ "address", "uint256" ]
        },
        {
          "contractName": "UBBCToken",
          "methodName": "transferFrom",
          "argTypes": [ "address", "address", "uint256" ]
        }
      ],
      "exp": "(a - b)",
      "status": "proven"
    },
    {
      "no": "3",
      "kind": "IO",
      "line": 78,
      "signatures": [
        {
          "contractName": "UBBCToken",
          "methodName": "withdrawFunds_re_ent3",
          "argTypes": [ "uint256" ]
        }
      ],
      "exp": "(balances_re_ent3[msg.sender] - _weiToWithdraw)",
      "status": "unproven"
    },
    {
      "no": "4",
      "kind": "IO",
      "line": 141,
      "signatures": [
        {
          "contractName": "UBBCToken",
          "methodName": "withdrawFunds_re_ent31",
          "argTypes": [ "uint256" ]
        }
      ],
      "exp": "(balances_re_ent31[msg.sender] - _weiToWithdraw)",
      "status": "proven"
    },
    {
      "no": "5",
      "kind": "IO",
      "line": 176,
      "signatures": [
        {
          "contractName": "UBBCToken",
          "methodName": "withdrawFunds_re_ent38",
          "argTypes": [ "uint256" ]
        }
      ],
      "exp": "(balances_re_ent38[msg.sender] - _weiToWithdraw)",
      "status": "proven"
    },
    {
      "no": "6",
      "kind": "IO",
      "line": 199,
      "signatures": [
        {
          "contractName": "UBBCToken",
          "methodName": "callme_re_ent7",
          "argTypes": []
        }
      ],
      "exp": "(counter_re_ent7 + 1)",
      "status": "proven"
    },
    {
      "no": "7",
      "kind": "IO",
      "line": 224,
      "signatures": [
        {
          "contractName": "UBBCToken",
          "methodName": "callme_re_ent14",
          "argTypes": []
        }
      ],
      "exp": "(counter_re_ent14 + 1)",
      "status": "proven"
    },
    {
      "no": "8",
      "kind": "IO",
      "line": 284,
      "signatures": [
        {
          "contractName": "UBBCToken",
          "methodName": "callme_re_ent35",
          "argTypes": []
        }
      ],
      "exp": "(counter_re_ent35 + 1)",
      "status": "proven"
    },
    {
      "no": "9",
      "kind": "ETH_LEAK",
      "line": 66,
      "signatures": [
        {
          "contractName": "UBBCToken",
          "methodName": "buyTicket_re_ent37",
          "argTypes": []
        }
      ],
      "exp": "lastPlayer_re_ent37.send(jackpot_re_ent37)",
      "status": "unproven"
    },
    {
      "no": "10",
      "kind": "ETH_LEAK",
      "line": 76,
      "signatures": [
        {
          "contractName": "UBBCToken",
          "methodName": "withdrawFunds_re_ent3",
          "argTypes": [ "uint256" ]
        }
      ],
      "exp": "(success,  ) = msg.sender.call.value(_weiToWithdraw)(\"\");",
      "status": "unproven"
    },
    {
      "no": "11",
      "kind": "ETH_LEAK",
      "line": 84,
      "signatures": [
        {
          "contractName": "UBBCToken",
          "methodName": "buyTicket_re_ent9",
          "argTypes": []
        }
      ],
      "exp": "(success,  ) = lastPlayer_re_ent9.call.value(jackpot_re_ent9)(\"\");",
      "status": "unproven"
    },
    {
      "no": "12",
      "kind": "ETH_LEAK",
      "line": 96,
      "signatures": [
        {
          "contractName": "UBBCToken",
          "methodName": "claimReward_re_ent25",
          "argTypes": []
        }
      ],
      "exp": "msg.sender.transfer(transferValue_re_ent25);",
      "status": "unproven"
    },
    {
      "no": "13",
      "kind": "ETH_LEAK",
      "line": 104,
      "signatures": [
        {
          "contractName": "UBBCToken",
          "methodName": "withdrawBalance_re_ent19",
          "argTypes": []
        }
      ],
      "exp": "msg.sender.send(userBalance_re_ent19[msg.sender])",
      "status": "unproven"
    },
    {
      "no": "14",
      "kind": "ETH_LEAK",
      "line": 114,
      "signatures": [
        {
          "contractName": "UBBCToken",
          "methodName": "withdrawBalance_re_ent26",
          "argTypes": []
        }
      ],
      "exp": "(success,  ) = msg.sender.call.value(userBalance_re_ent26[msg.sender])(\"\");",
      "status": "unproven"
    },
    {
      "no": "15",
      "kind": "ETH_LEAK",
      "line": 131,
      "signatures": [
        {
          "contractName": "UBBCToken",
          "methodName": "bug_re_ent20",
          "argTypes": []
        }
      ],
      "exp": "msg.sender.send(1000000000000000000)",
      "status": "unproven"
    },
    {
      "no": "16",
      "kind": "ETH_LEAK",
      "line": 140,
      "signatures": [
        {
          "contractName": "UBBCToken",
          "methodName": "withdrawFunds_re_ent31",
          "argTypes": [ "uint256" ]
        }
      ],
      "exp": "msg.sender.send(_weiToWithdraw)",
      "status": "unproven"
    },
    {
      "no": "17",
      "kind": "ETH_LEAK",
      "line": 148,
      "signatures": [
        {
          "contractName": "UBBCToken",
          "methodName": "bug_re_ent13",
          "argTypes": []
        }
      ],
      "exp": "(success,  ) = msg.sender.call.value(1000000000000000000)(\"\");",
      "status": "unproven"
    },
    {
      "no": "18",
      "kind": "ETH_LEAK",
      "line": 164,
      "signatures": [
        {
          "contractName": "UBBCToken",
          "methodName": "claimReward_re_ent32",
          "argTypes": []
        }
      ],
      "exp": "msg.sender.transfer(transferValue_re_ent32);",
      "status": "unproven"
    },
    {
      "no": "19",
      "kind": "ETH_LEAK",
      "line": 175,
      "signatures": [
        {
          "contractName": "UBBCToken",
          "methodName": "withdrawFunds_re_ent38",
          "argTypes": [ "uint256" ]
        }
      ],
      "exp": "msg.sender.send(_weiToWithdraw)",
      "status": "unproven"
    },
    {
      "no": "20",
      "kind": "ETH_LEAK",
      "line": 186,
      "signatures": [
        {
          "contractName": "UBBCToken",
          "methodName": "claimReward_re_ent4",
          "argTypes": []
        }
      ],
      "exp": "msg.sender.transfer(transferValue_re_ent4);",
      "status": "unproven"
    },
    {
      "no": "21",
      "kind": "ETH_LEAK",
      "line": 196,
      "signatures": [
        {
          "contractName": "UBBCToken",
          "methodName": "callme_re_ent7",
          "argTypes": []
        }
      ],
      "exp": "msg.sender.send(10000000000000000000)",
      "status": "unproven"
    },
    {
      "no": "22",
      "kind": "ETH_LEAK",
      "line": 208,
      "signatures": [
        {
          "contractName": "UBBCToken",
          "methodName": "buyTicket_re_ent23",
          "argTypes": []
        }
      ],
      "exp": "lastPlayer_re_ent23.send(jackpot_re_ent23)",
      "status": "unproven"
    },
    {
      "no": "23",
      "kind": "ETH_LEAK",
      "line": 221,
      "signatures": [
        {
          "contractName": "UBBCToken",
          "methodName": "callme_re_ent14",
          "argTypes": []
        }
      ],
      "exp": "msg.sender.send(10000000000000000000)",
      "status": "unproven"
    },
    {
      "no": "24",
      "kind": "ETH_LEAK",
      "line": 233,
      "signatures": [
        {
          "contractName": "UBBCToken",
          "methodName": "buyTicket_re_ent30",
          "argTypes": []
        }
      ],
      "exp": "lastPlayer_re_ent30.send(jackpot_re_ent30)",
      "status": "unproven"
    },
    {
      "no": "25",
      "kind": "ETH_LEAK",
      "line": 245,
      "signatures": [
        {
          "contractName": "UBBCToken",
          "methodName": "withdraw_balances_re_ent8",
          "argTypes": []
        }
      ],
      "exp": "(success,  ) = msg.sender.call.value(balances_re_ent8[msg.sender])(\"\");",
      "status": "unproven"
    },
    {
      "no": "26",
      "kind": "ETH_LEAK",
      "line": 260,
      "signatures": [
        {
          "contractName": "UBBCToken",
          "methodName": "claimReward_re_ent39",
          "argTypes": []
        }
      ],
      "exp": "msg.sender.transfer(transferValue_re_ent39);",
      "status": "unproven"
    },
    {
      "no": "27",
      "kind": "ETH_LEAK",
      "line": 270,
      "signatures": [
        {
          "contractName": "UBBCToken",
          "methodName": "withdraw_balances_re_ent36",
          "argTypes": []
        }
      ],
      "exp": "msg.sender.send(balances_re_ent36[msg.sender])",
      "status": "unproven"
    },
    {
      "no": "28",
      "kind": "ETH_LEAK",
      "line": 281,
      "signatures": [
        {
          "contractName": "UBBCToken",
          "methodName": "callme_re_ent35",
          "argTypes": []
        }
      ],
      "exp": "msg.sender.send(10000000000000000000)",
      "status": "unproven"
    },
    {
      "no": "29",
      "kind": "ETH_LEAK",
      "line": 299,
      "signatures": [
        {
          "contractName": "UBBCToken",
          "methodName": "withdrawBalance_re_ent40",
          "argTypes": []
        }
      ],
      "exp": "(success,  ) = msg.sender.call.value(userBalance_re_ent40[msg.sender])(\"\");",
      "status": "unproven"
    },
    {
      "no": "30",
      "kind": "ETH_LEAK",
      "line": 316,
      "signatures": [
        {
          "contractName": "UBBCToken",
          "methodName": "withdrawBalance_re_ent33",
          "argTypes": []
        }
      ],
      "exp": "(success,  ) = msg.sender.call.value(userBalance_re_ent33[msg.sender])(\"\");",
      "status": "unproven"
    },
    {
      "no": "31",
      "kind": "ETH_LEAK",
      "line": 328,
      "signatures": [
        {
          "contractName": "UBBCToken",
          "methodName": "bug_re_ent27",
          "argTypes": []
        }
      ],
      "exp": "msg.sender.send(1000000000000000000)",
      "status": "unproven"
    }
  ]
}