{
  "fileName": "Benchmarks/Study_SamplesSet/66bdef17fd9bb9e1afc0a910763d9f2e.sol",
  "baseName": "66bdef17fd9bb9e1afc0a910763d9f2e.sol",
  "iter": 27,
  "time": "22.47929",
  "errMsg": null,
  "result": [
    {
      "no": "1",
      "kind": "IO",
      "line": 16,
      "signatures": [
        {
          "contractName": "TokenSaleChallenge",
          "methodName": "buy",
          "argTypes": [ "uint256" ]
        }
      ],
      "exp": "(numTokens * PRICE_PER_TOKEN)",
      "status": "unproven"
    },
    {
      "no": "2",
      "kind": "IO",
      "line": 18,
      "signatures": [
        {
          "contractName": "TokenSaleChallenge",
          "methodName": "buy",
          "argTypes": [ "uint256" ]
        }
      ],
      "exp": "(balanceOf[msg.sender] + numTokens)",
      "status": "unproven"
    },
    {
      "no": "3",
      "kind": "IO",
      "line": 24,
      "signatures": [
        {
          "contractName": "TokenSaleChallenge",
          "methodName": "sell",
          "argTypes": [ "uint256" ]
        }
      ],
      "exp": "(balanceOf[msg.sender] - numTokens)",
      "status": "proven"
    },
    {
      "no": "4",
      "kind": "IO",
      "line": 25,
      "signatures": [
        {
          "contractName": "TokenSaleChallenge",
          "methodName": "sell",
          "argTypes": [ "uint256" ]
        }
      ],
      "exp": "(numTokens * PRICE_PER_TOKEN)",
      "status": "unproven"
    },
    {
      "no": "5",
      "kind": "ETH_LEAK",
      "line": 25,
      "signatures": [
        {
          "contractName": "TokenSaleChallenge",
          "methodName": "sell",
          "argTypes": [ "uint256" ]
        }
      ],
      "exp": "msg.sender.transfer((numTokens * PRICE_PER_TOKEN));",
      "status": "unproven"
    }
  ]
}