{
  "fileName": "Benchmarks/Study_SamplesSet/6be598f09a0e93dc82035710ef495e1f.sol",
  "baseName": "6be598f09a0e93dc82035710ef495e1f.sol",
  "iter": 369,
  "time": "300.625168",
  "errMsg": null,
  "result": [
    {
      "no": "1",
      "kind": "ETH_LEAK",
      "line": 20,
      "signatures": [
        {
          "contractName": "AccountWallet",
          "methodName": "getReward_TOD21",
          "argTypes": []
        }
      ],
      "exp": "winner_TOD21.transfer(msg.value);",
      "status": "unproven"
    },
    {
      "no": "2",
      "kind": "ETH_LEAK",
      "line": 30,
      "signatures": [
        {
          "contractName": "AccountWallet",
          "methodName": "setReward_TOD10",
          "argTypes": []
        }
      ],
      "exp": "owner_TOD10.transfer(reward_TOD10);",
      "status": "proven"
    },
    {
      "no": "3",
      "kind": "ETH_LEAK",
      "line": 38,
      "signatures": [
        {
          "contractName": "AccountWallet",
          "methodName": "claimReward_TOD10",
          "argTypes": [ "uint256" ]
        }
      ],
      "exp": "msg.sender.transfer(reward_TOD10);",
      "status": "unproven"
    },
    {
      "no": "4",
      "kind": "ETH_LEAK",
      "line": 49,
      "signatures": [
        {
          "contractName": "AccountWallet",
          "methodName": "setReward_TOD22",
          "argTypes": []
        }
      ],
      "exp": "owner_TOD22.transfer(reward_TOD22);",
      "status": "proven"
    },
    {
      "no": "5",
      "kind": "ETH_LEAK",
      "line": 57,
      "signatures": [
        {
          "contractName": "AccountWallet",
          "methodName": "claimReward_TOD22",
          "argTypes": [ "uint256" ]
        }
      ],
      "exp": "msg.sender.transfer(reward_TOD22);",
      "status": "unproven"
    },
    {
      "no": "6",
      "kind": "ETH_LEAK",
      "line": 69,
      "signatures": [
        {
          "contractName": "AccountWallet",
          "methodName": "setReward_TOD36",
          "argTypes": []
        }
      ],
      "exp": "owner_TOD36.transfer(reward_TOD36);",
      "status": "proven"
    },
    {
      "no": "7",
      "kind": "ETH_LEAK",
      "line": 77,
      "signatures": [
        {
          "contractName": "AccountWallet",
          "methodName": "claimReward_TOD36",
          "argTypes": [ "uint256" ]
        }
      ],
      "exp": "msg.sender.transfer(reward_TOD36);",
      "status": "unproven"
    },
    {
      "no": "8",
      "kind": "ETH_LEAK",
      "line": 92,
      "signatures": [
        {
          "contractName": "AccountWallet",
          "methodName": "getReward_TOD35",
          "argTypes": []
        }
      ],
      "exp": "winner_TOD35.transfer(msg.value);",
      "status": "unproven"
    },
    {
      "no": "9",
      "kind": "ETH_LEAK",
      "line": 102,
      "signatures": [
        {
          "contractName": "AccountWallet",
          "methodName": "setReward_TOD40",
          "argTypes": []
        }
      ],
      "exp": "owner_TOD40.transfer(reward_TOD40);",
      "status": "proven"
    },
    {
      "no": "10",
      "kind": "ETH_LEAK",
      "line": 110,
      "signatures": [
        {
          "contractName": "AccountWallet",
          "methodName": "claimReward_TOD40",
          "argTypes": [ "uint256" ]
        }
      ],
      "exp": "msg.sender.transfer(reward_TOD40);",
      "status": "unproven"
    },
    {
      "no": "11",
      "kind": "ETH_LEAK",
      "line": 125,
      "signatures": [
        {
          "contractName": "AccountWallet",
          "methodName": "getReward_TOD33",
          "argTypes": []
        }
      ],
      "exp": "winner_TOD33.transfer(msg.value);",
      "status": "unproven"
    },
    {
      "no": "12",
      "kind": "ETH_LEAK",
      "line": 148,
      "signatures": [
        {
          "contractName": "AccountWallet",
          "methodName": "getReward_TOD1",
          "argTypes": []
        }
      ],
      "exp": "winner_TOD1.transfer(msg.value);",
      "status": "unproven"
    },
    {
      "no": "13",
      "kind": "ETH_LEAK",
      "line": 162,
      "signatures": [
        {
          "contractName": "AccountWallet",
          "methodName": "setReward_TOD2",
          "argTypes": []
        }
      ],
      "exp": "owner_TOD2.transfer(reward_TOD2);",
      "status": "proven"
    },
    {
      "no": "14",
      "kind": "ETH_LEAK",
      "line": 170,
      "signatures": [
        {
          "contractName": "AccountWallet",
          "methodName": "claimReward_TOD2",
          "argTypes": [ "uint256" ]
        }
      ],
      "exp": "msg.sender.transfer(reward_TOD2);",
      "status": "unproven"
    },
    {
      "no": "15",
      "kind": "ETH_LEAK",
      "line": 189,
      "signatures": [
        {
          "contractName": "AccountWallet",
          "methodName": "getReward_TOD17",
          "argTypes": []
        }
      ],
      "exp": "winner_TOD17.transfer(msg.value);",
      "status": "unproven"
    },
    {
      "no": "16",
      "kind": "ETH_LEAK",
      "line": 225,
      "signatures": [
        {
          "contractName": "AccountWallet",
          "methodName": "getReward_TOD37",
          "argTypes": []
        }
      ],
      "exp": "winner_TOD37.transfer(msg.value);",
      "status": "unproven"
    },
    {
      "no": "17",
      "kind": "ETH_LEAK",
      "line": 243,
      "signatures": [
        {
          "contractName": "AccountWallet",
          "methodName": "getReward_TOD3",
          "argTypes": []
        }
      ],
      "exp": "winner_TOD3.transfer(msg.value);",
      "status": "unproven"
    },
    {
      "no": "18",
      "kind": "ETH_LEAK",
      "line": 261,
      "signatures": [
        {
          "contractName": "AccountWallet",
          "methodName": "getReward_TOD9",
          "argTypes": []
        }
      ],
      "exp": "winner_TOD9.transfer(msg.value);",
      "status": "unproven"
    },
    {
      "no": "19",
      "kind": "ETH_LEAK",
      "line": 279,
      "signatures": [
        {
          "contractName": "AccountWallet",
          "methodName": "getReward_TOD25",
          "argTypes": []
        }
      ],
      "exp": "winner_TOD25.transfer(msg.value);",
      "status": "unproven"
    },
    {
      "no": "20",
      "kind": "ETH_LEAK",
      "line": 297,
      "signatures": [
        {
          "contractName": "AccountWallet",
          "methodName": "getReward_TOD19",
          "argTypes": []
        }
      ],
      "exp": "winner_TOD19.transfer(msg.value);",
      "status": "unproven"
    },
    {
      "no": "21",
      "kind": "ETH_LEAK",
      "line": 311,
      "signatures": [
        {
          "contractName": "AccountWallet",
          "methodName": "setReward_TOD26",
          "argTypes": []
        }
      ],
      "exp": "owner_TOD26.transfer(reward_TOD26);",
      "status": "proven"
    },
    {
      "no": "22",
      "kind": "ETH_LEAK",
      "line": 319,
      "signatures": [
        {
          "contractName": "AccountWallet",
          "methodName": "claimReward_TOD26",
          "argTypes": [ "uint256" ]
        }
      ],
      "exp": "msg.sender.transfer(reward_TOD26);",
      "status": "unproven"
    },
    {
      "no": "23",
      "kind": "ETH_LEAK",
      "line": 334,
      "signatures": [
        {
          "contractName": "AccountWallet",
          "methodName": "setReward_TOD20",
          "argTypes": []
        }
      ],
      "exp": "owner_TOD20.transfer(reward_TOD20);",
      "status": "proven"
    },
    {
      "no": "24",
      "kind": "ETH_LEAK",
      "line": 342,
      "signatures": [
        {
          "contractName": "AccountWallet",
          "methodName": "claimReward_TOD20",
          "argTypes": [ "uint256" ]
        }
      ],
      "exp": "msg.sender.transfer(reward_TOD20);",
      "status": "unproven"
    },
    {
      "no": "25",
      "kind": "ETH_LEAK",
      "line": 359,
      "signatures": [
        {
          "contractName": "AccountWallet",
          "methodName": "setReward_TOD32",
          "argTypes": []
        }
      ],
      "exp": "owner_TOD32.transfer(reward_TOD32);",
      "status": "proven"
    },
    {
      "no": "26",
      "kind": "ETH_LEAK",
      "line": 367,
      "signatures": [
        {
          "contractName": "AccountWallet",
          "methodName": "claimReward_TOD32",
          "argTypes": [ "uint256" ]
        }
      ],
      "exp": "msg.sender.transfer(reward_TOD32);",
      "status": "unproven"
    },
    {
      "no": "27",
      "kind": "ETH_LEAK",
      "line": 384,
      "signatures": [
        {
          "contractName": "AccountWallet",
          "methodName": "setReward_TOD38",
          "argTypes": []
        }
      ],
      "exp": "owner_TOD38.transfer(reward_TOD38);",
      "status": "proven"
    },
    {
      "no": "28",
      "kind": "ETH_LEAK",
      "line": 392,
      "signatures": [
        {
          "contractName": "AccountWallet",
          "methodName": "claimReward_TOD38",
          "argTypes": [ "uint256" ]
        }
      ],
      "exp": "msg.sender.transfer(reward_TOD38);",
      "status": "unproven"
    },
    {
      "no": "29",
      "kind": "ETH_LEAK",
      "line": 408,
      "signatures": [
        {
          "contractName": "AccountWallet",
          "methodName": "setReward_TOD4",
          "argTypes": []
        }
      ],
      "exp": "owner_TOD4.transfer(reward_TOD4);",
      "status": "proven"
    },
    {
      "no": "30",
      "kind": "ETH_LEAK",
      "line": 416,
      "signatures": [
        {
          "contractName": "AccountWallet",
          "methodName": "claimReward_TOD4",
          "argTypes": [ "uint256" ]
        }
      ],
      "exp": "msg.sender.transfer(reward_TOD4);",
      "status": "unproven"
    },
    {
      "no": "31",
      "kind": "ETH_LEAK",
      "line": 436,
      "signatures": [
        {
          "contractName": "AccountWallet",
          "methodName": "getReward_TOD7",
          "argTypes": []
        }
      ],
      "exp": "winner_TOD7.transfer(msg.value);",
      "status": "unproven"
    },
    {
      "no": "32",
      "kind": "ETH_LEAK",
      "line": 449,
      "signatures": [
        {
          "contractName": "AccountWallet",
          "methodName": "setReward_TOD12",
          "argTypes": []
        }
      ],
      "exp": "owner_TOD12.transfer(reward_TOD12);",
      "status": "proven"
    },
    {
      "no": "33",
      "kind": "ETH_LEAK",
      "line": 457,
      "signatures": [
        {
          "contractName": "AccountWallet",
          "methodName": "claimReward_TOD12",
          "argTypes": [ "uint256" ]
        }
      ],
      "exp": "msg.sender.transfer(reward_TOD12);",
      "status": "unproven"
    },
    {
      "no": "34",
      "kind": "ETH_LEAK",
      "line": 472,
      "signatures": [
        {
          "contractName": "AccountWallet",
          "methodName": "getReward_TOD11",
          "argTypes": []
        }
      ],
      "exp": "winner_TOD11.transfer(msg.value);",
      "status": "unproven"
    },
    {
      "no": "35",
      "kind": "ETH_LEAK",
      "line": 487,
      "signatures": [
        {
          "contractName": "AccountWallet",
          "methodName": "getReward_TOD27",
          "argTypes": []
        }
      ],
      "exp": "winner_TOD27.transfer(msg.value);",
      "status": "unproven"
    },
    {
      "no": "36",
      "kind": "ETH_LEAK",
      "line": 501,
      "signatures": [
        {
          "contractName": "AccountWallet",
          "methodName": "getReward_TOD31",
          "argTypes": []
        }
      ],
      "exp": "winner_TOD31.transfer(msg.value);",
      "status": "unproven"
    },
    {
      "no": "37",
      "kind": "ETH_LEAK",
      "line": 515,
      "signatures": [
        {
          "contractName": "AccountWallet",
          "methodName": "getReward_TOD13",
          "argTypes": []
        }
      ],
      "exp": "winner_TOD13.transfer(msg.value);",
      "status": "unproven"
    },
    {
      "no": "38",
      "kind": "ETH_LEAK",
      "line": 534,
      "signatures": [
        {
          "contractName": "AccountWallet",
          "methodName": "getReward_TOD23",
          "argTypes": []
        }
      ],
      "exp": "winner_TOD23.transfer(msg.value);",
      "status": "unproven"
    },
    {
      "no": "39",
      "kind": "ETH_LEAK",
      "line": 548,
      "signatures": [
        {
          "contractName": "AccountWallet",
          "methodName": "setReward_TOD14",
          "argTypes": []
        }
      ],
      "exp": "owner_TOD14.transfer(reward_TOD14);",
      "status": "proven"
    },
    {
      "no": "40",
      "kind": "ETH_LEAK",
      "line": 556,
      "signatures": [
        {
          "contractName": "AccountWallet",
          "methodName": "claimReward_TOD14",
          "argTypes": [ "uint256" ]
        }
      ],
      "exp": "msg.sender.transfer(reward_TOD14);",
      "status": "unproven"
    },
    {
      "no": "41",
      "kind": "ETH_LEAK",
      "line": 576,
      "signatures": [
        {
          "contractName": "AccountWallet",
          "methodName": "setReward_TOD30",
          "argTypes": []
        }
      ],
      "exp": "owner_TOD30.transfer(reward_TOD30);",
      "status": "proven"
    },
    {
      "no": "42",
      "kind": "ETH_LEAK",
      "line": 584,
      "signatures": [
        {
          "contractName": "AccountWallet",
          "methodName": "claimReward_TOD30",
          "argTypes": [ "uint256" ]
        }
      ],
      "exp": "msg.sender.transfer(reward_TOD30);",
      "status": "unproven"
    },
    {
      "no": "43",
      "kind": "ETH_LEAK",
      "line": 608,
      "signatures": [
        {
          "contractName": "AccountWallet",
          "methodName": "setReward_TOD8",
          "argTypes": []
        }
      ],
      "exp": "owner_TOD8.transfer(reward_TOD8);",
      "status": "proven"
    },
    {
      "no": "44",
      "kind": "ETH_LEAK",
      "line": 616,
      "signatures": [
        {
          "contractName": "AccountWallet",
          "methodName": "claimReward_TOD8",
          "argTypes": [ "uint256" ]
        }
      ],
      "exp": "msg.sender.transfer(reward_TOD8);",
      "status": "unproven"
    },
    {
      "no": "45",
      "kind": "ETH_LEAK",
      "line": 640,
      "signatures": [
        {
          "contractName": "AccountWallet",
          "methodName": "getReward_TOD39",
          "argTypes": []
        }
      ],
      "exp": "winner_TOD39.transfer(msg.value);",
      "status": "unproven"
    }
  ]
}