{
  "fileName": "Benchmarks/Study_SamplesSet/7167040d12494e69e1c42de4b0f8bea2.sol",
  "baseName": "7167040d12494e69e1c42de4b0f8bea2.sol",
  "iter": 2333,
  "time": "300.022627",
  "errMsg": null,
  "result": [
    {
      "no": "1",
      "kind": "IO",
      "line": 18,
      "signatures": [
        {
          "contractName": "TWQCrowdsale",
          "methodName": "TWQCrowdsale",
          "argTypes": [ "address", "uint256", "uint256", "uint256" ]
        }
      ],
      "exp": "(set_limit * 1000000000000000000)",
      "status": "unproven"
    },
    {
      "no": "2",
      "kind": "IO",
      "line": 19,
      "signatures": [
        {
          "contractName": "TWQCrowdsale",
          "methodName": "TWQCrowdsale",
          "argTypes": [ "address", "uint256", "uint256", "uint256" ]
        }
      ],
      "exp": "(price * 100000000000000)",
      "status": "unproven"
    },
    {
      "no": "3",
      "kind": "IO",
      "line": 22,
      "signatures": [
        {
          "contractName": "TWQCrowdsale",
          "methodName": "TWQCrowdsale",
          "argTypes": [ "address", "uint256", "uint256", "uint256" ]
        }
      ],
      "exp": "(((time_limit * 3600) / 15) + start_block)",
      "status": "unproven"
    },
    {
      "no": "4",
      "kind": "IO",
      "line": 22,
      "signatures": [
        {
          "contractName": "TWQCrowdsale",
          "methodName": "TWQCrowdsale",
          "argTypes": [ "address", "uint256", "uint256", "uint256" ]
        }
      ],
      "exp": "(time_limit * 3600)",
      "status": "unproven"
    },
    {
      "no": "5",
      "kind": "IO",
      "line": 26,
      "signatures": [
        {
          "contractName": "TWQCrowdsale",
          "methodName": "@fallback",
          "argTypes": []
        }
      ],
      "exp": "(msg.value + amount)",
      "status": "unproven"
    },
    {
      "no": "6",
      "kind": "IO",
      "line": 29,
      "signatures": [
        {
          "contractName": "TWQCrowdsale",
          "methodName": "@fallback",
          "argTypes": []
        }
      ],
      "exp": "(amount + msg.value)",
      "status": "unproven"
    },
    {
      "no": "7",
      "kind": "IO",
      "line": 30,
      "signatures": [
        {
          "contractName": "TWQCrowdsale",
          "methodName": "@fallback",
          "argTypes": []
        }
      ],
      "exp": "(tokens_backed[msg.sender] + (msg.value / token_price))",
      "status": "unproven"
    },
    {
      "no": "8",
      "kind": "IO",
      "line": 39,
      "signatures": [
        {
          "contractName": "TWQCrowdsale",
          "methodName": "owner_withdrawal",
          "argTypes": [ "uint256" ]
        }
      ],
      "exp": "(withdraw_amount * 100000000000000)",
      "status": "unproven"
    },
    {
      "no": "9",
      "kind": "IO",
      "line": 45,
      "signatures": [
        {
          "contractName": "TWQCrowdsale",
          "methodName": "add_hard_limit",
          "argTypes": [ "uint256" ]
        }
      ],
      "exp": "(additional_limit * 100000000000000)",
      "status": "unproven"
    },
    {
      "no": "10",
      "kind": "IO",
      "line": 45,
      "signatures": [
        {
          "contractName": "TWQCrowdsale",
          "methodName": "add_hard_limit",
          "argTypes": [ "uint256" ]
        }
      ],
      "exp": "(hard_limit + (additional_limit * 100000000000000))",
      "status": "unproven"
    },
    {
      "no": "11",
      "kind": "IO",
      "line": 53,
      "signatures": [
        {
          "contractName": "TWQCrowdsale",
          "methodName": "extend_end_block",
          "argTypes": [ "uint256" ]
        }
      ],
      "exp": "(end_block + ((end_time_period * 3600) / 15))",
      "status": "unproven"
    },
    {
      "no": "12",
      "kind": "IO",
      "line": 53,
      "signatures": [
        {
          "contractName": "TWQCrowdsale",
          "methodName": "extend_end_block",
          "argTypes": [ "uint256" ]
        }
      ],
      "exp": "(end_time_period * 3600)",
      "status": "unproven"
    },
    {
      "no": "13",
      "kind": "IO",
      "line": 57,
      "signatures": [
        {
          "contractName": "TWQCrowdsale",
          "methodName": "shorten_end_block",
          "argTypes": [ "uint256" ]
        }
      ],
      "exp": "(end_block - ((end_time_period * 3600) / 15))",
      "status": "unproven"
    },
    {
      "no": "14",
      "kind": "IO",
      "line": 57,
      "signatures": [
        {
          "contractName": "TWQCrowdsale",
          "methodName": "shorten_end_block",
          "argTypes": [ "uint256" ]
        }
      ],
      "exp": "(end_time_period * 3600)",
      "status": "unproven"
    },
    {
      "no": "15",
      "kind": "DZ",
      "line": 22,
      "signatures": [
        {
          "contractName": "TWQCrowdsale",
          "methodName": "TWQCrowdsale",
          "argTypes": [ "address", "uint256", "uint256", "uint256" ]
        }
      ],
      "exp": "((time_limit * 3600) / 15)",
      "status": "proven"
    },
    {
      "no": "16",
      "kind": "DZ",
      "line": 30,
      "signatures": [
        {
          "contractName": "TWQCrowdsale",
          "methodName": "@fallback",
          "argTypes": []
        }
      ],
      "exp": "(msg.value / token_price)",
      "status": "unproven"
    },
    {
      "no": "17",
      "kind": "DZ",
      "line": 53,
      "signatures": [
        {
          "contractName": "TWQCrowdsale",
          "methodName": "extend_end_block",
          "argTypes": [ "uint256" ]
        }
      ],
      "exp": "((end_time_period * 3600) / 15)",
      "status": "proven"
    },
    {
      "no": "18",
      "kind": "DZ",
      "line": 57,
      "signatures": [
        {
          "contractName": "TWQCrowdsale",
          "methodName": "shorten_end_block",
          "argTypes": [ "uint256" ]
        }
      ],
      "exp": "((end_time_period * 3600) / 15)",
      "status": "proven"
    },
    {
      "no": "19",
      "kind": "ETH_LEAK",
      "line": 41,
      "signatures": [
        {
          "contractName": "TWQCrowdsale",
          "methodName": "owner_withdrawal",
          "argTypes": [ "uint256" ]
        }
      ],
      "exp": "owner.transfer(withdraw_amount);",
      "status": "proven"
    }
  ]
}