{
  "fileName": "Benchmarks/Study_SamplesSet/72f437cad231d1dfb0ec20e2a597a913.sol",
  "baseName": "72f437cad231d1dfb0ec20e2a597a913.sol",
  "iter": 1,
  "time": "1283.66629",
  "errMsg": null,
  "result": [
    {
      "no": "1",
      "kind": "IO",
      "line": 15,
      "signatures": [
        {
          "contractName": "ElectronicMusic",
          "methodName": "getTokens",
          "argTypes": []
        }
      ],
      "exp": "(a * b)",
      "status": "unproven"
    },
    {
      "no": "2",
      "kind": "IO",
      "line": 29,
      "signatures": [
        {
          "contractName": "ElectronicMusic",
          "methodName": "burn",
          "argTypes": [ "uint256" ]
        },
        {
          "contractName": "ElectronicMusic",
          "methodName": "transfer",
          "argTypes": [ "address", "uint256" ]
        },
        {
          "contractName": "ElectronicMusic",
          "methodName": "transferFrom",
          "argTypes": [ "address", "address", "uint256" ]
        }
      ],
      "exp": "(a - b)",
      "status": "proven"
    },
    {
      "no": "3",
      "kind": "IO",
      "line": 33,
      "signatures": [
        {
          "contractName": "ElectronicMusic",
          "methodName": "DistributeAirdrop",
          "argTypes": [ "address", "uint256" ]
        },
        {
          "contractName": "ElectronicMusic",
          "methodName": "DistributeAirdropMultiple",
          "argTypes": [ "address[]", "uint256" ]
        },
        {
          "contractName": "ElectronicMusic",
          "methodName": "ElectronicMusic",
          "argTypes": []
        },
        {
          "contractName": "ElectronicMusic",
          "methodName": "add",
          "argTypes": [ "uint256" ]
        },
        {
          "contractName": "ElectronicMusic",
          "methodName": "getTokens",
          "argTypes": []
        },
        {
          "contractName": "ElectronicMusic",
          "methodName": "transfer",
          "argTypes": [ "address", "uint256" ]
        },
        {
          "contractName": "ElectronicMusic",
          "methodName": "transferFrom",
          "argTypes": [ "address", "address", "uint256" ]
        }
      ],
      "exp": "(a + b)",
      "status": "unproven"
    },
    {
      "no": "4",
      "kind": "IO",
      "line": 70,
      "signatures": [
        {
          "contractName": "ElectronicMusic",
          "methodName": "ElectronicMusic",
          "argTypes": []
        }
      ],
      "exp": "(35 * 86400)",
      "status": "proven"
    },
    {
      "no": "5",
      "kind": "IO",
      "line": 70,
      "signatures": [
        {
          "contractName": "ElectronicMusic",
          "methodName": "ElectronicMusic",
          "argTypes": []
        }
      ],
      "exp": "(now + (35 * 86400))",
      "status": "unproven"
    },
    {
      "no": "6",
      "kind": "IO",
      "line": 71,
      "signatures": [
        {
          "contractName": "ElectronicMusic",
          "methodName": "ElectronicMusic",
          "argTypes": []
        }
      ],
      "exp": "(30 * 86400)",
      "status": "proven"
    },
    {
      "no": "7",
      "kind": "IO",
      "line": 71,
      "signatures": [
        {
          "contractName": "ElectronicMusic",
          "methodName": "ElectronicMusic",
          "argTypes": []
        }
      ],
      "exp": "(now + (30 * 86400))",
      "status": "unproven"
    },
    {
      "no": "8",
      "kind": "IO",
      "line": 72,
      "signatures": [
        {
          "contractName": "ElectronicMusic",
          "methodName": "ElectronicMusic",
          "argTypes": []
        }
      ],
      "exp": "(20 * 86400)",
      "status": "proven"
    },
    {
      "no": "9",
      "kind": "IO",
      "line": 72,
      "signatures": [
        {
          "contractName": "ElectronicMusic",
          "methodName": "ElectronicMusic",
          "argTypes": []
        }
      ],
      "exp": "(now + (20 * 86400))",
      "status": "unproven"
    },
    {
      "no": "10",
      "kind": "IO",
      "line": 158,
      "signatures": [
        {
          "contractName": "ElectronicMusic",
          "methodName": "DistributeAirdropMultiple",
          "argTypes": [ "address[]", "uint256" ]
        }
      ],
      "exp": "(i + 1)",
      "status": "proven"
    },
    {
      "no": "11",
      "kind": "IO",
      "line": 183,
      "signatures": [
        {
          "contractName": "ElectronicMusic",
          "methodName": "getTokens",
          "argTypes": []
        }
      ],
      "exp": "(tokens * 5)",
      "status": "unproven"
    },
    {
      "no": "12",
      "kind": "IO",
      "line": 185,
      "signatures": [
        {
          "contractName": "ElectronicMusic",
          "methodName": "getTokens",
          "argTypes": []
        }
      ],
      "exp": "(tokens * 10)",
      "status": "unproven"
    },
    {
      "no": "13",
      "kind": "IO",
      "line": 187,
      "signatures": [
        {
          "contractName": "ElectronicMusic",
          "methodName": "getTokens",
          "argTypes": []
        }
      ],
      "exp": "(tokens * 15)",
      "status": "unproven"
    },
    {
      "no": "14",
      "kind": "IO",
      "line": 191,
      "signatures": [
        {
          "contractName": "ElectronicMusic",
          "methodName": "getTokens",
          "argTypes": []
        }
      ],
      "exp": "(tokens * 10)",
      "status": "unproven"
    },
    {
      "no": "15",
      "kind": "IO",
      "line": 193,
      "signatures": [
        {
          "contractName": "ElectronicMusic",
          "methodName": "getTokens",
          "argTypes": []
        }
      ],
      "exp": "(tokens * 15)",
      "status": "unproven"
    },
    {
      "no": "16",
      "kind": "IO",
      "line": 199,
      "signatures": [
        {
          "contractName": "ElectronicMusic",
          "methodName": "getTokens",
          "argTypes": []
        }
      ],
      "exp": "(tokens + countbonus)",
      "status": "unproven"
    },
    {
      "no": "17",
      "kind": "IO",
      "line": 206,
      "signatures": [
        {
          "contractName": "ElectronicMusic",
          "methodName": "getTokens",
          "argTypes": []
        }
      ],
      "exp": "(progress0drop + 1)",
      "status": "proven"
    },
    {
      "no": "18",
      "kind": "IO",
      "line": 236,
      "signatures": [
        {
          "contractName": "ElectronicMusic",
          "methodName": "transfer",
          "argTypes": [ "address", "uint256" ]
        },
        {
          "contractName": "ElectronicMusic",
          "methodName": "transferFrom",
          "argTypes": [ "address", "address", "uint256" ]
        }
      ],
      "exp": "(size + 4)",
      "status": "proven"
    },
    {
      "no": "19",
      "kind": "IO",
      "line": 240,
      "signatures": [
        {
          "contractName": "ElectronicMusic",
          "methodName": "transfer",
          "argTypes": [ "address", "uint256" ]
        }
      ],
      "exp": "(2 * 32)",
      "status": "proven"
    },
    {
      "no": "20",
      "kind": "IO",
      "line": 251,
      "signatures": [
        {
          "contractName": "ElectronicMusic",
          "methodName": "transferFrom",
          "argTypes": [ "address", "address", "uint256" ]
        }
      ],
      "exp": "(3 * 32)",
      "status": "proven"
    },
    {
      "no": "21",
      "kind": "DZ",
      "line": 16,
      "signatures": [
        {
          "contractName": "ElectronicMusic",
          "methodName": "getTokens",
          "argTypes": []
        }
      ],
      "exp": "(c / a)",
      "status": "proven"
    },
    {
      "no": "22",
      "kind": "DZ",
      "line": 76,
      "signatures": [
        {
          "contractName": "ElectronicMusic",
          "methodName": "ElectronicMusic",
          "argTypes": []
        }
      ],
      "exp": "(1000000000000000000 / 100)",
      "status": "proven"
    },
    {
      "no": "23",
      "kind": "DZ",
      "line": 174,
      "signatures": [
        {
          "contractName": "ElectronicMusic",
          "methodName": "getTokens",
          "argTypes": []
        }
      ],
      "exp": "(1000000000000000000 / 2)",
      "status": "proven"
    },
    {
      "no": "24",
      "kind": "DZ",
      "line": 178,
      "signatures": [
        {
          "contractName": "ElectronicMusic",
          "methodName": "getTokens",
          "argTypes": []
        }
      ],
      "exp": "(tokensPerEth.mul(msg.value) / 1000000000000000000)",
      "status": "proven"
    },
    {
      "no": "25",
      "kind": "DZ",
      "line": 183,
      "signatures": [
        {
          "contractName": "ElectronicMusic",
          "methodName": "getTokens",
          "argTypes": []
        }
      ],
      "exp": "((tokens * 5) / 100)",
      "status": "proven"
    },
    {
      "no": "26",
      "kind": "DZ",
      "line": 185,
      "signatures": [
        {
          "contractName": "ElectronicMusic",
          "methodName": "getTokens",
          "argTypes": []
        }
      ],
      "exp": "((tokens * 10) / 100)",
      "status": "proven"
    },
    {
      "no": "27",
      "kind": "DZ",
      "line": 187,
      "signatures": [
        {
          "contractName": "ElectronicMusic",
          "methodName": "getTokens",
          "argTypes": []
        }
      ],
      "exp": "((tokens * 15) / 100)",
      "status": "proven"
    },
    {
      "no": "28",
      "kind": "DZ",
      "line": 191,
      "signatures": [
        {
          "contractName": "ElectronicMusic",
          "methodName": "getTokens",
          "argTypes": []
        }
      ],
      "exp": "((tokens * 10) / 100)",
      "status": "proven"
    },
    {
      "no": "29",
      "kind": "DZ",
      "line": 193,
      "signatures": [
        {
          "contractName": "ElectronicMusic",
          "methodName": "getTokens",
          "argTypes": []
        }
      ],
      "exp": "((tokens * 15) / 100)",
      "status": "proven"
    },
    {
      "no": "30",
      "kind": "ETH_LEAK",
      "line": 228,
      "signatures": [
        {
          "contractName": "ElectronicMusic",
          "methodName": "getTokens",
          "argTypes": []
        }
      ],
      "exp": "multisig.transfer(msg.value);",
      "status": "unproven"
    },
    {
      "no": "31",
      "kind": "ETH_LEAK",
      "line": 284,
      "signatures": [
        {
          "contractName": "ElectronicMusic",
          "methodName": "withdrawAll",
          "argTypes": []
        }
      ],
      "exp": "owner.transfer(etherBalance);",
      "status": "unproven"
    },
    {
      "no": "32",
      "kind": "ETH_LEAK",
      "line": 289,
      "signatures": [
        {
          "contractName": "ElectronicMusic",
          "methodName": "withdraw",
          "argTypes": [ "uint256" ]
        }
      ],
      "exp": "owner.transfer(wantAmount);",
      "status": "unproven"
    }
  ]
}