{
  "fileName": "Benchmarks/Study_SamplesSet/783e1171dd8ff518b41042184bcd32e4.sol",
  "baseName": "783e1171dd8ff518b41042184bcd32e4.sol",
  "iter": 212,
  "time": "305.79411",
  "errMsg": null,
  "result": [
    {
      "no": "1",
      "kind": "IO",
      "line": 13,
      "signatures": [
        {
          "contractName": "NewIntelTechMedia",
          "methodName": "@fallback",
          "argTypes": []
        },
        {
          "contractName": "NewIntelTechMedia",
          "methodName": "getTokens",
          "argTypes": []
        }
      ],
      "exp": "(a * b)",
      "status": "unproven"
    },
    {
      "no": "2",
      "kind": "IO",
      "line": 25,
      "signatures": [
        {
          "contractName": "NewIntelTechMedia",
          "methodName": "NewIntelTechMedia",
          "argTypes": []
        },
        {
          "contractName": "NewIntelTechMedia",
          "methodName": "burn",
          "argTypes": [ "uint256" ]
        },
        {
          "contractName": "NewIntelTechMedia",
          "methodName": "distr",
          "argTypes": [ "address", "uint256" ]
        },
        {
          "contractName": "NewIntelTechMedia",
          "methodName": "getTokens",
          "argTypes": []
        },
        {
          "contractName": "NewIntelTechMedia",
          "methodName": "transfer",
          "argTypes": [ "address", "uint256" ]
        },
        {
          "contractName": "NewIntelTechMedia",
          "methodName": "transferFrom",
          "argTypes": [ "address", "address", "uint256" ]
        }
      ],
      "exp": "(a - b)",
      "status": "proven"
    },
    {
      "no": "3",
      "kind": "IO",
      "line": 29,
      "signatures": [
        {
          "contractName": "NewIntelTechMedia",
          "methodName": "distr",
          "argTypes": [ "address", "uint256" ]
        },
        {
          "contractName": "NewIntelTechMedia",
          "methodName": "getTokens",
          "argTypes": []
        },
        {
          "contractName": "NewIntelTechMedia",
          "methodName": "transfer",
          "argTypes": [ "address", "uint256" ]
        },
        {
          "contractName": "NewIntelTechMedia",
          "methodName": "transferFrom",
          "argTypes": [ "address", "address", "uint256" ]
        }
      ],
      "exp": "(a + b)",
      "status": "unproven"
    },
    {
      "no": "4",
      "kind": "IO",
      "line": 165,
      "signatures": [
        {
          "contractName": "NewIntelTechMedia",
          "methodName": "transfer",
          "argTypes": [ "address", "uint256" ]
        },
        {
          "contractName": "NewIntelTechMedia",
          "methodName": "transferFrom",
          "argTypes": [ "address", "address", "uint256" ]
        }
      ],
      "exp": "(size + 4)",
      "status": "proven"
    },
    {
      "no": "5",
      "kind": "IO",
      "line": 169,
      "signatures": [
        {
          "contractName": "NewIntelTechMedia",
          "methodName": "transfer",
          "argTypes": [ "address", "uint256" ]
        }
      ],
      "exp": "(2 * 32)",
      "status": "proven"
    },
    {
      "no": "6",
      "kind": "IO",
      "line": 179,
      "signatures": [
        {
          "contractName": "NewIntelTechMedia",
          "methodName": "transferFrom",
          "argTypes": [ "address", "address", "uint256" ]
        }
      ],
      "exp": "(3 * 32)",
      "status": "proven"
    },
    {
      "no": "7",
      "kind": "DZ",
      "line": 14,
      "signatures": [
        {
          "contractName": "NewIntelTechMedia",
          "methodName": "@fallback",
          "argTypes": []
        },
        {
          "contractName": "NewIntelTechMedia",
          "methodName": "getTokens",
          "argTypes": []
        }
      ],
      "exp": "(c / a)",
      "status": "unproven"
    },
    {
      "no": "8",
      "kind": "DZ",
      "line": 19,
      "signatures": [
        {
          "contractName": "NewIntelTechMedia",
          "methodName": "@fallback",
          "argTypes": []
        },
        {
          "contractName": "NewIntelTechMedia",
          "methodName": "getTokens",
          "argTypes": []
        }
      ],
      "exp": "(a / b)",
      "status": "proven"
    },
    {
      "no": "9",
      "kind": "ETH_LEAK",
      "line": 210,
      "signatures": [
        {
          "contractName": "NewIntelTechMedia",
          "methodName": "withdraw",
          "argTypes": []
        }
      ],
      "exp": "owner.transfer(etherBalance);",
      "status": "unproven"
    }
  ]
}