{
  "fileName": "Benchmarks/Study_SamplesSet/7a0eb9f303356003d534556ac308f4be.sol",
  "baseName": "7a0eb9f303356003d534556ac308f4be.sol",
  "iter": 1,
  "time": "0.070653",
  "errMsg": null,
  "result": [
    {
      "no": "1",
      "kind": "ETH_LEAK",
      "line": 228,
      "signatures": [
        {
          "contractName": "ZwtTokenProxy",
          "methodName": "upgradeToAndCall",
          "argTypes": [ "address", "dbytes" ]
        }
      ],
      "exp": "address(this).call.value(msg.value)(data)",
      "status": "proven"
    }
  ]
}