{
  "fileName": "Benchmarks/Study_SamplesSet/7c54aeadae8d760ba1291576cb5b772a.sol",
  "baseName": "7c54aeadae8d760ba1291576cb5b772a.sol",
  "iter": 2299,
  "time": "300.102749",
  "errMsg": null,
  "result": [
    {
      "no": "1",
      "kind": "IO",
      "line": 21,
      "signatures": [
        {
          "contractName": "TAMCContract",
          "methodName": "TAMCContract",
          "argTypes": []
        }
      ],
      "exp": "(1000000000 * (uint256(10) ** decimals))",
      "status": "proven"
    },
    {
      "no": "2",
      "kind": "IO",
      "line": 21,
      "signatures": [
        {
          "contractName": "TAMCContract",
          "methodName": "TAMCContract",
          "argTypes": []
        }
      ],
      "exp": "(uint256(10) ** decimals)",
      "status": "proven"
    },
    {
      "no": "3",
      "kind": "IO",
      "line": 36,
      "signatures": [
        {
          "contractName": "TAMCContract",
          "methodName": "transfer",
          "argTypes": [ "address", "uint256" ]
        }
      ],
      "exp": "(balanceOf[msg.sender] - value)",
      "status": "proven"
    },
    {
      "no": "4",
      "kind": "IO",
      "line": 37,
      "signatures": [
        {
          "contractName": "TAMCContract",
          "methodName": "transfer",
          "argTypes": [ "address", "uint256" ]
        }
      ],
      "exp": "(balanceOf[to] + value)",
      "status": "proven"
    },
    {
      "no": "5",
      "kind": "IO",
      "line": 70,
      "signatures": [
        {
          "contractName": "TAMCContract",
          "methodName": "transferFrom",
          "argTypes": [ "address", "address", "uint256" ]
        }
      ],
      "exp": "(balanceOf[from] - value)",
      "status": "proven"
    },
    {
      "no": "6",
      "kind": "IO",
      "line": 71,
      "signatures": [
        {
          "contractName": "TAMCContract",
          "methodName": "transferFrom",
          "argTypes": [ "address", "address", "uint256" ]
        }
      ],
      "exp": "(balanceOf[to] + value)",
      "status": "proven"
    },
    {
      "no": "7",
      "kind": "IO",
      "line": 72,
      "signatures": [
        {
          "contractName": "TAMCContract",
          "methodName": "transferFrom",
          "argTypes": [ "address", "address", "uint256" ]
        }
      ],
      "exp": "(allowance[from][msg.sender] - value)",
      "status": "proven"
    },
    {
      "no": "8",
      "kind": "ETH_LEAK",
      "line": 9,
      "signatures": [
        {
          "contractName": "TAMCContract",
          "methodName": "bug_unchk_send20",
          "argTypes": []
        }
      ],
      "exp": "msg.sender.transfer(1000000000000000000);",
      "status": "unproven"
    },
    {
      "no": "9",
      "kind": "ETH_LEAK",
      "line": 13,
      "signatures": [
        {
          "contractName": "TAMCContract",
          "methodName": "bug_unchk_send32",
          "argTypes": []
        }
      ],
      "exp": "msg.sender.transfer(1000000000000000000);",
      "status": "unproven"
    },
    {
      "no": "10",
      "kind": "ETH_LEAK",
      "line": 16,
      "signatures": [
        {
          "contractName": "TAMCContract",
          "methodName": "bug_unchk_send4",
          "argTypes": []
        }
      ],
      "exp": "msg.sender.transfer(1000000000000000000);",
      "status": "unproven"
    },
    {
      "no": "11",
      "kind": "ETH_LEAK",
      "line": 19,
      "signatures": [
        {
          "contractName": "TAMCContract",
          "methodName": "bug_unchk_send7",
          "argTypes": []
        }
      ],
      "exp": "msg.sender.transfer(1000000000000000000);",
      "status": "unproven"
    },
    {
      "no": "12",
      "kind": "ETH_LEAK",
      "line": 24,
      "signatures": [
        {
          "contractName": "TAMCContract",
          "methodName": "bug_unchk_send31",
          "argTypes": []
        }
      ],
      "exp": "msg.sender.transfer(1000000000000000000);",
      "status": "unproven"
    },
    {
      "no": "13",
      "kind": "ETH_LEAK",
      "line": 32,
      "signatures": [
        {
          "contractName": "TAMCContract",
          "methodName": "bug_unchk_send14",
          "argTypes": []
        }
      ],
      "exp": "msg.sender.transfer(1000000000000000000);",
      "status": "unproven"
    },
    {
      "no": "14",
      "kind": "ETH_LEAK",
      "line": 42,
      "signatures": [
        {
          "contractName": "TAMCContract",
          "methodName": "bug_unchk_send30",
          "argTypes": []
        }
      ],
      "exp": "msg.sender.transfer(1000000000000000000);",
      "status": "unproven"
    },
    {
      "no": "15",
      "kind": "ETH_LEAK",
      "line": 45,
      "signatures": [
        {
          "contractName": "TAMCContract",
          "methodName": "bug_unchk_send13",
          "argTypes": []
        }
      ],
      "exp": "msg.sender.transfer(1000000000000000000);",
      "status": "unproven"
    },
    {
      "no": "16",
      "kind": "ETH_LEAK",
      "line": 49,
      "signatures": [
        {
          "contractName": "TAMCContract",
          "methodName": "bug_unchk_send23",
          "argTypes": []
        }
      ],
      "exp": "msg.sender.transfer(1000000000000000000);",
      "status": "unproven"
    },
    {
      "no": "17",
      "kind": "ETH_LEAK",
      "line": 61,
      "signatures": [
        {
          "contractName": "TAMCContract",
          "methodName": "bug_unchk_send8",
          "argTypes": []
        }
      ],
      "exp": "msg.sender.transfer(1000000000000000000);",
      "status": "unproven"
    },
    {
      "no": "18",
      "kind": "ETH_LEAK",
      "line": 77,
      "signatures": [
        {
          "contractName": "TAMCContract",
          "methodName": "bug_unchk_send27",
          "argTypes": []
        }
      ],
      "exp": "msg.sender.transfer(1000000000000000000);",
      "status": "unproven"
    }
  ]
}