{
  "fileName": "Benchmarks/Study_SamplesSet/7f1cb43dfa46b3d2759d20c21dd9df6e.sol",
  "baseName": "7f1cb43dfa46b3d2759d20c21dd9df6e.sol",
  "iter": 122,
  "time": "300.101708",
  "errMsg": null,
  "result": [
    {
      "no": "1",
      "kind": "IO",
      "line": 48,
      "signatures": [
        {
          "contractName": "BitpayerDEX",
          "methodName": "deposit",
          "argTypes": []
        },
        {
          "contractName": "BitpayerDEX",
          "methodName": "depositToken",
          "argTypes": [ "address", "uint256" ]
        },
        {
          "contractName": "BitpayerDEX",
          "methodName": "trade",
          "argTypes": [
            "address", "uint256", "address", "uint256", "uint256", "uint256",
            "address", "uint8", "bytes32", "bytes32", "uint256"
          ]
        },
        {
          "contractName": "BitpayerDEX",
          "methodName": "tradeBalances",
          "argTypes": [
            "address", "uint256", "address", "uint256", "address", "uint256"
          ]
        }
      ],
      "exp": "(a + b)",
      "status": "unproven"
    },
    {
      "no": "2",
      "kind": "IO",
      "line": 65,
      "signatures": [
        {
          "contractName": "BitpayerDEX",
          "methodName": "availableVolume",
          "argTypes": [
            "address", "uint256", "address", "uint256", "uint256", "uint256",
            "address", "uint8", "bytes32", "bytes32"
          ]
        },
        {
          "contractName": "BitpayerDEX",
          "methodName": "tradeBalances",
          "argTypes": [
            "address", "uint256", "address", "uint256", "address", "uint256"
          ]
        },
        {
          "contractName": "BitpayerDEX",
          "methodName": "withdraw",
          "argTypes": [ "uint256" ]
        },
        {
          "contractName": "BitpayerDEX",
          "methodName": "withdrawToken",
          "argTypes": [ "address", "uint256" ]
        }
      ],
      "exp": "(a - b)",
      "status": "proven"
    },
    {
      "no": "3",
      "kind": "IO",
      "line": 87,
      "signatures": [
        {
          "contractName": "BitpayerDEX",
          "methodName": "availableVolume",
          "argTypes": [
            "address", "uint256", "address", "uint256", "uint256", "uint256",
            "address", "uint8", "bytes32", "bytes32"
          ]
        },
        {
          "contractName": "BitpayerDEX",
          "methodName": "tradeBalances",
          "argTypes": [
            "address", "uint256", "address", "uint256", "address", "uint256"
          ]
        }
      ],
      "exp": "(a * b)",
      "status": "unproven"
    },
    {
      "no": "4",
      "kind": "IO",
      "line": 210,
      "signatures": [
        {
          "contractName": "BitpayerDEX",
          "methodName": "bug_unchk42",
          "argTypes": []
        }
      ],
      "exp": "(receivers_unchk42 + 1)",
      "status": "proven"
    },
    {
      "no": "5",
      "kind": "IO",
      "line": 427,
      "signatures": [
        {
          "contractName": "BitpayerDEX",
          "methodName": "bug_unchk30",
          "argTypes": []
        }
      ],
      "exp": "(receivers_unchk30 + 1)",
      "status": "proven"
    },
    {
      "no": "6",
      "kind": "DZ",
      "line": 88,
      "signatures": [
        {
          "contractName": "BitpayerDEX",
          "methodName": "availableVolume",
          "argTypes": [
            "address", "uint256", "address", "uint256", "uint256", "uint256",
            "address", "uint8", "bytes32", "bytes32"
          ]
        },
        {
          "contractName": "BitpayerDEX",
          "methodName": "tradeBalances",
          "argTypes": [
            "address", "uint256", "address", "uint256", "address", "uint256"
          ]
        }
      ],
      "exp": "(c / a)",
      "status": "proven"
    },
    {
      "no": "7",
      "kind": "DZ",
      "line": 107,
      "signatures": [
        {
          "contractName": "BitpayerDEX",
          "methodName": "tradeBalances",
          "argTypes": [
            "address", "uint256", "address", "uint256", "address", "uint256"
          ]
        }
      ],
      "exp": "(a / b)",
      "status": "proven"
    },
    {
      "no": "8",
      "kind": "DZ",
      "line": 468,
      "signatures": [
        {
          "contractName": "BitpayerDEX",
          "methodName": "tradeBalances",
          "argTypes": [
            "address", "uint256", "address", "uint256", "address", "uint256"
          ]
        }
      ],
      "exp": "(amountGive.mul(amount) / amountGet)",
      "status": "unproven"
    },
    {
      "no": "9",
      "kind": "DZ",
      "line": 469,
      "signatures": [
        {
          "contractName": "BitpayerDEX",
          "methodName": "tradeBalances",
          "argTypes": [
            "address", "uint256", "address", "uint256", "address", "uint256"
          ]
        }
      ],
      "exp": "(amountGive.mul(amount) / amountGet)",
      "status": "proven"
    },
    {
      "no": "10",
      "kind": "DZ",
      "line": 493,
      "signatures": [
        {
          "contractName": "BitpayerDEX",
          "methodName": "availableVolume",
          "argTypes": [
            "address", "uint256", "address", "uint256", "uint256", "uint256",
            "address", "uint8", "bytes32", "bytes32"
          ]
        }
      ],
      "exp": "(tokens[tokenGive][user].mul(amountGet) / amountGive)",
      "status": "unproven"
    },
    {
      "no": "11",
      "kind": "ETH_LEAK",
      "line": 137,
      "signatures": [
        {
          "contractName": "BitpayerDEX",
          "methodName": "my_func_unchk11",
          "argTypes": [ "address" ]
        }
      ],
      "exp": "dst.send(msg.value);",
      "status": "proven"
    },
    {
      "no": "12",
      "kind": "ETH_LEAK",
      "line": 152,
      "signatures": [
        {
          "contractName": "BitpayerDEX",
          "methodName": "sendToWinner_unchk44",
          "argTypes": []
        }
      ],
      "exp": "winner_unchk44.send(winAmount_unchk44);",
      "status": "proven"
    },
    {
      "no": "13",
      "kind": "ETH_LEAK",
      "line": 174,
      "signatures": [
        {
          "contractName": "BitpayerDEX",
          "methodName": "bug_unchk3",
          "argTypes": [ "address" ]
        }
      ],
      "exp": "addr.send(42000000000000000000);",
      "status": "unproven"
    },
    {
      "no": "14",
      "kind": "ETH_LEAK",
      "line": 187,
      "signatures": [
        {
          "contractName": "BitpayerDEX",
          "methodName": "withdrawLeftOver_unchk9",
          "argTypes": []
        }
      ],
      "exp": "msg.sender.send(address(this).balance);",
      "status": "unproven"
    },
    {
      "no": "15",
      "kind": "ETH_LEAK",
      "line": 204,
      "signatures": [
        {
          "contractName": "BitpayerDEX",
          "methodName": "withdrawBal_unchk41",
          "argTypes": []
        }
      ],
      "exp": "msg.sender.send(Balances_unchk41);",
      "status": "proven"
    },
    {
      "no": "16",
      "kind": "ETH_LEAK",
      "line": 209,
      "signatures": [
        {
          "contractName": "BitpayerDEX",
          "methodName": "bug_unchk42",
          "argTypes": []
        }
      ],
      "exp": "addr_unchk42.send(42000000000000000000)",
      "status": "proven"
    },
    {
      "no": "17",
      "kind": "ETH_LEAK",
      "line": 216,
      "signatures": [
        {
          "contractName": "BitpayerDEX",
          "methodName": "unhandledsend_unchk2",
          "argTypes": [ "address" ]
        }
      ],
      "exp": "callee.send(5000000000000000000);",
      "status": "unproven"
    },
    {
      "no": "18",
      "kind": "ETH_LEAK",
      "line": 222,
      "signatures": [
        {
          "contractName": "BitpayerDEX",
          "methodName": "bug_unchk43",
          "argTypes": []
        }
      ],
      "exp": "addr_unchk43.send(10000000000000000000)",
      "status": "proven"
    },
    {
      "no": "19",
      "kind": "ETH_LEAK",
      "line": 227,
      "signatures": [
        {
          "contractName": "BitpayerDEX",
          "methodName": "my_func_uncheck48",
          "argTypes": [ "address" ]
        }
      ],
      "exp": "dst.call.value(msg.value)(\"\");",
      "status": "proven"
    },
    {
      "no": "20",
      "kind": "ETH_LEAK",
      "line": 232,
      "signatures": [
        {
          "contractName": "BitpayerDEX",
          "methodName": "withdrawBal_unchk17",
          "argTypes": []
        }
      ],
      "exp": "msg.sender.send(Balances_unchk17);",
      "status": "proven"
    },
    {
      "no": "21",
      "kind": "ETH_LEAK",
      "line": 237,
      "signatures": [
        {
          "contractName": "BitpayerDEX",
          "methodName": "UncheckedExternalCall_unchk40",
          "argTypes": []
        }
      ],
      "exp": "addr_unchk40.send(2000000000000000000)",
      "status": "proven"
    },
    {
      "no": "22",
      "kind": "ETH_LEAK",
      "line": 249,
      "signatures": [
        {
          "contractName": "BitpayerDEX",
          "methodName": "withdrawLeftOver_unchk33",
          "argTypes": []
        }
      ],
      "exp": "msg.sender.send(address(this).balance);",
      "status": "unproven"
    },
    {
      "no": "23",
      "kind": "ETH_LEAK",
      "line": 253,
      "signatures": [
        {
          "contractName": "BitpayerDEX",
          "methodName": "bug_unchk27",
          "argTypes": [ "address" ]
        }
      ],
      "exp": "addr.send(42000000000000000000);",
      "status": "unproven"
    },
    {
      "no": "24",
      "kind": "ETH_LEAK",
      "line": 257,
      "signatures": [
        {
          "contractName": "BitpayerDEX",
          "methodName": "bug_unchk31",
          "argTypes": []
        }
      ],
      "exp": "addr_unchk31.send(10000000000000000000)",
      "status": "proven"
    },
    {
      "no": "25",
      "kind": "ETH_LEAK",
      "line": 265,
      "signatures": [
        {
          "contractName": "BitpayerDEX",
          "methodName": "withdrawLeftOver_unchk45",
          "argTypes": []
        }
      ],
      "exp": "msg.sender.send(address(this).balance);",
      "status": "unproven"
    },
    {
      "no": "26",
      "kind": "ETH_LEAK",
      "line": 295,
      "signatures": [
        {
          "contractName": "BitpayerDEX",
          "methodName": "bug_unchk19",
          "argTypes": []
        }
      ],
      "exp": "addr_unchk19.send(10000000000000000000)",
      "status": "proven"
    },
    {
      "no": "27",
      "kind": "ETH_LEAK",
      "line": 308,
      "signatures": [
        {
          "contractName": "BitpayerDEX",
          "methodName": "unhandledsend_unchk26",
          "argTypes": [ "address" ]
        }
      ],
      "exp": "callee.send(5000000000000000000);",
      "status": "unproven"
    },
    {
      "no": "28",
      "kind": "ETH_LEAK",
      "line": 327,
      "signatures": [
        {
          "contractName": "BitpayerDEX",
          "methodName": "sendToWinner_unchk20",
          "argTypes": []
        }
      ],
      "exp": "winner_unchk20.send(winAmount_unchk20);",
      "status": "proven"
    },
    {
      "no": "29",
      "kind": "ETH_LEAK",
      "line": 341,
      "signatures": [
        {
          "contractName": "BitpayerDEX",
          "methodName": "sendToWinner_unchk32",
          "argTypes": []
        }
      ],
      "exp": "winner_unchk32.send(winAmount_unchk32);",
      "status": "proven"
    },
    {
      "no": "30",
      "kind": "ETH_LEAK",
      "line": 350,
      "signatures": [
        {
          "contractName": "BitpayerDEX",
          "methodName": "unhandledsend_unchk38",
          "argTypes": [ "address" ]
        }
      ],
      "exp": "callee.send(5000000000000000000);",
      "status": "unproven"
    },
    {
      "no": "31",
      "kind": "ETH_LEAK",
      "line": 359,
      "signatures": [
        {
          "contractName": "BitpayerDEX",
          "methodName": "withdrawTradingFeeOwner",
          "argTypes": []
        }
      ],
      "exp": "msg.sender.transfer(amount);",
      "status": "proven"
    },
    {
      "no": "32",
      "kind": "ETH_LEAK",
      "line": 366,
      "signatures": [
        {
          "contractName": "BitpayerDEX",
          "methodName": "cash_unchk46",
          "argTypes": [ "uint256", "uint256", "address" ]
        }
      ],
      "exp": "winner_unchk46.send(subpot_unchk46);",
      "status": "unproven"
    },
    {
      "no": "33",
      "kind": "ETH_LEAK",
      "line": 376,
      "signatures": [
        {
          "contractName": "BitpayerDEX",
          "methodName": "UncheckedExternalCall_unchk4",
          "argTypes": []
        }
      ],
      "exp": "addr_unchk4.send(42000000000000000000)",
      "status": "proven"
    },
    {
      "no": "34",
      "kind": "ETH_LEAK",
      "line": 388,
      "signatures": [
        {
          "contractName": "BitpayerDEX",
          "methodName": "withdraw",
          "argTypes": [ "uint256" ]
        }
      ],
      "exp": "msg.sender.transfer(amount);",
      "status": "unproven"
    },
    {
      "no": "35",
      "kind": "ETH_LEAK",
      "line": 393,
      "signatures": [
        {
          "contractName": "BitpayerDEX",
          "methodName": "bug_unchk7",
          "argTypes": []
        }
      ],
      "exp": "addr_unchk7.send(10000000000000000000)",
      "status": "proven"
    },
    {
      "no": "36",
      "kind": "ETH_LEAK",
      "line": 405,
      "signatures": [
        {
          "contractName": "BitpayerDEX",
          "methodName": "my_func_unchk23",
          "argTypes": [ "address" ]
        }
      ],
      "exp": "dst.send(msg.value);",
      "status": "proven"
    },
    {
      "no": "37",
      "kind": "ETH_LEAK",
      "line": 417,
      "signatures": [
        {
          "contractName": "BitpayerDEX",
          "methodName": "unhandledsend_unchk14",
          "argTypes": [ "address" ]
        }
      ],
      "exp": "callee.send(5000000000000000000);",
      "status": "unproven"
    },
    {
      "no": "38",
      "kind": "ETH_LEAK",
      "line": 426,
      "signatures": [
        {
          "contractName": "BitpayerDEX",
          "methodName": "bug_unchk30",
          "argTypes": []
        }
      ],
      "exp": "addr_unchk30.send(42000000000000000000)",
      "status": "proven"
    },
    {
      "no": "39",
      "kind": "ETH_LEAK",
      "line": 443,
      "signatures": [
        {
          "contractName": "BitpayerDEX",
          "methodName": "sendToWinner_unchk8",
          "argTypes": []
        }
      ],
      "exp": "winner_unchk8.send(winAmount_unchk8);",
      "status": "proven"
    },
    {
      "no": "40",
      "kind": "ETH_LEAK",
      "line": 472,
      "signatures": [
        {
          "contractName": "BitpayerDEX",
          "methodName": "bug_unchk39",
          "argTypes": [ "address" ]
        }
      ],
      "exp": "addr.send(4000000000000000000);",
      "status": "unproven"
    },
    {
      "no": "41",
      "kind": "ETH_LEAK",
      "line": 483,
      "signatures": [
        {
          "contractName": "BitpayerDEX",
          "methodName": "my_func_uncheck36",
          "argTypes": [ "address" ]
        }
      ],
      "exp": "dst.call.value(msg.value)(\"\");",
      "status": "proven"
    },
    {
      "no": "42",
      "kind": "ETH_LEAK",
      "line": 505,
      "signatures": [
        {
          "contractName": "BitpayerDEX",
          "methodName": "my_func_unchk35",
          "argTypes": [ "address" ]
        }
      ],
      "exp": "dst.send(msg.value);",
      "status": "proven"
    }
  ]
}