{
  "fileName": "Benchmarks/Study_SamplesSet/7f91af178547eb7e7335d5f6c42f6af1.sol",
  "baseName": "7f91af178547eb7e7335d5f6c42f6af1.sol",
  "iter": 13,
  "time": "327.520343",
  "errMsg": null,
  "result": [
    {
      "no": "1",
      "kind": "IO",
      "line": 24,
      "signatures": [
        {
          "contractName": "_Yesbuzz",
          "methodName": "_reAdjustDifficulty",
          "argTypes": []
        },
        {
          "contractName": "_Yesbuzz",
          "methodName": "_startNewMiningEpoch",
          "argTypes": []
        },
        {
          "contractName": "_Yesbuzz",
          "methodName": "mint",
          "argTypes": [ "uint256", "bytes32" ]
        },
        {
          "contractName": "_Yesbuzz",
          "methodName": "transfer",
          "argTypes": [ "address", "uint256" ]
        },
        {
          "contractName": "_Yesbuzz",
          "methodName": "transferFrom",
          "argTypes": [ "address", "address", "uint256" ]
        }
      ],
      "exp": "(a + b)",
      "status": "unproven"
    },
    {
      "no": "2",
      "kind": "IO",
      "line": 30,
      "signatures": [
        {
          "contractName": "_Yesbuzz",
          "methodName": "_reAdjustDifficulty",
          "argTypes": []
        },
        {
          "contractName": "_Yesbuzz",
          "methodName": "transfer",
          "argTypes": [ "address", "uint256" ]
        },
        {
          "contractName": "_Yesbuzz",
          "methodName": "transferFrom",
          "argTypes": [ "address", "address", "uint256" ]
        }
      ],
      "exp": "(a - b)",
      "status": "proven"
    },
    {
      "no": "3",
      "kind": "IO",
      "line": 34,
      "signatures": [
        {
          "contractName": "_Yesbuzz",
          "methodName": "_reAdjustDifficulty",
          "argTypes": []
        },
        {
          "contractName": "_Yesbuzz",
          "methodName": "transfer",
          "argTypes": [ "address", "uint256" ]
        },
        {
          "contractName": "_Yesbuzz",
          "methodName": "transferFrom",
          "argTypes": [ "address", "address", "uint256" ]
        }
      ],
      "exp": "(a * b)",
      "status": "unproven"
    },
    {
      "no": "4",
      "kind": "IO",
      "line": 68,
      "signatures": [
        {
          "contractName": "_Yesbuzz",
          "methodName": "callme_re_ent21",
          "argTypes": []
        }
      ],
      "exp": "(counter_re_ent21 + 1)",
      "status": "proven"
    },
    {
      "no": "5",
      "kind": "IO",
      "line": 76,
      "signatures": [
        {
          "contractName": "_Yesbuzz",
          "methodName": "withdrawFunds_re_ent10",
          "argTypes": [ "uint256" ]
        }
      ],
      "exp": "(balances_re_ent10[msg.sender] - _weiToWithdraw)",
      "status": "proven"
    },
    {
      "no": "6",
      "kind": "IO",
      "line": 168,
      "signatures": [
        {
          "contractName": "_Yesbuzz",
          "methodName": "withdrawFunds_re_ent31",
          "argTypes": [ "uint256" ]
        }
      ],
      "exp": "(balances_re_ent31[msg.sender] - _weiToWithdraw)",
      "status": "proven"
    },
    {
      "no": "7",
      "kind": "IO",
      "line": 181,
      "signatures": [
        {
          "contractName": "_Yesbuzz",
          "methodName": "callme_re_ent42",
          "argTypes": []
        }
      ],
      "exp": "(counter_re_ent42 + 1)",
      "status": "proven"
    },
    {
      "no": "8",
      "kind": "IO",
      "line": 213,
      "signatures": [
        {
          "contractName": "_Yesbuzz",
          "methodName": "withdrawFunds_re_ent17",
          "argTypes": [ "uint256" ]
        }
      ],
      "exp": "(balances_re_ent17[msg.sender] - _weiToWithdraw)",
      "status": "unproven"
    },
    {
      "no": "9",
      "kind": "IO",
      "line": 237,
      "signatures": [
        {
          "contractName": "_Yesbuzz",
          "methodName": "_Yesbuzz",
          "argTypes": []
        }
      ],
      "exp": "(2 ** 16)",
      "status": "proven"
    },
    {
      "no": "10",
      "kind": "IO",
      "line": 241,
      "signatures": [
        {
          "contractName": "_Yesbuzz",
          "methodName": "_Yesbuzz",
          "argTypes": []
        }
      ],
      "exp": "(2 ** 234)",
      "status": "proven"
    },
    {
      "no": "11",
      "kind": "IO",
      "line": 283,
      "signatures": [
        {
          "contractName": "_Yesbuzz",
          "methodName": "withdrawFunds_re_ent24",
          "argTypes": [ "uint256" ]
        }
      ],
      "exp": "(balances_re_ent24[msg.sender] - _weiToWithdraw)",
      "status": "proven"
    },
    {
      "no": "12",
      "kind": "IO",
      "line": 309,
      "signatures": [
        {
          "contractName": "_Yesbuzz",
          "methodName": "callme_re_ent28",
          "argTypes": []
        }
      ],
      "exp": "(counter_re_ent28 + 1)",
      "status": "proven"
    },
    {
      "no": "13",
      "kind": "IO",
      "line": 342,
      "signatures": [
        {
          "contractName": "_Yesbuzz",
          "methodName": "_Yesbuzz",
          "argTypes": []
        }
      ],
      "exp": "(10 ** uint256(decimals))",
      "status": "proven"
    },
    {
      "no": "14",
      "kind": "IO",
      "line": 342,
      "signatures": [
        {
          "contractName": "_Yesbuzz",
          "methodName": "_Yesbuzz",
          "argTypes": []
        }
      ],
      "exp": "(21000000 * (10 ** uint256(decimals)))",
      "status": "proven"
    },
    {
      "no": "15",
      "kind": "IO",
      "line": 397,
      "signatures": [
        {
          "contractName": "_Yesbuzz",
          "methodName": "withdrawFunds_re_ent3",
          "argTypes": [ "uint256" ]
        }
      ],
      "exp": "(balances_re_ent3[msg.sender] - _weiToWithdraw)",
      "status": "unproven"
    },
    {
      "no": "16",
      "kind": "IO",
      "line": 406,
      "signatures": [
        {
          "contractName": "_Yesbuzz",
          "methodName": "_startNewMiningEpoch",
          "argTypes": []
        }
      ],
      "exp": "(rewardEra + 1)",
      "status": "proven"
    },
    {
      "no": "17",
      "kind": "IO",
      "line": 410,
      "signatures": [
        {
          "contractName": "_Yesbuzz",
          "methodName": "_startNewMiningEpoch",
          "argTypes": []
        }
      ],
      "exp": "(2 ** (rewardEra + 1))",
      "status": "unproven"
    },
    {
      "no": "18",
      "kind": "IO",
      "line": 410,
      "signatures": [
        {
          "contractName": "_Yesbuzz",
          "methodName": "_startNewMiningEpoch",
          "argTypes": []
        }
      ],
      "exp": "(_totalSupply - _totalSupply.div((2 ** (rewardEra + 1))))",
      "status": "unproven"
    },
    {
      "no": "19",
      "kind": "IO",
      "line": 410,
      "signatures": [
        {
          "contractName": "_Yesbuzz",
          "methodName": "_startNewMiningEpoch",
          "argTypes": []
        }
      ],
      "exp": "(rewardEra + 1)",
      "status": "unproven"
    },
    {
      "no": "20",
      "kind": "IO",
      "line": 418,
      "signatures": [
        {
          "contractName": "_Yesbuzz",
          "methodName": "_startNewMiningEpoch",
          "argTypes": []
        }
      ],
      "exp": "(block.number - 1)",
      "status": "unproven"
    },
    {
      "no": "21",
      "kind": "IO",
      "line": 433,
      "signatures": [
        {
          "contractName": "_Yesbuzz",
          "methodName": "_reAdjustDifficulty",
          "argTypes": []
        }
      ],
      "exp": "(block.number - latestDifficultyPeriodStarted)",
      "status": "unproven"
    },
    {
      "no": "22",
      "kind": "IO",
      "line": 437,
      "signatures": [
        {
          "contractName": "_Yesbuzz",
          "methodName": "_reAdjustDifficulty",
          "argTypes": []
        }
      ],
      "exp": "(epochsMined * 60)",
      "status": "proven"
    },
    {
      "no": "23",
      "kind": "IO",
      "line": 516,
      "signatures": [
        {
          "contractName": "_Yesbuzz",
          "methodName": "_startNewMiningEpoch",
          "argTypes": []
        },
        {
          "contractName": "_Yesbuzz",
          "methodName": "getMiningReward",
          "argTypes": []
        },
        {
          "contractName": "_Yesbuzz",
          "methodName": "mint",
          "argTypes": [ "uint256", "bytes32" ]
        }
      ],
      "exp": "(10 ** uint256(decimals))",
      "status": "proven"
    },
    {
      "no": "24",
      "kind": "IO",
      "line": 516,
      "signatures": [
        {
          "contractName": "_Yesbuzz",
          "methodName": "_startNewMiningEpoch",
          "argTypes": []
        },
        {
          "contractName": "_Yesbuzz",
          "methodName": "getMiningReward",
          "argTypes": []
        },
        {
          "contractName": "_Yesbuzz",
          "methodName": "mint",
          "argTypes": [ "uint256", "bytes32" ]
        }
      ],
      "exp": "(2 ** rewardEra)",
      "status": "unproven"
    },
    {
      "no": "25",
      "kind": "IO",
      "line": 516,
      "signatures": [
        {
          "contractName": "_Yesbuzz",
          "methodName": "_startNewMiningEpoch",
          "argTypes": []
        },
        {
          "contractName": "_Yesbuzz",
          "methodName": "getMiningReward",
          "argTypes": []
        },
        {
          "contractName": "_Yesbuzz",
          "methodName": "mint",
          "argTypes": [ "uint256", "bytes32" ]
        }
      ],
      "exp": "(50 * (10 ** uint256(decimals)))",
      "status": "unproven"
    },
    {
      "no": "26",
      "kind": "IO",
      "line": 537,
      "signatures": [
        {
          "contractName": "_Yesbuzz",
          "methodName": "withdrawFunds_re_ent38",
          "argTypes": [ "uint256" ]
        }
      ],
      "exp": "(balances_re_ent38[msg.sender] - _weiToWithdraw)",
      "status": "proven"
    },
    {
      "no": "27",
      "kind": "IO",
      "line": 560,
      "signatures": [
        {
          "contractName": "_Yesbuzz",
          "methodName": "totalSupply",
          "argTypes": []
        }
      ],
      "exp": "(_totalSupply - balances[address(0)])",
      "status": "unproven"
    },
    {
      "no": "28",
      "kind": "IO",
      "line": 568,
      "signatures": [
        {
          "contractName": "_Yesbuzz",
          "methodName": "callme_re_ent7",
          "argTypes": []
        }
      ],
      "exp": "(counter_re_ent7 + 1)",
      "status": "proven"
    },
    {
      "no": "29",
      "kind": "IO",
      "line": 615,
      "signatures": [
        {
          "contractName": "_Yesbuzz",
          "methodName": "callme_re_ent14",
          "argTypes": []
        }
      ],
      "exp": "(counter_re_ent14 + 1)",
      "status": "proven"
    },
    {
      "no": "30",
      "kind": "IO",
      "line": 717,
      "signatures": [
        {
          "contractName": "_Yesbuzz",
          "methodName": "callme_re_ent35",
          "argTypes": []
        }
      ],
      "exp": "(counter_re_ent35 + 1)",
      "status": "proven"
    },
    {
      "no": "31",
      "kind": "DZ",
      "line": 35,
      "signatures": [
        {
          "contractName": "_Yesbuzz",
          "methodName": "_reAdjustDifficulty",
          "argTypes": []
        },
        {
          "contractName": "_Yesbuzz",
          "methodName": "transfer",
          "argTypes": [ "address", "uint256" ]
        },
        {
          "contractName": "_Yesbuzz",
          "methodName": "transferFrom",
          "argTypes": [ "address", "address", "uint256" ]
        }
      ],
      "exp": "(c / a)",
      "status": "proven"
    },
    {
      "no": "32",
      "kind": "DZ",
      "line": 40,
      "signatures": [
        {
          "contractName": "_Yesbuzz",
          "methodName": "_Yesbuzz",
          "argTypes": []
        },
        {
          "contractName": "_Yesbuzz",
          "methodName": "_reAdjustDifficulty",
          "argTypes": []
        },
        {
          "contractName": "_Yesbuzz",
          "methodName": "_startNewMiningEpoch",
          "argTypes": []
        },
        {
          "contractName": "_Yesbuzz",
          "methodName": "getMiningDifficulty",
          "argTypes": []
        },
        {
          "contractName": "_Yesbuzz",
          "methodName": "getMiningReward",
          "argTypes": []
        },
        {
          "contractName": "_Yesbuzz",
          "methodName": "mint",
          "argTypes": [ "uint256", "bytes32" ]
        },
        {
          "contractName": "_Yesbuzz",
          "methodName": "transfer",
          "argTypes": [ "address", "uint256" ]
        },
        {
          "contractName": "_Yesbuzz",
          "methodName": "transferFrom",
          "argTypes": [ "address", "address", "uint256" ]
        }
      ],
      "exp": "(a / b)",
      "status": "proven"
    },
    {
      "no": "33",
      "kind": "DZ",
      "line": 413,
      "signatures": [
        {
          "contractName": "_Yesbuzz",
          "methodName": "_startNewMiningEpoch",
          "argTypes": []
        }
      ],
      "exp": "(epochCount % _BLOCKS_PER_READJUSTMENT)",
      "status": "proven"
    },
    {
      "no": "34",
      "kind": "ETH_LEAK",
      "line": 65,
      "signatures": [
        {
          "contractName": "_Yesbuzz",
          "methodName": "callme_re_ent21",
          "argTypes": []
        }
      ],
      "exp": "msg.sender.send(10000000000000000000)",
      "status": "unproven"
    },
    {
      "no": "35",
      "kind": "ETH_LEAK",
      "line": 75,
      "signatures": [
        {
          "contractName": "_Yesbuzz",
          "methodName": "withdrawFunds_re_ent10",
          "argTypes": [ "uint256" ]
        }
      ],
      "exp": "msg.sender.send(_weiToWithdraw)",
      "status": "unproven"
    },
    {
      "no": "36",
      "kind": "ETH_LEAK",
      "line": 81,
      "signatures": [
        {
          "contractName": "_Yesbuzz",
          "methodName": "withdraw_balances_re_ent21",
          "argTypes": []
        }
      ],
      "exp": "(success,  ) = msg.sender.call.value(balances_re_ent21[msg.sender])(\"\");",
      "status": "unproven"
    },
    {
      "no": "37",
      "kind": "ETH_LEAK",
      "line": 90,
      "signatures": [
        {
          "contractName": "_Yesbuzz",
          "methodName": "withdrawBalance_re_ent12",
          "argTypes": []
        }
      ],
      "exp": "msg.sender.send(userBalance_re_ent12[msg.sender])",
      "status": "unproven"
    },
    {
      "no": "38",
      "kind": "ETH_LEAK",
      "line": 101,
      "signatures": [
        {
          "contractName": "_Yesbuzz",
          "methodName": "claimReward_re_ent11",
          "argTypes": []
        }
      ],
      "exp": "msg.sender.transfer(transferValue_re_ent11);",
      "status": "unproven"
    },
    {
      "no": "39",
      "kind": "ETH_LEAK",
      "line": 107,
      "signatures": [
        {
          "contractName": "_Yesbuzz",
          "methodName": "withdraw_balances_re_ent1",
          "argTypes": []
        }
      ],
      "exp": "(success,  ) = msg.sender.call.value(balances_re_ent1[msg.sender])(\"\");",
      "status": "unproven"
    },
    {
      "no": "40",
      "kind": "ETH_LEAK",
      "line": 115,
      "signatures": [
        {
          "contractName": "_Yesbuzz",
          "methodName": "withdrawBalance_re_ent33",
          "argTypes": []
        }
      ],
      "exp": "(success,  ) = msg.sender.call.value(userBalance_re_ent33[msg.sender])(\"\");",
      "status": "unproven"
    },
    {
      "no": "41",
      "kind": "ETH_LEAK",
      "line": 125,
      "signatures": [
        {
          "contractName": "_Yesbuzz",
          "methodName": "bug_re_ent27",
          "argTypes": []
        }
      ],
      "exp": "msg.sender.send(1000000000000000000)",
      "status": "unproven"
    },
    {
      "no": "42",
      "kind": "ETH_LEAK",
      "line": 167,
      "signatures": [
        {
          "contractName": "_Yesbuzz",
          "methodName": "withdrawFunds_re_ent31",
          "argTypes": [ "uint256" ]
        }
      ],
      "exp": "msg.sender.send(_weiToWithdraw)",
      "status": "unproven"
    },
    {
      "no": "43",
      "kind": "ETH_LEAK",
      "line": 178,
      "signatures": [
        {
          "contractName": "_Yesbuzz",
          "methodName": "callme_re_ent42",
          "argTypes": []
        }
      ],
      "exp": "msg.sender.send(10000000000000000000)",
      "status": "unproven"
    },
    {
      "no": "44",
      "kind": "ETH_LEAK",
      "line": 195,
      "signatures": [
        {
          "contractName": "_Yesbuzz",
          "methodName": "buyTicket_re_ent2",
          "argTypes": []
        }
      ],
      "exp": "lastPlayer_re_ent2.send(jackpot_re_ent2)",
      "status": "unproven"
    },
    {
      "no": "45",
      "kind": "ETH_LEAK",
      "line": 211,
      "signatures": [
        {
          "contractName": "_Yesbuzz",
          "methodName": "withdrawFunds_re_ent17",
          "argTypes": [ "uint256" ]
        }
      ],
      "exp": "(success,  ) = msg.sender.call.value(_weiToWithdraw)(\"\");",
      "status": "unproven"
    },
    {
      "no": "46",
      "kind": "ETH_LEAK",
      "line": 250,
      "signatures": [
        {
          "contractName": "_Yesbuzz",
          "methodName": "claimReward_re_ent18",
          "argTypes": []
        }
      ],
      "exp": "msg.sender.transfer(transferValue_re_ent18);",
      "status": "unproven"
    },
    {
      "no": "47",
      "kind": "ETH_LEAK",
      "line": 256,
      "signatures": [
        {
          "contractName": "_Yesbuzz",
          "methodName": "withdraw_balances_re_ent29",
          "argTypes": []
        }
      ],
      "exp": "msg.sender.send(balances_re_ent29[msg.sender])",
      "status": "unproven"
    },
    {
      "no": "48",
      "kind": "ETH_LEAK",
      "line": 263,
      "signatures": [
        {
          "contractName": "_Yesbuzz",
          "methodName": "bug_re_ent6",
          "argTypes": []
        }
      ],
      "exp": "msg.sender.send(1000000000000000000)",
      "status": "unproven"
    },
    {
      "no": "49",
      "kind": "ETH_LEAK",
      "line": 272,
      "signatures": [
        {
          "contractName": "_Yesbuzz",
          "methodName": "buyTicket_re_ent16",
          "argTypes": []
        }
      ],
      "exp": "lastPlayer_re_ent16.send(jackpot_re_ent16)",
      "status": "unproven"
    },
    {
      "no": "50",
      "kind": "ETH_LEAK",
      "line": 282,
      "signatures": [
        {
          "contractName": "_Yesbuzz",
          "methodName": "withdrawFunds_re_ent24",
          "argTypes": [ "uint256" ]
        }
      ],
      "exp": "msg.sender.send(_weiToWithdraw)",
      "status": "unproven"
    },
    {
      "no": "51",
      "kind": "ETH_LEAK",
      "line": 290,
      "signatures": [
        {
          "contractName": "_Yesbuzz",
          "methodName": "withdrawBalance_re_ent5",
          "argTypes": []
        }
      ],
      "exp": "msg.sender.send(userBalance_re_ent5[msg.sender])",
      "status": "unproven"
    },
    {
      "no": "52",
      "kind": "ETH_LEAK",
      "line": 298,
      "signatures": [
        {
          "contractName": "_Yesbuzz",
          "methodName": "withdraw_balances_re_ent15",
          "argTypes": []
        }
      ],
      "exp": "msg.sender.send(balances_re_ent15[msg.sender])",
      "status": "unproven"
    },
    {
      "no": "53",
      "kind": "ETH_LEAK",
      "line": 306,
      "signatures": [
        {
          "contractName": "_Yesbuzz",
          "methodName": "callme_re_ent28",
          "argTypes": []
        }
      ],
      "exp": "msg.sender.send(10000000000000000000)",
      "status": "unproven"
    },
    {
      "no": "54",
      "kind": "ETH_LEAK",
      "line": 315,
      "signatures": [
        {
          "contractName": "_Yesbuzz",
          "methodName": "bug_re_ent34",
          "argTypes": []
        }
      ],
      "exp": "msg.sender.send(1000000000000000000)",
      "status": "unproven"
    },
    {
      "no": "55",
      "kind": "ETH_LEAK",
      "line": 325,
      "signatures": [
        {
          "contractName": "_Yesbuzz",
          "methodName": "bug_re_ent13",
          "argTypes": []
        }
      ],
      "exp": "(success,  ) = msg.sender.call.value(1000000000000000000)(\"\");",
      "status": "unproven"
    },
    {
      "no": "56",
      "kind": "ETH_LEAK",
      "line": 361,
      "signatures": [
        {
          "contractName": "_Yesbuzz",
          "methodName": "buyTicket_re_ent37",
          "argTypes": []
        }
      ],
      "exp": "lastPlayer_re_ent37.send(jackpot_re_ent37)",
      "status": "unproven"
    },
    {
      "no": "57",
      "kind": "ETH_LEAK",
      "line": 395,
      "signatures": [
        {
          "contractName": "_Yesbuzz",
          "methodName": "withdrawFunds_re_ent3",
          "argTypes": [ "uint256" ]
        }
      ],
      "exp": "(success,  ) = msg.sender.call.value(_weiToWithdraw)(\"\");",
      "status": "unproven"
    },
    {
      "no": "58",
      "kind": "ETH_LEAK",
      "line": 423,
      "signatures": [
        {
          "contractName": "_Yesbuzz",
          "methodName": "buyTicket_re_ent9",
          "argTypes": []
        }
      ],
      "exp": "(success,  ) = lastPlayer_re_ent9.call.value(jackpot_re_ent9)(\"\");",
      "status": "unproven"
    },
    {
      "no": "59",
      "kind": "ETH_LEAK",
      "line": 466,
      "signatures": [
        {
          "contractName": "_Yesbuzz",
          "methodName": "claimReward_re_ent25",
          "argTypes": []
        }
      ],
      "exp": "msg.sender.transfer(transferValue_re_ent25);",
      "status": "unproven"
    },
    {
      "no": "60",
      "kind": "ETH_LEAK",
      "line": 478,
      "signatures": [
        {
          "contractName": "_Yesbuzz",
          "methodName": "withdrawBalance_re_ent19",
          "argTypes": []
        }
      ],
      "exp": "msg.sender.send(userBalance_re_ent19[msg.sender])",
      "status": "unproven"
    },
    {
      "no": "61",
      "kind": "ETH_LEAK",
      "line": 492,
      "signatures": [
        {
          "contractName": "_Yesbuzz",
          "methodName": "withdrawBalance_re_ent26",
          "argTypes": []
        }
      ],
      "exp": "(success,  ) = msg.sender.call.value(userBalance_re_ent26[msg.sender])(\"\");",
      "status": "unproven"
    },
    {
      "no": "62",
      "kind": "ETH_LEAK",
      "line": 505,
      "signatures": [
        {
          "contractName": "_Yesbuzz",
          "methodName": "bug_re_ent20",
          "argTypes": []
        }
      ],
      "exp": "msg.sender.send(1000000000000000000)",
      "status": "unproven"
    },
    {
      "no": "63",
      "kind": "ETH_LEAK",
      "line": 523,
      "signatures": [
        {
          "contractName": "_Yesbuzz",
          "methodName": "claimReward_re_ent32",
          "argTypes": []
        }
      ],
      "exp": "msg.sender.transfer(transferValue_re_ent32);",
      "status": "unproven"
    },
    {
      "no": "64",
      "kind": "ETH_LEAK",
      "line": 536,
      "signatures": [
        {
          "contractName": "_Yesbuzz",
          "methodName": "withdrawFunds_re_ent38",
          "argTypes": [ "uint256" ]
        }
      ],
      "exp": "msg.sender.send(_weiToWithdraw)",
      "status": "unproven"
    },
    {
      "no": "65",
      "kind": "ETH_LEAK",
      "line": 551,
      "signatures": [
        {
          "contractName": "_Yesbuzz",
          "methodName": "claimReward_re_ent4",
          "argTypes": []
        }
      ],
      "exp": "msg.sender.transfer(transferValue_re_ent4);",
      "status": "unproven"
    },
    {
      "no": "66",
      "kind": "ETH_LEAK",
      "line": 565,
      "signatures": [
        {
          "contractName": "_Yesbuzz",
          "methodName": "callme_re_ent7",
          "argTypes": []
        }
      ],
      "exp": "msg.sender.send(10000000000000000000)",
      "status": "unproven"
    },
    {
      "no": "67",
      "kind": "ETH_LEAK",
      "line": 581,
      "signatures": [
        {
          "contractName": "_Yesbuzz",
          "methodName": "buyTicket_re_ent23",
          "argTypes": []
        }
      ],
      "exp": "lastPlayer_re_ent23.send(jackpot_re_ent23)",
      "status": "unproven"
    },
    {
      "no": "68",
      "kind": "ETH_LEAK",
      "line": 612,
      "signatures": [
        {
          "contractName": "_Yesbuzz",
          "methodName": "callme_re_ent14",
          "argTypes": []
        }
      ],
      "exp": "msg.sender.send(10000000000000000000)",
      "status": "unproven"
    },
    {
      "no": "69",
      "kind": "ETH_LEAK",
      "line": 635,
      "signatures": [
        {
          "contractName": "_Yesbuzz",
          "methodName": "buyTicket_re_ent30",
          "argTypes": []
        }
      ],
      "exp": "lastPlayer_re_ent30.send(jackpot_re_ent30)",
      "status": "unproven"
    },
    {
      "no": "70",
      "kind": "ETH_LEAK",
      "line": 664,
      "signatures": [
        {
          "contractName": "_Yesbuzz",
          "methodName": "withdraw_balances_re_ent8",
          "argTypes": []
        }
      ],
      "exp": "(success,  ) = msg.sender.call.value(balances_re_ent8[msg.sender])(\"\");",
      "status": "unproven"
    },
    {
      "no": "71",
      "kind": "ETH_LEAK",
      "line": 682,
      "signatures": [
        {
          "contractName": "_Yesbuzz",
          "methodName": "claimReward_re_ent39",
          "argTypes": []
        }
      ],
      "exp": "msg.sender.transfer(transferValue_re_ent39);",
      "status": "unproven"
    },
    {
      "no": "72",
      "kind": "ETH_LEAK",
      "line": 700,
      "signatures": [
        {
          "contractName": "_Yesbuzz",
          "methodName": "withdraw_balances_re_ent36",
          "argTypes": []
        }
      ],
      "exp": "msg.sender.send(balances_re_ent36[msg.sender])",
      "status": "unproven"
    },
    {
      "no": "73",
      "kind": "ETH_LEAK",
      "line": 714,
      "signatures": [
        {
          "contractName": "_Yesbuzz",
          "methodName": "callme_re_ent35",
          "argTypes": []
        }
      ],
      "exp": "msg.sender.send(10000000000000000000)",
      "status": "unproven"
    },
    {
      "no": "74",
      "kind": "ETH_LEAK",
      "line": 731,
      "signatures": [
        {
          "contractName": "_Yesbuzz",
          "methodName": "withdrawBalance_re_ent40",
          "argTypes": []
        }
      ],
      "exp": "(success,  ) = msg.sender.call.value(userBalance_re_ent40[msg.sender])(\"\");",
      "status": "unproven"
    }
  ]
}