{
  "fileName": "Benchmarks/Study_SamplesSet/7f952b5e12ba42f73e89998f14c1c7f6.sol",
  "baseName": "7f952b5e12ba42f73e89998f14c1c7f6.sol",
  "iter": 1,
  "time": "1175.545337",
  "errMsg": null,
  "result": [
    {
      "no": "1",
      "kind": "IO",
      "line": 9,
      "signatures": [
        {
          "contractName": "Gopanda",
          "methodName": "getTokens",
          "argTypes": []
        }
      ],
      "exp": "(a * b)",
      "status": "unproven"
    },
    {
      "no": "2",
      "kind": "IO",
      "line": 23,
      "signatures": [
        {
          "contractName": "Gopanda",
          "methodName": "burn",
          "argTypes": [ "uint256" ]
        },
        {
          "contractName": "Gopanda",
          "methodName": "transfer",
          "argTypes": [ "address", "uint256" ]
        },
        {
          "contractName": "Gopanda",
          "methodName": "transferFrom",
          "argTypes": [ "address", "address", "uint256" ]
        }
      ],
      "exp": "(a - b)",
      "status": "proven"
    },
    {
      "no": "3",
      "kind": "IO",
      "line": 27,
      "signatures": [
        {
          "contractName": "Gopanda",
          "methodName": "DistributeAirdrop",
          "argTypes": [ "address", "uint256" ]
        },
        {
          "contractName": "Gopanda",
          "methodName": "DistributeAirdropMultiple",
          "argTypes": [ "address[]", "uint256" ]
        },
        {
          "contractName": "Gopanda",
          "methodName": "Gopanda",
          "argTypes": []
        },
        {
          "contractName": "Gopanda",
          "methodName": "add",
          "argTypes": [ "uint256" ]
        },
        {
          "contractName": "Gopanda",
          "methodName": "getTokens",
          "argTypes": []
        },
        {
          "contractName": "Gopanda",
          "methodName": "transfer",
          "argTypes": [ "address", "uint256" ]
        },
        {
          "contractName": "Gopanda",
          "methodName": "transferFrom",
          "argTypes": [ "address", "address", "uint256" ]
        }
      ],
      "exp": "(a + b)",
      "status": "unproven"
    },
    {
      "no": "4",
      "kind": "IO",
      "line": 64,
      "signatures": [
        {
          "contractName": "Gopanda",
          "methodName": "Gopanda",
          "argTypes": []
        }
      ],
      "exp": "(40 * 86400)",
      "status": "proven"
    },
    {
      "no": "5",
      "kind": "IO",
      "line": 64,
      "signatures": [
        {
          "contractName": "Gopanda",
          "methodName": "Gopanda",
          "argTypes": []
        }
      ],
      "exp": "(now + (40 * 86400))",
      "status": "unproven"
    },
    {
      "no": "6",
      "kind": "IO",
      "line": 65,
      "signatures": [
        {
          "contractName": "Gopanda",
          "methodName": "Gopanda",
          "argTypes": []
        }
      ],
      "exp": "(20 * 86400)",
      "status": "proven"
    },
    {
      "no": "7",
      "kind": "IO",
      "line": 65,
      "signatures": [
        {
          "contractName": "Gopanda",
          "methodName": "Gopanda",
          "argTypes": []
        }
      ],
      "exp": "(now + (20 * 86400))",
      "status": "unproven"
    },
    {
      "no": "8",
      "kind": "IO",
      "line": 66,
      "signatures": [
        {
          "contractName": "Gopanda",
          "methodName": "Gopanda",
          "argTypes": []
        }
      ],
      "exp": "(15 * 86400)",
      "status": "proven"
    },
    {
      "no": "9",
      "kind": "IO",
      "line": 66,
      "signatures": [
        {
          "contractName": "Gopanda",
          "methodName": "Gopanda",
          "argTypes": []
        }
      ],
      "exp": "(now + (15 * 86400))",
      "status": "unproven"
    },
    {
      "no": "10",
      "kind": "IO",
      "line": 152,
      "signatures": [
        {
          "contractName": "Gopanda",
          "methodName": "DistributeAirdropMultiple",
          "argTypes": [ "address[]", "uint256" ]
        }
      ],
      "exp": "(i + 1)",
      "status": "proven"
    },
    {
      "no": "11",
      "kind": "IO",
      "line": 177,
      "signatures": [
        {
          "contractName": "Gopanda",
          "methodName": "getTokens",
          "argTypes": []
        }
      ],
      "exp": "(tokens * 3)",
      "status": "unproven"
    },
    {
      "no": "12",
      "kind": "IO",
      "line": 179,
      "signatures": [
        {
          "contractName": "Gopanda",
          "methodName": "getTokens",
          "argTypes": []
        }
      ],
      "exp": "(tokens * 5)",
      "status": "unproven"
    },
    {
      "no": "13",
      "kind": "IO",
      "line": 181,
      "signatures": [
        {
          "contractName": "Gopanda",
          "methodName": "getTokens",
          "argTypes": []
        }
      ],
      "exp": "(tokens * 30)",
      "status": "unproven"
    },
    {
      "no": "14",
      "kind": "IO",
      "line": 185,
      "signatures": [
        {
          "contractName": "Gopanda",
          "methodName": "getTokens",
          "argTypes": []
        }
      ],
      "exp": "(tokens * 0)",
      "status": "unproven"
    },
    {
      "no": "15",
      "kind": "IO",
      "line": 187,
      "signatures": [
        {
          "contractName": "Gopanda",
          "methodName": "getTokens",
          "argTypes": []
        }
      ],
      "exp": "(tokens * 5)",
      "status": "unproven"
    },
    {
      "no": "16",
      "kind": "IO",
      "line": 193,
      "signatures": [
        {
          "contractName": "Gopanda",
          "methodName": "getTokens",
          "argTypes": []
        }
      ],
      "exp": "(tokens + countbonus)",
      "status": "unproven"
    },
    {
      "no": "17",
      "kind": "IO",
      "line": 200,
      "signatures": [
        {
          "contractName": "Gopanda",
          "methodName": "getTokens",
          "argTypes": []
        }
      ],
      "exp": "(progress0drop + 1)",
      "status": "proven"
    },
    {
      "no": "18",
      "kind": "IO",
      "line": 230,
      "signatures": [
        {
          "contractName": "Gopanda",
          "methodName": "transfer",
          "argTypes": [ "address", "uint256" ]
        },
        {
          "contractName": "Gopanda",
          "methodName": "transferFrom",
          "argTypes": [ "address", "address", "uint256" ]
        }
      ],
      "exp": "(size + 4)",
      "status": "proven"
    },
    {
      "no": "19",
      "kind": "IO",
      "line": 234,
      "signatures": [
        {
          "contractName": "Gopanda",
          "methodName": "transfer",
          "argTypes": [ "address", "uint256" ]
        }
      ],
      "exp": "(2 * 32)",
      "status": "proven"
    },
    {
      "no": "20",
      "kind": "IO",
      "line": 245,
      "signatures": [
        {
          "contractName": "Gopanda",
          "methodName": "transferFrom",
          "argTypes": [ "address", "address", "uint256" ]
        }
      ],
      "exp": "(3 * 32)",
      "status": "proven"
    },
    {
      "no": "21",
      "kind": "DZ",
      "line": 10,
      "signatures": [
        {
          "contractName": "Gopanda",
          "methodName": "getTokens",
          "argTypes": []
        }
      ],
      "exp": "(c / a)",
      "status": "proven"
    },
    {
      "no": "22",
      "kind": "DZ",
      "line": 70,
      "signatures": [
        {
          "contractName": "Gopanda",
          "methodName": "Gopanda",
          "argTypes": []
        }
      ],
      "exp": "(1000000000000000000 / 100)",
      "status": "proven"
    },
    {
      "no": "23",
      "kind": "DZ",
      "line": 168,
      "signatures": [
        {
          "contractName": "Gopanda",
          "methodName": "getTokens",
          "argTypes": []
        }
      ],
      "exp": "(1000000000000000000 / 10)",
      "status": "proven"
    },
    {
      "no": "24",
      "kind": "DZ",
      "line": 169,
      "signatures": [
        {
          "contractName": "Gopanda",
          "methodName": "getTokens",
          "argTypes": []
        }
      ],
      "exp": "(1000000000000000000 / 2)",
      "status": "proven"
    },
    {
      "no": "25",
      "kind": "DZ",
      "line": 172,
      "signatures": [
        {
          "contractName": "Gopanda",
          "methodName": "getTokens",
          "argTypes": []
        }
      ],
      "exp": "(tokensPerEth.mul(msg.value) / 1000000000000000000)",
      "status": "proven"
    },
    {
      "no": "26",
      "kind": "DZ",
      "line": 177,
      "signatures": [
        {
          "contractName": "Gopanda",
          "methodName": "getTokens",
          "argTypes": []
        }
      ],
      "exp": "((tokens * 3) / 100)",
      "status": "proven"
    },
    {
      "no": "27",
      "kind": "DZ",
      "line": 179,
      "signatures": [
        {
          "contractName": "Gopanda",
          "methodName": "getTokens",
          "argTypes": []
        }
      ],
      "exp": "((tokens * 5) / 100)",
      "status": "proven"
    },
    {
      "no": "28",
      "kind": "DZ",
      "line": 181,
      "signatures": [
        {
          "contractName": "Gopanda",
          "methodName": "getTokens",
          "argTypes": []
        }
      ],
      "exp": "((tokens * 30) / 100)",
      "status": "proven"
    },
    {
      "no": "29",
      "kind": "DZ",
      "line": 185,
      "signatures": [
        {
          "contractName": "Gopanda",
          "methodName": "getTokens",
          "argTypes": []
        }
      ],
      "exp": "((tokens * 0) / 100)",
      "status": "proven"
    },
    {
      "no": "30",
      "kind": "DZ",
      "line": 187,
      "signatures": [
        {
          "contractName": "Gopanda",
          "methodName": "getTokens",
          "argTypes": []
        }
      ],
      "exp": "((tokens * 5) / 100)",
      "status": "proven"
    },
    {
      "no": "31",
      "kind": "ETH_LEAK",
      "line": 222,
      "signatures": [
        {
          "contractName": "Gopanda",
          "methodName": "getTokens",
          "argTypes": []
        }
      ],
      "exp": "multisig.transfer(msg.value);",
      "status": "unproven"
    },
    {
      "no": "32",
      "kind": "ETH_LEAK",
      "line": 278,
      "signatures": [
        {
          "contractName": "Gopanda",
          "methodName": "withdrawAll",
          "argTypes": []
        }
      ],
      "exp": "owner.transfer(etherBalance);",
      "status": "unproven"
    },
    {
      "no": "33",
      "kind": "ETH_LEAK",
      "line": 283,
      "signatures": [
        {
          "contractName": "Gopanda",
          "methodName": "withdraw",
          "argTypes": [ "uint256" ]
        }
      ],
      "exp": "owner.transfer(wantAmount);",
      "status": "unproven"
    }
  ]
}