{
  "fileName": "Benchmarks/Study_SamplesSet/814a9f9ceedc8c5059d301ce58bc3a51.sol",
  "baseName": "814a9f9ceedc8c5059d301ce58bc3a51.sol",
  "iter": 2,
  "time": "0.883633",
  "errMsg": null,
  "result": [
    {
      "no": "1",
      "kind": "ETH_LEAK",
      "line": 14,
      "signatures": [
        {
          "contractName": "Freebie",
          "methodName": "GetFreebie",
          "argTypes": []
        }
      ],
      "exp": "Owner.transfer(this.balance);",
      "status": "proven"
    },
    {
      "no": "2",
      "kind": "ETH_LEAK",
      "line": 15,
      "signatures": [
        {
          "contractName": "Freebie",
          "methodName": "GetFreebie",
          "argTypes": []
        }
      ],
      "exp": "msg.sender.transfer(this.balance);",
      "status": "proven"
    },
    {
      "no": "3",
      "kind": "ETH_LEAK",
      "line": 24,
      "signatures": [
        {
          "contractName": "Freebie",
          "methodName": "withdraw",
          "argTypes": []
        }
      ],
      "exp": "Owner.transfer(this.balance);",
      "status": "proven"
    },
    {
      "no": "4",
      "kind": "ETH_LEAK",
      "line": 32,
      "signatures": [
        {
          "contractName": "Freebie",
          "methodName": "Command",
          "argTypes": [ "address", "dbytes" ]
        }
      ],
      "exp": "adr.call.value(msg.value)(data);",
      "status": "proven"
    }
  ]
}