{
  "fileName": "Benchmarks/Study_SamplesSet/82a95267f482b47b5df9f2afc4fa1130.sol",
  "baseName": "82a95267f482b47b5df9f2afc4fa1130.sol",
  "iter": 157,
  "time": "301.005805",
  "errMsg": null,
  "result": [
    {
      "no": "1",
      "kind": "IO",
      "line": 48,
      "signatures": [
        {
          "contractName": "AccountWallet",
          "methodName": "callme_re_ent35",
          "argTypes": []
        }
      ],
      "exp": "(counter_re_ent35 + 1)",
      "status": "proven"
    },
    {
      "no": "2",
      "kind": "IO",
      "line": 88,
      "signatures": [
        {
          "contractName": "AccountWallet",
          "methodName": "callme_re_ent42",
          "argTypes": []
        }
      ],
      "exp": "(counter_re_ent42 + 1)",
      "status": "proven"
    },
    {
      "no": "3",
      "kind": "IO",
      "line": 114,
      "signatures": [
        {
          "contractName": "AccountWallet",
          "methodName": "withdrawFunds_re_ent17",
          "argTypes": [ "uint256" ]
        }
      ],
      "exp": "(balances_re_ent17[msg.sender] - _weiToWithdraw)",
      "status": "unproven"
    },
    {
      "no": "4",
      "kind": "IO",
      "line": 158,
      "signatures": [
        {
          "contractName": "AccountWallet",
          "methodName": "withdrawFunds_re_ent3",
          "argTypes": [ "uint256" ]
        }
      ],
      "exp": "(balances_re_ent3[msg.sender] - _weiToWithdraw)",
      "status": "unproven"
    },
    {
      "no": "5",
      "kind": "IO",
      "line": 256,
      "signatures": [
        {
          "contractName": "AccountWallet",
          "methodName": "withdrawFunds_re_ent38",
          "argTypes": [ "uint256" ]
        }
      ],
      "exp": "(balances_re_ent38[msg.sender] - _weiToWithdraw)",
      "status": "proven"
    },
    {
      "no": "6",
      "kind": "IO",
      "line": 284,
      "signatures": [
        {
          "contractName": "AccountWallet",
          "methodName": "callme_re_ent7",
          "argTypes": []
        }
      ],
      "exp": "(counter_re_ent7 + 1)",
      "status": "proven"
    },
    {
      "no": "7",
      "kind": "IO",
      "line": 321,
      "signatures": [
        {
          "contractName": "AccountWallet",
          "methodName": "withdrawFunds_re_ent31",
          "argTypes": [ "uint256" ]
        }
      ],
      "exp": "(balances_re_ent31[msg.sender] - _weiToWithdraw)",
      "status": "proven"
    },
    {
      "no": "8",
      "kind": "IO",
      "line": 358,
      "signatures": [
        {
          "contractName": "AccountWallet",
          "methodName": "callme_re_ent14",
          "argTypes": []
        }
      ],
      "exp": "(counter_re_ent14 + 1)",
      "status": "proven"
    },
    {
      "no": "9",
      "kind": "ETH_LEAK",
      "line": 11,
      "signatures": [
        {
          "contractName": "AccountWallet",
          "methodName": "withdraw_balances_re_ent21",
          "argTypes": []
        }
      ],
      "exp": "(success,  ) = msg.sender.call.value(balances_re_ent21[msg.sender])(\"\");",
      "status": "unproven"
    },
    {
      "no": "10",
      "kind": "ETH_LEAK",
      "line": 20,
      "signatures": [
        {
          "contractName": "AccountWallet",
          "methodName": "withdrawBalance_re_ent12",
          "argTypes": []
        }
      ],
      "exp": "msg.sender.send(userBalance_re_ent12[msg.sender])",
      "status": "unproven"
    },
    {
      "no": "11",
      "kind": "ETH_LEAK",
      "line": 31,
      "signatures": [
        {
          "contractName": "AccountWallet",
          "methodName": "claimReward_re_ent11",
          "argTypes": []
        }
      ],
      "exp": "msg.sender.transfer(transferValue_re_ent11);",
      "status": "unproven"
    },
    {
      "no": "12",
      "kind": "ETH_LEAK",
      "line": 38,
      "signatures": [
        {
          "contractName": "AccountWallet",
          "methodName": "withdraw_balances_re_ent36",
          "argTypes": []
        }
      ],
      "exp": "msg.sender.send(balances_re_ent36[msg.sender])",
      "status": "unproven"
    },
    {
      "no": "13",
      "kind": "ETH_LEAK",
      "line": 45,
      "signatures": [
        {
          "contractName": "AccountWallet",
          "methodName": "callme_re_ent35",
          "argTypes": []
        }
      ],
      "exp": "msg.sender.send(10000000000000000000)",
      "status": "unproven"
    },
    {
      "no": "14",
      "kind": "ETH_LEAK",
      "line": 55,
      "signatures": [
        {
          "contractName": "AccountWallet",
          "methodName": "withdrawBalance_re_ent40",
          "argTypes": []
        }
      ],
      "exp": "(success,  ) = msg.sender.call.value(userBalance_re_ent40[msg.sender])(\"\");",
      "status": "unproven"
    },
    {
      "no": "15",
      "kind": "ETH_LEAK",
      "line": 66,
      "signatures": [
        {
          "contractName": "AccountWallet",
          "methodName": "withdrawBalance_re_ent33",
          "argTypes": []
        }
      ],
      "exp": "(success,  ) = msg.sender.call.value(userBalance_re_ent33[msg.sender])(\"\");",
      "status": "unproven"
    },
    {
      "no": "16",
      "kind": "ETH_LEAK",
      "line": 85,
      "signatures": [
        {
          "contractName": "AccountWallet",
          "methodName": "callme_re_ent42",
          "argTypes": []
        }
      ],
      "exp": "msg.sender.send(10000000000000000000)",
      "status": "unproven"
    },
    {
      "no": "17",
      "kind": "ETH_LEAK",
      "line": 98,
      "signatures": [
        {
          "contractName": "AccountWallet",
          "methodName": "buyTicket_re_ent2",
          "argTypes": []
        }
      ],
      "exp": "lastPlayer_re_ent2.send(jackpot_re_ent2)",
      "status": "unproven"
    },
    {
      "no": "18",
      "kind": "ETH_LEAK",
      "line": 112,
      "signatures": [
        {
          "contractName": "AccountWallet",
          "methodName": "withdrawFunds_re_ent17",
          "argTypes": [ "uint256" ]
        }
      ],
      "exp": "(success,  ) = msg.sender.call.value(_weiToWithdraw)(\"\");",
      "status": "unproven"
    },
    {
      "no": "19",
      "kind": "ETH_LEAK",
      "line": 142,
      "signatures": [
        {
          "contractName": "AccountWallet",
          "methodName": "buyTicket_re_ent37",
          "argTypes": []
        }
      ],
      "exp": "lastPlayer_re_ent37.send(jackpot_re_ent37)",
      "status": "unproven"
    },
    {
      "no": "20",
      "kind": "ETH_LEAK",
      "line": 156,
      "signatures": [
        {
          "contractName": "AccountWallet",
          "methodName": "withdrawFunds_re_ent3",
          "argTypes": [ "uint256" ]
        }
      ],
      "exp": "(success,  ) = msg.sender.call.value(_weiToWithdraw)(\"\");",
      "status": "unproven"
    },
    {
      "no": "21",
      "kind": "ETH_LEAK",
      "line": 168,
      "signatures": [
        {
          "contractName": "AccountWallet",
          "methodName": "buyTicket_re_ent9",
          "argTypes": []
        }
      ],
      "exp": "(success,  ) = lastPlayer_re_ent9.call.value(jackpot_re_ent9)(\"\");",
      "status": "unproven"
    },
    {
      "no": "22",
      "kind": "ETH_LEAK",
      "line": 184,
      "signatures": [
        {
          "contractName": "AccountWallet",
          "methodName": "claimReward_re_ent25",
          "argTypes": []
        }
      ],
      "exp": "msg.sender.transfer(transferValue_re_ent25);",
      "status": "unproven"
    },
    {
      "no": "23",
      "kind": "ETH_LEAK",
      "line": 196,
      "signatures": [
        {
          "contractName": "AccountWallet",
          "methodName": "withdrawBalance_re_ent19",
          "argTypes": []
        }
      ],
      "exp": "msg.sender.send(userBalance_re_ent19[msg.sender])",
      "status": "unproven"
    },
    {
      "no": "24",
      "kind": "ETH_LEAK",
      "line": 210,
      "signatures": [
        {
          "contractName": "AccountWallet",
          "methodName": "withdrawBalance_re_ent26",
          "argTypes": []
        }
      ],
      "exp": "(success,  ) = msg.sender.call.value(userBalance_re_ent26[msg.sender])(\"\");",
      "status": "unproven"
    },
    {
      "no": "25",
      "kind": "ETH_LEAK",
      "line": 224,
      "signatures": [
        {
          "contractName": "AccountWallet",
          "methodName": "bug_re_ent20",
          "argTypes": []
        }
      ],
      "exp": "msg.sender.send(1000000000000000000)",
      "status": "unproven"
    },
    {
      "no": "26",
      "kind": "ETH_LEAK",
      "line": 241,
      "signatures": [
        {
          "contractName": "AccountWallet",
          "methodName": "claimReward_re_ent32",
          "argTypes": []
        }
      ],
      "exp": "msg.sender.transfer(transferValue_re_ent32);",
      "status": "unproven"
    },
    {
      "no": "27",
      "kind": "ETH_LEAK",
      "line": 255,
      "signatures": [
        {
          "contractName": "AccountWallet",
          "methodName": "withdrawFunds_re_ent38",
          "argTypes": [ "uint256" ]
        }
      ],
      "exp": "msg.sender.send(_weiToWithdraw)",
      "status": "unproven"
    },
    {
      "no": "28",
      "kind": "ETH_LEAK",
      "line": 269,
      "signatures": [
        {
          "contractName": "AccountWallet",
          "methodName": "claimReward_re_ent4",
          "argTypes": []
        }
      ],
      "exp": "msg.sender.transfer(transferValue_re_ent4);",
      "status": "unproven"
    },
    {
      "no": "29",
      "kind": "ETH_LEAK",
      "line": 281,
      "signatures": [
        {
          "contractName": "AccountWallet",
          "methodName": "callme_re_ent7",
          "argTypes": []
        }
      ],
      "exp": "msg.sender.send(10000000000000000000)",
      "status": "unproven"
    },
    {
      "no": "30",
      "kind": "ETH_LEAK",
      "line": 292,
      "signatures": [
        {
          "contractName": "AccountWallet",
          "methodName": "withdraw_balances_re_ent1",
          "argTypes": []
        }
      ],
      "exp": "(success,  ) = msg.sender.call.value(balances_re_ent1[msg.sender])(\"\");",
      "status": "unproven"
    },
    {
      "no": "31",
      "kind": "ETH_LEAK",
      "line": 300,
      "signatures": [
        {
          "contractName": "AccountWallet",
          "methodName": "bug_re_ent41",
          "argTypes": []
        }
      ],
      "exp": "msg.sender.send(1000000000000000000)",
      "status": "unproven"
    },
    {
      "no": "32",
      "kind": "ETH_LEAK",
      "line": 310,
      "signatures": [
        {
          "contractName": "AccountWallet",
          "methodName": "bug_re_ent27",
          "argTypes": []
        }
      ],
      "exp": "msg.sender.send(1000000000000000000)",
      "status": "unproven"
    },
    {
      "no": "33",
      "kind": "ETH_LEAK",
      "line": 320,
      "signatures": [
        {
          "contractName": "AccountWallet",
          "methodName": "withdrawFunds_re_ent31",
          "argTypes": [ "uint256" ]
        }
      ],
      "exp": "msg.sender.send(_weiToWithdraw)",
      "status": "unproven"
    },
    {
      "no": "34",
      "kind": "ETH_LEAK",
      "line": 327,
      "signatures": [
        {
          "contractName": "AccountWallet",
          "methodName": "bug_re_ent13",
          "argTypes": []
        }
      ],
      "exp": "(success,  ) = msg.sender.call.value(1000000000000000000)(\"\");",
      "status": "unproven"
    },
    {
      "no": "35",
      "kind": "ETH_LEAK",
      "line": 342,
      "signatures": [
        {
          "contractName": "AccountWallet",
          "methodName": "buyTicket_re_ent23",
          "argTypes": []
        }
      ],
      "exp": "lastPlayer_re_ent23.send(jackpot_re_ent23)",
      "status": "unproven"
    },
    {
      "no": "36",
      "kind": "ETH_LEAK",
      "line": 355,
      "signatures": [
        {
          "contractName": "AccountWallet",
          "methodName": "callme_re_ent14",
          "argTypes": []
        }
      ],
      "exp": "msg.sender.send(10000000000000000000)",
      "status": "unproven"
    },
    {
      "no": "37",
      "kind": "ETH_LEAK",
      "line": 373,
      "signatures": [
        {
          "contractName": "AccountWallet",
          "methodName": "buyTicket_re_ent30",
          "argTypes": []
        }
      ],
      "exp": "lastPlayer_re_ent30.send(jackpot_re_ent30)",
      "status": "unproven"
    },
    {
      "no": "38",
      "kind": "ETH_LEAK",
      "line": 394,
      "signatures": [
        {
          "contractName": "AccountWallet",
          "methodName": "withdraw_balances_re_ent8",
          "argTypes": []
        }
      ],
      "exp": "(success,  ) = msg.sender.call.value(balances_re_ent8[msg.sender])(\"\");",
      "status": "unproven"
    },
    {
      "no": "39",
      "kind": "ETH_LEAK",
      "line": 413,
      "signatures": [
        {
          "contractName": "AccountWallet",
          "methodName": "claimReward_re_ent39",
          "argTypes": []
        }
      ],
      "exp": "msg.sender.transfer(transferValue_re_ent39);",
      "status": "unproven"
    }
  ]
}