{
  "fileName": "Benchmarks/Study_SamplesSet/8361d2fa98169f55a00da2922b10b622.sol",
  "baseName": "8361d2fa98169f55a00da2922b10b622.sol",
  "iter": 3,
  "time": "0.082153",
  "errMsg": null,
  "result": [
    {
      "no": "1",
      "kind": "KA",
      "line": 31,
      "signatures": [
        {
          "contractName": "just_try",
          "methodName": "StopGame",
          "argTypes": []
        }
      ],
      "exp": "selfdestruct(msg.sender);",
      "status": "unproven"
    },
    {
      "no": "2",
      "kind": "ETH_LEAK",
      "line": 10,
      "signatures": [
        {
          "contractName": "just_try",
          "methodName": "Try",
          "argTypes": [ "string" ]
        }
      ],
      "exp": "msg.sender.transfer(this.balance);",
      "status": "unproven"
    },
    {
      "no": "3",
      "kind": "ETH_LEAK",
      "line": 31,
      "signatures": [
        {
          "contractName": "just_try",
          "methodName": "StopGame",
          "argTypes": []
        }
      ],
      "exp": "selfdestruct(msg.sender);",
      "status": "unproven"
    }
  ]
}