{
  "fileName": "Benchmarks/Study_SamplesSet/91c7e42695d3ecbbc797ef67f258d2b4.sol",
  "baseName": "91c7e42695d3ecbbc797ef67f258d2b4.sol",
  "iter": 43,
  "time": "306.644458",
  "errMsg": null,
  "result": [
    {
      "no": "1",
      "kind": "IO",
      "line": 12,
      "signatures": [
        {
          "contractName": "ZEROCoin",
          "methodName": "@fallback",
          "argTypes": []
        }
      ],
      "exp": "(a * b)",
      "status": "unproven"
    },
    {
      "no": "2",
      "kind": "IO",
      "line": 26,
      "signatures": [
        {
          "contractName": "ZEROCoin",
          "methodName": "@fallback",
          "argTypes": []
        },
        {
          "contractName": "ZEROCoin",
          "methodName": "end_ICO",
          "argTypes": []
        },
        {
          "contractName": "ZEROCoin",
          "methodName": "transfer",
          "argTypes": [ "address", "uint256" ]
        },
        {
          "contractName": "ZEROCoin",
          "methodName": "transferFrom",
          "argTypes": [ "address", "address", "uint256" ]
        }
      ],
      "exp": "(a - b)",
      "status": "proven"
    },
    {
      "no": "3",
      "kind": "IO",
      "line": 30,
      "signatures": [
        {
          "contractName": "ZEROCoin",
          "methodName": "@fallback",
          "argTypes": []
        },
        {
          "contractName": "ZEROCoin",
          "methodName": "transfer",
          "argTypes": [ "address", "uint256" ]
        },
        {
          "contractName": "ZEROCoin",
          "methodName": "transferFrom",
          "argTypes": [ "address", "address", "uint256" ]
        }
      ],
      "exp": "(a + b)",
      "status": "unproven"
    },
    {
      "no": "4",
      "kind": "IO",
      "line": 56,
      "signatures": [
        {
          "contractName": "ZEROCoin",
          "methodName": "ZEROCoin",
          "argTypes": []
        }
      ],
      "exp": "(10 ** 18)",
      "status": "proven"
    },
    {
      "no": "5",
      "kind": "IO",
      "line": 56,
      "signatures": [
        {
          "contractName": "ZEROCoin",
          "methodName": "ZEROCoin",
          "argTypes": []
        }
      ],
      "exp": "(1295000000 * (10 ** 18))",
      "status": "proven"
    },
    {
      "no": "6",
      "kind": "IO",
      "line": 73,
      "signatures": [
        {
          "contractName": "ZEROCoin",
          "methodName": "ZEROCoin",
          "argTypes": []
        }
      ],
      "exp": "(10 ** 18)",
      "status": "proven"
    },
    {
      "no": "7",
      "kind": "IO",
      "line": 73,
      "signatures": [
        {
          "contractName": "ZEROCoin",
          "methodName": "ZEROCoin",
          "argTypes": []
        }
      ],
      "exp": "(777000000 * (10 ** 18))",
      "status": "proven"
    },
    {
      "no": "8",
      "kind": "IO",
      "line": 104,
      "signatures": [
        {
          "contractName": "ZEROCoin",
          "methodName": "ZEROCoin",
          "argTypes": []
        }
      ],
      "exp": "(10 ** 18)",
      "status": "proven"
    },
    {
      "no": "9",
      "kind": "IO",
      "line": 104,
      "signatures": [
        {
          "contractName": "ZEROCoin",
          "methodName": "ZEROCoin",
          "argTypes": []
        }
      ],
      "exp": "(518000000 * (10 ** 18))",
      "status": "proven"
    },
    {
      "no": "10",
      "kind": "IO",
      "line": 119,
      "signatures": [
        {
          "contractName": "ZEROCoin",
          "methodName": "@fallback",
          "argTypes": []
        }
      ],
      "exp": "(no_of_tokens + bonus_token)",
      "status": "unproven"
    },
    {
      "no": "11",
      "kind": "IO",
      "line": 129,
      "signatures": [
        {
          "contractName": "ZEROCoin",
          "methodName": "@fallback",
          "argTypes": []
        }
      ],
      "exp": "(no_of_tokens + bonus_token)",
      "status": "unproven"
    },
    {
      "no": "12",
      "kind": "IO",
      "line": 141,
      "signatures": [
        {
          "contractName": "ZEROCoin",
          "methodName": "@fallback",
          "argTypes": []
        }
      ],
      "exp": "(no_of_tokens + bonus_token)",
      "status": "unproven"
    },
    {
      "no": "13",
      "kind": "IO",
      "line": 151,
      "signatures": [
        {
          "contractName": "ZEROCoin",
          "methodName": "@fallback",
          "argTypes": []
        }
      ],
      "exp": "(no_of_tokens + bonus_token)",
      "status": "unproven"
    },
    {
      "no": "14",
      "kind": "IO",
      "line": 180,
      "signatures": [
        {
          "contractName": "ZEROCoin",
          "methodName": "start_PREICO",
          "argTypes": []
        }
      ],
      "exp": "(now + 1382400)",
      "status": "unproven"
    },
    {
      "no": "15",
      "kind": "IO",
      "line": 190,
      "signatures": [
        {
          "contractName": "ZEROCoin",
          "methodName": "start_ICO",
          "argTypes": []
        }
      ],
      "exp": "(now + 1296000)",
      "status": "unproven"
    },
    {
      "no": "16",
      "kind": "IO",
      "line": 191,
      "signatures": [
        {
          "contractName": "ZEROCoin",
          "methodName": "start_ICO",
          "argTypes": []
        }
      ],
      "exp": "(ico_first + 1296000)",
      "status": "unproven"
    },
    {
      "no": "17",
      "kind": "IO",
      "line": 192,
      "signatures": [
        {
          "contractName": "ZEROCoin",
          "methodName": "start_ICO",
          "argTypes": []
        }
      ],
      "exp": "(ico_second + 1296000)",
      "status": "unproven"
    },
    {
      "no": "18",
      "kind": "IO",
      "line": 193,
      "signatures": [
        {
          "contractName": "ZEROCoin",
          "methodName": "start_ICO",
          "argTypes": []
        }
      ],
      "exp": "(ico_third + 1296000)",
      "status": "unproven"
    },
    {
      "no": "19",
      "kind": "DZ",
      "line": 13,
      "signatures": [
        {
          "contractName": "ZEROCoin",
          "methodName": "@fallback",
          "argTypes": []
        }
      ],
      "exp": "(c / a)",
      "status": "proven"
    },
    {
      "no": "20",
      "kind": "DZ",
      "line": 19,
      "signatures": [
        {
          "contractName": "ZEROCoin",
          "methodName": "@fallback",
          "argTypes": []
        }
      ],
      "exp": "(a / b)",
      "status": "proven"
    },
    {
      "no": "21",
      "kind": "ETH_LEAK",
      "line": 283,
      "signatures": [
        { "contractName": "ZEROCoin", "methodName": "drain", "argTypes": [] }
      ],
      "exp": "owner.transfer(this.balance);",
      "status": "proven"
    }
  ]
}