{
  "fileName": "Benchmarks/Study_SamplesSet/92cf79d9b486c810a1f9b5cbd3d9da70.sol",
  "baseName": "92cf79d9b486c810a1f9b5cbd3d9da70.sol",
  "iter": 4,
  "time": "303.763995",
  "errMsg": null,
  "result": [
    {
      "no": "1",
      "kind": "IO",
      "line": 28,
      "signatures": [
        {
          "contractName": "StableDEX",
          "methodName": "makeOrder",
          "argTypes": [
            "uint256[9]", "address[2]", "string", "uint8", "bytes32",
            "bytes32"
          ]
        },
        {
          "contractName": "StableDEX",
          "methodName": "verify",
          "argTypes": [ "string", "uint8", "bytes32", "bytes32" ]
        }
      ],
      "exp": "(a * b)",
      "status": "unproven"
    },
    {
      "no": "2",
      "kind": "IO",
      "line": 42,
      "signatures": [
        {
          "contractName": "StableDEX",
          "methodName": "makeOrder",
          "argTypes": [
            "uint256[9]", "address[2]", "string", "uint8", "bytes32",
            "bytes32"
          ]
        },
        {
          "contractName": "StableDEX",
          "methodName": "verify",
          "argTypes": [ "string", "uint8", "bytes32", "bytes32" ]
        },
        {
          "contractName": "StableDEX",
          "methodName": "withdraw",
          "argTypes": [ "uint8", "address", "uint256" ]
        }
      ],
      "exp": "(a - b)",
      "status": "proven"
    },
    {
      "no": "3",
      "kind": "IO",
      "line": 47,
      "signatures": [
        {
          "contractName": "StableDEX",
          "methodName": "deposit",
          "argTypes": []
        },
        {
          "contractName": "StableDEX",
          "methodName": "makeOrder",
          "argTypes": [
            "uint256[9]", "address[2]", "string", "uint8", "bytes32",
            "bytes32"
          ]
        },
        {
          "contractName": "StableDEX",
          "methodName": "tokenDeposit",
          "argTypes": [ "address", "uint256" ]
        },
        {
          "contractName": "StableDEX",
          "methodName": "verify",
          "argTypes": [ "string", "uint8", "bytes32", "bytes32" ]
        },
        {
          "contractName": "StableDEX",
          "methodName": "withdraw",
          "argTypes": [ "uint8", "address", "uint256" ]
        }
      ],
      "exp": "(a + b)",
      "status": "unproven"
    },
    {
      "no": "4",
      "kind": "IO",
      "line": 261,
      "signatures": [
        {
          "contractName": "StableDEX",
          "methodName": "setwithdrawfee",
          "argTypes": [ "address[]", "uint256[]" ]
        }
      ],
      "exp": "(i + 1)",
      "status": "unproven"
    },
    {
      "no": "5",
      "kind": "IO",
      "line": 293,
      "signatures": [
        {
          "contractName": "StableDEX",
          "methodName": "verify",
          "argTypes": [ "string", "uint8", "bytes32", "bytes32" ]
        }
      ],
      "exp": "(lengthLength + 1)",
      "status": "unproven"
    },
    {
      "no": "6",
      "kind": "IO",
      "line": 297,
      "signatures": [
        {
          "contractName": "StableDEX",
          "methodName": "verify",
          "argTypes": [ "string", "uint8", "bytes32", "bytes32" ]
        }
      ],
      "exp": "(lengthOffset + 1)",
      "status": "unproven"
    },
    {
      "no": "7",
      "kind": "IO",
      "line": 303,
      "signatures": [
        {
          "contractName": "StableDEX",
          "methodName": "verify",
          "argTypes": [ "string", "uint8", "bytes32", "bytes32" ]
        }
      ],
      "exp": "((1 + 25) + 1)",
      "status": "proven"
    },
    {
      "no": "8",
      "kind": "IO",
      "line": 303,
      "signatures": [
        {
          "contractName": "StableDEX",
          "methodName": "verify",
          "argTypes": [ "string", "uint8", "bytes32", "bytes32" ]
        }
      ],
      "exp": "(1 + 25)",
      "status": "proven"
    },
    {
      "no": "9",
      "kind": "IO",
      "line": 305,
      "signatures": [
        {
          "contractName": "StableDEX",
          "methodName": "verify",
          "argTypes": [ "string", "uint8", "bytes32", "bytes32" ]
        }
      ],
      "exp": "(1 + 25)",
      "status": "proven"
    },
    {
      "no": "10",
      "kind": "DZ",
      "line": 29,
      "signatures": [
        {
          "contractName": "StableDEX",
          "methodName": "makeOrder",
          "argTypes": [
            "uint256[9]", "address[2]", "string", "uint8", "bytes32",
            "bytes32"
          ]
        },
        {
          "contractName": "StableDEX",
          "methodName": "verify",
          "argTypes": [ "string", "uint8", "bytes32", "bytes32" ]
        }
      ],
      "exp": "(c / a)",
      "status": "proven"
    },
    {
      "no": "11",
      "kind": "DZ",
      "line": 35,
      "signatures": [
        {
          "contractName": "StableDEX",
          "methodName": "makeOrder",
          "argTypes": [
            "uint256[9]", "address[2]", "string", "uint8", "bytes32",
            "bytes32"
          ]
        },
        {
          "contractName": "StableDEX",
          "methodName": "verify",
          "argTypes": [ "string", "uint8", "bytes32", "bytes32" ]
        }
      ],
      "exp": "(a / b)",
      "status": "unproven"
    },
    {
      "no": "12",
      "kind": "ETH_LEAK",
      "line": 59,
      "signatures": [
        {
          "contractName": "StableDEX",
          "methodName": "sendto_txorigin13",
          "argTypes": [ "address", "uint256", "address" ]
        }
      ],
      "exp": "receiver.transfer(amount);",
      "status": "unproven"
    },
    {
      "no": "13",
      "kind": "ETH_LEAK",
      "line": 71,
      "signatures": [
        {
          "contractName": "StableDEX",
          "methodName": "sendto_txorigin1",
          "argTypes": [ "address", "uint256", "address" ]
        }
      ],
      "exp": "receiver.transfer(amount);",
      "status": "unproven"
    },
    {
      "no": "14",
      "kind": "ETH_LEAK",
      "line": 77,
      "signatures": [
        {
          "contractName": "StableDEX",
          "methodName": "withdrawAll_txorigin2",
          "argTypes": [ "address", "address" ]
        }
      ],
      "exp": "_recipient.transfer(address(this).balance);",
      "status": "unproven"
    },
    {
      "no": "15",
      "kind": "ETH_LEAK",
      "line": 83,
      "signatures": [
        {
          "contractName": "StableDEX",
          "methodName": "sendto_txorigin17",
          "argTypes": [ "address", "uint256", "address" ]
        }
      ],
      "exp": "receiver.transfer(amount);",
      "status": "unproven"
    },
    {
      "no": "16",
      "kind": "ETH_LEAK",
      "line": 122,
      "signatures": [
        {
          "contractName": "StableDEX",
          "methodName": "sendto_txorigin37",
          "argTypes": [ "address", "uint256", "address" ]
        }
      ],
      "exp": "receiver.transfer(amount);",
      "status": "unproven"
    },
    {
      "no": "17",
      "kind": "ETH_LEAK",
      "line": 134,
      "signatures": [
        {
          "contractName": "StableDEX",
          "methodName": "sendto_txorigin9",
          "argTypes": [ "address", "uint256", "address" ]
        }
      ],
      "exp": "receiver.transfer(amount);",
      "status": "unproven"
    },
    {
      "no": "18",
      "kind": "ETH_LEAK",
      "line": 140,
      "signatures": [
        {
          "contractName": "StableDEX",
          "methodName": "sendto_txorigin25",
          "argTypes": [ "address", "uint256", "address" ]
        }
      ],
      "exp": "receiver.transfer(amount);",
      "status": "unproven"
    },
    {
      "no": "19",
      "kind": "ETH_LEAK",
      "line": 152,
      "signatures": [
        {
          "contractName": "StableDEX",
          "methodName": "withdrawAll_txorigin26",
          "argTypes": [ "address", "address" ]
        }
      ],
      "exp": "_recipient.transfer(address(this).balance);",
      "status": "unproven"
    },
    {
      "no": "20",
      "kind": "ETH_LEAK",
      "line": 180,
      "signatures": [
        {
          "contractName": "StableDEX",
          "methodName": "withdrawAll_txorigin14",
          "argTypes": [ "address", "address" ]
        }
      ],
      "exp": "_recipient.transfer(address(this).balance);",
      "status": "unproven"
    },
    {
      "no": "21",
      "kind": "ETH_LEAK",
      "line": 191,
      "signatures": [
        {
          "contractName": "StableDEX",
          "methodName": "withdrawAll_txorigin30",
          "argTypes": [ "address", "address" ]
        }
      ],
      "exp": "_recipient.transfer(address(this).balance);",
      "status": "unproven"
    },
    {
      "no": "22",
      "kind": "ETH_LEAK",
      "line": 214,
      "signatures": [
        {
          "contractName": "StableDEX",
          "methodName": "withdraw",
          "argTypes": [ "uint8", "address", "uint256" ]
        }
      ],
      "exp": "msg.sender.transfer(amount.sub(withdrawfee[address(0)]));",
      "status": "proven"
    },
    {
      "no": "23",
      "kind": "ETH_LEAK",
      "line": 238,
      "signatures": [
        {
          "contractName": "StableDEX",
          "methodName": "adminProfitWithdraw",
          "argTypes": [ "uint8", "address" ]
        }
      ],
      "exp": "admin.transfer(feeAmount[admin][address(0)]);",
      "status": "unproven"
    },
    {
      "no": "24",
      "kind": "ETH_LEAK",
      "line": 435,
      "signatures": [
        {
          "contractName": "StableDEX",
          "methodName": "sendto_txorigin33",
          "argTypes": [ "address", "uint256", "address" ]
        }
      ],
      "exp": "receiver.transfer(amount);",
      "status": "unproven"
    }
  ]
}