{
  "fileName": "Benchmarks/Study_SamplesSet/937fce5301f17228271e13f48fc9ac89.sol",
  "baseName": "937fce5301f17228271e13f48fc9ac89.sol",
  "iter": 4,
  "time": "0.137076",
  "errMsg": null,
  "result": [
    {
      "no": "1",
      "kind": "IO",
      "line": 19,
      "signatures": [
        {
          "contractName": "No_PreSentEther",
          "methodName": "depositOnce",
          "argTypes": []
        }
      ],
      "exp": "(money + msg.value)",
      "status": "unproven"
    },
    {
      "no": "2",
      "kind": "ETH_LEAK",
      "line": 25,
      "signatures": [
        {
          "contractName": "No_PreSentEther",
          "methodName": "withdraw",
          "argTypes": []
        }
      ],
      "exp": "msg.sender.transfer(money);",
      "status": "proven"
    }
  ]
}