{
  "fileName": "Benchmarks/Study_SamplesSet/9595c31849e19c65ec423fbd5035a595.sol",
  "baseName": "9595c31849e19c65ec423fbd5035a595.sol",
  "iter": 1,
  "time": "0.325528",
  "errMsg": null,
  "result": [
    {
      "no": "1",
      "kind": "IO",
      "line": 2765,
      "signatures": [
        {
          "contractName": "Universe",
          "methodName": "isAnyOfInterfaceCollectionInstance",
          "argTypes": [ "bytes4[]", "address" ]
        }
      ],
      "exp": "(idx + 1)",
      "status": "proven"
    }
  ]
}