{
  "fileName": "Benchmarks/Study_SamplesSet/9af2918a940b4083f048ba28a9ceb391.sol",
  "baseName": "9af2918a940b4083f048ba28a9ceb391.sol",
  "iter": 217,
  "time": "300.81869",
  "errMsg": null,
  "result": [
    {
      "no": "1",
      "kind": "IO",
      "line": 13,
      "signatures": [
        {
          "contractName": "PresalePool",
          "methodName": "PresalePool",
          "argTypes": [ "address", "uint256", "uint256" ]
        },
        {
          "contractName": "PresalePool",
          "methodName": "_withdraw",
          "argTypes": [ "address", "address" ]
        },
        {
          "contractName": "PresalePool",
          "methodName": "checkAvailableTokens",
          "argTypes": [ "address", "address" ]
        },
        {
          "contractName": "PresalePool",
          "methodName": "enableTokenWithdrawals",
          "argTypes": [ "address", "bool" ]
        }
      ],
      "exp": "(a * b)",
      "status": "unproven"
    },
    {
      "no": "2",
      "kind": "IO",
      "line": 20,
      "signatures": [
        {
          "contractName": "PresalePool",
          "methodName": "_withdraw",
          "argTypes": [ "address", "address" ]
        },
        {
          "contractName": "PresalePool",
          "methodName": "checkContributorBalance",
          "argTypes": [ "address" ]
        },
        {
          "contractName": "PresalePool",
          "methodName": "checkPoolBalance",
          "argTypes": []
        },
        {
          "contractName": "PresalePool",
          "methodName": "enableTokenWithdrawals",
          "argTypes": [ "address", "bool" ]
        },
        {
          "contractName": "PresalePool",
          "methodName": "submitPool",
          "argTypes": [ "uint256" ]
        }
      ],
      "exp": "(a - b)",
      "status": "proven"
    },
    {
      "no": "3",
      "kind": "IO",
      "line": 24,
      "signatures": [
        {
          "contractName": "PresalePool",
          "methodName": "@fallback",
          "argTypes": []
        },
        {
          "contractName": "PresalePool",
          "methodName": "_withdraw",
          "argTypes": [ "address", "address" ]
        },
        {
          "contractName": "PresalePool",
          "methodName": "checkAvailableTokens",
          "argTypes": [ "address", "address" ]
        }
      ],
      "exp": "(a + b)",
      "status": "unproven"
    },
    {
      "no": "4",
      "kind": "IO",
      "line": 115,
      "signatures": [
        {
          "contractName": "PresalePool",
          "methodName": "PresalePool",
          "argTypes": [ "address", "uint256", "uint256" ]
        },
        {
          "contractName": "PresalePool",
          "methodName": "_withdraw",
          "argTypes": [ "address", "address" ]
        },
        {
          "contractName": "PresalePool",
          "methodName": "enableTokenWithdrawals",
          "argTypes": [ "address", "bool" ]
        }
      ],
      "exp": "(10 ** 20)",
      "status": "proven"
    },
    {
      "no": "5",
      "kind": "IO",
      "line": 120,
      "signatures": [
        {
          "contractName": "PresalePool",
          "methodName": "_withdraw",
          "argTypes": [ "address", "address" ]
        },
        {
          "contractName": "PresalePool",
          "methodName": "checkAvailableTokens",
          "argTypes": [ "address", "address" ]
        },
        {
          "contractName": "PresalePool",
          "methodName": "enableTokenWithdrawals",
          "argTypes": [ "address", "bool" ]
        }
      ],
      "exp": "(10 ** 20)",
      "status": "proven"
    },
    {
      "no": "6",
      "kind": "IO",
      "line": 205,
      "signatures": [
        {
          "contractName": "PresalePool",
          "methodName": "_withdraw",
          "argTypes": [ "address", "address" ]
        }
      ],
      "exp": "(i + 1)",
      "status": "proven"
    },
    {
      "no": "7",
      "kind": "IO",
      "line": 216,
      "signatures": [
        {
          "contractName": "PresalePool",
          "methodName": "_withdraw",
          "argTypes": [ "address", "address" ]
        }
      ],
      "exp": "(i + 1)",
      "status": "proven"
    },
    {
      "no": "8",
      "kind": "IO",
      "line": 263,
      "signatures": [
        {
          "contractName": "PresalePool",
          "methodName": "checkAvailableTokens",
          "argTypes": [ "address", "address" ]
        }
      ],
      "exp": "(i + 1)",
      "status": "proven"
    },
    {
      "no": "9",
      "kind": "DZ",
      "line": 14,
      "signatures": [
        {
          "contractName": "PresalePool",
          "methodName": "PresalePool",
          "argTypes": [ "address", "uint256", "uint256" ]
        },
        {
          "contractName": "PresalePool",
          "methodName": "_withdraw",
          "argTypes": [ "address", "address" ]
        },
        {
          "contractName": "PresalePool",
          "methodName": "checkAvailableTokens",
          "argTypes": [ "address", "address" ]
        },
        {
          "contractName": "PresalePool",
          "methodName": "enableTokenWithdrawals",
          "argTypes": [ "address", "bool" ]
        }
      ],
      "exp": "(c / a)",
      "status": "proven"
    },
    {
      "no": "10",
      "kind": "DZ",
      "line": 115,
      "signatures": [
        {
          "contractName": "PresalePool",
          "methodName": "PresalePool",
          "argTypes": [ "address", "uint256", "uint256" ]
        },
        {
          "contractName": "PresalePool",
          "methodName": "_withdraw",
          "argTypes": [ "address", "address" ]
        },
        {
          "contractName": "PresalePool",
          "methodName": "enableTokenWithdrawals",
          "argTypes": [ "address", "bool" ]
        }
      ],
      "exp": "(numerator.mul((10 ** 20)) / denominator)",
      "status": "unproven"
    },
    {
      "no": "11",
      "kind": "DZ",
      "line": 120,
      "signatures": [
        {
          "contractName": "PresalePool",
          "methodName": "_withdraw",
          "argTypes": [ "address", "address" ]
        },
        {
          "contractName": "PresalePool",
          "methodName": "checkAvailableTokens",
          "argTypes": [ "address", "address" ]
        },
        {
          "contractName": "PresalePool",
          "methodName": "enableTokenWithdrawals",
          "argTypes": [ "address", "bool" ]
        }
      ],
      "exp": "(numerator.mul(pct) / (10 ** 20))",
      "status": "proven"
    },
    {
      "no": "12",
      "kind": "ETH_LEAK",
      "line": 178,
      "signatures": [
        {
          "contractName": "PresalePool",
          "methodName": "withdraw",
          "argTypes": [ "address" ]
        }
      ],
      "exp": "msg.sender.transfer(amountToTransfer);",
      "status": "unproven"
    },
    {
      "no": "13",
      "kind": "ETH_LEAK",
      "line": 210,
      "signatures": [
        {
          "contractName": "PresalePool",
          "methodName": "_withdraw",
          "argTypes": [ "address", "address" ]
        }
      ],
      "exp": "receiver.transfer(ethAmount);",
      "status": "unproven"
    },
    {
      "no": "14",
      "kind": "ETH_LEAK",
      "line": 292,
      "signatures": [
        {
          "contractName": "PresalePool",
          "methodName": "submitPool",
          "argTypes": [ "uint256" ]
        }
      ],
      "exp": "receiverAddress.call.value(amountInWei).gas(msg.gas.sub(5000))()",
      "status": "proven"
    }
  ]
}