{
  "fileName": "Benchmarks/Study_SamplesSet/9cb333ca5facce27e4580220e357f56b.sol",
  "baseName": "9cb333ca5facce27e4580220e357f56b.sol",
  "iter": 116,
  "time": "301.894266",
  "errMsg": null,
  "result": [
    {
      "no": "1",
      "kind": "IO",
      "line": 276,
      "signatures": [
        {
          "contractName": "MindsyncPlatform",
          "methodName": "executeProposal",
          "argTypes": [ "uint256", "dbytes" ]
        }
      ],
      "exp": "(a * b)",
      "status": "unproven"
    },
    {
      "no": "2",
      "kind": "IO",
      "line": 715,
      "signatures": [
        {
          "contractName": "MindsyncPlatform",
          "methodName": "newProposal",
          "argTypes": [ "address", "uint256", "string", "dbytes" ]
        }
      ],
      "exp": "(proposals.length + 1)",
      "status": "unproven"
    },
    {
      "no": "3",
      "kind": "IO",
      "line": 722,
      "signatures": [
        {
          "contractName": "MindsyncPlatform",
          "methodName": "newProposal",
          "argTypes": [ "address", "uint256", "string", "dbytes" ]
        }
      ],
      "exp": "(debatingPeriodInMinutes * 60)",
      "status": "unproven"
    },
    {
      "no": "4",
      "kind": "IO",
      "line": 722,
      "signatures": [
        {
          "contractName": "MindsyncPlatform",
          "methodName": "newProposal",
          "argTypes": [ "address", "uint256", "string", "dbytes" ]
        }
      ],
      "exp": "(now + (debatingPeriodInMinutes * 60))",
      "status": "unproven"
    },
    {
      "no": "5",
      "kind": "IO",
      "line": 727,
      "signatures": [
        {
          "contractName": "MindsyncPlatform",
          "methodName": "newProposal",
          "argTypes": [ "address", "uint256", "string", "dbytes" ]
        }
      ],
      "exp": "(proposalID + 1)",
      "status": "proven"
    },
    {
      "no": "6",
      "kind": "IO",
      "line": 843,
      "signatures": [
        {
          "contractName": "MindsyncPlatform",
          "methodName": "vote",
          "argTypes": [ "uint256", "bool" ]
        }
      ],
      "exp": "(p.votes.length + 1)",
      "status": "unproven"
    },
    {
      "no": "7",
      "kind": "IO",
      "line": 846,
      "signatures": [
        {
          "contractName": "MindsyncPlatform",
          "methodName": "vote",
          "argTypes": [ "uint256", "bool" ]
        }
      ],
      "exp": "(voteID + 1)",
      "status": "proven"
    },
    {
      "no": "8",
      "kind": "IO",
      "line": 891,
      "signatures": [
        {
          "contractName": "MindsyncPlatform",
          "methodName": "executeProposal",
          "argTypes": [ "uint256", "dbytes" ]
        }
      ],
      "exp": "(i + 1)",
      "status": "proven"
    },
    {
      "no": "9",
      "kind": "IO",
      "line": 894,
      "signatures": [
        {
          "contractName": "MindsyncPlatform",
          "methodName": "executeProposal",
          "argTypes": [ "uint256", "dbytes" ]
        }
      ],
      "exp": "(quorum + voteWeight)",
      "status": "unproven"
    },
    {
      "no": "10",
      "kind": "IO",
      "line": 896,
      "signatures": [
        {
          "contractName": "MindsyncPlatform",
          "methodName": "executeProposal",
          "argTypes": [ "uint256", "dbytes" ]
        }
      ],
      "exp": "(yea + voteWeight)",
      "status": "unproven"
    },
    {
      "no": "11",
      "kind": "IO",
      "line": 898,
      "signatures": [
        {
          "contractName": "MindsyncPlatform",
          "methodName": "executeProposal",
          "argTypes": [ "uint256", "dbytes" ]
        }
      ],
      "exp": "(nay + voteWeight)",
      "status": "unproven"
    },
    {
      "no": "12",
      "kind": "DZ",
      "line": 277,
      "signatures": [
        {
          "contractName": "MindsyncPlatform",
          "methodName": "executeProposal",
          "argTypes": [ "uint256", "dbytes" ]
        }
      ],
      "exp": "(c / a)",
      "status": "proven"
    },
    {
      "no": "13",
      "kind": "DZ",
      "line": 288,
      "signatures": [
        {
          "contractName": "MindsyncPlatform",
          "methodName": "executeProposal",
          "argTypes": [ "uint256", "dbytes" ]
        }
      ],
      "exp": "(a / b)",
      "status": "proven"
    },
    {
      "no": "14",
      "kind": "ETH_LEAK",
      "line": 16,
      "signatures": [
        {
          "contractName": "MindsyncPlatform",
          "methodName": "setReward_TOD24",
          "argTypes": []
        }
      ],
      "exp": "owner_TOD24.transfer(reward_TOD24);",
      "status": "unproven"
    },
    {
      "no": "15",
      "kind": "ETH_LEAK",
      "line": 24,
      "signatures": [
        {
          "contractName": "MindsyncPlatform",
          "methodName": "claimReward_TOD24",
          "argTypes": [ "uint256" ]
        }
      ],
      "exp": "msg.sender.transfer(reward_TOD24);",
      "status": "unproven"
    },
    {
      "no": "16",
      "kind": "ETH_LEAK",
      "line": 43,
      "signatures": [
        {
          "contractName": "MindsyncPlatform",
          "methodName": "getReward_TOD11",
          "argTypes": []
        }
      ],
      "exp": "winner_TOD11.transfer(msg.value);",
      "status": "unproven"
    },
    {
      "no": "17",
      "kind": "ETH_LEAK",
      "line": 65,
      "signatures": [
        {
          "contractName": "MindsyncPlatform",
          "methodName": "getReward_TOD1",
          "argTypes": []
        }
      ],
      "exp": "winner_TOD1.transfer(msg.value);",
      "status": "unproven"
    },
    {
      "no": "18",
      "kind": "ETH_LEAK",
      "line": 82,
      "signatures": [
        {
          "contractName": "MindsyncPlatform",
          "methodName": "getReward_TOD39",
          "argTypes": []
        }
      ],
      "exp": "winner_TOD39.transfer(msg.value);",
      "status": "unproven"
    },
    {
      "no": "19",
      "kind": "ETH_LEAK",
      "line": 92,
      "signatures": [
        {
          "contractName": "MindsyncPlatform",
          "methodName": "setReward_TOD36",
          "argTypes": []
        }
      ],
      "exp": "owner_TOD36.transfer(reward_TOD36);",
      "status": "unproven"
    },
    {
      "no": "20",
      "kind": "ETH_LEAK",
      "line": 100,
      "signatures": [
        {
          "contractName": "MindsyncPlatform",
          "methodName": "claimReward_TOD36",
          "argTypes": [ "uint256" ]
        }
      ],
      "exp": "msg.sender.transfer(reward_TOD36);",
      "status": "unproven"
    },
    {
      "no": "21",
      "kind": "ETH_LEAK",
      "line": 117,
      "signatures": [
        {
          "contractName": "MindsyncPlatform",
          "methodName": "setReward_TOD2",
          "argTypes": []
        }
      ],
      "exp": "owner_TOD2.transfer(reward_TOD2);",
      "status": "unproven"
    },
    {
      "no": "22",
      "kind": "ETH_LEAK",
      "line": 125,
      "signatures": [
        {
          "contractName": "MindsyncPlatform",
          "methodName": "claimReward_TOD2",
          "argTypes": [ "uint256" ]
        }
      ],
      "exp": "msg.sender.transfer(reward_TOD2);",
      "status": "unproven"
    },
    {
      "no": "23",
      "kind": "ETH_LEAK",
      "line": 143,
      "signatures": [
        {
          "contractName": "MindsyncPlatform",
          "methodName": "getReward_TOD17",
          "argTypes": []
        }
      ],
      "exp": "winner_TOD17.transfer(msg.value);",
      "status": "unproven"
    },
    {
      "no": "24",
      "kind": "ETH_LEAK",
      "line": 342,
      "signatures": [
        {
          "contractName": "MindsyncPlatform",
          "methodName": "getReward_TOD5",
          "argTypes": []
        }
      ],
      "exp": "winner_TOD5.transfer(msg.value);",
      "status": "unproven"
    },
    {
      "no": "25",
      "kind": "ETH_LEAK",
      "line": 356,
      "signatures": [
        {
          "contractName": "MindsyncPlatform",
          "methodName": "getReward_TOD15",
          "argTypes": []
        }
      ],
      "exp": "winner_TOD15.transfer(msg.value);",
      "status": "unproven"
    },
    {
      "no": "26",
      "kind": "ETH_LEAK",
      "line": 366,
      "signatures": [
        {
          "contractName": "MindsyncPlatform",
          "methodName": "setReward_TOD28",
          "argTypes": []
        }
      ],
      "exp": "owner_TOD28.transfer(reward_TOD28);",
      "status": "unproven"
    },
    {
      "no": "27",
      "kind": "ETH_LEAK",
      "line": 374,
      "signatures": [
        {
          "contractName": "MindsyncPlatform",
          "methodName": "claimReward_TOD28",
          "argTypes": [ "uint256" ]
        }
      ],
      "exp": "msg.sender.transfer(reward_TOD28);",
      "status": "unproven"
    },
    {
      "no": "28",
      "kind": "ETH_LEAK",
      "line": 385,
      "signatures": [
        {
          "contractName": "MindsyncPlatform",
          "methodName": "setReward_TOD34",
          "argTypes": []
        }
      ],
      "exp": "owner_TOD34.transfer(reward_TOD34);",
      "status": "unproven"
    },
    {
      "no": "29",
      "kind": "ETH_LEAK",
      "line": 393,
      "signatures": [
        {
          "contractName": "MindsyncPlatform",
          "methodName": "claimReward_TOD34",
          "argTypes": [ "uint256" ]
        }
      ],
      "exp": "msg.sender.transfer(reward_TOD34);",
      "status": "unproven"
    },
    {
      "no": "30",
      "kind": "ETH_LEAK",
      "line": 408,
      "signatures": [
        {
          "contractName": "MindsyncPlatform",
          "methodName": "getReward_TOD21",
          "argTypes": []
        }
      ],
      "exp": "winner_TOD21.transfer(msg.value);",
      "status": "unproven"
    },
    {
      "no": "31",
      "kind": "ETH_LEAK",
      "line": 418,
      "signatures": [
        {
          "contractName": "MindsyncPlatform",
          "methodName": "setReward_TOD10",
          "argTypes": []
        }
      ],
      "exp": "owner_TOD10.transfer(reward_TOD10);",
      "status": "unproven"
    },
    {
      "no": "32",
      "kind": "ETH_LEAK",
      "line": 426,
      "signatures": [
        {
          "contractName": "MindsyncPlatform",
          "methodName": "claimReward_TOD10",
          "argTypes": [ "uint256" ]
        }
      ],
      "exp": "msg.sender.transfer(reward_TOD10);",
      "status": "unproven"
    },
    {
      "no": "33",
      "kind": "ETH_LEAK",
      "line": 437,
      "signatures": [
        {
          "contractName": "MindsyncPlatform",
          "methodName": "setReward_TOD22",
          "argTypes": []
        }
      ],
      "exp": "owner_TOD22.transfer(reward_TOD22);",
      "status": "unproven"
    },
    {
      "no": "34",
      "kind": "ETH_LEAK",
      "line": 445,
      "signatures": [
        {
          "contractName": "MindsyncPlatform",
          "methodName": "claimReward_TOD22",
          "argTypes": [ "uint256" ]
        }
      ],
      "exp": "msg.sender.transfer(reward_TOD22);",
      "status": "unproven"
    },
    {
      "no": "35",
      "kind": "ETH_LEAK",
      "line": 457,
      "signatures": [
        {
          "contractName": "MindsyncPlatform",
          "methodName": "setReward_TOD12",
          "argTypes": []
        }
      ],
      "exp": "owner_TOD12.transfer(reward_TOD12);",
      "status": "unproven"
    },
    {
      "no": "36",
      "kind": "ETH_LEAK",
      "line": 465,
      "signatures": [
        {
          "contractName": "MindsyncPlatform",
          "methodName": "claimReward_TOD12",
          "argTypes": [ "uint256" ]
        }
      ],
      "exp": "msg.sender.transfer(reward_TOD12);",
      "status": "unproven"
    },
    {
      "no": "37",
      "kind": "ETH_LEAK",
      "line": 481,
      "signatures": [
        {
          "contractName": "MindsyncPlatform",
          "methodName": "getReward_TOD35",
          "argTypes": []
        }
      ],
      "exp": "winner_TOD35.transfer(msg.value);",
      "status": "unproven"
    },
    {
      "no": "38",
      "kind": "ETH_LEAK",
      "line": 491,
      "signatures": [
        {
          "contractName": "MindsyncPlatform",
          "methodName": "setReward_TOD40",
          "argTypes": []
        }
      ],
      "exp": "owner_TOD40.transfer(reward_TOD40);",
      "status": "proven"
    },
    {
      "no": "39",
      "kind": "ETH_LEAK",
      "line": 499,
      "signatures": [
        {
          "contractName": "MindsyncPlatform",
          "methodName": "claimReward_TOD40",
          "argTypes": [ "uint256" ]
        }
      ],
      "exp": "msg.sender.transfer(reward_TOD40);",
      "status": "unproven"
    },
    {
      "no": "40",
      "kind": "ETH_LEAK",
      "line": 514,
      "signatures": [
        {
          "contractName": "MindsyncPlatform",
          "methodName": "getReward_TOD33",
          "argTypes": []
        }
      ],
      "exp": "winner_TOD33.transfer(msg.value);",
      "status": "unproven"
    },
    {
      "no": "41",
      "kind": "ETH_LEAK",
      "line": 528,
      "signatures": [
        {
          "contractName": "MindsyncPlatform",
          "methodName": "getReward_TOD27",
          "argTypes": []
        }
      ],
      "exp": "winner_TOD27.transfer(msg.value);",
      "status": "unproven"
    },
    {
      "no": "42",
      "kind": "ETH_LEAK",
      "line": 542,
      "signatures": [
        {
          "contractName": "MindsyncPlatform",
          "methodName": "getReward_TOD31",
          "argTypes": []
        }
      ],
      "exp": "winner_TOD31.transfer(msg.value);",
      "status": "unproven"
    },
    {
      "no": "43",
      "kind": "ETH_LEAK",
      "line": 556,
      "signatures": [
        {
          "contractName": "MindsyncPlatform",
          "methodName": "getReward_TOD13",
          "argTypes": []
        }
      ],
      "exp": "winner_TOD13.transfer(msg.value);",
      "status": "unproven"
    },
    {
      "no": "44",
      "kind": "ETH_LEAK",
      "line": 606,
      "signatures": [
        {
          "contractName": "MindsyncPlatform",
          "methodName": "setReward_TOD32",
          "argTypes": []
        }
      ],
      "exp": "owner_TOD32.transfer(reward_TOD32);",
      "status": "unproven"
    },
    {
      "no": "45",
      "kind": "ETH_LEAK",
      "line": 614,
      "signatures": [
        {
          "contractName": "MindsyncPlatform",
          "methodName": "claimReward_TOD32",
          "argTypes": [ "uint256" ]
        }
      ],
      "exp": "msg.sender.transfer(reward_TOD32);",
      "status": "unproven"
    },
    {
      "no": "46",
      "kind": "ETH_LEAK",
      "line": 640,
      "signatures": [
        {
          "contractName": "MindsyncPlatform",
          "methodName": "setReward_TOD38",
          "argTypes": []
        }
      ],
      "exp": "owner_TOD38.transfer(reward_TOD38);",
      "status": "proven"
    },
    {
      "no": "47",
      "kind": "ETH_LEAK",
      "line": 648,
      "signatures": [
        {
          "contractName": "MindsyncPlatform",
          "methodName": "claimReward_TOD38",
          "argTypes": [ "uint256" ]
        }
      ],
      "exp": "msg.sender.transfer(reward_TOD38);",
      "status": "unproven"
    },
    {
      "no": "48",
      "kind": "ETH_LEAK",
      "line": 683,
      "signatures": [
        {
          "contractName": "MindsyncPlatform",
          "methodName": "setReward_TOD4",
          "argTypes": []
        }
      ],
      "exp": "owner_TOD4.transfer(reward_TOD4);",
      "status": "proven"
    },
    {
      "no": "49",
      "kind": "ETH_LEAK",
      "line": 691,
      "signatures": [
        {
          "contractName": "MindsyncPlatform",
          "methodName": "claimReward_TOD4",
          "argTypes": [ "uint256" ]
        }
      ],
      "exp": "msg.sender.transfer(reward_TOD4);",
      "status": "unproven"
    },
    {
      "no": "50",
      "kind": "ETH_LEAK",
      "line": 742,
      "signatures": [
        {
          "contractName": "MindsyncPlatform",
          "methodName": "getReward_TOD7",
          "argTypes": []
        }
      ],
      "exp": "winner_TOD7.transfer(msg.value);",
      "status": "unproven"
    },
    {
      "no": "51",
      "kind": "ETH_LEAK",
      "line": 777,
      "signatures": [
        {
          "contractName": "MindsyncPlatform",
          "methodName": "getReward_TOD23",
          "argTypes": []
        }
      ],
      "exp": "winner_TOD23.transfer(msg.value);",
      "status": "unproven"
    },
    {
      "no": "52",
      "kind": "ETH_LEAK",
      "line": 812,
      "signatures": [
        {
          "contractName": "MindsyncPlatform",
          "methodName": "setReward_TOD14",
          "argTypes": []
        }
      ],
      "exp": "owner_TOD14.transfer(reward_TOD14);",
      "status": "unproven"
    },
    {
      "no": "53",
      "kind": "ETH_LEAK",
      "line": 820,
      "signatures": [
        {
          "contractName": "MindsyncPlatform",
          "methodName": "claimReward_TOD14",
          "argTypes": [ "uint256" ]
        }
      ],
      "exp": "msg.sender.transfer(reward_TOD14);",
      "status": "unproven"
    },
    {
      "no": "54",
      "kind": "ETH_LEAK",
      "line": 857,
      "signatures": [
        {
          "contractName": "MindsyncPlatform",
          "methodName": "setReward_TOD30",
          "argTypes": []
        }
      ],
      "exp": "owner_TOD30.transfer(reward_TOD30);",
      "status": "unproven"
    },
    {
      "no": "55",
      "kind": "ETH_LEAK",
      "line": 865,
      "signatures": [
        {
          "contractName": "MindsyncPlatform",
          "methodName": "claimReward_TOD30",
          "argTypes": [ "uint256" ]
        }
      ],
      "exp": "msg.sender.transfer(reward_TOD30);",
      "status": "unproven"
    },
    {
      "no": "56",
      "kind": "ETH_LEAK",
      "line": 910,
      "signatures": [
        {
          "contractName": "MindsyncPlatform",
          "methodName": "executeProposal",
          "argTypes": [ "uint256", "dbytes" ]
        }
      ],
      "exp": "(success,  ) = p.recipient.call.value(p.amount)(transactionBytecode);",
      "status": "unproven"
    },
    {
      "no": "57",
      "kind": "ETH_LEAK",
      "line": 929,
      "signatures": [
        {
          "contractName": "MindsyncPlatform",
          "methodName": "setReward_TOD8",
          "argTypes": []
        }
      ],
      "exp": "owner_TOD8.transfer(reward_TOD8);",
      "status": "proven"
    },
    {
      "no": "58",
      "kind": "ETH_LEAK",
      "line": 937,
      "signatures": [
        {
          "contractName": "MindsyncPlatform",
          "methodName": "claimReward_TOD8",
          "argTypes": [ "uint256" ]
        }
      ],
      "exp": "msg.sender.transfer(reward_TOD8);",
      "status": "unproven"
    }
  ]
}