{
  "fileName": "Benchmarks/Study_SamplesSet/9f32bbb523e61ee07d3ab9068b17ffaa.sol",
  "baseName": "9f32bbb523e61ee07d3ab9068b17ffaa.sol",
  "iter": 3,
  "time": "10.04365",
  "errMsg": null,
  "result": [
    {
      "no": "1",
      "kind": "ETH_LEAK",
      "line": 16,
      "signatures": [
        {
          "contractName": "NotooManyDigits1",
          "methodName": "withdraw",
          "argTypes": []
        }
      ],
      "exp": "owner.transfer(address(this).balance);",
      "status": "proven"
    }
  ]
}