{
  "fileName": "Benchmarks/Study_SamplesSet/a1502b3f208e69d67848e9fb5c5dc1cf.sol",
  "baseName": "a1502b3f208e69d67848e9fb5c5dc1cf.sol",
  "iter": 1,
  "time": "1217.00567",
  "errMsg": null,
  "result": [
    {
      "no": "1",
      "kind": "IO",
      "line": 15,
      "signatures": [
        {
          "contractName": "Finest",
          "methodName": "getTokens",
          "argTypes": []
        }
      ],
      "exp": "(a * b)",
      "status": "unproven"
    },
    {
      "no": "2",
      "kind": "IO",
      "line": 35,
      "signatures": [
        {
          "contractName": "Finest",
          "methodName": "burn",
          "argTypes": [ "uint256" ]
        },
        {
          "contractName": "Finest",
          "methodName": "transfer",
          "argTypes": [ "address", "uint256" ]
        },
        {
          "contractName": "Finest",
          "methodName": "transferFrom",
          "argTypes": [ "address", "address", "uint256" ]
        }
      ],
      "exp": "(a - b)",
      "status": "proven"
    },
    {
      "no": "3",
      "kind": "IO",
      "line": 42,
      "signatures": [
        {
          "contractName": "Finest",
          "methodName": "DistributeAirdrop",
          "argTypes": [ "address", "uint256" ]
        },
        {
          "contractName": "Finest",
          "methodName": "DistributeAirdropMultiple",
          "argTypes": [ "address[]", "uint256" ]
        },
        { "contractName": "Finest", "methodName": "Finest", "argTypes": [] },
        {
          "contractName": "Finest",
          "methodName": "add",
          "argTypes": [ "uint256" ]
        },
        {
          "contractName": "Finest",
          "methodName": "getTokens",
          "argTypes": []
        },
        {
          "contractName": "Finest",
          "methodName": "transfer",
          "argTypes": [ "address", "uint256" ]
        },
        {
          "contractName": "Finest",
          "methodName": "transferFrom",
          "argTypes": [ "address", "address", "uint256" ]
        }
      ],
      "exp": "(a + b)",
      "status": "unproven"
    },
    {
      "no": "4",
      "kind": "IO",
      "line": 79,
      "signatures": [
        { "contractName": "Finest", "methodName": "Finest", "argTypes": [] }
      ],
      "exp": "(57 * 86400)",
      "status": "proven"
    },
    {
      "no": "5",
      "kind": "IO",
      "line": 79,
      "signatures": [
        { "contractName": "Finest", "methodName": "Finest", "argTypes": [] }
      ],
      "exp": "(now + (57 * 86400))",
      "status": "unproven"
    },
    {
      "no": "6",
      "kind": "IO",
      "line": 80,
      "signatures": [
        { "contractName": "Finest", "methodName": "Finest", "argTypes": [] }
      ],
      "exp": "(52 * 86400)",
      "status": "proven"
    },
    {
      "no": "7",
      "kind": "IO",
      "line": 80,
      "signatures": [
        { "contractName": "Finest", "methodName": "Finest", "argTypes": [] }
      ],
      "exp": "(now + (52 * 86400))",
      "status": "unproven"
    },
    {
      "no": "8",
      "kind": "IO",
      "line": 81,
      "signatures": [
        { "contractName": "Finest", "methodName": "Finest", "argTypes": [] }
      ],
      "exp": "(32 * 86400)",
      "status": "proven"
    },
    {
      "no": "9",
      "kind": "IO",
      "line": 81,
      "signatures": [
        { "contractName": "Finest", "methodName": "Finest", "argTypes": [] }
      ],
      "exp": "(now + (32 * 86400))",
      "status": "unproven"
    },
    {
      "no": "10",
      "kind": "IO",
      "line": 170,
      "signatures": [
        {
          "contractName": "Finest",
          "methodName": "DistributeAirdropMultiple",
          "argTypes": [ "address[]", "uint256" ]
        }
      ],
      "exp": "(i + 1)",
      "status": "proven"
    },
    {
      "no": "11",
      "kind": "IO",
      "line": 195,
      "signatures": [
        {
          "contractName": "Finest",
          "methodName": "getTokens",
          "argTypes": []
        }
      ],
      "exp": "(tokens * 25)",
      "status": "unproven"
    },
    {
      "no": "12",
      "kind": "IO",
      "line": 197,
      "signatures": [
        {
          "contractName": "Finest",
          "methodName": "getTokens",
          "argTypes": []
        }
      ],
      "exp": "(tokens * 50)",
      "status": "unproven"
    },
    {
      "no": "13",
      "kind": "IO",
      "line": 199,
      "signatures": [
        {
          "contractName": "Finest",
          "methodName": "getTokens",
          "argTypes": []
        }
      ],
      "exp": "(tokens * 100)",
      "status": "unproven"
    },
    {
      "no": "14",
      "kind": "IO",
      "line": 203,
      "signatures": [
        {
          "contractName": "Finest",
          "methodName": "getTokens",
          "argTypes": []
        }
      ],
      "exp": "(tokens * 25)",
      "status": "unproven"
    },
    {
      "no": "15",
      "kind": "IO",
      "line": 205,
      "signatures": [
        {
          "contractName": "Finest",
          "methodName": "getTokens",
          "argTypes": []
        }
      ],
      "exp": "(tokens * 50)",
      "status": "unproven"
    },
    {
      "no": "16",
      "kind": "IO",
      "line": 211,
      "signatures": [
        {
          "contractName": "Finest",
          "methodName": "getTokens",
          "argTypes": []
        }
      ],
      "exp": "(tokens + countbonus)",
      "status": "unproven"
    },
    {
      "no": "17",
      "kind": "IO",
      "line": 218,
      "signatures": [
        {
          "contractName": "Finest",
          "methodName": "getTokens",
          "argTypes": []
        }
      ],
      "exp": "(progress0drop + 1)",
      "status": "proven"
    },
    {
      "no": "18",
      "kind": "IO",
      "line": 249,
      "signatures": [
        {
          "contractName": "Finest",
          "methodName": "transfer",
          "argTypes": [ "address", "uint256" ]
        },
        {
          "contractName": "Finest",
          "methodName": "transferFrom",
          "argTypes": [ "address", "address", "uint256" ]
        }
      ],
      "exp": "(size + 4)",
      "status": "proven"
    },
    {
      "no": "19",
      "kind": "IO",
      "line": 253,
      "signatures": [
        {
          "contractName": "Finest",
          "methodName": "transfer",
          "argTypes": [ "address", "uint256" ]
        }
      ],
      "exp": "(2 * 32)",
      "status": "proven"
    },
    {
      "no": "20",
      "kind": "IO",
      "line": 264,
      "signatures": [
        {
          "contractName": "Finest",
          "methodName": "transferFrom",
          "argTypes": [ "address", "address", "uint256" ]
        }
      ],
      "exp": "(3 * 32)",
      "status": "proven"
    },
    {
      "no": "21",
      "kind": "DZ",
      "line": 16,
      "signatures": [
        {
          "contractName": "Finest",
          "methodName": "getTokens",
          "argTypes": []
        }
      ],
      "exp": "(c / a)",
      "status": "proven"
    },
    {
      "no": "22",
      "kind": "DZ",
      "line": 85,
      "signatures": [
        { "contractName": "Finest", "methodName": "Finest", "argTypes": [] }
      ],
      "exp": "(1000000000000000000 / 200)",
      "status": "proven"
    },
    {
      "no": "23",
      "kind": "DZ",
      "line": 186,
      "signatures": [
        {
          "contractName": "Finest",
          "methodName": "getTokens",
          "argTypes": []
        }
      ],
      "exp": "(1000000000000000000 / 100)",
      "status": "proven"
    },
    {
      "no": "24",
      "kind": "DZ",
      "line": 187,
      "signatures": [
        {
          "contractName": "Finest",
          "methodName": "getTokens",
          "argTypes": []
        }
      ],
      "exp": "(1000000000000000000 / 50)",
      "status": "proven"
    },
    {
      "no": "25",
      "kind": "DZ",
      "line": 190,
      "signatures": [
        {
          "contractName": "Finest",
          "methodName": "getTokens",
          "argTypes": []
        }
      ],
      "exp": "(tokensPerEth.mul(msg.value) / 1000000000000000000)",
      "status": "proven"
    },
    {
      "no": "26",
      "kind": "DZ",
      "line": 195,
      "signatures": [
        {
          "contractName": "Finest",
          "methodName": "getTokens",
          "argTypes": []
        }
      ],
      "exp": "((tokens * 25) / 100)",
      "status": "proven"
    },
    {
      "no": "27",
      "kind": "DZ",
      "line": 197,
      "signatures": [
        {
          "contractName": "Finest",
          "methodName": "getTokens",
          "argTypes": []
        }
      ],
      "exp": "((tokens * 50) / 100)",
      "status": "proven"
    },
    {
      "no": "28",
      "kind": "DZ",
      "line": 199,
      "signatures": [
        {
          "contractName": "Finest",
          "methodName": "getTokens",
          "argTypes": []
        }
      ],
      "exp": "((tokens * 100) / 100)",
      "status": "proven"
    },
    {
      "no": "29",
      "kind": "DZ",
      "line": 203,
      "signatures": [
        {
          "contractName": "Finest",
          "methodName": "getTokens",
          "argTypes": []
        }
      ],
      "exp": "((tokens * 25) / 100)",
      "status": "proven"
    },
    {
      "no": "30",
      "kind": "DZ",
      "line": 205,
      "signatures": [
        {
          "contractName": "Finest",
          "methodName": "getTokens",
          "argTypes": []
        }
      ],
      "exp": "((tokens * 50) / 100)",
      "status": "proven"
    },
    {
      "no": "31",
      "kind": "ETH_LEAK",
      "line": 241,
      "signatures": [
        {
          "contractName": "Finest",
          "methodName": "getTokens",
          "argTypes": []
        }
      ],
      "exp": "multisig.transfer(msg.value);",
      "status": "unproven"
    },
    {
      "no": "32",
      "kind": "ETH_LEAK",
      "line": 297,
      "signatures": [
        {
          "contractName": "Finest",
          "methodName": "withdrawAll",
          "argTypes": []
        }
      ],
      "exp": "owner.transfer(etherBalance);",
      "status": "unproven"
    },
    {
      "no": "33",
      "kind": "ETH_LEAK",
      "line": 302,
      "signatures": [
        {
          "contractName": "Finest",
          "methodName": "withdraw",
          "argTypes": [ "uint256" ]
        }
      ],
      "exp": "owner.transfer(wantAmount);",
      "status": "unproven"
    }
  ]
}