{
  "fileName": "Benchmarks/Study_SamplesSet/a834375dc099e913fc9e7668ac8c1404.sol",
  "baseName": "a834375dc099e913fc9e7668ac8c1404.sol",
  "iter": 503,
  "time": "300.120293",
  "errMsg": null,
  "result": [
    {
      "no": "1",
      "kind": "ETH_LEAK",
      "line": 33,
      "signatures": [
        {
          "contractName": "RampInstantEthPool",
          "methodName": "bug_unchk_send29",
          "argTypes": []
        }
      ],
      "exp": "msg.sender.transfer(1000000000000000000);",
      "status": "unproven"
    },
    {
      "no": "2",
      "kind": "ETH_LEAK",
      "line": 37,
      "signatures": [
        {
          "contractName": "RampInstantEthPool",
          "methodName": "bug_unchk_send30",
          "argTypes": []
        }
      ],
      "exp": "msg.sender.transfer(1000000000000000000);",
      "status": "unproven"
    },
    {
      "no": "3",
      "kind": "ETH_LEAK",
      "line": 44,
      "signatures": [
        {
          "contractName": "RampInstantEthPool",
          "methodName": "bug_unchk_send21",
          "argTypes": []
        }
      ],
      "exp": "msg.sender.transfer(1000000000000000000);",
      "status": "unproven"
    },
    {
      "no": "4",
      "kind": "ETH_LEAK",
      "line": 56,
      "signatures": [
        {
          "contractName": "RampInstantEthPool",
          "methodName": "bug_unchk_send10",
          "argTypes": []
        }
      ],
      "exp": "msg.sender.transfer(1000000000000000000);",
      "status": "unproven"
    },
    {
      "no": "5",
      "kind": "ETH_LEAK",
      "line": 67,
      "signatures": [
        {
          "contractName": "RampInstantEthPool",
          "methodName": "bug_unchk_send6",
          "argTypes": []
        }
      ],
      "exp": "msg.sender.transfer(1000000000000000000);",
      "status": "unproven"
    },
    {
      "no": "6",
      "kind": "ETH_LEAK",
      "line": 71,
      "signatures": [
        {
          "contractName": "RampInstantEthPool",
          "methodName": "bug_unchk_send8",
          "argTypes": []
        }
      ],
      "exp": "msg.sender.transfer(1000000000000000000);",
      "status": "unproven"
    },
    {
      "no": "7",
      "kind": "ETH_LEAK",
      "line": 85,
      "signatures": [
        {
          "contractName": "RampInstantEthPool",
          "methodName": "bug_unchk_send22",
          "argTypes": []
        }
      ],
      "exp": "msg.sender.transfer(1000000000000000000);",
      "status": "unproven"
    },
    {
      "no": "8",
      "kind": "ETH_LEAK",
      "line": 155,
      "signatures": [
        {
          "contractName": "RampInstantEthPool",
          "methodName": "bug_unchk_send16",
          "argTypes": []
        }
      ],
      "exp": "msg.sender.transfer(1000000000000000000);",
      "status": "unproven"
    },
    {
      "no": "9",
      "kind": "ETH_LEAK",
      "line": 158,
      "signatures": [
        {
          "contractName": "RampInstantEthPool",
          "methodName": "bug_unchk_send24",
          "argTypes": []
        }
      ],
      "exp": "msg.sender.transfer(1000000000000000000);",
      "status": "unproven"
    },
    {
      "no": "10",
      "kind": "ETH_LEAK",
      "line": 161,
      "signatures": [
        {
          "contractName": "RampInstantEthPool",
          "methodName": "bug_unchk_send5",
          "argTypes": []
        }
      ],
      "exp": "msg.sender.transfer(1000000000000000000);",
      "status": "unproven"
    },
    {
      "no": "11",
      "kind": "ETH_LEAK",
      "line": 164,
      "signatures": [
        {
          "contractName": "RampInstantEthPool",
          "methodName": "bug_unchk_send15",
          "argTypes": []
        }
      ],
      "exp": "msg.sender.transfer(1000000000000000000);",
      "status": "unproven"
    },
    {
      "no": "12",
      "kind": "ETH_LEAK",
      "line": 173,
      "signatures": [
        {
          "contractName": "RampInstantEthPool",
          "methodName": "bug_unchk_send27",
          "argTypes": []
        }
      ],
      "exp": "msg.sender.transfer(1000000000000000000);",
      "status": "unproven"
    },
    {
      "no": "13",
      "kind": "ETH_LEAK",
      "line": 176,
      "signatures": [
        {
          "contractName": "RampInstantEthPool",
          "methodName": "bug_unchk_send31",
          "argTypes": []
        }
      ],
      "exp": "msg.sender.transfer(1000000000000000000);",
      "status": "unproven"
    },
    {
      "no": "14",
      "kind": "ETH_LEAK",
      "line": 179,
      "signatures": [
        {
          "contractName": "RampInstantEthPool",
          "methodName": "bug_unchk_send13",
          "argTypes": []
        }
      ],
      "exp": "msg.sender.transfer(1000000000000000000);",
      "status": "unproven"
    },
    {
      "no": "15",
      "kind": "ETH_LEAK",
      "line": 200,
      "signatures": [
        {
          "contractName": "RampInstantEthPool",
          "methodName": "bug_unchk_send1",
          "argTypes": []
        }
      ],
      "exp": "msg.sender.transfer(1000000000000000000);",
      "status": "unproven"
    },
    {
      "no": "16",
      "kind": "ETH_LEAK",
      "line": 204,
      "signatures": [
        {
          "contractName": "RampInstantEthPool",
          "methodName": "bug_unchk_send2",
          "argTypes": []
        }
      ],
      "exp": "msg.sender.transfer(1000000000000000000);",
      "status": "unproven"
    },
    {
      "no": "17",
      "kind": "ETH_LEAK",
      "line": 209,
      "signatures": [
        {
          "contractName": "RampInstantEthPool",
          "methodName": "bug_unchk_send17",
          "argTypes": []
        }
      ],
      "exp": "msg.sender.transfer(1000000000000000000);",
      "status": "unproven"
    },
    {
      "no": "18",
      "kind": "ETH_LEAK",
      "line": 215,
      "signatures": [
        {
          "contractName": "RampInstantEthPool",
          "methodName": "bug_unchk_send3",
          "argTypes": []
        }
      ],
      "exp": "msg.sender.transfer(1000000000000000000);",
      "status": "unproven"
    },
    {
      "no": "19",
      "kind": "ETH_LEAK",
      "line": 226,
      "signatures": [
        {
          "contractName": "RampInstantEthPool",
          "methodName": "bug_unchk_send9",
          "argTypes": []
        }
      ],
      "exp": "msg.sender.transfer(1000000000000000000);",
      "status": "unproven"
    },
    {
      "no": "20",
      "kind": "ETH_LEAK",
      "line": 236,
      "signatures": [
        {
          "contractName": "RampInstantEthPool",
          "methodName": "bug_unchk_send25",
          "argTypes": []
        }
      ],
      "exp": "msg.sender.transfer(1000000000000000000);",
      "status": "unproven"
    },
    {
      "no": "21",
      "kind": "ETH_LEAK",
      "line": 256,
      "signatures": [
        {
          "contractName": "RampInstantEthPool",
          "methodName": "bug_unchk_send19",
          "argTypes": []
        }
      ],
      "exp": "msg.sender.transfer(1000000000000000000);",
      "status": "unproven"
    },
    {
      "no": "22",
      "kind": "ETH_LEAK",
      "line": 273,
      "signatures": [
        {
          "contractName": "RampInstantEthPool",
          "methodName": "bug_unchk_send26",
          "argTypes": []
        }
      ],
      "exp": "msg.sender.transfer(1000000000000000000);",
      "status": "unproven"
    },
    {
      "no": "23",
      "kind": "ETH_LEAK",
      "line": 283,
      "signatures": [
        {
          "contractName": "RampInstantEthPool",
          "methodName": "bug_unchk_send20",
          "argTypes": []
        }
      ],
      "exp": "msg.sender.transfer(1000000000000000000);",
      "status": "unproven"
    },
    {
      "no": "24",
      "kind": "ETH_LEAK",
      "line": 320,
      "signatures": [
        {
          "contractName": "RampInstantEthPool",
          "methodName": "bug_unchk_send28",
          "argTypes": []
        }
      ],
      "exp": "msg.sender.transfer(1000000000000000000);",
      "status": "unproven"
    },
    {
      "no": "25",
      "kind": "ETH_LEAK",
      "line": 335,
      "signatures": [
        {
          "contractName": "RampInstantEthPool",
          "methodName": "bug_unchk_send32",
          "argTypes": []
        }
      ],
      "exp": "msg.sender.transfer(1000000000000000000);",
      "status": "unproven"
    },
    {
      "no": "26",
      "kind": "ETH_LEAK",
      "line": 341,
      "signatures": [
        {
          "contractName": "RampInstantEthPool",
          "methodName": "bug_unchk_send4",
          "argTypes": []
        }
      ],
      "exp": "msg.sender.transfer(1000000000000000000);",
      "status": "unproven"
    },
    {
      "no": "27",
      "kind": "ETH_LEAK",
      "line": 347,
      "signatures": [
        {
          "contractName": "RampInstantEthPool",
          "methodName": "withdrawAllFunds",
          "argTypes": [ "address" ]
        },
        {
          "contractName": "RampInstantEthPool",
          "methodName": "withdrawFunds",
          "argTypes": [ "address", "uint256" ]
        }
      ],
      "exp": "_to.transfer(_amount);",
      "status": "proven"
    },
    {
      "no": "28",
      "kind": "ETH_LEAK",
      "line": 351,
      "signatures": [
        {
          "contractName": "RampInstantEthPool",
          "methodName": "bug_unchk_send7",
          "argTypes": []
        }
      ],
      "exp": "msg.sender.transfer(1000000000000000000);",
      "status": "unproven"
    },
    {
      "no": "29",
      "kind": "ETH_LEAK",
      "line": 356,
      "signatures": [
        {
          "contractName": "RampInstantEthPool",
          "methodName": "sendFundsToSwap",
          "argTypes": [ "uint256" ]
        }
      ],
      "exp": "swapsContract.transfer(_amount);",
      "status": "proven"
    },
    {
      "no": "30",
      "kind": "ETH_LEAK",
      "line": 360,
      "signatures": [
        {
          "contractName": "RampInstantEthPool",
          "methodName": "bug_unchk_send23",
          "argTypes": []
        }
      ],
      "exp": "msg.sender.transfer(1000000000000000000);",
      "status": "unproven"
    },
    {
      "no": "31",
      "kind": "ETH_LEAK",
      "line": 372,
      "signatures": [
        {
          "contractName": "RampInstantEthPool",
          "methodName": "bug_unchk_send14",
          "argTypes": []
        }
      ],
      "exp": "msg.sender.transfer(1000000000000000000);",
      "status": "unproven"
    }
  ]
}