{
  "fileName": "Benchmarks/Study_SamplesSet/aedb904ae894f07b5bc5bfcc94fa4c9e.sol",
  "baseName": "aedb904ae894f07b5bc5bfcc94fa4c9e.sol",
  "iter": 307,
  "time": "377.750096",
  "errMsg": null,
  "result": [
    {
      "no": "1",
      "kind": "IO",
      "line": 7,
      "signatures": [
        {
          "contractName": "HolyCoin",
          "methodName": "makeTokens",
          "argTypes": []
        }
      ],
      "exp": "(x + y)",
      "status": "unproven"
    },
    {
      "no": "2",
      "kind": "IO",
      "line": 19,
      "signatures": [
        {
          "contractName": "HolyCoin",
          "methodName": "makeTokens",
          "argTypes": []
        }
      ],
      "exp": "(x * y)",
      "status": "unproven"
    },
    {
      "no": "3",
      "kind": "IO",
      "line": 43,
      "signatures": [
        {
          "contractName": "HolyCoin",
          "methodName": "transfer",
          "argTypes": [ "address", "uint256" ]
        }
      ],
      "exp": "(balances[msg.sender] - _value)",
      "status": "proven"
    },
    {
      "no": "4",
      "kind": "IO",
      "line": 44,
      "signatures": [
        {
          "contractName": "HolyCoin",
          "methodName": "transfer",
          "argTypes": [ "address", "uint256" ]
        }
      ],
      "exp": "(balances[_to] + _value)",
      "status": "unproven"
    },
    {
      "no": "5",
      "kind": "IO",
      "line": 54,
      "signatures": [
        {
          "contractName": "HolyCoin",
          "methodName": "transferFrom",
          "argTypes": [ "address", "address", "uint256" ]
        }
      ],
      "exp": "(balances[_to] + _value)",
      "status": "unproven"
    },
    {
      "no": "6",
      "kind": "IO",
      "line": 55,
      "signatures": [
        {
          "contractName": "HolyCoin",
          "methodName": "transferFrom",
          "argTypes": [ "address", "address", "uint256" ]
        }
      ],
      "exp": "(balances[_from] - _value)",
      "status": "unproven"
    },
    {
      "no": "7",
      "kind": "IO",
      "line": 56,
      "signatures": [
        {
          "contractName": "HolyCoin",
          "methodName": "transferFrom",
          "argTypes": [ "address", "address", "uint256" ]
        }
      ],
      "exp": "(allowed[_from][msg.sender] - _value)",
      "status": "proven"
    },
    {
      "no": "8",
      "kind": "IO",
      "line": 96,
      "signatures": [
        {
          "contractName": "HolyCoin",
          "methodName": "HolyCoin",
          "argTypes": [
            "address", "address", "address", "uint256", "uint256"
          ]
        }
      ],
      "exp": "((2400 * (10 ** 3)) * (10 ** decimals))",
      "status": "proven"
    },
    {
      "no": "9",
      "kind": "IO",
      "line": 96,
      "signatures": [
        {
          "contractName": "HolyCoin",
          "methodName": "HolyCoin",
          "argTypes": [
            "address", "address", "address", "uint256", "uint256"
          ]
        }
      ],
      "exp": "(10 ** 3)",
      "status": "proven"
    },
    {
      "no": "10",
      "kind": "IO",
      "line": 96,
      "signatures": [
        {
          "contractName": "HolyCoin",
          "methodName": "HolyCoin",
          "argTypes": [
            "address", "address", "address", "uint256", "uint256"
          ]
        }
      ],
      "exp": "(10 ** decimals)",
      "status": "proven"
    },
    {
      "no": "11",
      "kind": "IO",
      "line": 96,
      "signatures": [
        {
          "contractName": "HolyCoin",
          "methodName": "HolyCoin",
          "argTypes": [
            "address", "address", "address", "uint256", "uint256"
          ]
        }
      ],
      "exp": "(2400 * (10 ** 3))",
      "status": "proven"
    },
    {
      "no": "12",
      "kind": "IO",
      "line": 97,
      "signatures": [
        {
          "contractName": "HolyCoin",
          "methodName": "HolyCoin",
          "argTypes": [
            "address", "address", "address", "uint256", "uint256"
          ]
        }
      ],
      "exp": "((600 * (10 ** 3)) * (10 ** decimals))",
      "status": "proven"
    },
    {
      "no": "13",
      "kind": "IO",
      "line": 97,
      "signatures": [
        {
          "contractName": "HolyCoin",
          "methodName": "HolyCoin",
          "argTypes": [
            "address", "address", "address", "uint256", "uint256"
          ]
        }
      ],
      "exp": "(10 ** 3)",
      "status": "proven"
    },
    {
      "no": "14",
      "kind": "IO",
      "line": 97,
      "signatures": [
        {
          "contractName": "HolyCoin",
          "methodName": "HolyCoin",
          "argTypes": [
            "address", "address", "address", "uint256", "uint256"
          ]
        }
      ],
      "exp": "(10 ** decimals)",
      "status": "proven"
    },
    {
      "no": "15",
      "kind": "IO",
      "line": 97,
      "signatures": [
        {
          "contractName": "HolyCoin",
          "methodName": "HolyCoin",
          "argTypes": [
            "address", "address", "address", "uint256", "uint256"
          ]
        }
      ],
      "exp": "(600 * (10 ** 3))",
      "status": "proven"
    },
    {
      "no": "16",
      "kind": "IO",
      "line": 104,
      "signatures": [
        {
          "contractName": "HolyCoin",
          "methodName": "HolyCoin",
          "argTypes": [
            "address", "address", "address", "uint256", "uint256"
          ]
        }
      ],
      "exp": "((12 * (10 ** 6)) * (10 ** decimals))",
      "status": "proven"
    },
    {
      "no": "17",
      "kind": "IO",
      "line": 104,
      "signatures": [
        {
          "contractName": "HolyCoin",
          "methodName": "HolyCoin",
          "argTypes": [
            "address", "address", "address", "uint256", "uint256"
          ]
        }
      ],
      "exp": "(10 ** 6)",
      "status": "proven"
    },
    {
      "no": "18",
      "kind": "IO",
      "line": 104,
      "signatures": [
        {
          "contractName": "HolyCoin",
          "methodName": "HolyCoin",
          "argTypes": [
            "address", "address", "address", "uint256", "uint256"
          ]
        }
      ],
      "exp": "(10 ** decimals)",
      "status": "proven"
    },
    {
      "no": "19",
      "kind": "IO",
      "line": 104,
      "signatures": [
        {
          "contractName": "HolyCoin",
          "methodName": "HolyCoin",
          "argTypes": [
            "address", "address", "address", "uint256", "uint256"
          ]
        }
      ],
      "exp": "(12 * (10 ** 6))",
      "status": "proven"
    },
    {
      "no": "20",
      "kind": "IO",
      "line": 124,
      "signatures": [
        {
          "contractName": "HolyCoin",
          "methodName": "HolyCoin",
          "argTypes": [
            "address", "address", "address", "uint256", "uint256"
          ]
        }
      ],
      "exp": "(foundersFund + bountyFund)",
      "status": "proven"
    },
    {
      "no": "21",
      "kind": "IO",
      "line": 145,
      "signatures": [
        {
          "contractName": "HolyCoin",
          "methodName": "makeTokens",
          "argTypes": []
        }
      ],
      "exp": "(balances[msg.sender] + tokens)",
      "status": "unproven"
    },
    {
      "no": "22",
      "kind": "DZ",
      "line": 20,
      "signatures": [
        {
          "contractName": "HolyCoin",
          "methodName": "makeTokens",
          "argTypes": []
        }
      ],
      "exp": "(z / x)",
      "status": "proven"
    },
    {
      "no": "23",
      "kind": "ETH_LEAK",
      "line": 160,
      "signatures": [
        {
          "contractName": "HolyCoin",
          "methodName": "finalize",
          "argTypes": []
        }
      ],
      "exp": "ethFundDeposit.send(this.balance)",
      "status": "proven"
    }
  ]
}