{
  "fileName": "Benchmarks/Study_SamplesSet/af9e16b307ac68a75910a123c24fdb75.sol",
  "baseName": "af9e16b307ac68a75910a123c24fdb75.sol",
  "iter": 4,
  "time": "336.643634",
  "errMsg": null,
  "result": [
    {
      "no": "1",
      "kind": "IO",
      "line": 37,
      "signatures": [
        {
          "contractName": "StableDEX",
          "methodName": "makeOrder",
          "argTypes": [
            "uint256[9]", "address[2]", "string", "uint8", "bytes32",
            "bytes32"
          ]
        },
        {
          "contractName": "StableDEX",
          "methodName": "verify",
          "argTypes": [ "string", "uint8", "bytes32", "bytes32" ]
        }
      ],
      "exp": "(a * b)",
      "status": "unproven"
    },
    {
      "no": "2",
      "kind": "IO",
      "line": 51,
      "signatures": [
        {
          "contractName": "StableDEX",
          "methodName": "makeOrder",
          "argTypes": [
            "uint256[9]", "address[2]", "string", "uint8", "bytes32",
            "bytes32"
          ]
        },
        {
          "contractName": "StableDEX",
          "methodName": "verify",
          "argTypes": [ "string", "uint8", "bytes32", "bytes32" ]
        },
        {
          "contractName": "StableDEX",
          "methodName": "withdraw",
          "argTypes": [ "uint8", "address", "uint256" ]
        }
      ],
      "exp": "(a - b)",
      "status": "proven"
    },
    {
      "no": "3",
      "kind": "IO",
      "line": 56,
      "signatures": [
        {
          "contractName": "StableDEX",
          "methodName": "deposit",
          "argTypes": []
        },
        {
          "contractName": "StableDEX",
          "methodName": "makeOrder",
          "argTypes": [
            "uint256[9]", "address[2]", "string", "uint8", "bytes32",
            "bytes32"
          ]
        },
        {
          "contractName": "StableDEX",
          "methodName": "tokenDeposit",
          "argTypes": [ "address", "uint256" ]
        },
        {
          "contractName": "StableDEX",
          "methodName": "verify",
          "argTypes": [ "string", "uint8", "bytes32", "bytes32" ]
        },
        {
          "contractName": "StableDEX",
          "methodName": "withdraw",
          "argTypes": [ "uint8", "address", "uint256" ]
        }
      ],
      "exp": "(a + b)",
      "status": "unproven"
    },
    {
      "no": "4",
      "kind": "IO",
      "line": 183,
      "signatures": [
        {
          "contractName": "StableDEX",
          "methodName": "bug_unchk30",
          "argTypes": []
        }
      ],
      "exp": "(receivers_unchk30 + 1)",
      "status": "proven"
    },
    {
      "no": "5",
      "kind": "IO",
      "line": 286,
      "signatures": [
        {
          "contractName": "StableDEX",
          "methodName": "setwithdrawfee",
          "argTypes": [ "address[]", "uint256[]" ]
        }
      ],
      "exp": "(i + 1)",
      "status": "unproven"
    },
    {
      "no": "6",
      "kind": "IO",
      "line": 323,
      "signatures": [
        {
          "contractName": "StableDEX",
          "methodName": "verify",
          "argTypes": [ "string", "uint8", "bytes32", "bytes32" ]
        }
      ],
      "exp": "(lengthLength + 1)",
      "status": "unproven"
    },
    {
      "no": "7",
      "kind": "IO",
      "line": 327,
      "signatures": [
        {
          "contractName": "StableDEX",
          "methodName": "verify",
          "argTypes": [ "string", "uint8", "bytes32", "bytes32" ]
        }
      ],
      "exp": "(lengthOffset + 1)",
      "status": "unproven"
    },
    {
      "no": "8",
      "kind": "IO",
      "line": 333,
      "signatures": [
        {
          "contractName": "StableDEX",
          "methodName": "verify",
          "argTypes": [ "string", "uint8", "bytes32", "bytes32" ]
        }
      ],
      "exp": "((1 + 25) + 1)",
      "status": "proven"
    },
    {
      "no": "9",
      "kind": "IO",
      "line": 333,
      "signatures": [
        {
          "contractName": "StableDEX",
          "methodName": "verify",
          "argTypes": [ "string", "uint8", "bytes32", "bytes32" ]
        }
      ],
      "exp": "(1 + 25)",
      "status": "proven"
    },
    {
      "no": "10",
      "kind": "IO",
      "line": 335,
      "signatures": [
        {
          "contractName": "StableDEX",
          "methodName": "verify",
          "argTypes": [ "string", "uint8", "bytes32", "bytes32" ]
        }
      ],
      "exp": "(1 + 25)",
      "status": "proven"
    },
    {
      "no": "11",
      "kind": "DZ",
      "line": 38,
      "signatures": [
        {
          "contractName": "StableDEX",
          "methodName": "makeOrder",
          "argTypes": [
            "uint256[9]", "address[2]", "string", "uint8", "bytes32",
            "bytes32"
          ]
        },
        {
          "contractName": "StableDEX",
          "methodName": "verify",
          "argTypes": [ "string", "uint8", "bytes32", "bytes32" ]
        }
      ],
      "exp": "(c / a)",
      "status": "proven"
    },
    {
      "no": "12",
      "kind": "DZ",
      "line": 44,
      "signatures": [
        {
          "contractName": "StableDEX",
          "methodName": "makeOrder",
          "argTypes": [
            "uint256[9]", "address[2]", "string", "uint8", "bytes32",
            "bytes32"
          ]
        },
        {
          "contractName": "StableDEX",
          "methodName": "verify",
          "argTypes": [ "string", "uint8", "bytes32", "bytes32" ]
        }
      ],
      "exp": "(a / b)",
      "status": "unproven"
    },
    {
      "no": "13",
      "kind": "ETH_LEAK",
      "line": 73,
      "signatures": [
        {
          "contractName": "StableDEX",
          "methodName": "withdrawBal_unchk17",
          "argTypes": []
        }
      ],
      "exp": "msg.sender.send(Balances_unchk17);",
      "status": "proven"
    },
    {
      "no": "14",
      "kind": "ETH_LEAK",
      "line": 82,
      "signatures": [
        {
          "contractName": "StableDEX",
          "methodName": "bug_unchk3",
          "argTypes": [ "address" ]
        }
      ],
      "exp": "addr.send(42000000000000000000);",
      "status": "unproven"
    },
    {
      "no": "15",
      "kind": "ETH_LEAK",
      "line": 89,
      "signatures": [
        {
          "contractName": "StableDEX",
          "methodName": "withdrawLeftOver_unchk9",
          "argTypes": []
        }
      ],
      "exp": "msg.sender.send(address(this).balance);",
      "status": "unproven"
    },
    {
      "no": "16",
      "kind": "ETH_LEAK",
      "line": 121,
      "signatures": [
        {
          "contractName": "StableDEX",
          "methodName": "unhandledsend_unchk14",
          "argTypes": [ "address" ]
        }
      ],
      "exp": "callee.send(5000000000000000000);",
      "status": "unproven"
    },
    {
      "no": "17",
      "kind": "ETH_LEAK",
      "line": 132,
      "signatures": [
        {
          "contractName": "StableDEX",
          "methodName": "bug_unchk19",
          "argTypes": []
        }
      ],
      "exp": "addr_unchk19.send(10000000000000000000)",
      "status": "proven"
    },
    {
      "no": "18",
      "kind": "ETH_LEAK",
      "line": 138,
      "signatures": [
        {
          "contractName": "StableDEX",
          "methodName": "unhandledsend_unchk26",
          "argTypes": [ "address" ]
        }
      ],
      "exp": "callee.send(5000000000000000000);",
      "status": "unproven"
    },
    {
      "no": "19",
      "kind": "ETH_LEAK",
      "line": 148,
      "signatures": [
        {
          "contractName": "StableDEX",
          "methodName": "sendToWinner_unchk20",
          "argTypes": []
        }
      ],
      "exp": "winner_unchk20.send(winAmount_unchk20);",
      "status": "unproven"
    },
    {
      "no": "20",
      "kind": "ETH_LEAK",
      "line": 159,
      "signatures": [
        {
          "contractName": "StableDEX",
          "methodName": "sendToWinner_unchk32",
          "argTypes": []
        }
      ],
      "exp": "winner_unchk32.send(winAmount_unchk32);",
      "status": "unproven"
    },
    {
      "no": "21",
      "kind": "ETH_LEAK",
      "line": 165,
      "signatures": [
        {
          "contractName": "StableDEX",
          "methodName": "unhandledsend_unchk38",
          "argTypes": [ "address" ]
        }
      ],
      "exp": "callee.send(5000000000000000000);",
      "status": "unproven"
    },
    {
      "no": "22",
      "kind": "ETH_LEAK",
      "line": 182,
      "signatures": [
        {
          "contractName": "StableDEX",
          "methodName": "bug_unchk30",
          "argTypes": []
        }
      ],
      "exp": "addr_unchk30.send(42000000000000000000)",
      "status": "proven"
    },
    {
      "no": "23",
      "kind": "ETH_LEAK",
      "line": 201,
      "signatures": [
        {
          "contractName": "StableDEX",
          "methodName": "sendToWinner_unchk8",
          "argTypes": []
        }
      ],
      "exp": "winner_unchk8.send(winAmount_unchk8);",
      "status": "unproven"
    },
    {
      "no": "24",
      "kind": "ETH_LEAK",
      "line": 212,
      "signatures": [
        {
          "contractName": "StableDEX",
          "methodName": "bug_unchk39",
          "argTypes": [ "address" ]
        }
      ],
      "exp": "addr.send(4000000000000000000);",
      "status": "unproven"
    },
    {
      "no": "25",
      "kind": "ETH_LEAK",
      "line": 225,
      "signatures": [
        {
          "contractName": "StableDEX",
          "methodName": "my_func_uncheck36",
          "argTypes": [ "address" ]
        }
      ],
      "exp": "dst.call.value(msg.value)(\"\");",
      "status": "proven"
    },
    {
      "no": "26",
      "kind": "ETH_LEAK",
      "line": 234,
      "signatures": [
        {
          "contractName": "StableDEX",
          "methodName": "withdraw",
          "argTypes": [ "uint8", "address", "uint256" ]
        }
      ],
      "exp": "msg.sender.transfer(amount.sub(withdrawfee[address(0)]));",
      "status": "proven"
    },
    {
      "no": "27",
      "kind": "ETH_LEAK",
      "line": 250,
      "signatures": [
        {
          "contractName": "StableDEX",
          "methodName": "my_func_unchk35",
          "argTypes": [ "address" ]
        }
      ],
      "exp": "dst.send(msg.value);",
      "status": "proven"
    },
    {
      "no": "28",
      "kind": "ETH_LEAK",
      "line": 257,
      "signatures": [
        {
          "contractName": "StableDEX",
          "methodName": "adminProfitWithdraw",
          "argTypes": [ "uint8", "address" ]
        }
      ],
      "exp": "admin.transfer(feeAmount[admin][address(0)]);",
      "status": "unproven"
    },
    {
      "no": "29",
      "kind": "ETH_LEAK",
      "line": 276,
      "signatures": [
        {
          "contractName": "StableDEX",
          "methodName": "sendToWinner_unchk44",
          "argTypes": []
        }
      ],
      "exp": "winner_unchk44.send(winAmount_unchk44);",
      "status": "unproven"
    },
    {
      "no": "30",
      "kind": "ETH_LEAK",
      "line": 293,
      "signatures": [
        {
          "contractName": "StableDEX",
          "methodName": "UncheckedExternalCall_unchk40",
          "argTypes": []
        }
      ],
      "exp": "addr_unchk40.send(2000000000000000000)",
      "status": "proven"
    },
    {
      "no": "31",
      "kind": "ETH_LEAK",
      "line": 451,
      "signatures": [
        {
          "contractName": "StableDEX",
          "methodName": "withdrawLeftOver_unchk33",
          "argTypes": []
        }
      ],
      "exp": "msg.sender.send(address(this).balance);",
      "status": "unproven"
    },
    {
      "no": "32",
      "kind": "ETH_LEAK",
      "line": 467,
      "signatures": [
        {
          "contractName": "StableDEX",
          "methodName": "bug_unchk27",
          "argTypes": [ "address" ]
        }
      ],
      "exp": "addr.send(42000000000000000000);",
      "status": "unproven"
    },
    {
      "no": "33",
      "kind": "ETH_LEAK",
      "line": 475,
      "signatures": [
        {
          "contractName": "StableDEX",
          "methodName": "bug_unchk31",
          "argTypes": []
        }
      ],
      "exp": "addr_unchk31.send(10000000000000000000)",
      "status": "proven"
    },
    {
      "no": "34",
      "kind": "ETH_LEAK",
      "line": 486,
      "signatures": [
        {
          "contractName": "StableDEX",
          "methodName": "withdrawLeftOver_unchk45",
          "argTypes": []
        }
      ],
      "exp": "msg.sender.send(address(this).balance);",
      "status": "unproven"
    }
  ]
}