{
  "fileName": "Benchmarks/Study_SamplesSet/b521486cd4db83789a805e758e04b120.sol",
  "baseName": "b521486cd4db83789a805e758e04b120.sol",
  "iter": 20,
  "time": "335.089844",
  "errMsg": null,
  "result": [
    {
      "no": "1",
      "kind": "IO",
      "line": 342,
      "signatures": [
        {
          "contractName": "TotlePrimary",
          "methodName": "calculateMaxEtherSpend",
          "argTypes": [ "struct TotlePrimary.Trade", "uint256", "uint256" ]
        },
        {
          "contractName": "TotlePrimary",
          "methodName": "performRebalance",
          "argTypes": [ "struct TotlePrimary.Trade[]", "address", "bytes32" ]
        }
      ],
      "exp": "(_a * _b)",
      "status": "unproven"
    },
    {
      "no": "2",
      "kind": "IO",
      "line": 364,
      "signatures": [
        {
          "contractName": "TotlePrimary",
          "methodName": "performRebalance",
          "argTypes": [ "struct TotlePrimary.Trade[]", "address", "bytes32" ]
        },
        {
          "contractName": "TotlePrimary",
          "methodName": "performTrade",
          "argTypes": [
            "struct TotlePrimary.Trade", "struct TotlePrimary.TradeFlag",
            "struct TotlePrimary.CurrentAmounts"
          ]
        }
      ],
      "exp": "(_a - _b)",
      "status": "proven"
    },
    {
      "no": "3",
      "kind": "IO",
      "line": 373,
      "signatures": [
        {
          "contractName": "TotlePrimary",
          "methodName": "calculateMaxEtherSpend",
          "argTypes": [ "struct TotlePrimary.Trade", "uint256", "uint256" ]
        },
        {
          "contractName": "TotlePrimary",
          "methodName": "performRebalance",
          "argTypes": [ "struct TotlePrimary.Trade[]", "address", "bytes32" ]
        },
        {
          "contractName": "TotlePrimary",
          "methodName": "performTrade",
          "argTypes": [
            "struct TotlePrimary.Trade", "struct TotlePrimary.TradeFlag",
            "struct TotlePrimary.CurrentAmounts"
          ]
        }
      ],
      "exp": "(_a + _b)",
      "status": "unproven"
    },
    {
      "no": "4",
      "kind": "IO",
      "line": 491,
      "signatures": [
        {
          "contractName": "TotlePrimary",
          "methodName": "calculateMaxEtherSpend",
          "argTypes": [ "struct TotlePrimary.Trade", "uint256", "uint256" ]
        }
      ],
      "exp": "(srcDecimals - dstDecimals)",
      "status": "proven"
    },
    {
      "no": "5",
      "kind": "IO",
      "line": 492,
      "signatures": [
        {
          "contractName": "TotlePrimary",
          "methodName": "calculateMaxEtherSpend",
          "argTypes": [ "struct TotlePrimary.Trade", "uint256", "uint256" ]
        }
      ],
      "exp": "((PRECISION * dstQty) * (10 ** (srcDecimals - dstDecimals)))",
      "status": "unproven"
    },
    {
      "no": "6",
      "kind": "IO",
      "line": 492,
      "signatures": [
        {
          "contractName": "TotlePrimary",
          "methodName": "calculateMaxEtherSpend",
          "argTypes": [ "struct TotlePrimary.Trade", "uint256", "uint256" ]
        }
      ],
      "exp": "(10 ** (srcDecimals - dstDecimals))",
      "status": "unproven"
    },
    {
      "no": "7",
      "kind": "IO",
      "line": 492,
      "signatures": [
        {
          "contractName": "TotlePrimary",
          "methodName": "calculateMaxEtherSpend",
          "argTypes": [ "struct TotlePrimary.Trade", "uint256", "uint256" ]
        }
      ],
      "exp": "(PRECISION * dstQty)",
      "status": "unproven"
    },
    {
      "no": "8",
      "kind": "IO",
      "line": 492,
      "signatures": [
        {
          "contractName": "TotlePrimary",
          "methodName": "calculateMaxEtherSpend",
          "argTypes": [ "struct TotlePrimary.Trade", "uint256", "uint256" ]
        }
      ],
      "exp": "(srcDecimals - dstDecimals)",
      "status": "proven"
    },
    {
      "no": "9",
      "kind": "IO",
      "line": 495,
      "signatures": [
        {
          "contractName": "TotlePrimary",
          "methodName": "calculateMaxEtherSpend",
          "argTypes": [ "struct TotlePrimary.Trade", "uint256", "uint256" ]
        }
      ],
      "exp": "(dstDecimals - srcDecimals)",
      "status": "proven"
    },
    {
      "no": "10",
      "kind": "IO",
      "line": 496,
      "signatures": [
        {
          "contractName": "TotlePrimary",
          "methodName": "calculateMaxEtherSpend",
          "argTypes": [ "struct TotlePrimary.Trade", "uint256", "uint256" ]
        }
      ],
      "exp": "(PRECISION * dstQty)",
      "status": "unproven"
    },
    {
      "no": "11",
      "kind": "IO",
      "line": 497,
      "signatures": [
        {
          "contractName": "TotlePrimary",
          "methodName": "calculateMaxEtherSpend",
          "argTypes": [ "struct TotlePrimary.Trade", "uint256", "uint256" ]
        }
      ],
      "exp": "(10 ** (dstDecimals - srcDecimals))",
      "status": "unproven"
    },
    {
      "no": "12",
      "kind": "IO",
      "line": 497,
      "signatures": [
        {
          "contractName": "TotlePrimary",
          "methodName": "calculateMaxEtherSpend",
          "argTypes": [ "struct TotlePrimary.Trade", "uint256", "uint256" ]
        }
      ],
      "exp": "(dstDecimals - srcDecimals)",
      "status": "proven"
    },
    {
      "no": "13",
      "kind": "IO",
      "line": 497,
      "signatures": [
        {
          "contractName": "TotlePrimary",
          "methodName": "calculateMaxEtherSpend",
          "argTypes": [ "struct TotlePrimary.Trade", "uint256", "uint256" ]
        }
      ],
      "exp": "(rate * (10 ** (dstDecimals - srcDecimals)))",
      "status": "unproven"
    },
    {
      "no": "14",
      "kind": "IO",
      "line": 499,
      "signatures": [
        {
          "contractName": "TotlePrimary",
          "methodName": "calculateMaxEtherSpend",
          "argTypes": [ "struct TotlePrimary.Trade", "uint256", "uint256" ]
        }
      ],
      "exp": "((numerator + denominator) - 1)",
      "status": "unproven"
    },
    {
      "no": "15",
      "kind": "IO",
      "line": 499,
      "signatures": [
        {
          "contractName": "TotlePrimary",
          "methodName": "calculateMaxEtherSpend",
          "argTypes": [ "struct TotlePrimary.Trade", "uint256", "uint256" ]
        }
      ],
      "exp": "(numerator + denominator)",
      "status": "proven"
    },
    {
      "no": "16",
      "kind": "IO",
      "line": 517,
      "signatures": [
        {
          "contractName": "TotlePrimary",
          "methodName": "checkIfTradeAmountsAcceptable",
          "argTypes": [ "struct TotlePrimary.Trade", "uint256", "uint256" ]
        }
      ],
      "exp": "(dstDecimals - srcDecimals)",
      "status": "proven"
    },
    {
      "no": "17",
      "kind": "IO",
      "line": 518,
      "signatures": [
        {
          "contractName": "TotlePrimary",
          "methodName": "checkIfTradeAmountsAcceptable",
          "argTypes": [ "struct TotlePrimary.Trade", "uint256", "uint256" ]
        }
      ],
      "exp": "((10 ** (dstDecimals - srcDecimals)) * srcAmount)",
      "status": "unproven"
    },
    {
      "no": "18",
      "kind": "IO",
      "line": 518,
      "signatures": [
        {
          "contractName": "TotlePrimary",
          "methodName": "checkIfTradeAmountsAcceptable",
          "argTypes": [ "struct TotlePrimary.Trade", "uint256", "uint256" ]
        }
      ],
      "exp": "(10 ** (dstDecimals - srcDecimals))",
      "status": "unproven"
    },
    {
      "no": "19",
      "kind": "IO",
      "line": 518,
      "signatures": [
        {
          "contractName": "TotlePrimary",
          "methodName": "checkIfTradeAmountsAcceptable",
          "argTypes": [ "struct TotlePrimary.Trade", "uint256", "uint256" ]
        }
      ],
      "exp": "(destAmount * PRECISION)",
      "status": "unproven"
    },
    {
      "no": "20",
      "kind": "IO",
      "line": 518,
      "signatures": [
        {
          "contractName": "TotlePrimary",
          "methodName": "checkIfTradeAmountsAcceptable",
          "argTypes": [ "struct TotlePrimary.Trade", "uint256", "uint256" ]
        }
      ],
      "exp": "(dstDecimals - srcDecimals)",
      "status": "proven"
    },
    {
      "no": "21",
      "kind": "IO",
      "line": 520,
      "signatures": [
        {
          "contractName": "TotlePrimary",
          "methodName": "checkIfTradeAmountsAcceptable",
          "argTypes": [ "struct TotlePrimary.Trade", "uint256", "uint256" ]
        }
      ],
      "exp": "(srcDecimals - dstDecimals)",
      "status": "proven"
    },
    {
      "no": "22",
      "kind": "IO",
      "line": 521,
      "signatures": [
        {
          "contractName": "TotlePrimary",
          "methodName": "checkIfTradeAmountsAcceptable",
          "argTypes": [ "struct TotlePrimary.Trade", "uint256", "uint256" ]
        }
      ],
      "exp": "((destAmount * PRECISION) * (10 ** (srcDecimals - dstDecimals)))",
      "status": "unproven"
    },
    {
      "no": "23",
      "kind": "IO",
      "line": 521,
      "signatures": [
        {
          "contractName": "TotlePrimary",
          "methodName": "checkIfTradeAmountsAcceptable",
          "argTypes": [ "struct TotlePrimary.Trade", "uint256", "uint256" ]
        }
      ],
      "exp": "(10 ** (srcDecimals - dstDecimals))",
      "status": "unproven"
    },
    {
      "no": "24",
      "kind": "IO",
      "line": 521,
      "signatures": [
        {
          "contractName": "TotlePrimary",
          "methodName": "checkIfTradeAmountsAcceptable",
          "argTypes": [ "struct TotlePrimary.Trade", "uint256", "uint256" ]
        }
      ],
      "exp": "(destAmount * PRECISION)",
      "status": "unproven"
    },
    {
      "no": "25",
      "kind": "IO",
      "line": 521,
      "signatures": [
        {
          "contractName": "TotlePrimary",
          "methodName": "checkIfTradeAmountsAcceptable",
          "argTypes": [ "struct TotlePrimary.Trade", "uint256", "uint256" ]
        }
      ],
      "exp": "(srcDecimals - dstDecimals)",
      "status": "proven"
    },
    {
      "no": "26",
      "kind": "IO",
      "line": 566,
      "signatures": [
        {
          "contractName": "Affiliate",
          "methodName": "getTotalFeePercentage",
          "argTypes": []
        }
      ],
      "exp": "(affiliatePercentage + companyPercentage)",
      "status": "unproven"
    },
    {
      "no": "27",
      "kind": "IO",
      "line": 1009,
      "signatures": [
        {
          "contractName": "TotlePrimary",
          "methodName": "removeHandlerFromWhitelist",
          "argTypes": [ "address" ]
        }
      ],
      "exp": "(i + 1)",
      "status": "proven"
    },
    {
      "no": "28",
      "kind": "IO",
      "line": 1011,
      "signatures": [
        {
          "contractName": "TotlePrimary",
          "methodName": "removeHandlerFromWhitelist",
          "argTypes": [ "address" ]
        }
      ],
      "exp": "(handlerWhitelistArray.length - 1)",
      "status": "proven"
    },
    {
      "no": "29",
      "kind": "IO",
      "line": 1012,
      "signatures": [
        {
          "contractName": "TotlePrimary",
          "methodName": "removeHandlerFromWhitelist",
          "argTypes": [ "address" ]
        }
      ],
      "exp": "(handlerWhitelistArray.length - 1)",
      "status": "proven"
    },
    {
      "no": "30",
      "kind": "IO",
      "line": 1054,
      "signatures": [
        {
          "contractName": "TotlePrimary",
          "methodName": "performRebalance",
          "argTypes": [ "struct TotlePrimary.Trade[]", "address", "bytes32" ]
        }
      ],
      "exp": "(i + 1)",
      "status": "proven"
    },
    {
      "no": "31",
      "kind": "IO",
      "line": 1079,
      "signatures": [
        {
          "contractName": "TotlePrimary",
          "methodName": "performRebalance",
          "argTypes": [ "struct TotlePrimary.Trade[]", "address", "bytes32" ]
        }
      ],
      "exp": "(totalTraded + ethTraded)",
      "status": "unproven"
    },
    {
      "no": "32",
      "kind": "IO",
      "line": 1149,
      "signatures": [
        {
          "contractName": "TotlePrimary",
          "methodName": "staticChecks",
          "argTypes": [
            "struct TotlePrimary.Trade[]", "struct TotlePrimary.TradeFlag[]"
          ]
        }
      ],
      "exp": "(i + 1)",
      "status": "unproven"
    },
    {
      "no": "33",
      "kind": "IO",
      "line": 1176,
      "signatures": [
        {
          "contractName": "TotlePrimary",
          "methodName": "staticChecks",
          "argTypes": [
            "struct TotlePrimary.Trade[]", "struct TotlePrimary.TradeFlag[]"
          ]
        }
      ],
      "exp": "(j + 1)",
      "status": "proven"
    },
    {
      "no": "34",
      "kind": "IO",
      "line": 1207,
      "signatures": [
        {
          "contractName": "TotlePrimary",
          "methodName": "initialiseTradeFlags",
          "argTypes": [ "struct TotlePrimary.Trade[]" ]
        }
      ],
      "exp": "(i + 1)",
      "status": "proven"
    },
    {
      "no": "35",
      "kind": "IO",
      "line": 1244,
      "signatures": [
        {
          "contractName": "TotlePrimary",
          "methodName": "performTrade",
          "argTypes": [
            "struct TotlePrimary.Trade", "struct TotlePrimary.TradeFlag",
            "struct TotlePrimary.CurrentAmounts"
          ]
        }
      ],
      "exp": "(j + 1)",
      "status": "proven"
    },
    {
      "no": "36",
      "kind": "IO",
      "line": 1246,
      "signatures": [
        {
          "contractName": "TotlePrimary",
          "methodName": "performTrade",
          "argTypes": [
            "struct TotlePrimary.Trade", "struct TotlePrimary.TradeFlag",
            "struct TotlePrimary.CurrentAmounts"
          ]
        }
      ],
      "exp": "(amounts.amountLeftToSpendOnTrade * 10000)",
      "status": "unproven"
    },
    {
      "no": "37",
      "kind": "IO",
      "line": 1246,
      "signatures": [
        {
          "contractName": "TotlePrimary",
          "methodName": "performTrade",
          "argTypes": [
            "struct TotlePrimary.Trade", "struct TotlePrimary.TradeFlag",
            "struct TotlePrimary.CurrentAmounts"
          ]
        }
      ],
      "exp": "(amounts.amountSpentOnTrade + amounts.amountLeftToSpendOnTrade)",
      "status": "unproven"
    },
    {
      "no": "38",
      "kind": "IO",
      "line": 1377,
      "signatures": [
        {
          "contractName": "TotlePrimary",
          "methodName": "transferTokens",
          "argTypes": [
            "struct TotlePrimary.Trade[]", "struct TotlePrimary.TradeFlag[]"
          ]
        }
      ],
      "exp": "(i + 1)",
      "status": "proven"
    },
    {
      "no": "39",
      "kind": "DZ",
      "line": 343,
      "signatures": [
        {
          "contractName": "TotlePrimary",
          "methodName": "calculateMaxEtherSpend",
          "argTypes": [ "struct TotlePrimary.Trade", "uint256", "uint256" ]
        },
        {
          "contractName": "TotlePrimary",
          "methodName": "performRebalance",
          "argTypes": [ "struct TotlePrimary.Trade[]", "address", "bytes32" ]
        }
      ],
      "exp": "(c / _a)",
      "status": "proven"
    },
    {
      "no": "40",
      "kind": "DZ",
      "line": 353,
      "signatures": [
        {
          "contractName": "TotlePrimary",
          "methodName": "calculateMaxEtherSpend",
          "argTypes": [ "struct TotlePrimary.Trade", "uint256", "uint256" ]
        },
        {
          "contractName": "TotlePrimary",
          "methodName": "performRebalance",
          "argTypes": [ "struct TotlePrimary.Trade[]", "address", "bytes32" ]
        }
      ],
      "exp": "(_a / _b)",
      "status": "proven"
    },
    {
      "no": "41",
      "kind": "DZ",
      "line": 499,
      "signatures": [
        {
          "contractName": "TotlePrimary",
          "methodName": "calculateMaxEtherSpend",
          "argTypes": [ "struct TotlePrimary.Trade", "uint256", "uint256" ]
        }
      ],
      "exp": "(((numerator + denominator) - 1) / denominator)",
      "status": "unproven"
    },
    {
      "no": "42",
      "kind": "DZ",
      "line": 518,
      "signatures": [
        {
          "contractName": "TotlePrimary",
          "methodName": "checkIfTradeAmountsAcceptable",
          "argTypes": [ "struct TotlePrimary.Trade", "uint256", "uint256" ]
        }
      ],
      "exp": "((destAmount * PRECISION) / ((10 ** (dstDecimals - srcDecimals)) * srcAmount))",
      "status": "unproven"
    },
    {
      "no": "43",
      "kind": "DZ",
      "line": 521,
      "signatures": [
        {
          "contractName": "TotlePrimary",
          "methodName": "checkIfTradeAmountsAcceptable",
          "argTypes": [ "struct TotlePrimary.Trade", "uint256", "uint256" ]
        }
      ],
      "exp": "(((destAmount * PRECISION) * (10 ** (srcDecimals - dstDecimals))) / srcAmount)",
      "status": "unproven"
    },
    {
      "no": "44",
      "kind": "ETH_LEAK",
      "line": 122,
      "signatures": [
        {
          "contractName": "TotlePrimary",
          "methodName": "withdrawETH",
          "argTypes": [ "uint256" ]
        }
      ],
      "exp": "owner.transfer(_amount);",
      "status": "proven"
    },
    {
      "no": "45",
      "kind": "ETH_LEAK",
      "line": 1127,
      "signatures": [
        {
          "contractName": "TotlePrimary",
          "methodName": "performRebalance",
          "argTypes": [ "struct TotlePrimary.Trade[]", "address", "bytes32" ]
        }
      ],
      "exp": "feeAccount.transfer(feeVariables.totalFee);",
      "status": "unproven"
    },
    {
      "no": "46",
      "kind": "ETH_LEAK",
      "line": 1131,
      "signatures": [
        {
          "contractName": "TotlePrimary",
          "methodName": "performRebalance",
          "argTypes": [ "struct TotlePrimary.Trade[]", "address", "bytes32" ]
        }
      ],
      "exp": "msg.sender.transfer(etherBalance);",
      "status": "unproven"
    }
  ]
}