{
  "fileName": "Benchmarks/Study_SamplesSet/b66f5be274cc890909aa842c47d99652.sol",
  "baseName": "b66f5be274cc890909aa842c47d99652.sol",
  "iter": 1003,
  "time": "55.809854",
  "errMsg": null,
  "result": [
    {
      "no": "1",
      "kind": "IO",
      "line": 37,
      "signatures": [
        {
          "contractName": "getWageNumber",
          "methodName": "calculateWage",
          "argTypes": [ "uint256" ]
        }
      ],
      "exp": "(baseWage * dayNumber)",
      "status": "unproven"
    },
    {
      "no": "2",
      "kind": "DZ",
      "line": 36,
      "signatures": [
        {
          "contractName": "getWageNumber",
          "methodName": "calculateWage",
          "argTypes": [ "uint256" ]
        }
      ],
      "exp": "(DailyWage / coefficient)",
      "status": "unproven"
    }
  ]
}