{
  "fileName": "Benchmarks/Study_SamplesSet/b6f710c491587593452e97b5e0e61591.sol",
  "baseName": "b6f710c491587593452e97b5e0e61591.sol",
  "iter": 1217,
  "time": "300.176554",
  "errMsg": null,
  "result": [
    {
      "no": "1",
      "kind": "IO",
      "line": 15,
      "signatures": [
        {
          "contractName": "AccountWallet",
          "methodName": "play_tmstmp2",
          "argTypes": [ "uint256" ]
        }
      ],
      "exp": "(5 * 86400)",
      "status": "proven"
    },
    {
      "no": "2",
      "kind": "IO",
      "line": 15,
      "signatures": [
        {
          "contractName": "AccountWallet",
          "methodName": "play_tmstmp2",
          "argTypes": [ "uint256" ]
        }
      ],
      "exp": "(startTime + (5 * 86400))",
      "status": "unproven"
    },
    {
      "no": "3",
      "kind": "IO",
      "line": 26,
      "signatures": [
        {
          "contractName": "AccountWallet",
          "methodName": "play_tmstmp31",
          "argTypes": [ "uint256" ]
        }
      ],
      "exp": "(5 * 86400)",
      "status": "proven"
    },
    {
      "no": "4",
      "kind": "IO",
      "line": 26,
      "signatures": [
        {
          "contractName": "AccountWallet",
          "methodName": "play_tmstmp31",
          "argTypes": [ "uint256" ]
        }
      ],
      "exp": "(startTime + (5 * 86400))",
      "status": "unproven"
    },
    {
      "no": "5",
      "kind": "IO",
      "line": 65,
      "signatures": [
        {
          "contractName": "AccountWallet",
          "methodName": "play_tmstmp19",
          "argTypes": [ "uint256" ]
        }
      ],
      "exp": "(5 * 86400)",
      "status": "proven"
    },
    {
      "no": "6",
      "kind": "IO",
      "line": 65,
      "signatures": [
        {
          "contractName": "AccountWallet",
          "methodName": "play_tmstmp19",
          "argTypes": [ "uint256" ]
        }
      ],
      "exp": "(startTime + (5 * 86400))",
      "status": "unproven"
    },
    {
      "no": "7",
      "kind": "IO",
      "line": 92,
      "signatures": [
        {
          "contractName": "AccountWallet",
          "methodName": "play_tmstmp26",
          "argTypes": [ "uint256" ]
        }
      ],
      "exp": "(5 * 86400)",
      "status": "proven"
    },
    {
      "no": "8",
      "kind": "IO",
      "line": 92,
      "signatures": [
        {
          "contractName": "AccountWallet",
          "methodName": "play_tmstmp26",
          "argTypes": [ "uint256" ]
        }
      ],
      "exp": "(startTime + (5 * 86400))",
      "status": "unproven"
    },
    {
      "no": "9",
      "kind": "IO",
      "line": 129,
      "signatures": [
        {
          "contractName": "AccountWallet",
          "methodName": "play_tmstmp38",
          "argTypes": [ "uint256" ]
        }
      ],
      "exp": "(5 * 86400)",
      "status": "proven"
    },
    {
      "no": "10",
      "kind": "IO",
      "line": 129,
      "signatures": [
        {
          "contractName": "AccountWallet",
          "methodName": "play_tmstmp38",
          "argTypes": [ "uint256" ]
        }
      ],
      "exp": "(startTime + (5 * 86400))",
      "status": "unproven"
    },
    {
      "no": "11",
      "kind": "IO",
      "line": 153,
      "signatures": [
        {
          "contractName": "AccountWallet",
          "methodName": "play_tmstmp7",
          "argTypes": [ "uint256" ]
        }
      ],
      "exp": "(5 * 86400)",
      "status": "proven"
    },
    {
      "no": "12",
      "kind": "IO",
      "line": 153,
      "signatures": [
        {
          "contractName": "AccountWallet",
          "methodName": "play_tmstmp7",
          "argTypes": [ "uint256" ]
        }
      ],
      "exp": "(startTime + (5 * 86400))",
      "status": "unproven"
    },
    {
      "no": "13",
      "kind": "IO",
      "line": 163,
      "signatures": [
        {
          "contractName": "AccountWallet",
          "methodName": "play_tmstmp23",
          "argTypes": [ "uint256" ]
        }
      ],
      "exp": "(5 * 86400)",
      "status": "proven"
    },
    {
      "no": "14",
      "kind": "IO",
      "line": 163,
      "signatures": [
        {
          "contractName": "AccountWallet",
          "methodName": "play_tmstmp23",
          "argTypes": [ "uint256" ]
        }
      ],
      "exp": "(startTime + (5 * 86400))",
      "status": "unproven"
    },
    {
      "no": "15",
      "kind": "IO",
      "line": 174,
      "signatures": [
        {
          "contractName": "AccountWallet",
          "methodName": "play_tmstmp14",
          "argTypes": [ "uint256" ]
        }
      ],
      "exp": "(5 * 86400)",
      "status": "proven"
    },
    {
      "no": "16",
      "kind": "IO",
      "line": 174,
      "signatures": [
        {
          "contractName": "AccountWallet",
          "methodName": "play_tmstmp14",
          "argTypes": [ "uint256" ]
        }
      ],
      "exp": "(startTime + (5 * 86400))",
      "status": "unproven"
    },
    {
      "no": "17",
      "kind": "IO",
      "line": 185,
      "signatures": [
        {
          "contractName": "AccountWallet",
          "methodName": "play_tmstmp30",
          "argTypes": [ "uint256" ]
        }
      ],
      "exp": "(5 * 86400)",
      "status": "proven"
    },
    {
      "no": "18",
      "kind": "IO",
      "line": 185,
      "signatures": [
        {
          "contractName": "AccountWallet",
          "methodName": "play_tmstmp30",
          "argTypes": [ "uint256" ]
        }
      ],
      "exp": "(startTime + (5 * 86400))",
      "status": "unproven"
    },
    {
      "no": "19",
      "kind": "IO",
      "line": 211,
      "signatures": [
        {
          "contractName": "AccountWallet",
          "methodName": "play_tmstmp39",
          "argTypes": [ "uint256" ]
        }
      ],
      "exp": "(5 * 86400)",
      "status": "proven"
    },
    {
      "no": "20",
      "kind": "IO",
      "line": 211,
      "signatures": [
        {
          "contractName": "AccountWallet",
          "methodName": "play_tmstmp39",
          "argTypes": [ "uint256" ]
        }
      ],
      "exp": "(startTime + (5 * 86400))",
      "status": "unproven"
    },
    {
      "no": "21",
      "kind": "IO",
      "line": 224,
      "signatures": [
        {
          "contractName": "AccountWallet",
          "methodName": "play_tmstmp3",
          "argTypes": [ "uint256" ]
        }
      ],
      "exp": "(5 * 86400)",
      "status": "proven"
    },
    {
      "no": "22",
      "kind": "IO",
      "line": 224,
      "signatures": [
        {
          "contractName": "AccountWallet",
          "methodName": "play_tmstmp3",
          "argTypes": [ "uint256" ]
        }
      ],
      "exp": "(startTime + (5 * 86400))",
      "status": "unproven"
    },
    {
      "no": "23",
      "kind": "IO",
      "line": 256,
      "signatures": [
        {
          "contractName": "AccountWallet",
          "methodName": "play_tmstmp35",
          "argTypes": [ "uint256" ]
        }
      ],
      "exp": "(5 * 86400)",
      "status": "proven"
    },
    {
      "no": "24",
      "kind": "IO",
      "line": 256,
      "signatures": [
        {
          "contractName": "AccountWallet",
          "methodName": "play_tmstmp35",
          "argTypes": [ "uint256" ]
        }
      ],
      "exp": "(startTime + (5 * 86400))",
      "status": "unproven"
    },
    {
      "no": "25",
      "kind": "IO",
      "line": 307,
      "signatures": [
        {
          "contractName": "AccountWallet",
          "methodName": "play_tmstmp27",
          "argTypes": [ "uint256" ]
        }
      ],
      "exp": "(5 * 86400)",
      "status": "proven"
    },
    {
      "no": "26",
      "kind": "IO",
      "line": 307,
      "signatures": [
        {
          "contractName": "AccountWallet",
          "methodName": "play_tmstmp27",
          "argTypes": [ "uint256" ]
        }
      ],
      "exp": "(startTime + (5 * 86400))",
      "status": "unproven"
    },
    {
      "no": "27",
      "kind": "DZ",
      "line": 104,
      "signatures": [
        {
          "contractName": "AccountWallet",
          "methodName": "bug_tmstmp20",
          "argTypes": []
        }
      ],
      "exp": "(now % 15)",
      "status": "proven"
    },
    {
      "no": "28",
      "kind": "DZ",
      "line": 118,
      "signatures": [
        {
          "contractName": "AccountWallet",
          "methodName": "bug_tmstmp32",
          "argTypes": []
        }
      ],
      "exp": "(now % 15)",
      "status": "proven"
    },
    {
      "no": "29",
      "kind": "DZ",
      "line": 141,
      "signatures": [
        {
          "contractName": "AccountWallet",
          "methodName": "bug_tmstmp4",
          "argTypes": []
        }
      ],
      "exp": "(now % 15)",
      "status": "proven"
    },
    {
      "no": "30",
      "kind": "DZ",
      "line": 198,
      "signatures": [
        {
          "contractName": "AccountWallet",
          "methodName": "bug_tmstmp8",
          "argTypes": []
        }
      ],
      "exp": "(now % 15)",
      "status": "proven"
    },
    {
      "no": "31",
      "kind": "DZ",
      "line": 244,
      "signatures": [
        {
          "contractName": "AccountWallet",
          "methodName": "bug_tmstmp36",
          "argTypes": []
        }
      ],
      "exp": "(now % 15)",
      "status": "proven"
    },
    {
      "no": "32",
      "kind": "DZ",
      "line": 273,
      "signatures": [
        {
          "contractName": "AccountWallet",
          "methodName": "bug_tmstmp40",
          "argTypes": []
        }
      ],
      "exp": "(now % 15)",
      "status": "proven"
    },
    {
      "no": "33",
      "kind": "ETH_LEAK",
      "line": 105,
      "signatures": [
        {
          "contractName": "AccountWallet",
          "methodName": "bug_tmstmp20",
          "argTypes": []
        }
      ],
      "exp": "msg.sender.transfer(address(this).balance);",
      "status": "unproven"
    },
    {
      "no": "34",
      "kind": "ETH_LEAK",
      "line": 119,
      "signatures": [
        {
          "contractName": "AccountWallet",
          "methodName": "bug_tmstmp32",
          "argTypes": []
        }
      ],
      "exp": "msg.sender.transfer(address(this).balance);",
      "status": "unproven"
    },
    {
      "no": "35",
      "kind": "ETH_LEAK",
      "line": 142,
      "signatures": [
        {
          "contractName": "AccountWallet",
          "methodName": "bug_tmstmp4",
          "argTypes": []
        }
      ],
      "exp": "msg.sender.transfer(address(this).balance);",
      "status": "unproven"
    },
    {
      "no": "36",
      "kind": "ETH_LEAK",
      "line": 199,
      "signatures": [
        {
          "contractName": "AccountWallet",
          "methodName": "bug_tmstmp8",
          "argTypes": []
        }
      ],
      "exp": "msg.sender.transfer(address(this).balance);",
      "status": "unproven"
    },
    {
      "no": "37",
      "kind": "ETH_LEAK",
      "line": 245,
      "signatures": [
        {
          "contractName": "AccountWallet",
          "methodName": "bug_tmstmp36",
          "argTypes": []
        }
      ],
      "exp": "msg.sender.transfer(address(this).balance);",
      "status": "unproven"
    },
    {
      "no": "38",
      "kind": "ETH_LEAK",
      "line": 274,
      "signatures": [
        {
          "contractName": "AccountWallet",
          "methodName": "bug_tmstmp40",
          "argTypes": []
        }
      ],
      "exp": "msg.sender.transfer(address(this).balance);",
      "status": "unproven"
    }
  ]
}