{
  "fileName": "Benchmarks/Study_SamplesSet/d13fdf3c09cdc6be10c4a23c84872801.sol",
  "baseName": "d13fdf3c09cdc6be10c4a23c84872801.sol",
  "iter": 234,
  "time": "301.443091",
  "errMsg": null,
  "result": [
    {
      "no": "1",
      "kind": "IO",
      "line": 24,
      "signatures": [
        {
          "contractName": "QurasToken",
          "methodName": "increaseApproval",
          "argTypes": [ "address", "uint256" ]
        },
        {
          "contractName": "QurasToken",
          "methodName": "transfer",
          "argTypes": [ "address", "uint256" ]
        },
        {
          "contractName": "QurasToken",
          "methodName": "transferFrom",
          "argTypes": [ "address", "address", "uint256" ]
        }
      ],
      "exp": "(a + b)",
      "status": "unproven"
    },
    {
      "no": "2",
      "kind": "IO",
      "line": 29,
      "signatures": [
        {
          "contractName": "QurasToken",
          "methodName": "decreaseApproval",
          "argTypes": [ "address", "uint256" ]
        },
        {
          "contractName": "QurasToken",
          "methodName": "totalSupply",
          "argTypes": []
        },
        {
          "contractName": "QurasToken",
          "methodName": "transfer",
          "argTypes": [ "address", "uint256" ]
        },
        {
          "contractName": "QurasToken",
          "methodName": "transferFrom",
          "argTypes": [ "address", "address", "uint256" ]
        }
      ],
      "exp": "(a - b)",
      "status": "proven"
    },
    {
      "no": "3",
      "kind": "IO",
      "line": 51,
      "signatures": [
        {
          "contractName": "QurasToken",
          "methodName": "increaseLockTime_intou17",
          "argTypes": [ "uint256" ]
        }
      ],
      "exp": "(lockTime_intou17[msg.sender] + _secondsToIncrease)",
      "status": "unproven"
    },
    {
      "no": "4",
      "kind": "IO",
      "line": 62,
      "signatures": [
        {
          "contractName": "QurasToken",
          "methodName": "increaseLockTime_intou37",
          "argTypes": [ "uint256" ]
        }
      ],
      "exp": "(lockTime_intou37[msg.sender] + _secondsToIncrease)",
      "status": "unproven"
    },
    {
      "no": "5",
      "kind": "IO",
      "line": 72,
      "signatures": [
        {
          "contractName": "QurasToken",
          "methodName": "bug_intou3",
          "argTypes": []
        }
      ],
      "exp": "(vundflw - 10)",
      "status": "unproven"
    },
    {
      "no": "6",
      "kind": "IO",
      "line": 78,
      "signatures": [
        {
          "contractName": "QurasToken",
          "methodName": "increaseLockTime_intou9",
          "argTypes": [ "uint256" ]
        }
      ],
      "exp": "(lockTime_intou9[msg.sender] + _secondsToIncrease)",
      "status": "unproven"
    },
    {
      "no": "7",
      "kind": "IO",
      "line": 89,
      "signatures": [
        {
          "contractName": "QurasToken",
          "methodName": "increaseLockTime_intou25",
          "argTypes": [ "uint256" ]
        }
      ],
      "exp": "(lockTime_intou25[msg.sender] + _secondsToIncrease)",
      "status": "unproven"
    },
    {
      "no": "8",
      "kind": "IO",
      "line": 99,
      "signatures": [
        {
          "contractName": "QurasToken",
          "methodName": "bug_intou19",
          "argTypes": []
        }
      ],
      "exp": "(vundflw - 10)",
      "status": "unproven"
    },
    {
      "no": "9",
      "kind": "IO",
      "line": 104,
      "signatures": [
        {
          "contractName": "QurasToken",
          "methodName": "bug_intou27",
          "argTypes": []
        }
      ],
      "exp": "(vundflw - 10)",
      "status": "unproven"
    },
    {
      "no": "10",
      "kind": "IO",
      "line": 109,
      "signatures": [
        {
          "contractName": "QurasToken",
          "methodName": "bug_intou31",
          "argTypes": []
        }
      ],
      "exp": "(vundflw - 10)",
      "status": "unproven"
    },
    {
      "no": "11",
      "kind": "IO",
      "line": 140,
      "signatures": [
        {
          "contractName": "QurasToken",
          "methodName": "increaseLockTime_intou21",
          "argTypes": [ "uint256" ]
        }
      ],
      "exp": "(lockTime_intou21[msg.sender] + _secondsToIncrease)",
      "status": "unproven"
    },
    {
      "no": "12",
      "kind": "IO",
      "line": 151,
      "signatures": [
        {
          "contractName": "QurasToken",
          "methodName": "transfer_intou10",
          "argTypes": [ "address", "uint256" ]
        }
      ],
      "exp": "(balances_intou10[msg.sender] - _value)",
      "status": "unproven"
    },
    {
      "no": "13",
      "kind": "IO",
      "line": 152,
      "signatures": [
        {
          "contractName": "QurasToken",
          "methodName": "transfer_intou10",
          "argTypes": [ "address", "uint256" ]
        }
      ],
      "exp": "(balances_intou10[msg.sender] - _value)",
      "status": "unproven"
    },
    {
      "no": "14",
      "kind": "IO",
      "line": 153,
      "signatures": [
        {
          "contractName": "QurasToken",
          "methodName": "transfer_intou10",
          "argTypes": [ "address", "uint256" ]
        }
      ],
      "exp": "(balances_intou10[_to] + _value)",
      "status": "unproven"
    },
    {
      "no": "15",
      "kind": "IO",
      "line": 161,
      "signatures": [
        {
          "contractName": "QurasToken",
          "methodName": "increaseLockTime_intou13",
          "argTypes": [ "uint256" ]
        }
      ],
      "exp": "(lockTime_intou13[msg.sender] + _secondsToIncrease)",
      "status": "unproven"
    },
    {
      "no": "16",
      "kind": "IO",
      "line": 175,
      "signatures": [
        {
          "contractName": "QurasToken",
          "methodName": "bug_intou20",
          "argTypes": [ "uint8" ]
        }
      ],
      "exp": "(vundflw1 + p_intou20)",
      "status": "proven"
    },
    {
      "no": "17",
      "kind": "IO",
      "line": 188,
      "signatures": [
        {
          "contractName": "QurasToken",
          "methodName": "bug_intou32",
          "argTypes": [ "uint8" ]
        }
      ],
      "exp": "(vundflw1 + p_intou32)",
      "status": "proven"
    },
    {
      "no": "18",
      "kind": "IO",
      "line": 199,
      "signatures": [
        {
          "contractName": "QurasToken",
          "methodName": "transfer_intou38",
          "argTypes": [ "address", "uint256" ]
        }
      ],
      "exp": "(balances_intou38[msg.sender] - _value)",
      "status": "unproven"
    },
    {
      "no": "19",
      "kind": "IO",
      "line": 200,
      "signatures": [
        {
          "contractName": "QurasToken",
          "methodName": "transfer_intou38",
          "argTypes": [ "address", "uint256" ]
        }
      ],
      "exp": "(balances_intou38[msg.sender] - _value)",
      "status": "unproven"
    },
    {
      "no": "20",
      "kind": "IO",
      "line": 201,
      "signatures": [
        {
          "contractName": "QurasToken",
          "methodName": "transfer_intou38",
          "argTypes": [ "address", "uint256" ]
        }
      ],
      "exp": "(balances_intou38[_to] + _value)",
      "status": "unproven"
    },
    {
      "no": "21",
      "kind": "IO",
      "line": 217,
      "signatures": [
        {
          "contractName": "QurasToken",
          "methodName": "transfer_intou22",
          "argTypes": [ "address", "uint256" ]
        }
      ],
      "exp": "(balances_intou22[msg.sender] - _value)",
      "status": "unproven"
    },
    {
      "no": "22",
      "kind": "IO",
      "line": 218,
      "signatures": [
        {
          "contractName": "QurasToken",
          "methodName": "transfer_intou22",
          "argTypes": [ "address", "uint256" ]
        }
      ],
      "exp": "(balances_intou22[msg.sender] - _value)",
      "status": "unproven"
    },
    {
      "no": "23",
      "kind": "IO",
      "line": 219,
      "signatures": [
        {
          "contractName": "QurasToken",
          "methodName": "transfer_intou22",
          "argTypes": [ "address", "uint256" ]
        }
      ],
      "exp": "(balances_intou22[_to] + _value)",
      "status": "unproven"
    },
    {
      "no": "24",
      "kind": "IO",
      "line": 225,
      "signatures": [
        {
          "contractName": "QurasToken",
          "methodName": "bug_intou12",
          "argTypes": [ "uint8" ]
        }
      ],
      "exp": "(vundflw1 + p_intou12)",
      "status": "proven"
    },
    {
      "no": "25",
      "kind": "IO",
      "line": 230,
      "signatures": [
        {
          "contractName": "QurasToken",
          "methodName": "bug_intou11",
          "argTypes": []
        }
      ],
      "exp": "(vundflw - 10)",
      "status": "unproven"
    },
    {
      "no": "26",
      "kind": "IO",
      "line": 236,
      "signatures": [
        {
          "contractName": "QurasToken",
          "methodName": "increaseLockTime_intou1",
          "argTypes": [ "uint256" ]
        }
      ],
      "exp": "(lockTime_intou1[msg.sender] + _secondsToIncrease)",
      "status": "unproven"
    },
    {
      "no": "27",
      "kind": "IO",
      "line": 249,
      "signatures": [
        {
          "contractName": "QurasToken",
          "methodName": "transfer_undrflow2",
          "argTypes": [ "address", "uint256" ]
        }
      ],
      "exp": "(balances_intou2[msg.sender] - _value)",
      "status": "unproven"
    },
    {
      "no": "28",
      "kind": "IO",
      "line": 250,
      "signatures": [
        {
          "contractName": "QurasToken",
          "methodName": "transfer_undrflow2",
          "argTypes": [ "address", "uint256" ]
        }
      ],
      "exp": "(balances_intou2[msg.sender] - _value)",
      "status": "unproven"
    },
    {
      "no": "29",
      "kind": "IO",
      "line": 251,
      "signatures": [
        {
          "contractName": "QurasToken",
          "methodName": "transfer_undrflow2",
          "argTypes": [ "address", "uint256" ]
        }
      ],
      "exp": "(balances_intou2[_to] + _value)",
      "status": "unproven"
    },
    {
      "no": "30",
      "kind": "IO",
      "line": 270,
      "signatures": [
        {
          "contractName": "QurasToken",
          "methodName": "bug_intou4",
          "argTypes": [ "uint8" ]
        }
      ],
      "exp": "(vundflw1 + p_intou4)",
      "status": "proven"
    },
    {
      "no": "31",
      "kind": "IO",
      "line": 282,
      "signatures": [
        {
          "contractName": "QurasToken",
          "methodName": "bug_intou7",
          "argTypes": []
        }
      ],
      "exp": "(vundflw - 10)",
      "status": "unproven"
    },
    {
      "no": "32",
      "kind": "IO",
      "line": 294,
      "signatures": [
        {
          "contractName": "QurasToken",
          "methodName": "bug_intou23",
          "argTypes": []
        }
      ],
      "exp": "(vundflw - 10)",
      "status": "unproven"
    },
    {
      "no": "33",
      "kind": "IO",
      "line": 312,
      "signatures": [
        {
          "contractName": "QurasToken",
          "methodName": "transfer_intou14",
          "argTypes": [ "address", "uint256" ]
        }
      ],
      "exp": "(balances_intou14[msg.sender] - _value)",
      "status": "unproven"
    },
    {
      "no": "34",
      "kind": "IO",
      "line": 313,
      "signatures": [
        {
          "contractName": "QurasToken",
          "methodName": "transfer_intou14",
          "argTypes": [ "address", "uint256" ]
        }
      ],
      "exp": "(balances_intou14[msg.sender] - _value)",
      "status": "unproven"
    },
    {
      "no": "35",
      "kind": "IO",
      "line": 314,
      "signatures": [
        {
          "contractName": "QurasToken",
          "methodName": "transfer_intou14",
          "argTypes": [ "address", "uint256" ]
        }
      ],
      "exp": "(balances_intou14[_to] + _value)",
      "status": "unproven"
    },
    {
      "no": "36",
      "kind": "IO",
      "line": 327,
      "signatures": [
        {
          "contractName": "QurasToken",
          "methodName": "transfer_intou30",
          "argTypes": [ "address", "uint256" ]
        }
      ],
      "exp": "(balances_intou30[msg.sender] - _value)",
      "status": "unproven"
    },
    {
      "no": "37",
      "kind": "IO",
      "line": 328,
      "signatures": [
        {
          "contractName": "QurasToken",
          "methodName": "transfer_intou30",
          "argTypes": [ "address", "uint256" ]
        }
      ],
      "exp": "(balances_intou30[msg.sender] - _value)",
      "status": "unproven"
    },
    {
      "no": "38",
      "kind": "IO",
      "line": 329,
      "signatures": [
        {
          "contractName": "QurasToken",
          "methodName": "transfer_intou30",
          "argTypes": [ "address", "uint256" ]
        }
      ],
      "exp": "(balances_intou30[_to] + _value)",
      "status": "unproven"
    },
    {
      "no": "39",
      "kind": "IO",
      "line": 345,
      "signatures": [
        {
          "contractName": "QurasToken",
          "methodName": "bug_intou8",
          "argTypes": [ "uint8" ]
        }
      ],
      "exp": "(vundflw1 + p_intou8)",
      "status": "proven"
    },
    {
      "no": "40",
      "kind": "IO",
      "line": 364,
      "signatures": [
        {
          "contractName": "QurasToken",
          "methodName": "bug_intou39",
          "argTypes": []
        }
      ],
      "exp": "(vundflw - 10)",
      "status": "unproven"
    },
    {
      "no": "41",
      "kind": "IO",
      "line": 386,
      "signatures": [
        {
          "contractName": "QurasToken",
          "methodName": "bug_intou36",
          "argTypes": [ "uint8" ]
        }
      ],
      "exp": "(vundflw1 + p_intou36)",
      "status": "proven"
    },
    {
      "no": "42",
      "kind": "IO",
      "line": 399,
      "signatures": [
        {
          "contractName": "QurasToken",
          "methodName": "bug_intou35",
          "argTypes": []
        }
      ],
      "exp": "(vundflw - 10)",
      "status": "unproven"
    },
    {
      "no": "43",
      "kind": "IO",
      "line": 416,
      "signatures": [
        {
          "contractName": "QurasToken",
          "methodName": "bug_intou40",
          "argTypes": [ "uint8" ]
        }
      ],
      "exp": "(vundflw1 + p_intou40)",
      "status": "proven"
    },
    {
      "no": "44",
      "kind": "IO",
      "line": 429,
      "signatures": [
        {
          "contractName": "QurasToken",
          "methodName": "increaseLockTime_intou33",
          "argTypes": [ "uint256" ]
        }
      ],
      "exp": "(lockTime_intou33[msg.sender] + _secondsToIncrease)",
      "status": "unproven"
    },
    {
      "no": "45",
      "kind": "ETH_LEAK",
      "line": 56,
      "signatures": [
        {
          "contractName": "QurasToken",
          "methodName": "withdraw_intou17",
          "argTypes": []
        }
      ],
      "exp": "msg.sender.transfer(transferValue_intou17);",
      "status": "unproven"
    },
    {
      "no": "46",
      "kind": "ETH_LEAK",
      "line": 67,
      "signatures": [
        {
          "contractName": "QurasToken",
          "methodName": "withdraw_intou37",
          "argTypes": []
        }
      ],
      "exp": "msg.sender.transfer(transferValue_intou37);",
      "status": "unproven"
    },
    {
      "no": "47",
      "kind": "ETH_LEAK",
      "line": 83,
      "signatures": [
        {
          "contractName": "QurasToken",
          "methodName": "withdraw_intou9",
          "argTypes": []
        }
      ],
      "exp": "msg.sender.transfer(transferValue_intou9);",
      "status": "unproven"
    },
    {
      "no": "48",
      "kind": "ETH_LEAK",
      "line": 94,
      "signatures": [
        {
          "contractName": "QurasToken",
          "methodName": "withdraw_intou25",
          "argTypes": []
        }
      ],
      "exp": "msg.sender.transfer(transferValue_intou25);",
      "status": "unproven"
    },
    {
      "no": "49",
      "kind": "ETH_LEAK",
      "line": 145,
      "signatures": [
        {
          "contractName": "QurasToken",
          "methodName": "withdraw_intou21",
          "argTypes": []
        }
      ],
      "exp": "msg.sender.transfer(transferValue_intou21);",
      "status": "unproven"
    },
    {
      "no": "50",
      "kind": "ETH_LEAK",
      "line": 166,
      "signatures": [
        {
          "contractName": "QurasToken",
          "methodName": "withdraw_intou13",
          "argTypes": []
        }
      ],
      "exp": "msg.sender.transfer(transferValue_intou13);",
      "status": "unproven"
    },
    {
      "no": "51",
      "kind": "ETH_LEAK",
      "line": 241,
      "signatures": [
        {
          "contractName": "QurasToken",
          "methodName": "withdraw_ovrflow1",
          "argTypes": []
        }
      ],
      "exp": "msg.sender.transfer(transferValue_intou1);",
      "status": "unproven"
    },
    {
      "no": "52",
      "kind": "ETH_LEAK",
      "line": 434,
      "signatures": [
        {
          "contractName": "QurasToken",
          "methodName": "withdraw_intou33",
          "argTypes": []
        }
      ],
      "exp": "msg.sender.transfer(transferValue_intou33);",
      "status": "unproven"
    }
  ]
}