{
  "fileName": "Benchmarks/Study_SamplesSet/d54d9d7b61cef6e1d8b15fc785b106be.sol",
  "baseName": "d54d9d7b61cef6e1d8b15fc785b106be.sol",
  "iter": 267,
  "time": "301.121884",
  "errMsg": null,
  "result": [
    {
      "no": "1",
      "kind": "IO",
      "line": 36,
      "signatures": [
        {
          "contractName": "RampInstantEthPool",
          "methodName": "bug_unchk42",
          "argTypes": []
        }
      ],
      "exp": "(receivers_unchk42 + 1)",
      "status": "proven"
    },
    {
      "no": "2",
      "kind": "IO",
      "line": 340,
      "signatures": [
        {
          "contractName": "RampInstantEthPool",
          "methodName": "bug_unchk30",
          "argTypes": []
        }
      ],
      "exp": "(receivers_unchk30 + 1)",
      "status": "proven"
    },
    {
      "no": "3",
      "kind": "ETH_LEAK",
      "line": 35,
      "signatures": [
        {
          "contractName": "RampInstantEthPool",
          "methodName": "bug_unchk42",
          "argTypes": []
        }
      ],
      "exp": "addr_unchk42.send(42000000000000000000)",
      "status": "proven"
    },
    {
      "no": "4",
      "kind": "ETH_LEAK",
      "line": 46,
      "signatures": [
        {
          "contractName": "RampInstantEthPool",
          "methodName": "withdrawLeftOver_unchk33",
          "argTypes": []
        }
      ],
      "exp": "msg.sender.send(address(this).balance);",
      "status": "unproven"
    },
    {
      "no": "5",
      "kind": "ETH_LEAK",
      "line": 57,
      "signatures": [
        {
          "contractName": "RampInstantEthPool",
          "methodName": "withdrawLeftOver_unchk9",
          "argTypes": []
        }
      ],
      "exp": "msg.sender.send(address(this).balance);",
      "status": "unproven"
    },
    {
      "no": "6",
      "kind": "ETH_LEAK",
      "line": 82,
      "signatures": [
        {
          "contractName": "RampInstantEthPool",
          "methodName": "unhandledsend_unchk2",
          "argTypes": [ "address" ]
        }
      ],
      "exp": "callee.send(5000000000000000000);",
      "status": "unproven"
    },
    {
      "no": "7",
      "kind": "ETH_LEAK",
      "line": 87,
      "signatures": [
        {
          "contractName": "RampInstantEthPool",
          "methodName": "bug_unchk27",
          "argTypes": [ "address" ]
        }
      ],
      "exp": "addr.send(42000000000000000000);",
      "status": "unproven"
    },
    {
      "no": "8",
      "kind": "ETH_LEAK",
      "line": 102,
      "signatures": [
        {
          "contractName": "RampInstantEthPool",
          "methodName": "bug_unchk19",
          "argTypes": []
        }
      ],
      "exp": "addr_unchk19.send(10000000000000000000)",
      "status": "proven"
    },
    {
      "no": "9",
      "kind": "ETH_LEAK",
      "line": 183,
      "signatures": [
        {
          "contractName": "RampInstantEthPool",
          "methodName": "bug_unchk43",
          "argTypes": []
        }
      ],
      "exp": "addr_unchk43.send(10000000000000000000)",
      "status": "proven"
    },
    {
      "no": "10",
      "kind": "ETH_LEAK",
      "line": 188,
      "signatures": [
        {
          "contractName": "RampInstantEthPool",
          "methodName": "my_func_uncheck48",
          "argTypes": [ "address" ]
        }
      ],
      "exp": "dst.call.value(msg.value)(\"\");",
      "status": "proven"
    },
    {
      "no": "11",
      "kind": "ETH_LEAK",
      "line": 193,
      "signatures": [
        {
          "contractName": "RampInstantEthPool",
          "methodName": "withdrawBal_unchk17",
          "argTypes": []
        }
      ],
      "exp": "msg.sender.send(Balances_unchk17);",
      "status": "proven"
    },
    {
      "no": "12",
      "kind": "ETH_LEAK",
      "line": 207,
      "signatures": [
        {
          "contractName": "RampInstantEthPool",
          "methodName": "bug_unchk31",
          "argTypes": []
        }
      ],
      "exp": "addr_unchk31.send(10000000000000000000)",
      "status": "proven"
    },
    {
      "no": "13",
      "kind": "ETH_LEAK",
      "line": 215,
      "signatures": [
        {
          "contractName": "RampInstantEthPool",
          "methodName": "withdrawLeftOver_unchk45",
          "argTypes": []
        }
      ],
      "exp": "msg.sender.send(address(this).balance);",
      "status": "unproven"
    },
    {
      "no": "14",
      "kind": "ETH_LEAK",
      "line": 246,
      "signatures": [
        {
          "contractName": "RampInstantEthPool",
          "methodName": "sendToWinner_unchk32",
          "argTypes": []
        }
      ],
      "exp": "winner_unchk32.send(winAmount_unchk32);",
      "status": "proven"
    },
    {
      "no": "15",
      "kind": "ETH_LEAK",
      "line": 252,
      "signatures": [
        {
          "contractName": "RampInstantEthPool",
          "methodName": "unhandledsend_unchk38",
          "argTypes": [ "address" ]
        }
      ],
      "exp": "callee.send(5000000000000000000);",
      "status": "unproven"
    },
    {
      "no": "16",
      "kind": "ETH_LEAK",
      "line": 259,
      "signatures": [
        {
          "contractName": "RampInstantEthPool",
          "methodName": "cash_unchk46",
          "argTypes": [ "uint256", "uint256", "address" ]
        }
      ],
      "exp": "winner_unchk46.send(subpot_unchk46);",
      "status": "unproven"
    },
    {
      "no": "17",
      "kind": "ETH_LEAK",
      "line": 268,
      "signatures": [
        {
          "contractName": "RampInstantEthPool",
          "methodName": "UncheckedExternalCall_unchk4",
          "argTypes": []
        }
      ],
      "exp": "addr_unchk4.send(42000000000000000000)",
      "status": "proven"
    },
    {
      "no": "18",
      "kind": "ETH_LEAK",
      "line": 286,
      "signatures": [
        {
          "contractName": "RampInstantEthPool",
          "methodName": "bug_unchk7",
          "argTypes": []
        }
      ],
      "exp": "addr_unchk7.send(10000000000000000000)",
      "status": "proven"
    },
    {
      "no": "19",
      "kind": "ETH_LEAK",
      "line": 298,
      "signatures": [
        {
          "contractName": "RampInstantEthPool",
          "methodName": "my_func_unchk23",
          "argTypes": [ "address" ]
        }
      ],
      "exp": "dst.send(msg.value);",
      "status": "proven"
    },
    {
      "no": "20",
      "kind": "ETH_LEAK",
      "line": 319,
      "signatures": [
        {
          "contractName": "RampInstantEthPool",
          "methodName": "unhandledsend_unchk14",
          "argTypes": [ "address" ]
        }
      ],
      "exp": "callee.send(5000000000000000000);",
      "status": "unproven"
    },
    {
      "no": "21",
      "kind": "ETH_LEAK",
      "line": 339,
      "signatures": [
        {
          "contractName": "RampInstantEthPool",
          "methodName": "bug_unchk30",
          "argTypes": []
        }
      ],
      "exp": "addr_unchk30.send(42000000000000000000)",
      "status": "proven"
    },
    {
      "no": "22",
      "kind": "ETH_LEAK",
      "line": 358,
      "signatures": [
        {
          "contractName": "RampInstantEthPool",
          "methodName": "sendToWinner_unchk8",
          "argTypes": []
        }
      ],
      "exp": "winner_unchk8.send(winAmount_unchk8);",
      "status": "proven"
    },
    {
      "no": "23",
      "kind": "ETH_LEAK",
      "line": 397,
      "signatures": [
        {
          "contractName": "RampInstantEthPool",
          "methodName": "bug_unchk3",
          "argTypes": [ "address" ]
        }
      ],
      "exp": "addr.send(42000000000000000000);",
      "status": "unproven"
    },
    {
      "no": "24",
      "kind": "ETH_LEAK",
      "line": 412,
      "signatures": [
        {
          "contractName": "RampInstantEthPool",
          "methodName": "bug_unchk39",
          "argTypes": [ "address" ]
        }
      ],
      "exp": "addr.send(4000000000000000000);",
      "status": "unproven"
    },
    {
      "no": "25",
      "kind": "ETH_LEAK",
      "line": 418,
      "signatures": [
        {
          "contractName": "RampInstantEthPool",
          "methodName": "my_func_uncheck36",
          "argTypes": [ "address" ]
        }
      ],
      "exp": "dst.call.value(msg.value)(\"\");",
      "status": "proven"
    },
    {
      "no": "26",
      "kind": "ETH_LEAK",
      "line": 425,
      "signatures": [
        {
          "contractName": "RampInstantEthPool",
          "methodName": "withdrawAllFunds",
          "argTypes": [ "address" ]
        },
        {
          "contractName": "RampInstantEthPool",
          "methodName": "withdrawFunds",
          "argTypes": [ "address", "uint256" ]
        }
      ],
      "exp": "_to.transfer(_amount);",
      "status": "proven"
    },
    {
      "no": "27",
      "kind": "ETH_LEAK",
      "line": 429,
      "signatures": [
        {
          "contractName": "RampInstantEthPool",
          "methodName": "my_func_unchk35",
          "argTypes": [ "address" ]
        }
      ],
      "exp": "dst.send(msg.value);",
      "status": "proven"
    },
    {
      "no": "28",
      "kind": "ETH_LEAK",
      "line": 435,
      "signatures": [
        {
          "contractName": "RampInstantEthPool",
          "methodName": "sendFundsToSwap",
          "argTypes": [ "uint256" ]
        }
      ],
      "exp": "swapsContract.transfer(_amount);",
      "status": "proven"
    },
    {
      "no": "29",
      "kind": "ETH_LEAK",
      "line": 444,
      "signatures": [
        {
          "contractName": "RampInstantEthPool",
          "methodName": "sendToWinner_unchk44",
          "argTypes": []
        }
      ],
      "exp": "winner_unchk44.send(winAmount_unchk44);",
      "status": "proven"
    },
    {
      "no": "30",
      "kind": "ETH_LEAK",
      "line": 459,
      "signatures": [
        {
          "contractName": "RampInstantEthPool",
          "methodName": "UncheckedExternalCall_unchk40",
          "argTypes": []
        }
      ],
      "exp": "addr_unchk40.send(2000000000000000000)",
      "status": "proven"
    }
  ]
}