{
  "fileName": "Benchmarks/Study_SamplesSet/d5e0db964fcde75b2120ae0dc5ac4764.sol",
  "baseName": "d5e0db964fcde75b2120ae0dc5ac4764.sol",
  "iter": 558,
  "time": "300.330346",
  "errMsg": null,
  "result": [
    {
      "no": "1",
      "kind": "IO",
      "line": 73,
      "signatures": [
        {
          "contractName": "Winner",
          "methodName": "@fallback",
          "argTypes": []
        },
        {
          "contractName": "Winner",
          "methodName": "bet",
          "argTypes": [ "uint256" ]
        },
        {
          "contractName": "Winner",
          "methodName": "refund2",
          "argTypes": [ "address" ]
        }
      ],
      "exp": "(a * b)",
      "status": "unproven"
    },
    {
      "no": "2",
      "kind": "IO",
      "line": 97,
      "signatures": [
        {
          "contractName": "Winner",
          "methodName": "assign2",
          "argTypes": [ "address", "uint256" ]
        },
        {
          "contractName": "Winner",
          "methodName": "refund2",
          "argTypes": [ "address" ]
        }
      ],
      "exp": "(a - b)",
      "status": "proven"
    },
    {
      "no": "3",
      "kind": "IO",
      "line": 108,
      "signatures": [
        {
          "contractName": "Winner",
          "methodName": "drawNumber",
          "argTypes": []
        }
      ],
      "exp": "(a + b)",
      "status": "unproven"
    },
    {
      "no": "4",
      "kind": "IO",
      "line": 345,
      "signatures": [
        {
          "contractName": "Winner",
          "methodName": "drawNumber",
          "argTypes": []
        }
      ],
      "exp": "(block.number - 1)",
      "status": "unproven"
    },
    {
      "no": "5",
      "kind": "IO",
      "line": 346,
      "signatures": [
        {
          "contractName": "Winner",
          "methodName": "drawNumber",
          "argTypes": []
        }
      ],
      "exp": "(block.number - 2)",
      "status": "unproven"
    },
    {
      "no": "6",
      "kind": "IO",
      "line": 347,
      "signatures": [
        {
          "contractName": "Winner",
          "methodName": "drawNumber",
          "argTypes": []
        }
      ],
      "exp": "(block.number - 3)",
      "status": "unproven"
    },
    {
      "no": "7",
      "kind": "IO",
      "line": 348,
      "signatures": [
        {
          "contractName": "Winner",
          "methodName": "drawNumber",
          "argTypes": []
        }
      ],
      "exp": "(block.number - 4)",
      "status": "unproven"
    },
    {
      "no": "8",
      "kind": "IO",
      "line": 349,
      "signatures": [
        {
          "contractName": "Winner",
          "methodName": "drawNumber",
          "argTypes": []
        }
      ],
      "exp": "(block.number - 5)",
      "status": "unproven"
    },
    {
      "no": "9",
      "kind": "IO",
      "line": 350,
      "signatures": [
        {
          "contractName": "Winner",
          "methodName": "drawNumber",
          "argTypes": []
        }
      ],
      "exp": "(block.number - 6)",
      "status": "unproven"
    },
    {
      "no": "10",
      "kind": "IO",
      "line": 365,
      "signatures": [
        {
          "contractName": "Winner",
          "methodName": "bet",
          "argTypes": [ "uint256" ]
        }
      ],
      "exp": "(drawnRoundID + 1)",
      "status": "proven"
    },
    {
      "no": "11",
      "kind": "IO",
      "line": 366,
      "signatures": [
        {
          "contractName": "Winner",
          "methodName": "bet",
          "argTypes": [ "uint256" ]
        }
      ],
      "exp": "(drawnRoundID + 1)",
      "status": "proven"
    },
    {
      "no": "12",
      "kind": "IO",
      "line": 366,
      "signatures": [
        {
          "contractName": "Winner",
          "methodName": "bet",
          "argTypes": [ "uint256" ]
        }
      ],
      "exp": "(rounds[(drawnRoundID + 1)].blockNumber + 7)",
      "status": "unproven"
    },
    {
      "no": "13",
      "kind": "IO",
      "line": 369,
      "signatures": [
        {
          "contractName": "Winner",
          "methodName": "bet",
          "argTypes": [ "uint256" ]
        }
      ],
      "exp": "(drawnRoundID + 1)",
      "status": "proven"
    },
    {
      "no": "14",
      "kind": "IO",
      "line": 383,
      "signatures": [
        {
          "contractName": "Winner",
          "methodName": "bet",
          "argTypes": [ "uint256" ]
        }
      ],
      "exp": "(issued_numbers - rounds[curRoundID].count)",
      "status": "unproven"
    },
    {
      "no": "15",
      "kind": "IO",
      "line": 393,
      "signatures": [
        {
          "contractName": "Winner",
          "methodName": "bet",
          "argTypes": [ "uint256" ]
        }
      ],
      "exp": "(rounds[curRoundID].pond + amount)",
      "status": "unproven"
    },
    {
      "no": "16",
      "kind": "IO",
      "line": 399,
      "signatures": [
        {
          "contractName": "Winner",
          "methodName": "bet",
          "argTypes": [ "uint256" ]
        }
      ],
      "exp": "((begin + available) - 1)",
      "status": "unproven"
    },
    {
      "no": "17",
      "kind": "IO",
      "line": 399,
      "signatures": [
        {
          "contractName": "Winner",
          "methodName": "bet",
          "argTypes": [ "uint256" ]
        }
      ],
      "exp": "(begin + available)",
      "status": "unproven"
    },
    {
      "no": "18",
      "kind": "IO",
      "line": 402,
      "signatures": [
        {
          "contractName": "Winner",
          "methodName": "bet",
          "argTypes": [ "uint256" ]
        }
      ],
      "exp": "(rounds[curRoundID].pond + available.mul(PRICE))",
      "status": "unproven"
    },
    {
      "no": "19",
      "kind": "IO",
      "line": 403,
      "signatures": [
        {
          "contractName": "Winner",
          "methodName": "bet",
          "argTypes": [ "uint256" ]
        }
      ],
      "exp": "(rounds[curRoundID].count + available)",
      "status": "proven"
    },
    {
      "no": "20",
      "kind": "IO",
      "line": 404,
      "signatures": [
        {
          "contractName": "Winner",
          "methodName": "bet",
          "argTypes": [ "uint256" ]
        }
      ],
      "exp": "(amount - available.mul(PRICE))",
      "status": "unproven"
    },
    {
      "no": "21",
      "kind": "IO",
      "line": 413,
      "signatures": [
        {
          "contractName": "Winner",
          "methodName": "bet",
          "argTypes": [ "uint256" ]
        }
      ],
      "exp": "(curRoundID + 1)",
      "status": "unproven"
    },
    {
      "no": "22",
      "kind": "IO",
      "line": 443,
      "signatures": [
        {
          "contractName": "Winner",
          "methodName": "assign2",
          "argTypes": [ "address", "uint256" ]
        }
      ],
      "exp": "(i + 1)",
      "status": "proven"
    },
    {
      "no": "23",
      "kind": "IO",
      "line": 483,
      "signatures": [
        {
          "contractName": "Winner",
          "methodName": "refund2",
          "argTypes": [ "address" ]
        }
      ],
      "exp": "(i + 1)",
      "status": "proven"
    },
    {
      "no": "24",
      "kind": "IO",
      "line": 486,
      "signatures": [
        {
          "contractName": "Winner",
          "methodName": "refund2",
          "argTypes": [ "address" ]
        }
      ],
      "exp": "((end - begin) + 1)",
      "status": "unproven"
    },
    {
      "no": "25",
      "kind": "IO",
      "line": 486,
      "signatures": [
        {
          "contractName": "Winner",
          "methodName": "refund2",
          "argTypes": [ "address" ]
        }
      ],
      "exp": "(count + ((end - begin) + 1))",
      "status": "unproven"
    },
    {
      "no": "26",
      "kind": "IO",
      "line": 486,
      "signatures": [
        {
          "contractName": "Winner",
          "methodName": "refund2",
          "argTypes": [ "address" ]
        }
      ],
      "exp": "(end - begin)",
      "status": "proven"
    },
    {
      "no": "27",
      "kind": "IO",
      "line": 497,
      "signatures": [
        {
          "contractName": "Winner",
          "methodName": "refund2",
          "argTypes": [ "address" ]
        }
      ],
      "exp": "(rounds[curRoundID].count - count)",
      "status": "unproven"
    },
    {
      "no": "28",
      "kind": "DZ",
      "line": 74,
      "signatures": [
        {
          "contractName": "Winner",
          "methodName": "@fallback",
          "argTypes": []
        },
        {
          "contractName": "Winner",
          "methodName": "bet",
          "argTypes": [ "uint256" ]
        },
        {
          "contractName": "Winner",
          "methodName": "refund2",
          "argTypes": [ "address" ]
        }
      ],
      "exp": "(c / a)",
      "status": "proven"
    },
    {
      "no": "29",
      "kind": "DZ",
      "line": 83,
      "signatures": [
        {
          "contractName": "Winner",
          "methodName": "bet",
          "argTypes": [ "uint256" ]
        },
        {
          "contractName": "Winner",
          "methodName": "refund2",
          "argTypes": [ "address" ]
        }
      ],
      "exp": "(a / b)",
      "status": "proven"
    },
    {
      "no": "30",
      "kind": "DZ",
      "line": 342,
      "signatures": [
        {
          "contractName": "Winner",
          "methodName": "drawNumber",
          "argTypes": []
        }
      ],
      "exp": "(uint256(keccak256(abi.encodePacked((uint256(keccak256(abi.encodePacked(block.blockhash(block.number)))) / block.timestamp).add((uint256(keccak256(abi.encodePacked(block.blockhash((block.number - 1))))) / block.timestamp)).add((uint256(keccak256(abi.encodePacked(block.blockhash((block.number - 2))))) / block.timestamp)).add((uint256(keccak256(abi.encodePacked(block.blockhash((block.number - 3))))) / block.timestamp)).add((uint256(keccak256(abi.encodePacked(block.blockhash((block.number - 4))))) / block.timestamp)).add((uint256(keccak256(abi.encodePacked(block.blockhash((block.number - 5))))) / block.timestamp)).add((uint256(keccak256(abi.encodePacked(block.blockhash((block.number - 6))))) / block.timestamp))))) % issued_numbers)",
      "status": "unproven"
    },
    {
      "no": "31",
      "kind": "DZ",
      "line": 344,
      "signatures": [
        {
          "contractName": "Winner",
          "methodName": "drawNumber",
          "argTypes": []
        }
      ],
      "exp": "(uint256(keccak256(abi.encodePacked(block.blockhash(block.number)))) / block.timestamp)",
      "status": "unproven"
    },
    {
      "no": "32",
      "kind": "DZ",
      "line": 345,
      "signatures": [
        {
          "contractName": "Winner",
          "methodName": "drawNumber",
          "argTypes": []
        }
      ],
      "exp": "(uint256(keccak256(abi.encodePacked(block.blockhash((block.number - 1))))) / block.timestamp)",
      "status": "unproven"
    },
    {
      "no": "33",
      "kind": "DZ",
      "line": 346,
      "signatures": [
        {
          "contractName": "Winner",
          "methodName": "drawNumber",
          "argTypes": []
        }
      ],
      "exp": "(uint256(keccak256(abi.encodePacked(block.blockhash((block.number - 2))))) / block.timestamp)",
      "status": "proven"
    },
    {
      "no": "34",
      "kind": "DZ",
      "line": 347,
      "signatures": [
        {
          "contractName": "Winner",
          "methodName": "drawNumber",
          "argTypes": []
        }
      ],
      "exp": "(uint256(keccak256(abi.encodePacked(block.blockhash((block.number - 3))))) / block.timestamp)",
      "status": "proven"
    },
    {
      "no": "35",
      "kind": "DZ",
      "line": 348,
      "signatures": [
        {
          "contractName": "Winner",
          "methodName": "drawNumber",
          "argTypes": []
        }
      ],
      "exp": "(uint256(keccak256(abi.encodePacked(block.blockhash((block.number - 4))))) / block.timestamp)",
      "status": "proven"
    },
    {
      "no": "36",
      "kind": "DZ",
      "line": 349,
      "signatures": [
        {
          "contractName": "Winner",
          "methodName": "drawNumber",
          "argTypes": []
        }
      ],
      "exp": "(uint256(keccak256(abi.encodePacked(block.blockhash((block.number - 5))))) / block.timestamp)",
      "status": "proven"
    },
    {
      "no": "37",
      "kind": "DZ",
      "line": 350,
      "signatures": [
        {
          "contractName": "Winner",
          "methodName": "drawNumber",
          "argTypes": []
        }
      ],
      "exp": "(uint256(keccak256(abi.encodePacked(block.blockhash((block.number - 6))))) / block.timestamp)",
      "status": "proven"
    },
    {
      "no": "38",
      "kind": "ETH_LEAK",
      "line": 450,
      "signatures": [
        {
          "contractName": "Winner",
          "methodName": "assign2",
          "argTypes": [ "address", "uint256" ]
        }
      ],
      "exp": "_player.transfer(bonus);",
      "status": "unproven"
    },
    {
      "no": "39",
      "kind": "ETH_LEAK",
      "line": 451,
      "signatures": [
        {
          "contractName": "Winner",
          "methodName": "assign2",
          "argTypes": [ "address", "uint256" ]
        }
      ],
      "exp": "platform.transfer(fund);",
      "status": "proven"
    },
    {
      "no": "40",
      "kind": "ETH_LEAK",
      "line": 492,
      "signatures": [
        {
          "contractName": "Winner",
          "methodName": "refund2",
          "argTypes": [ "address" ]
        }
      ],
      "exp": "_player.transfer(amount);",
      "status": "unproven"
    },
    {
      "no": "41",
      "kind": "ETH_LEAK",
      "line": 501,
      "signatures": [
        {
          "contractName": "Winner",
          "methodName": "refund2",
          "argTypes": [ "address" ]
        }
      ],
      "exp": "platform.transfer(last);",
      "status": "proven"
    }
  ]
}