{
  "fileName": "Benchmarks/Study_SamplesSet/da4936b50dd40467242d2255c6d7d7e0.sol",
  "baseName": "da4936b50dd40467242d2255c6d7d7e0.sol",
  "iter": 2,
  "time": "0.040036",
  "errMsg": null,
  "result": [
    {
      "no": "1",
      "kind": "ETH_LEAK",
      "line": 19,
      "signatures": [
        {
          "contractName": "MyContract",
          "methodName": "sendTo",
          "argTypes": [ "address", "uint256" ]
        }
      ],
      "exp": "receiver.transfer(amount);",
      "status": "proven"
    }
  ]
}