{
  "fileName": "Benchmarks/Study_SamplesSet/dd96e3835ae476f094395821731716f0.sol",
  "baseName": "dd96e3835ae476f094395821731716f0.sol",
  "iter": 719,
  "time": "23.968798",
  "errMsg": null,
  "result": [
    {
      "no": "1",
      "kind": "IO",
      "line": 26,
      "signatures": [
        { "contractName": "Test1", "methodName": "Test", "argTypes": [] }
      ],
      "exp": "(msg.value * 2)",
      "status": "unproven"
    },
    {
      "no": "2",
      "kind": "IO",
      "line": 34,
      "signatures": [
        { "contractName": "Test1", "methodName": "Test", "argTypes": [] }
      ],
      "exp": "(i1 + 1)",
      "status": "unproven"
    },
    {
      "no": "3",
      "kind": "ETH_LEAK",
      "line": 12,
      "signatures": [
        { "contractName": "Test1", "methodName": "withdraw", "argTypes": [] }
      ],
      "exp": "owner.transfer(this.balance);",
      "status": "proven"
    },
    {
      "no": "4",
      "kind": "ETH_LEAK",
      "line": 36,
      "signatures": [
        { "contractName": "Test1", "methodName": "Test", "argTypes": [] }
      ],
      "exp": "msg.sender.transfer(i2);",
      "status": "unproven"
    }
  ]
}