{
  "fileName": "Benchmarks/Study_SamplesSet/de72844be55fd4d4c6a957a927ed53e2.sol",
  "baseName": "de72844be55fd4d4c6a957a927ed53e2.sol",
  "iter": 8,
  "time": "0.49027",
  "errMsg": null,
  "result": [
    {
      "no": "1",
      "kind": "ETH_LEAK",
      "line": 43,
      "signatures": [
        {
          "contractName": "GIFT_1_ETH",
          "methodName": "GetGift",
          "argTypes": [ "dbytes" ]
        }
      ],
      "exp": "msg.sender.transfer(this.balance);",
      "status": "unproven"
    },
    {
      "no": "2",
      "kind": "ETH_LEAK",
      "line": 54,
      "signatures": [
        {
          "contractName": "GIFT_1_ETH",
          "methodName": "Revoce",
          "argTypes": []
        }
      ],
      "exp": "sender.transfer(this.balance);",
      "status": "unproven"
    }
  ]
}