{
  "fileName": "Benchmarks/Study_SamplesSet/e035e825d28b503493e822254b0a89ae.sol",
  "baseName": "e035e825d28b503493e822254b0a89ae.sol",
  "iter": 2,
  "time": "0.125307",
  "errMsg": null,
  "result": [
    {
      "no": "1",
      "kind": "IO",
      "line": 38,
      "signatures": [
        {
          "contractName": "QUICK_GAME",
          "methodName": "QUICK_GAME",
          "argTypes": [ "bytes32[]" ]
        }
      ],
      "exp": "(i + 1)",
      "status": "proven"
    },
    {
      "no": "2",
      "kind": "ETH_LEAK",
      "line": 11,
      "signatures": [
        {
          "contractName": "QUICK_GAME",
          "methodName": "Try",
          "argTypes": [ "string" ]
        }
      ],
      "exp": "msg.sender.transfer(this.balance);",
      "status": "unproven"
    },
    {
      "no": "3",
      "kind": "ETH_LEAK",
      "line": 29,
      "signatures": [
        {
          "contractName": "QUICK_GAME",
          "methodName": "Stop",
          "argTypes": []
        }
      ],
      "exp": "msg.sender.transfer(this.balance);",
      "status": "unproven"
    }
  ]
}