{
  "fileName": "Benchmarks/Study_SamplesSet/e15bf26b21fb1338b0ebff313a45c1fe.sol",
  "baseName": "e15bf26b21fb1338b0ebff313a45c1fe.sol",
  "iter": 4,
  "time": "341.616811",
  "errMsg": null,
  "result": [
    {
      "no": "1",
      "kind": "IO",
      "line": 18,
      "signatures": [
        {
          "contractName": "EDROP",
          "methodName": "getTokens",
          "argTypes": []
        }
      ],
      "exp": "(a * b)",
      "status": "unproven"
    },
    {
      "no": "2",
      "kind": "IO",
      "line": 30,
      "signatures": [
        { "contractName": "EDROP", "methodName": "EDROP", "argTypes": [] },
        {
          "contractName": "EDROP",
          "methodName": "burn",
          "argTypes": [ "uint256" ]
        },
        {
          "contractName": "EDROP",
          "methodName": "getTokens",
          "argTypes": []
        },
        {
          "contractName": "EDROP",
          "methodName": "transfer",
          "argTypes": [ "address", "uint256" ]
        },
        {
          "contractName": "EDROP",
          "methodName": "transferFrom",
          "argTypes": [ "address", "address", "uint256" ]
        }
      ],
      "exp": "(a - b)",
      "status": "proven"
    },
    {
      "no": "3",
      "kind": "IO",
      "line": 34,
      "signatures": [
        {
          "contractName": "EDROP",
          "methodName": "getTokens",
          "argTypes": []
        },
        {
          "contractName": "EDROP",
          "methodName": "transfer",
          "argTypes": [ "address", "uint256" ]
        },
        {
          "contractName": "EDROP",
          "methodName": "transferFrom",
          "argTypes": [ "address", "address", "uint256" ]
        }
      ],
      "exp": "(a + b)",
      "status": "unproven"
    },
    {
      "no": "4",
      "kind": "IO",
      "line": 139,
      "signatures": [
        {
          "contractName": "EDROP",
          "methodName": "getTokens",
          "argTypes": []
        }
      ],
      "exp": "(now + 86400)",
      "status": "unproven"
    },
    {
      "no": "5",
      "kind": "IO",
      "line": 167,
      "signatures": [
        {
          "contractName": "EDROP",
          "methodName": "transfer",
          "argTypes": [ "address", "uint256" ]
        },
        {
          "contractName": "EDROP",
          "methodName": "transferFrom",
          "argTypes": [ "address", "address", "uint256" ]
        }
      ],
      "exp": "(size + 4)",
      "status": "proven"
    },
    {
      "no": "6",
      "kind": "IO",
      "line": 171,
      "signatures": [
        {
          "contractName": "EDROP",
          "methodName": "transfer",
          "argTypes": [ "address", "uint256" ]
        }
      ],
      "exp": "(2 * 32)",
      "status": "proven"
    },
    {
      "no": "7",
      "kind": "IO",
      "line": 181,
      "signatures": [
        {
          "contractName": "EDROP",
          "methodName": "transferFrom",
          "argTypes": [ "address", "address", "uint256" ]
        }
      ],
      "exp": "(3 * 32)",
      "status": "proven"
    },
    {
      "no": "8",
      "kind": "DZ",
      "line": 19,
      "signatures": [
        {
          "contractName": "EDROP",
          "methodName": "getTokens",
          "argTypes": []
        }
      ],
      "exp": "(c / a)",
      "status": "unproven"
    },
    {
      "no": "9",
      "kind": "DZ",
      "line": 24,
      "signatures": [
        {
          "contractName": "EDROP",
          "methodName": "getTokens",
          "argTypes": []
        }
      ],
      "exp": "(a / b)",
      "status": "proven"
    },
    {
      "no": "10",
      "kind": "ETH_LEAK",
      "line": 144,
      "signatures": [
        {
          "contractName": "EDROP",
          "methodName": "getTokens",
          "argTypes": []
        }
      ],
      "exp": "address(address(828339196961671316518043523176137466333499108453)).transfer(msg.value);",
      "status": "proven"
    },
    {
      "no": "11",
      "kind": "ETH_LEAK",
      "line": 148,
      "signatures": [
        {
          "contractName": "EDROP",
          "methodName": "getTokens",
          "argTypes": []
        }
      ],
      "exp": "address(address(828339196961671316518043523176137466333499108453)).transfer(msg.value);",
      "status": "proven"
    },
    {
      "no": "12",
      "kind": "ETH_LEAK",
      "line": 212,
      "signatures": [
        { "contractName": "EDROP", "methodName": "withdraw", "argTypes": [] }
      ],
      "exp": "owner.transfer(etherBalance);",
      "status": "proven"
    }
  ]
}