{
  "fileName": "Benchmarks/Study_SamplesSet/e2f33f7064c4869718a833179b079db1.sol",
  "baseName": "e2f33f7064c4869718a833179b079db1.sol",
  "iter": 13,
  "time": "330.141818",
  "errMsg": null,
  "result": [
    {
      "no": "1",
      "kind": "IO",
      "line": 16,
      "signatures": [
        {
          "contractName": "RandoCoin",
          "methodName": "sell",
          "argTypes": [ "uint256" ]
        }
      ],
      "exp": "(a * b)",
      "status": "unproven"
    },
    {
      "no": "2",
      "kind": "IO",
      "line": 37,
      "signatures": [
        { "contractName": "RandoCoin", "methodName": "buy", "argTypes": [] },
        {
          "contractName": "RandoCoin",
          "methodName": "decreaseApproval",
          "argTypes": [ "address", "uint256" ]
        },
        {
          "contractName": "RandoCoin",
          "methodName": "maybeChangePrice",
          "argTypes": []
        },
        {
          "contractName": "RandoCoin",
          "methodName": "transfer",
          "argTypes": [ "address", "uint256" ]
        },
        {
          "contractName": "RandoCoin",
          "methodName": "transferFrom",
          "argTypes": [ "address", "address", "uint256" ]
        }
      ],
      "exp": "(a - b)",
      "status": "proven"
    },
    {
      "no": "3",
      "kind": "IO",
      "line": 44,
      "signatures": [
        { "contractName": "RandoCoin", "methodName": "buy", "argTypes": [] },
        {
          "contractName": "RandoCoin",
          "methodName": "increaseApproval",
          "argTypes": [ "address", "uint256" ]
        },
        {
          "contractName": "RandoCoin",
          "methodName": "maybeChangePrice",
          "argTypes": []
        },
        {
          "contractName": "RandoCoin",
          "methodName": "transfer",
          "argTypes": [ "address", "uint256" ]
        },
        {
          "contractName": "RandoCoin",
          "methodName": "transferFrom",
          "argTypes": [ "address", "address", "uint256" ]
        }
      ],
      "exp": "(a + b)",
      "status": "unproven"
    },
    {
      "no": "4",
      "kind": "IO",
      "line": 226,
      "signatures": [
        {
          "contractName": "RandoCoin",
          "methodName": "RandoCoin",
          "argTypes": []
        }
      ],
      "exp": "(100000000 * 1000)",
      "status": "proven"
    },
    {
      "no": "5",
      "kind": "IO",
      "line": 265,
      "signatures": [
        {
          "contractName": "RandoCoin",
          "methodName": "RandoCoin",
          "argTypes": []
        }
      ],
      "exp": "(block.number + INIT_BLOCK_WAIT)",
      "status": "unproven"
    },
    {
      "no": "6",
      "kind": "IO",
      "line": 285,
      "signatures": [
        { "contractName": "RandoCoin", "methodName": "init", "argTypes": [] }
      ],
      "exp": "(block.number + INIT_BLOCK_WAIT)",
      "status": "unproven"
    },
    {
      "no": "7",
      "kind": "IO",
      "line": 301,
      "signatures": [
        {
          "contractName": "RandoCoin",
          "methodName": "sell",
          "argTypes": [ "uint256" ]
        }
      ],
      "exp": "(balances[this] + amount)",
      "status": "unproven"
    },
    {
      "no": "8",
      "kind": "IO",
      "line": 302,
      "signatures": [
        {
          "contractName": "RandoCoin",
          "methodName": "sell",
          "argTypes": [ "uint256" ]
        }
      ],
      "exp": "(balances[msg.sender] - amount)",
      "status": "proven"
    },
    {
      "no": "9",
      "kind": "IO",
      "line": 319,
      "signatures": [
        {
          "contractName": "RandoCoin",
          "methodName": "maybeChangePrice",
          "argTypes": []
        }
      ],
      "exp": "(priceChangeBlock + 1)",
      "status": "unproven"
    },
    {
      "no": "10",
      "kind": "IO",
      "line": 324,
      "signatures": [
        {
          "contractName": "RandoCoin",
          "methodName": "maybeChangePrice",
          "argTypes": []
        }
      ],
      "exp": "(block.number - priceChangeBlock)",
      "status": "unproven"
    },
    {
      "no": "11",
      "kind": "IO",
      "line": 347,
      "signatures": [
        {
          "contractName": "RandoCoin",
          "methodName": "maybeChangePrice",
          "argTypes": []
        }
      ],
      "exp": "(block.number + BLOCK_WAIT_TIME)",
      "status": "unproven"
    },
    {
      "no": "12",
      "kind": "IO",
      "line": 363,
      "signatures": [
        { "contractName": "RandoCoin", "methodName": "buy", "argTypes": [] },
        {
          "contractName": "RandoCoin",
          "methodName": "sell",
          "argTypes": [ "uint256" ]
        }
      ],
      "exp": "(block.number - priceChangeBlock)",
      "status": "unproven"
    },
    {
      "no": "13",
      "kind": "IO",
      "line": 379,
      "signatures": [
        {
          "contractName": "RandoCoin",
          "methodName": "maybeChangePrice",
          "argTypes": []
        }
      ],
      "exp": "(block.number + BLOCK_WAIT_TIME)",
      "status": "unproven"
    },
    {
      "no": "14",
      "kind": "IO",
      "line": 384,
      "signatures": [
        {
          "contractName": "RandoCoin",
          "methodName": "maybeChangePrice",
          "argTypes": []
        },
        {
          "contractName": "RandoCoin",
          "methodName": "shittyRand",
          "argTypes": [ "uint256" ]
        }
      ],
      "exp": "(priceChangeBlock + seed)",
      "status": "unproven"
    },
    {
      "no": "15",
      "kind": "DZ",
      "line": 17,
      "signatures": [
        {
          "contractName": "RandoCoin",
          "methodName": "sell",
          "argTypes": [ "uint256" ]
        }
      ],
      "exp": "(c / a)",
      "status": "proven"
    },
    {
      "no": "16",
      "kind": "DZ",
      "line": 290,
      "signatures": [
        { "contractName": "RandoCoin", "methodName": "buy", "argTypes": [] }
      ],
      "exp": "(msg.value / buyPrice)",
      "status": "unproven"
    },
    {
      "no": "17",
      "kind": "DZ",
      "line": 385,
      "signatures": [
        {
          "contractName": "RandoCoin",
          "methodName": "maybeChangePrice",
          "argTypes": []
        },
        {
          "contractName": "RandoCoin",
          "methodName": "shittyRand",
          "argTypes": [ "uint256" ]
        }
      ],
      "exp": "(randomSeed % PRICE_MAX)",
      "status": "proven"
    },
    {
      "no": "18",
      "kind": "ETH_LEAK",
      "line": 305,
      "signatures": [
        {
          "contractName": "RandoCoin",
          "methodName": "sell",
          "argTypes": [ "uint256" ]
        }
      ],
      "exp": "msg.sender.transfer(revenue);",
      "status": "unproven"
    }
  ]
}