{
  "fileName": "Benchmarks/Study_SamplesSet/e3fa5aa8eb4c92b368afc9fb7f79a342.sol",
  "baseName": "e3fa5aa8eb4c92b368afc9fb7f79a342.sol",
  "iter": 2,
  "time": "0.029571",
  "errMsg": null,
  "result": [
    {
      "no": "1",
      "kind": "ETH_LEAK",
      "line": 30,
      "signatures": [
        {
          "contractName": "Missing",
          "methodName": "withdraw",
          "argTypes": []
        }
      ],
      "exp": "owner.transfer(this.balance);",
      "status": "proven"
    }
  ]
}