{
  "fileName": "Benchmarks/Study_SamplesSet/e41c59a4fffd06867b4622dc84f6227f.sol",
  "baseName": "e41c59a4fffd06867b4622dc84f6227f.sol",
  "iter": 1,
  "time": "0.017499",
  "errMsg": null,
  "result": [
    {
      "no": "1",
      "kind": "ETH_LEAK",
      "line": 27,
      "signatures": [
        {
          "contractName": "alwaysFalse",
          "methodName": "withdrawMoney",
          "argTypes": []
        }
      ],
      "exp": "msg.sender.transfer(address(this).balance);",
      "status": "proven"
    }
  ]
}