{
  "fileName": "Benchmarks/Study_SamplesSet/e42f79800a4c6a1bf6fded5cf76c5b5e.sol",
  "baseName": "e42f79800a4c6a1bf6fded5cf76c5b5e.sol",
  "iter": 126,
  "time": "310.187377",
  "errMsg": null,
  "result": [
    {
      "no": "1",
      "kind": "IO",
      "line": 98,
      "signatures": [
        {
          "contractName": "FeeTransactionManager",
          "methodName": "transfer_intou38",
          "argTypes": [ "address", "uint256" ]
        }
      ],
      "exp": "(balances_intou38[msg.sender] - _value)",
      "status": "unproven"
    },
    {
      "no": "2",
      "kind": "IO",
      "line": 99,
      "signatures": [
        {
          "contractName": "FeeTransactionManager",
          "methodName": "transfer_intou38",
          "argTypes": [ "address", "uint256" ]
        }
      ],
      "exp": "(balances_intou38[msg.sender] - _value)",
      "status": "unproven"
    },
    {
      "no": "3",
      "kind": "IO",
      "line": 100,
      "signatures": [
        {
          "contractName": "FeeTransactionManager",
          "methodName": "transfer_intou38",
          "argTypes": [ "address", "uint256" ]
        }
      ],
      "exp": "(balances_intou38[_to] + _value)",
      "status": "unproven"
    },
    {
      "no": "4",
      "kind": "IO",
      "line": 107,
      "signatures": [
        {
          "contractName": "FeeTransactionManager",
          "methodName": "bug_intou31",
          "argTypes": []
        }
      ],
      "exp": "(vundflw - 10)",
      "status": "unproven"
    },
    {
      "no": "5",
      "kind": "IO",
      "line": 121,
      "signatures": [
        {
          "contractName": "FeeTransactionManager",
          "methodName": "transfer_intou14",
          "argTypes": [ "address", "uint256" ]
        }
      ],
      "exp": "(balances_intou14[msg.sender] - _value)",
      "status": "unproven"
    },
    {
      "no": "6",
      "kind": "IO",
      "line": 122,
      "signatures": [
        {
          "contractName": "FeeTransactionManager",
          "methodName": "transfer_intou14",
          "argTypes": [ "address", "uint256" ]
        }
      ],
      "exp": "(balances_intou14[msg.sender] - _value)",
      "status": "unproven"
    },
    {
      "no": "7",
      "kind": "IO",
      "line": 123,
      "signatures": [
        {
          "contractName": "FeeTransactionManager",
          "methodName": "transfer_intou14",
          "argTypes": [ "address", "uint256" ]
        }
      ],
      "exp": "(balances_intou14[_to] + _value)",
      "status": "unproven"
    },
    {
      "no": "8",
      "kind": "IO",
      "line": 136,
      "signatures": [
        {
          "contractName": "FeeTransactionManager",
          "methodName": "transfer_intou30",
          "argTypes": [ "address", "uint256" ]
        }
      ],
      "exp": "(balances_intou30[msg.sender] - _value)",
      "status": "unproven"
    },
    {
      "no": "9",
      "kind": "IO",
      "line": 137,
      "signatures": [
        {
          "contractName": "FeeTransactionManager",
          "methodName": "transfer_intou30",
          "argTypes": [ "address", "uint256" ]
        }
      ],
      "exp": "(balances_intou30[msg.sender] - _value)",
      "status": "unproven"
    },
    {
      "no": "10",
      "kind": "IO",
      "line": 138,
      "signatures": [
        {
          "contractName": "FeeTransactionManager",
          "methodName": "transfer_intou30",
          "argTypes": [ "address", "uint256" ]
        }
      ],
      "exp": "(balances_intou30[_to] + _value)",
      "status": "unproven"
    },
    {
      "no": "11",
      "kind": "IO",
      "line": 158,
      "signatures": [
        {
          "contractName": "FeeTransactionManager",
          "methodName": "bug_intou8",
          "argTypes": [ "uint8" ]
        }
      ],
      "exp": "(vundflw1 + p_intou8)",
      "status": "proven"
    },
    {
      "no": "12",
      "kind": "IO",
      "line": 170,
      "signatures": [
        {
          "contractName": "FeeTransactionManager",
          "methodName": "bug_intou39",
          "argTypes": []
        }
      ],
      "exp": "(vundflw - 10)",
      "status": "unproven"
    },
    {
      "no": "13",
      "kind": "IO",
      "line": 183,
      "signatures": [
        {
          "contractName": "FeeTransactionManager",
          "methodName": "bug_intou36",
          "argTypes": [ "uint8" ]
        }
      ],
      "exp": "(vundflw1 + p_intou36)",
      "status": "proven"
    },
    {
      "no": "14",
      "kind": "IO",
      "line": 203,
      "signatures": [
        {
          "contractName": "FeeTransactionManager",
          "methodName": "bug_intou4",
          "argTypes": [ "uint8" ]
        }
      ],
      "exp": "(vundflw1 + p_intou4)",
      "status": "proven"
    },
    {
      "no": "15",
      "kind": "IO",
      "line": 214,
      "signatures": [
        {
          "contractName": "FeeTransactionManager",
          "methodName": "bug_intou35",
          "argTypes": []
        }
      ],
      "exp": "(vundflw - 10)",
      "status": "unproven"
    },
    {
      "no": "16",
      "kind": "IO",
      "line": 225,
      "signatures": [
        {
          "contractName": "FeeTransactionManager",
          "methodName": "execute",
          "argTypes": [ "address", "uint256", "uint256", "dbytes" ]
        }
      ],
      "exp": "(_guardCounter + 1)",
      "status": "unproven"
    },
    {
      "no": "17",
      "kind": "IO",
      "line": 236,
      "signatures": [
        {
          "contractName": "FeeTransactionManager",
          "methodName": "bug_intou7",
          "argTypes": []
        }
      ],
      "exp": "(vundflw - 10)",
      "status": "unproven"
    },
    {
      "no": "18",
      "kind": "IO",
      "line": 241,
      "signatures": [
        {
          "contractName": "FeeTransactionManager",
          "methodName": "bug_intou23",
          "argTypes": []
        }
      ],
      "exp": "(vundflw - 10)",
      "status": "unproven"
    },
    {
      "no": "19",
      "kind": "IO",
      "line": 248,
      "signatures": [
        {
          "contractName": "FeeTransactionManager",
          "methodName": "increaseLockTime_intou13",
          "argTypes": [ "uint256" ]
        }
      ],
      "exp": "(lockTime_intou13[msg.sender] + _secondsToIncrease)",
      "status": "unproven"
    },
    {
      "no": "20",
      "kind": "IO",
      "line": 263,
      "signatures": [
        {
          "contractName": "FeeTransactionManager",
          "methodName": "bug_intou40",
          "argTypes": [ "uint8" ]
        }
      ],
      "exp": "(vundflw1 + p_intou40)",
      "status": "proven"
    },
    {
      "no": "21",
      "kind": "IO",
      "line": 288,
      "signatures": [
        {
          "contractName": "FeeTransactionManager",
          "methodName": "increaseLockTime_intou33",
          "argTypes": [ "uint256" ]
        }
      ],
      "exp": "(lockTime_intou33[msg.sender] + _secondsToIncrease)",
      "status": "unproven"
    },
    {
      "no": "22",
      "kind": "IO",
      "line": 303,
      "signatures": [
        {
          "contractName": "FeeTransactionManager",
          "methodName": "bug_intou27",
          "argTypes": []
        }
      ],
      "exp": "(vundflw - 10)",
      "status": "unproven"
    },
    {
      "no": "23",
      "kind": "ETH_LEAK",
      "line": 253,
      "signatures": [
        {
          "contractName": "FeeTransactionManager",
          "methodName": "withdraw_intou13",
          "argTypes": []
        }
      ],
      "exp": "msg.sender.transfer(transferValue_intou13);",
      "status": "unproven"
    },
    {
      "no": "24",
      "kind": "ETH_LEAK",
      "line": 293,
      "signatures": [
        {
          "contractName": "FeeTransactionManager",
          "methodName": "withdraw_intou33",
          "argTypes": []
        }
      ],
      "exp": "msg.sender.transfer(transferValue_intou33);",
      "status": "unproven"
    }
  ]
}