{
  "fileName": "Benchmarks/Study_SamplesSet/e451458f0dae796e25f570a8bd4cb2f4.sol",
  "baseName": "e451458f0dae796e25f570a8bd4cb2f4.sol",
  "iter": 3,
  "time": "0.417572",
  "errMsg": null,
  "result": [
    {
      "no": "1",
      "kind": "IO",
      "line": 48,
      "signatures": [
        {
          "contractName": "ERC20",
          "methodName": "transfer",
          "argTypes": [ "address", "uint256" ]
        },
        {
          "contractName": "ERC20",
          "methodName": "transferFrom",
          "argTypes": [ "address", "address", "uint256" ]
        }
      ],
      "exp": "(a - b)",
      "status": "proven"
    },
    {
      "no": "2",
      "kind": "IO",
      "line": 57,
      "signatures": [
        {
          "contractName": "ERC20",
          "methodName": "transfer",
          "argTypes": [ "address", "uint256" ]
        },
        {
          "contractName": "ERC20",
          "methodName": "transferFrom",
          "argTypes": [ "address", "address", "uint256" ]
        }
      ],
      "exp": "(a + b)",
      "status": "proven"
    }
  ]
}