{
  "fileName": "Benchmarks/Study_SamplesSet/e7f824bdf61a9f5b8e4d8d3c7df9330a.sol",
  "baseName": "e7f824bdf61a9f5b8e4d8d3c7df9330a.sol",
  "iter": 1,
  "time": "492.386711",
  "errMsg": null,
  "result": [
    {
      "no": "1",
      "kind": "IO",
      "line": 16,
      "signatures": [
        { "contractName": "UPI", "methodName": "getTokens", "argTypes": [] }
      ],
      "exp": "(a * b)",
      "status": "unproven"
    },
    {
      "no": "2",
      "kind": "IO",
      "line": 36,
      "signatures": [
        {
          "contractName": "UPI",
          "methodName": "burn",
          "argTypes": [ "uint256" ]
        },
        {
          "contractName": "UPI",
          "methodName": "transfer",
          "argTypes": [ "address", "uint256" ]
        },
        {
          "contractName": "UPI",
          "methodName": "transferFrom",
          "argTypes": [ "address", "address", "uint256" ]
        }
      ],
      "exp": "(a - b)",
      "status": "proven"
    },
    {
      "no": "3",
      "kind": "IO",
      "line": 43,
      "signatures": [
        {
          "contractName": "UPI",
          "methodName": "DistributeAirdrop",
          "argTypes": [ "address", "uint256" ]
        },
        {
          "contractName": "UPI",
          "methodName": "DistributeAirdropMultiple",
          "argTypes": [ "address[]", "uint256" ]
        },
        { "contractName": "UPI", "methodName": "UPI", "argTypes": [] },
        {
          "contractName": "UPI",
          "methodName": "add",
          "argTypes": [ "uint256" ]
        },
        { "contractName": "UPI", "methodName": "getTokens", "argTypes": [] },
        {
          "contractName": "UPI",
          "methodName": "transfer",
          "argTypes": [ "address", "uint256" ]
        },
        {
          "contractName": "UPI",
          "methodName": "transferFrom",
          "argTypes": [ "address", "address", "uint256" ]
        }
      ],
      "exp": "(a + b)",
      "status": "unproven"
    },
    {
      "no": "4",
      "kind": "IO",
      "line": 80,
      "signatures": [
        { "contractName": "UPI", "methodName": "UPI", "argTypes": [] }
      ],
      "exp": "(97 * 86400)",
      "status": "proven"
    },
    {
      "no": "5",
      "kind": "IO",
      "line": 80,
      "signatures": [
        { "contractName": "UPI", "methodName": "UPI", "argTypes": [] }
      ],
      "exp": "(now + (97 * 86400))",
      "status": "unproven"
    },
    {
      "no": "6",
      "kind": "IO",
      "line": 81,
      "signatures": [
        { "contractName": "UPI", "methodName": "UPI", "argTypes": [] }
      ],
      "exp": "(92 * 86400)",
      "status": "proven"
    },
    {
      "no": "7",
      "kind": "IO",
      "line": 81,
      "signatures": [
        { "contractName": "UPI", "methodName": "UPI", "argTypes": [] }
      ],
      "exp": "(now + (92 * 86400))",
      "status": "unproven"
    },
    {
      "no": "8",
      "kind": "IO",
      "line": 82,
      "signatures": [
        { "contractName": "UPI", "methodName": "UPI", "argTypes": [] }
      ],
      "exp": "(82 * 86400)",
      "status": "proven"
    },
    {
      "no": "9",
      "kind": "IO",
      "line": 82,
      "signatures": [
        { "contractName": "UPI", "methodName": "UPI", "argTypes": [] }
      ],
      "exp": "(now + (82 * 86400))",
      "status": "unproven"
    },
    {
      "no": "10",
      "kind": "IO",
      "line": 167,
      "signatures": [
        {
          "contractName": "UPI",
          "methodName": "DistributeAirdropMultiple",
          "argTypes": [ "address[]", "uint256" ]
        }
      ],
      "exp": "(i + 1)",
      "status": "proven"
    },
    {
      "no": "11",
      "kind": "IO",
      "line": 192,
      "signatures": [
        { "contractName": "UPI", "methodName": "getTokens", "argTypes": [] }
      ],
      "exp": "(tokens * 25)",
      "status": "unproven"
    },
    {
      "no": "12",
      "kind": "IO",
      "line": 194,
      "signatures": [
        { "contractName": "UPI", "methodName": "getTokens", "argTypes": [] }
      ],
      "exp": "(tokens * 50)",
      "status": "unproven"
    },
    {
      "no": "13",
      "kind": "IO",
      "line": 196,
      "signatures": [
        { "contractName": "UPI", "methodName": "getTokens", "argTypes": [] }
      ],
      "exp": "(tokens * 100)",
      "status": "unproven"
    },
    {
      "no": "14",
      "kind": "IO",
      "line": 200,
      "signatures": [
        { "contractName": "UPI", "methodName": "getTokens", "argTypes": [] }
      ],
      "exp": "(tokens * 50)",
      "status": "unproven"
    },
    {
      "no": "15",
      "kind": "IO",
      "line": 202,
      "signatures": [
        { "contractName": "UPI", "methodName": "getTokens", "argTypes": [] }
      ],
      "exp": "(tokens * 100)",
      "status": "unproven"
    },
    {
      "no": "16",
      "kind": "IO",
      "line": 208,
      "signatures": [
        { "contractName": "UPI", "methodName": "getTokens", "argTypes": [] }
      ],
      "exp": "(tokens + countbonus)",
      "status": "unproven"
    },
    {
      "no": "17",
      "kind": "IO",
      "line": 215,
      "signatures": [
        { "contractName": "UPI", "methodName": "getTokens", "argTypes": [] }
      ],
      "exp": "(progress0drop + 1)",
      "status": "proven"
    },
    {
      "no": "18",
      "kind": "IO",
      "line": 243,
      "signatures": [
        {
          "contractName": "UPI",
          "methodName": "transfer",
          "argTypes": [ "address", "uint256" ]
        },
        {
          "contractName": "UPI",
          "methodName": "transferFrom",
          "argTypes": [ "address", "address", "uint256" ]
        }
      ],
      "exp": "(size + 4)",
      "status": "proven"
    },
    {
      "no": "19",
      "kind": "IO",
      "line": 247,
      "signatures": [
        {
          "contractName": "UPI",
          "methodName": "transfer",
          "argTypes": [ "address", "uint256" ]
        }
      ],
      "exp": "(2 * 32)",
      "status": "proven"
    },
    {
      "no": "20",
      "kind": "IO",
      "line": 258,
      "signatures": [
        {
          "contractName": "UPI",
          "methodName": "transferFrom",
          "argTypes": [ "address", "address", "uint256" ]
        }
      ],
      "exp": "(3 * 32)",
      "status": "proven"
    },
    {
      "no": "21",
      "kind": "DZ",
      "line": 17,
      "signatures": [
        { "contractName": "UPI", "methodName": "getTokens", "argTypes": [] }
      ],
      "exp": "(c / a)",
      "status": "proven"
    },
    {
      "no": "22",
      "kind": "DZ",
      "line": 86,
      "signatures": [
        { "contractName": "UPI", "methodName": "UPI", "argTypes": [] }
      ],
      "exp": "(1000000000000000000 / 100)",
      "status": "proven"
    },
    {
      "no": "23",
      "kind": "DZ",
      "line": 183,
      "signatures": [
        { "contractName": "UPI", "methodName": "getTokens", "argTypes": [] }
      ],
      "exp": "(1000000000000000000 / 10)",
      "status": "proven"
    },
    {
      "no": "24",
      "kind": "DZ",
      "line": 184,
      "signatures": [
        { "contractName": "UPI", "methodName": "getTokens", "argTypes": [] }
      ],
      "exp": "(1000000000000000000 / 2)",
      "status": "proven"
    },
    {
      "no": "25",
      "kind": "DZ",
      "line": 187,
      "signatures": [
        { "contractName": "UPI", "methodName": "getTokens", "argTypes": [] }
      ],
      "exp": "(tokensPerEth.mul(msg.value) / 1000000000000000000)",
      "status": "proven"
    },
    {
      "no": "26",
      "kind": "DZ",
      "line": 192,
      "signatures": [
        { "contractName": "UPI", "methodName": "getTokens", "argTypes": [] }
      ],
      "exp": "((tokens * 25) / 100)",
      "status": "proven"
    },
    {
      "no": "27",
      "kind": "DZ",
      "line": 194,
      "signatures": [
        { "contractName": "UPI", "methodName": "getTokens", "argTypes": [] }
      ],
      "exp": "((tokens * 50) / 100)",
      "status": "proven"
    },
    {
      "no": "28",
      "kind": "DZ",
      "line": 196,
      "signatures": [
        { "contractName": "UPI", "methodName": "getTokens", "argTypes": [] }
      ],
      "exp": "((tokens * 100) / 100)",
      "status": "proven"
    },
    {
      "no": "29",
      "kind": "DZ",
      "line": 200,
      "signatures": [
        { "contractName": "UPI", "methodName": "getTokens", "argTypes": [] }
      ],
      "exp": "((tokens * 50) / 100)",
      "status": "proven"
    },
    {
      "no": "30",
      "kind": "DZ",
      "line": 202,
      "signatures": [
        { "contractName": "UPI", "methodName": "getTokens", "argTypes": [] }
      ],
      "exp": "((tokens * 100) / 100)",
      "status": "proven"
    },
    {
      "no": "31",
      "kind": "ETH_LEAK",
      "line": 291,
      "signatures": [
        {
          "contractName": "UPI",
          "methodName": "withdrawAll",
          "argTypes": []
        }
      ],
      "exp": "owner.transfer(etherBalance);",
      "status": "unproven"
    },
    {
      "no": "32",
      "kind": "ETH_LEAK",
      "line": 296,
      "signatures": [
        {
          "contractName": "UPI",
          "methodName": "withdraw",
          "argTypes": [ "uint256" ]
        }
      ],
      "exp": "owner.transfer(wantAmount);",
      "status": "unproven"
    }
  ]
}