{
  "fileName": "Benchmarks/Study_SamplesSet/ec5d43dbe2cb06a38c841965813ae6c4.sol",
  "baseName": "ec5d43dbe2cb06a38c841965813ae6c4.sol",
  "iter": 245,
  "time": "300.714099",
  "errMsg": null,
  "result": [
    {
      "no": "1",
      "kind": "IO",
      "line": 15,
      "signatures": [
        {
          "contractName": "QShareExchange",
          "methodName": "@fallback",
          "argTypes": []
        },
        {
          "contractName": "QShareExchange",
          "methodName": "getTokens",
          "argTypes": []
        }
      ],
      "exp": "(a * b)",
      "status": "unproven"
    },
    {
      "no": "2",
      "kind": "IO",
      "line": 27,
      "signatures": [
        {
          "contractName": "QShareExchange",
          "methodName": "QShareExchange",
          "argTypes": []
        },
        {
          "contractName": "QShareExchange",
          "methodName": "burn",
          "argTypes": [ "uint256" ]
        },
        {
          "contractName": "QShareExchange",
          "methodName": "distr",
          "argTypes": [ "address", "uint256" ]
        },
        {
          "contractName": "QShareExchange",
          "methodName": "transfer",
          "argTypes": [ "address", "uint256" ]
        },
        {
          "contractName": "QShareExchange",
          "methodName": "transferFrom",
          "argTypes": [ "address", "address", "uint256" ]
        }
      ],
      "exp": "(a - b)",
      "status": "proven"
    },
    {
      "no": "3",
      "kind": "IO",
      "line": 31,
      "signatures": [
        {
          "contractName": "QShareExchange",
          "methodName": "distr",
          "argTypes": [ "address", "uint256" ]
        },
        {
          "contractName": "QShareExchange",
          "methodName": "transfer",
          "argTypes": [ "address", "uint256" ]
        },
        {
          "contractName": "QShareExchange",
          "methodName": "transferFrom",
          "argTypes": [ "address", "address", "uint256" ]
        }
      ],
      "exp": "(a + b)",
      "status": "unproven"
    },
    {
      "no": "4",
      "kind": "IO",
      "line": 118,
      "signatures": [
        {
          "contractName": "QShareExchange",
          "methodName": "enableWhitelist",
          "argTypes": [ "address[]" ]
        }
      ],
      "exp": "(i + 1)",
      "status": "proven"
    },
    {
      "no": "5",
      "kind": "IO",
      "line": 124,
      "signatures": [
        {
          "contractName": "QShareExchange",
          "methodName": "disableWhitelist",
          "argTypes": [ "address[]" ]
        }
      ],
      "exp": "(i + 1)",
      "status": "proven"
    },
    {
      "no": "6",
      "kind": "IO",
      "line": 153,
      "signatures": [
        {
          "contractName": "QShareExchange",
          "methodName": "airdrop",
          "argTypes": [ "address[]" ]
        }
      ],
      "exp": "(i + 1)",
      "status": "proven"
    },
    {
      "no": "7",
      "kind": "IO",
      "line": 168,
      "signatures": [
        {
          "contractName": "QShareExchange",
          "methodName": "distribution",
          "argTypes": [ "address[]", "uint256" ]
        }
      ],
      "exp": "(i + 1)",
      "status": "proven"
    },
    {
      "no": "8",
      "kind": "IO",
      "line": 183,
      "signatures": [
        {
          "contractName": "QShareExchange",
          "methodName": "distributeAmounts",
          "argTypes": [ "address[]", "uint256[]" ]
        }
      ],
      "exp": "(i + 1)",
      "status": "unproven"
    },
    {
      "no": "9",
      "kind": "IO",
      "line": 227,
      "signatures": [
        {
          "contractName": "QShareExchange",
          "methodName": "transfer",
          "argTypes": [ "address", "uint256" ]
        },
        {
          "contractName": "QShareExchange",
          "methodName": "transferFrom",
          "argTypes": [ "address", "address", "uint256" ]
        }
      ],
      "exp": "(size + 4)",
      "status": "proven"
    },
    {
      "no": "10",
      "kind": "IO",
      "line": 231,
      "signatures": [
        {
          "contractName": "QShareExchange",
          "methodName": "transfer",
          "argTypes": [ "address", "uint256" ]
        }
      ],
      "exp": "(2 * 32)",
      "status": "proven"
    },
    {
      "no": "11",
      "kind": "IO",
      "line": 242,
      "signatures": [
        {
          "contractName": "QShareExchange",
          "methodName": "transferFrom",
          "argTypes": [ "address", "address", "uint256" ]
        }
      ],
      "exp": "(3 * 32)",
      "status": "proven"
    },
    {
      "no": "12",
      "kind": "DZ",
      "line": 16,
      "signatures": [
        {
          "contractName": "QShareExchange",
          "methodName": "@fallback",
          "argTypes": []
        },
        {
          "contractName": "QShareExchange",
          "methodName": "getTokens",
          "argTypes": []
        }
      ],
      "exp": "(c / a)",
      "status": "unproven"
    },
    {
      "no": "13",
      "kind": "DZ",
      "line": 21,
      "signatures": [
        {
          "contractName": "QShareExchange",
          "methodName": "@fallback",
          "argTypes": []
        },
        {
          "contractName": "QShareExchange",
          "methodName": "getTokens",
          "argTypes": []
        }
      ],
      "exp": "(a / b)",
      "status": "proven"
    },
    {
      "no": "14",
      "kind": "ETH_LEAK",
      "line": 275,
      "signatures": [
        {
          "contractName": "QShareExchange",
          "methodName": "withdraw",
          "argTypes": []
        }
      ],
      "exp": "owner.transfer(etherBalance);",
      "status": "proven"
    }
  ]
}