{
  "fileName": "Benchmarks/Study_SamplesSet/f2e386f767fc6aa4be4ecf1168649857.sol",
  "baseName": "f2e386f767fc6aa4be4ecf1168649857.sol",
  "iter": 212,
  "time": "300.452999",
  "errMsg": null,
  "result": [
    {
      "no": "1",
      "kind": "IO",
      "line": 14,
      "signatures": [
        {
          "contractName": "VotePumpCoin0x",
          "methodName": "@fallback",
          "argTypes": []
        },
        {
          "contractName": "VotePumpCoin0x",
          "methodName": "getTokens",
          "argTypes": []
        }
      ],
      "exp": "(a * b)",
      "status": "unproven"
    },
    {
      "no": "2",
      "kind": "IO",
      "line": 26,
      "signatures": [
        {
          "contractName": "VotePumpCoin0x",
          "methodName": "VotePumpCoin0x",
          "argTypes": []
        },
        {
          "contractName": "VotePumpCoin0x",
          "methodName": "burn",
          "argTypes": [ "uint256" ]
        },
        {
          "contractName": "VotePumpCoin0x",
          "methodName": "distr",
          "argTypes": [ "address", "uint256" ]
        },
        {
          "contractName": "VotePumpCoin0x",
          "methodName": "getTokens",
          "argTypes": []
        },
        {
          "contractName": "VotePumpCoin0x",
          "methodName": "transfer",
          "argTypes": [ "address", "uint256" ]
        },
        {
          "contractName": "VotePumpCoin0x",
          "methodName": "transferFrom",
          "argTypes": [ "address", "address", "uint256" ]
        }
      ],
      "exp": "(a - b)",
      "status": "proven"
    },
    {
      "no": "3",
      "kind": "IO",
      "line": 30,
      "signatures": [
        {
          "contractName": "VotePumpCoin0x",
          "methodName": "distr",
          "argTypes": [ "address", "uint256" ]
        },
        {
          "contractName": "VotePumpCoin0x",
          "methodName": "getTokens",
          "argTypes": []
        },
        {
          "contractName": "VotePumpCoin0x",
          "methodName": "transfer",
          "argTypes": [ "address", "uint256" ]
        },
        {
          "contractName": "VotePumpCoin0x",
          "methodName": "transferFrom",
          "argTypes": [ "address", "address", "uint256" ]
        }
      ],
      "exp": "(a + b)",
      "status": "unproven"
    },
    {
      "no": "4",
      "kind": "IO",
      "line": 173,
      "signatures": [
        {
          "contractName": "VotePumpCoin0x",
          "methodName": "transfer",
          "argTypes": [ "address", "uint256" ]
        },
        {
          "contractName": "VotePumpCoin0x",
          "methodName": "transferFrom",
          "argTypes": [ "address", "address", "uint256" ]
        }
      ],
      "exp": "(size + 4)",
      "status": "proven"
    },
    {
      "no": "5",
      "kind": "IO",
      "line": 177,
      "signatures": [
        {
          "contractName": "VotePumpCoin0x",
          "methodName": "transfer",
          "argTypes": [ "address", "uint256" ]
        }
      ],
      "exp": "(2 * 32)",
      "status": "proven"
    },
    {
      "no": "6",
      "kind": "IO",
      "line": 187,
      "signatures": [
        {
          "contractName": "VotePumpCoin0x",
          "methodName": "transferFrom",
          "argTypes": [ "address", "address", "uint256" ]
        }
      ],
      "exp": "(3 * 32)",
      "status": "proven"
    },
    {
      "no": "7",
      "kind": "DZ",
      "line": 15,
      "signatures": [
        {
          "contractName": "VotePumpCoin0x",
          "methodName": "@fallback",
          "argTypes": []
        },
        {
          "contractName": "VotePumpCoin0x",
          "methodName": "getTokens",
          "argTypes": []
        }
      ],
      "exp": "(c / a)",
      "status": "unproven"
    },
    {
      "no": "8",
      "kind": "DZ",
      "line": 20,
      "signatures": [
        {
          "contractName": "VotePumpCoin0x",
          "methodName": "@fallback",
          "argTypes": []
        },
        {
          "contractName": "VotePumpCoin0x",
          "methodName": "getTokens",
          "argTypes": []
        }
      ],
      "exp": "(a / b)",
      "status": "proven"
    },
    {
      "no": "9",
      "kind": "ETH_LEAK",
      "line": 218,
      "signatures": [
        {
          "contractName": "VotePumpCoin0x",
          "methodName": "withdraw",
          "argTypes": []
        }
      ],
      "exp": "owner.transfer(etherBalance);",
      "status": "unproven"
    }
  ]
}