{
  "fileName": "Benchmarks/Study_SamplesSet/f5f3ada03ff33a21fc3076639a98db7b.sol",
  "baseName": "f5f3ada03ff33a21fc3076639a98db7b.sol",
  "iter": 305,
  "time": "88.406677",
  "errMsg": null,
  "result": [
    {
      "no": "1",
      "kind": "IO",
      "line": 74,
      "signatures": [
        {
          "contractName": "AGR",
          "methodName": "_burn",
          "argTypes": [ "address", "uint256" ]
        },
        {
          "contractName": "AGR",
          "methodName": "burn",
          "argTypes": [ "uint256" ]
        },
        {
          "contractName": "AGR",
          "methodName": "burnFrom",
          "argTypes": [ "address", "uint256" ]
        },
        {
          "contractName": "AGR",
          "methodName": "decreaseAllowance",
          "argTypes": [ "address", "uint256" ]
        },
        {
          "contractName": "AGR",
          "methodName": "transfer",
          "argTypes": [ "address", "uint256" ]
        },
        {
          "contractName": "AGR",
          "methodName": "transferFrom",
          "argTypes": [ "address", "address", "uint256" ]
        }
      ],
      "exp": "(a - b)",
      "status": "proven"
    },
    {
      "no": "2",
      "kind": "IO",
      "line": 83,
      "signatures": [
        { "contractName": "AGR", "methodName": "AGR", "argTypes": [] },
        {
          "contractName": "AGR",
          "methodName": "increaseAllowance",
          "argTypes": [ "address", "uint256" ]
        }
      ],
      "exp": "(a + b)",
      "status": "unproven"
    },
    {
      "no": "3",
      "kind": "ETH_LEAK",
      "line": 122,
      "signatures": [
        {
          "contractName": "AGR",
          "methodName": "sendto_txorigin1",
          "argTypes": [ "address", "uint256", "address" ]
        }
      ],
      "exp": "receiver.transfer(amount);",
      "status": "unproven"
    },
    {
      "no": "4",
      "kind": "ETH_LEAK",
      "line": 128,
      "signatures": [
        {
          "contractName": "AGR",
          "methodName": "withdrawAll_txorigin2",
          "argTypes": [ "address", "address" ]
        }
      ],
      "exp": "_recipient.transfer(address(this).balance);",
      "status": "unproven"
    },
    {
      "no": "5",
      "kind": "ETH_LEAK",
      "line": 134,
      "signatures": [
        {
          "contractName": "AGR",
          "methodName": "sendto_txorigin17",
          "argTypes": [ "address", "uint256", "address" ]
        }
      ],
      "exp": "receiver.transfer(amount);",
      "status": "unproven"
    },
    {
      "no": "6",
      "kind": "ETH_LEAK",
      "line": 146,
      "signatures": [
        {
          "contractName": "AGR",
          "methodName": "sendto_txorigin25",
          "argTypes": [ "address", "uint256", "address" ]
        }
      ],
      "exp": "receiver.transfer(amount);",
      "status": "unproven"
    },
    {
      "no": "7",
      "kind": "ETH_LEAK",
      "line": 173,
      "signatures": [
        {
          "contractName": "AGR",
          "methodName": "withdrawAll_txorigin26",
          "argTypes": [ "address", "address" ]
        }
      ],
      "exp": "_recipient.transfer(address(this).balance);",
      "status": "unproven"
    },
    {
      "no": "8",
      "kind": "ETH_LEAK",
      "line": 221,
      "signatures": [
        {
          "contractName": "AGR",
          "methodName": "withdrawAll_txorigin38",
          "argTypes": [ "address", "address" ]
        }
      ],
      "exp": "_recipient.transfer(address(this).balance);",
      "status": "unproven"
    },
    {
      "no": "9",
      "kind": "ETH_LEAK",
      "line": 295,
      "signatures": [
        {
          "contractName": "AGR",
          "methodName": "withdrawAll_txorigin14",
          "argTypes": [ "address", "address" ]
        }
      ],
      "exp": "_recipient.transfer(address(this).balance);",
      "status": "unproven"
    },
    {
      "no": "10",
      "kind": "ETH_LEAK",
      "line": 313,
      "signatures": [
        {
          "contractName": "AGR",
          "methodName": "withdrawAll_txorigin30",
          "argTypes": [ "address", "address" ]
        }
      ],
      "exp": "_recipient.transfer(address(this).balance);",
      "status": "unproven"
    },
    {
      "no": "11",
      "kind": "ETH_LEAK",
      "line": 400,
      "signatures": [
        {
          "contractName": "AGR",
          "methodName": "sendto_txorigin37",
          "argTypes": [ "address", "uint256", "address" ]
        }
      ],
      "exp": "receiver.transfer(amount);",
      "status": "unproven"
    },
    {
      "no": "12",
      "kind": "ETH_LEAK",
      "line": 410,
      "signatures": [
        {
          "contractName": "AGR",
          "methodName": "sendto_txorigin9",
          "argTypes": [ "address", "uint256", "address" ]
        }
      ],
      "exp": "receiver.transfer(amount);",
      "status": "unproven"
    },
    {
      "no": "13",
      "kind": "ETH_LEAK",
      "line": 431,
      "signatures": [
        {
          "contractName": "AGR",
          "methodName": "sendto_txorigin33",
          "argTypes": [ "address", "uint256", "address" ]
        }
      ],
      "exp": "receiver.transfer(amount);",
      "status": "unproven"
    },
    {
      "no": "14",
      "kind": "ETH_LEAK",
      "line": 470,
      "signatures": [
        {
          "contractName": "AGR",
          "methodName": "sendto_txorigin13",
          "argTypes": [ "address", "uint256", "address" ]
        }
      ],
      "exp": "receiver.transfer(amount);",
      "status": "unproven"
    }
  ]
}