{
  "fileName": "Benchmarks/Study_SamplesSet/f6734f638e53f58f91263252d5471c3c.sol",
  "baseName": "f6734f638e53f58f91263252d5471c3c.sol",
  "iter": 606,
  "time": "692.062773",
  "errMsg": null,
  "result": [
    {
      "no": "1",
      "kind": "IO",
      "line": 26,
      "signatures": [
        {
          "contractName": "AsseteGram",
          "methodName": "transfer",
          "argTypes": [ "address", "uint256" ]
        },
        {
          "contractName": "AsseteGram",
          "methodName": "transferFrom",
          "argTypes": [ "address", "address", "uint256" ]
        }
      ],
      "exp": "(a - b)",
      "status": "proven"
    },
    {
      "no": "2",
      "kind": "IO",
      "line": 35,
      "signatures": [
        {
          "contractName": "AsseteGram",
          "methodName": "transfer",
          "argTypes": [ "address", "uint256" ]
        },
        {
          "contractName": "AsseteGram",
          "methodName": "transferFrom",
          "argTypes": [ "address", "address", "uint256" ]
        }
      ],
      "exp": "(a + b)",
      "status": "proven"
    },
    {
      "no": "3",
      "kind": "IO",
      "line": 62,
      "signatures": [
        {
          "contractName": "AsseteGram",
          "methodName": "play_tmstmp39",
          "argTypes": [ "uint256" ]
        }
      ],
      "exp": "(5 * 86400)",
      "status": "proven"
    },
    {
      "no": "4",
      "kind": "IO",
      "line": 62,
      "signatures": [
        {
          "contractName": "AsseteGram",
          "methodName": "play_tmstmp39",
          "argTypes": [ "uint256" ]
        }
      ],
      "exp": "(startTime + (5 * 86400))",
      "status": "unproven"
    },
    {
      "no": "5",
      "kind": "IO",
      "line": 78,
      "signatures": [
        {
          "contractName": "AsseteGram",
          "methodName": "play_tmstmp35",
          "argTypes": [ "uint256" ]
        }
      ],
      "exp": "(5 * 86400)",
      "status": "proven"
    },
    {
      "no": "6",
      "kind": "IO",
      "line": 78,
      "signatures": [
        {
          "contractName": "AsseteGram",
          "methodName": "play_tmstmp35",
          "argTypes": [ "uint256" ]
        }
      ],
      "exp": "(startTime + (5 * 86400))",
      "status": "unproven"
    },
    {
      "no": "7",
      "kind": "IO",
      "line": 111,
      "signatures": [
        {
          "contractName": "AsseteGram",
          "methodName": "play_tmstmp38",
          "argTypes": [ "uint256" ]
        }
      ],
      "exp": "(5 * 86400)",
      "status": "proven"
    },
    {
      "no": "8",
      "kind": "IO",
      "line": 111,
      "signatures": [
        {
          "contractName": "AsseteGram",
          "methodName": "play_tmstmp38",
          "argTypes": [ "uint256" ]
        }
      ],
      "exp": "(startTime + (5 * 86400))",
      "status": "unproven"
    },
    {
      "no": "9",
      "kind": "IO",
      "line": 150,
      "signatures": [
        {
          "contractName": "AsseteGram",
          "methodName": "play_tmstmp27",
          "argTypes": [ "uint256" ]
        }
      ],
      "exp": "(5 * 86400)",
      "status": "proven"
    },
    {
      "no": "10",
      "kind": "IO",
      "line": 150,
      "signatures": [
        {
          "contractName": "AsseteGram",
          "methodName": "play_tmstmp27",
          "argTypes": [ "uint256" ]
        }
      ],
      "exp": "(startTime + (5 * 86400))",
      "status": "unproven"
    },
    {
      "no": "11",
      "kind": "IO",
      "line": 169,
      "signatures": [
        {
          "contractName": "AsseteGram",
          "methodName": "play_tmstmp31",
          "argTypes": [ "uint256" ]
        }
      ],
      "exp": "(5 * 86400)",
      "status": "proven"
    },
    {
      "no": "12",
      "kind": "IO",
      "line": 169,
      "signatures": [
        {
          "contractName": "AsseteGram",
          "methodName": "play_tmstmp31",
          "argTypes": [ "uint256" ]
        }
      ],
      "exp": "(startTime + (5 * 86400))",
      "status": "unproven"
    },
    {
      "no": "13",
      "kind": "IO",
      "line": 213,
      "signatures": [
        {
          "contractName": "AsseteGram",
          "methodName": "play_tmstmp7",
          "argTypes": [ "uint256" ]
        }
      ],
      "exp": "(5 * 86400)",
      "status": "proven"
    },
    {
      "no": "14",
      "kind": "IO",
      "line": 213,
      "signatures": [
        {
          "contractName": "AsseteGram",
          "methodName": "play_tmstmp7",
          "argTypes": [ "uint256" ]
        }
      ],
      "exp": "(startTime + (5 * 86400))",
      "status": "unproven"
    },
    {
      "no": "15",
      "kind": "IO",
      "line": 219,
      "signatures": [
        {
          "contractName": "AsseteGram",
          "methodName": "play_tmstmp23",
          "argTypes": [ "uint256" ]
        }
      ],
      "exp": "(5 * 86400)",
      "status": "proven"
    },
    {
      "no": "16",
      "kind": "IO",
      "line": 219,
      "signatures": [
        {
          "contractName": "AsseteGram",
          "methodName": "play_tmstmp23",
          "argTypes": [ "uint256" ]
        }
      ],
      "exp": "(startTime + (5 * 86400))",
      "status": "unproven"
    },
    {
      "no": "17",
      "kind": "IO",
      "line": 224,
      "signatures": [
        {
          "contractName": "AsseteGram",
          "methodName": "play_tmstmp14",
          "argTypes": [ "uint256" ]
        }
      ],
      "exp": "(5 * 86400)",
      "status": "proven"
    },
    {
      "no": "18",
      "kind": "IO",
      "line": 224,
      "signatures": [
        {
          "contractName": "AsseteGram",
          "methodName": "play_tmstmp14",
          "argTypes": [ "uint256" ]
        }
      ],
      "exp": "(startTime + (5 * 86400))",
      "status": "unproven"
    },
    {
      "no": "19",
      "kind": "IO",
      "line": 229,
      "signatures": [
        {
          "contractName": "AsseteGram",
          "methodName": "play_tmstmp30",
          "argTypes": [ "uint256" ]
        }
      ],
      "exp": "(5 * 86400)",
      "status": "proven"
    },
    {
      "no": "20",
      "kind": "IO",
      "line": 229,
      "signatures": [
        {
          "contractName": "AsseteGram",
          "methodName": "play_tmstmp30",
          "argTypes": [ "uint256" ]
        }
      ],
      "exp": "(startTime + (5 * 86400))",
      "status": "unproven"
    },
    {
      "no": "21",
      "kind": "IO",
      "line": 235,
      "signatures": [
        {
          "contractName": "AsseteGram",
          "methodName": "AsseteGram",
          "argTypes": []
        }
      ],
      "exp": "(10 ** uint256(decimals))",
      "status": "proven"
    },
    {
      "no": "22",
      "kind": "IO",
      "line": 235,
      "signatures": [
        {
          "contractName": "AsseteGram",
          "methodName": "AsseteGram",
          "argTypes": []
        }
      ],
      "exp": "(180000000 * (10 ** uint256(decimals)))",
      "status": "proven"
    },
    {
      "no": "23",
      "kind": "DZ",
      "line": 54,
      "signatures": [
        {
          "contractName": "AsseteGram",
          "methodName": "bug_tmstmp8",
          "argTypes": []
        }
      ],
      "exp": "(now % 15)",
      "status": "proven"
    },
    {
      "no": "24",
      "kind": "DZ",
      "line": 70,
      "signatures": [
        {
          "contractName": "AsseteGram",
          "methodName": "bug_tmstmp36",
          "argTypes": []
        }
      ],
      "exp": "(now % 15)",
      "status": "proven"
    },
    {
      "no": "25",
      "kind": "DZ",
      "line": 86,
      "signatures": [
        {
          "contractName": "AsseteGram",
          "methodName": "bug_tmstmp40",
          "argTypes": []
        }
      ],
      "exp": "(now % 15)",
      "status": "proven"
    },
    {
      "no": "26",
      "kind": "DZ",
      "line": 104,
      "signatures": [
        {
          "contractName": "AsseteGram",
          "methodName": "bug_tmstmp32",
          "argTypes": []
        }
      ],
      "exp": "(now % 15)",
      "status": "proven"
    },
    {
      "no": "27",
      "kind": "DZ",
      "line": 119,
      "signatures": [
        {
          "contractName": "AsseteGram",
          "methodName": "bug_tmstmp4",
          "argTypes": []
        }
      ],
      "exp": "(now % 15)",
      "status": "proven"
    },
    {
      "no": "28",
      "kind": "ETH_LEAK",
      "line": 55,
      "signatures": [
        {
          "contractName": "AsseteGram",
          "methodName": "bug_tmstmp8",
          "argTypes": []
        }
      ],
      "exp": "msg.sender.transfer(address(this).balance);",
      "status": "unproven"
    },
    {
      "no": "29",
      "kind": "ETH_LEAK",
      "line": 71,
      "signatures": [
        {
          "contractName": "AsseteGram",
          "methodName": "bug_tmstmp36",
          "argTypes": []
        }
      ],
      "exp": "msg.sender.transfer(address(this).balance);",
      "status": "unproven"
    },
    {
      "no": "30",
      "kind": "ETH_LEAK",
      "line": 87,
      "signatures": [
        {
          "contractName": "AsseteGram",
          "methodName": "bug_tmstmp40",
          "argTypes": []
        }
      ],
      "exp": "msg.sender.transfer(address(this).balance);",
      "status": "unproven"
    },
    {
      "no": "31",
      "kind": "ETH_LEAK",
      "line": 105,
      "signatures": [
        {
          "contractName": "AsseteGram",
          "methodName": "bug_tmstmp32",
          "argTypes": []
        }
      ],
      "exp": "msg.sender.transfer(address(this).balance);",
      "status": "unproven"
    },
    {
      "no": "32",
      "kind": "ETH_LEAK",
      "line": 120,
      "signatures": [
        {
          "contractName": "AsseteGram",
          "methodName": "bug_tmstmp4",
          "argTypes": []
        }
      ],
      "exp": "msg.sender.transfer(address(this).balance);",
      "status": "unproven"
    }
  ]
}