{
  "fileName": "Benchmarks/Study_SamplesSet/f787a3b683932a30e4beb0e4a57b41f2.sol",
  "baseName": "f787a3b683932a30e4beb0e4a57b41f2.sol",
  "iter": 1382,
  "time": "300.086161",
  "errMsg": null,
  "result": [
    {
      "no": "1",
      "kind": "IO",
      "line": 30,
      "signatures": [
        {
          "contractName": "CryptoRoulette",
          "methodName": "CryptoRoulette",
          "argTypes": []
        },
        {
          "contractName": "CryptoRoulette",
          "methodName": "play",
          "argTypes": [ "uint256" ]
        }
      ],
      "exp": "((uint8(sha3(now, block.blockhash((block.number - 1)))) % 20) + 1)",
      "status": "unproven"
    },
    {
      "no": "2",
      "kind": "IO",
      "line": 30,
      "signatures": [
        {
          "contractName": "CryptoRoulette",
          "methodName": "CryptoRoulette",
          "argTypes": []
        },
        {
          "contractName": "CryptoRoulette",
          "methodName": "play",
          "argTypes": [ "uint256" ]
        }
      ],
      "exp": "(block.number - 1)",
      "status": "unproven"
    },
    {
      "no": "3",
      "kind": "IO",
      "line": 51,
      "signatures": [
        {
          "contractName": "CryptoRoulette",
          "methodName": "kill",
          "argTypes": []
        }
      ],
      "exp": "(lastPlayed + 86400)",
      "status": "unproven"
    },
    {
      "no": "4",
      "kind": "DZ",
      "line": 30,
      "signatures": [
        {
          "contractName": "CryptoRoulette",
          "methodName": "CryptoRoulette",
          "argTypes": []
        },
        {
          "contractName": "CryptoRoulette",
          "methodName": "play",
          "argTypes": [ "uint256" ]
        }
      ],
      "exp": "(uint8(sha3(now, block.blockhash((block.number - 1)))) % 20)",
      "status": "proven"
    },
    {
      "no": "5",
      "kind": "KA",
      "line": 52,
      "signatures": [
        {
          "contractName": "CryptoRoulette",
          "methodName": "kill",
          "argTypes": []
        }
      ],
      "exp": "suicide(msg.sender);",
      "status": "proven"
    },
    {
      "no": "6",
      "kind": "ETH_LEAK",
      "line": 43,
      "signatures": [
        {
          "contractName": "CryptoRoulette",
          "methodName": "play",
          "argTypes": [ "uint256" ]
        }
      ],
      "exp": "msg.sender.transfer(this.balance);",
      "status": "unproven"
    },
    {
      "no": "7",
      "kind": "ETH_LEAK",
      "line": 52,
      "signatures": [
        {
          "contractName": "CryptoRoulette",
          "methodName": "kill",
          "argTypes": []
        }
      ],
      "exp": "suicide(msg.sender);",
      "status": "proven"
    }
  ]
}