{
  "fileName": "Benchmarks/Study_SamplesSet/fea8aa8ae43544f90fd1473bdee49695.sol",
  "baseName": "fea8aa8ae43544f90fd1473bdee49695.sol",
  "iter": 188,
  "time": "312.766394",
  "errMsg": null,
  "result": [
    {
      "no": "1",
      "kind": "IO",
      "line": 18,
      "signatures": [
        {
          "contractName": "CustomToken",
          "methodName": "@fallback",
          "argTypes": []
        },
        {
          "contractName": "CustomToken",
          "methodName": "transfer",
          "argTypes": [ "address", "uint256" ]
        },
        {
          "contractName": "CustomToken",
          "methodName": "transferFrom",
          "argTypes": [ "address", "address", "uint256" ]
        }
      ],
      "exp": "(balanceOf[_to] + _value)",
      "status": "proven"
    },
    {
      "no": "2",
      "kind": "IO",
      "line": 19,
      "signatures": [
        {
          "contractName": "CustomToken",
          "methodName": "@fallback",
          "argTypes": []
        },
        {
          "contractName": "CustomToken",
          "methodName": "transfer",
          "argTypes": [ "address", "uint256" ]
        },
        {
          "contractName": "CustomToken",
          "methodName": "transferFrom",
          "argTypes": [ "address", "address", "uint256" ]
        }
      ],
      "exp": "(balanceOf[_from] + balanceOf[_to])",
      "status": "proven"
    },
    {
      "no": "3",
      "kind": "IO",
      "line": 20,
      "signatures": [
        {
          "contractName": "CustomToken",
          "methodName": "@fallback",
          "argTypes": []
        },
        {
          "contractName": "CustomToken",
          "methodName": "transfer",
          "argTypes": [ "address", "uint256" ]
        },
        {
          "contractName": "CustomToken",
          "methodName": "transferFrom",
          "argTypes": [ "address", "address", "uint256" ]
        }
      ],
      "exp": "(balanceOf[_from] - _value)",
      "status": "proven"
    },
    {
      "no": "4",
      "kind": "IO",
      "line": 21,
      "signatures": [
        {
          "contractName": "CustomToken",
          "methodName": "@fallback",
          "argTypes": []
        },
        {
          "contractName": "CustomToken",
          "methodName": "transfer",
          "argTypes": [ "address", "uint256" ]
        },
        {
          "contractName": "CustomToken",
          "methodName": "transferFrom",
          "argTypes": [ "address", "address", "uint256" ]
        }
      ],
      "exp": "(balanceOf[_to] + _value)",
      "status": "proven"
    },
    {
      "no": "5",
      "kind": "IO",
      "line": 22,
      "signatures": [
        {
          "contractName": "CustomToken",
          "methodName": "@fallback",
          "argTypes": []
        },
        {
          "contractName": "CustomToken",
          "methodName": "transfer",
          "argTypes": [ "address", "uint256" ]
        },
        {
          "contractName": "CustomToken",
          "methodName": "transferFrom",
          "argTypes": [ "address", "address", "uint256" ]
        }
      ],
      "exp": "(balanceOf[_from] + balanceOf[_to])",
      "status": "proven"
    },
    {
      "no": "6",
      "kind": "IO",
      "line": 33,
      "signatures": [
        {
          "contractName": "CustomToken",
          "methodName": "transferFrom",
          "argTypes": [ "address", "address", "uint256" ]
        }
      ],
      "exp": "(allowance[_from][msg.sender] - _value)",
      "status": "proven"
    },
    {
      "no": "7",
      "kind": "IO",
      "line": 50,
      "signatures": [
        {
          "contractName": "CustomToken",
          "methodName": "burn",
          "argTypes": [ "uint256" ]
        }
      ],
      "exp": "(balanceOf[msg.sender] - _value)",
      "status": "proven"
    },
    {
      "no": "8",
      "kind": "IO",
      "line": 51,
      "signatures": [
        {
          "contractName": "CustomToken",
          "methodName": "burn",
          "argTypes": [ "uint256" ]
        }
      ],
      "exp": "(totalSupply - _value)",
      "status": "proven"
    },
    {
      "no": "9",
      "kind": "IO",
      "line": 59,
      "signatures": [
        {
          "contractName": "CustomToken",
          "methodName": "burnFrom",
          "argTypes": [ "address", "uint256" ]
        }
      ],
      "exp": "(balanceOf[_from] - _value)",
      "status": "proven"
    },
    {
      "no": "10",
      "kind": "IO",
      "line": 60,
      "signatures": [
        {
          "contractName": "CustomToken",
          "methodName": "burnFrom",
          "argTypes": [ "address", "uint256" ]
        }
      ],
      "exp": "(allowance[_from][msg.sender] - _value)",
      "status": "proven"
    },
    {
      "no": "11",
      "kind": "IO",
      "line": 61,
      "signatures": [
        {
          "contractName": "CustomToken",
          "methodName": "burnFrom",
          "argTypes": [ "address", "uint256" ]
        }
      ],
      "exp": "(totalSupply - _value)",
      "status": "proven"
    },
    {
      "no": "12",
      "kind": "IO",
      "line": 85,
      "signatures": [
        {
          "contractName": "CustomToken",
          "methodName": "@fallback",
          "argTypes": []
        }
      ],
      "exp": "((msg.value * icoRatio) * (10 ** uint256(decimals)))",
      "status": "unproven"
    },
    {
      "no": "13",
      "kind": "IO",
      "line": 85,
      "signatures": [
        {
          "contractName": "CustomToken",
          "methodName": "@fallback",
          "argTypes": []
        }
      ],
      "exp": "(10 ** uint256(decimals))",
      "status": "proven"
    },
    {
      "no": "14",
      "kind": "IO",
      "line": 85,
      "signatures": [
        {
          "contractName": "CustomToken",
          "methodName": "@fallback",
          "argTypes": []
        }
      ],
      "exp": "(msg.value * icoRatio)",
      "status": "unproven"
    },
    {
      "no": "15",
      "kind": "DZ",
      "line": 85,
      "signatures": [
        {
          "contractName": "CustomToken",
          "methodName": "@fallback",
          "argTypes": []
        }
      ],
      "exp": "(((msg.value * icoRatio) * (10 ** uint256(decimals))) / (1000000000000000000 / 1))",
      "status": "proven"
    },
    {
      "no": "16",
      "kind": "DZ",
      "line": 85,
      "signatures": [
        {
          "contractName": "CustomToken",
          "methodName": "@fallback",
          "argTypes": []
        }
      ],
      "exp": "(1000000000000000000 / 1)",
      "status": "proven"
    },
    {
      "no": "17",
      "kind": "ETH_LEAK",
      "line": 95,
      "signatures": [
        {
          "contractName": "CustomToken",
          "methodName": "withdraw",
          "argTypes": []
        }
      ],
      "exp": "icoHolder.transfer(balance);",
      "status": "proven"
    }
  ]
}