[{"line":1,"column":1,"severity":"Warning","message":"Found more than One contract per file. 4 contracts found!","ruleId":"one-contract-per-file","fix":null,"filePath":"Benchmarks/Study_SamplesSet/01a8f206b8a8d4ad2fd3fd8f03f70ec5.sol"},{"line":1,"column":1,"severity":"Error","message":"Compiler version ^0.4.8 does not satisfy the ^0.8.0 semver requirement","ruleId":"compiler-version","fix":null,"filePath":"Benchmarks/Study_SamplesSet/01a8f206b8a8d4ad2fd3fd8f03f70ec5.sol"},{"line":11,"column":5,"severity":"Warning","message":"Constant name must be in capitalized SNAKE_CASE","ruleId":"const-name-snakecase","fix":null,"filePath":"Benchmarks/Study_SamplesSet/01a8f206b8a8d4ad2fd3fd8f03f70ec5.sol"},{"line":12,"column":5,"severity":"Warning","message":"Constant name must be in capitalized SNAKE_CASE","ruleId":"const-name-snakecase","fix":null,"filePath":"Benchmarks/Study_SamplesSet/01a8f206b8a8d4ad2fd3fd8f03f70ec5.sol"},{"line":13,"column":5,"severity":"Warning","message":"Constant name must be in capitalized SNAKE_CASE","ruleId":"const-name-snakecase","fix":null,"filePath":"Benchmarks/Study_SamplesSet/01a8f206b8a8d4ad2fd3fd8f03f70ec5.sol"},{"line":14,"column":5,"severity":"Error","message":"Explicitly mark visibility of state","ruleId":"state-visibility","fix":null,"filePath":"Benchmarks/Study_SamplesSet/01a8f206b8a8d4ad2fd3fd8f03f70ec5.sol"},{"line":21,"column":5,"severity":"Error","message":"Explicitly mark visibility in function","ruleId":"func-visibility","fix":null,"filePath":"Benchmarks/Study_SamplesSet/01a8f206b8a8d4ad2fd3fd8f03f70ec5.sol"},{"line":24,"column":5,"severity":"Error","message":"Explicitly mark visibility in function","ruleId":"func-visibility","fix":null,"filePath":"Benchmarks/Study_SamplesSet/01a8f206b8a8d4ad2fd3fd8f03f70ec5.sol"},{"line":27,"column":5,"severity":"Error","message":"Explicitly mark visibility in function","ruleId":"func-visibility","fix":null,"filePath":"Benchmarks/Study_SamplesSet/01a8f206b8a8d4ad2fd3fd8f03f70ec5.sol"},{"line":30,"column":5,"severity":"Error","message":"Explicitly mark visibility in function","ruleId":"func-visibility","fix":null,"filePath":"Benchmarks/Study_SamplesSet/01a8f206b8a8d4ad2fd3fd8f03f70ec5.sol"},{"line":35,"column":5,"severity":"Error","message":"Explicitly mark visibility in function","ruleId":"func-visibility","fix":null,"filePath":"Benchmarks/Study_SamplesSet/01a8f206b8a8d4ad2fd3fd8f03f70ec5.sol"},{"line":38,"column":5,"severity":"Error","message":"Explicitly mark visibility in function","ruleId":"func-visibility","fix":null,"filePath":"Benchmarks/Study_SamplesSet/01a8f206b8a8d4ad2fd3fd8f03f70ec5.sol"},{"line":52,"column":5,"severity":"Error","message":"Explicitly mark visibility of state","ruleId":"state-visibility","fix":null,"filePath":"Benchmarks/Study_SamplesSet/01a8f206b8a8d4ad2fd3fd8f03f70ec5.sol"},{"line":55,"column":5,"severity":"Error","message":"Explicitly mark visibility of state","ruleId":"state-visibility","fix":null,"filePath":"Benchmarks/Study_SamplesSet/01a8f206b8a8d4ad2fd3fd8f03f70ec5.sol"},{"line":60,"column":13,"severity":"Error","message":"\"throw\" is deprecated, avoid to use it","ruleId":"avoid-throw","filePath":"Benchmarks/Study_SamplesSet/01a8f206b8a8d4ad2fd3fd8f03f70ec5.sol"},{"line":66,"column":5,"severity":"Error","message":"Explicitly mark visibility in function (Set ignoreConstructors to true if using solidity >=0.7.0)","ruleId":"func-visibility","fix":null,"filePath":"Benchmarks/Study_SamplesSet/01a8f206b8a8d4ad2fd3fd8f03f70ec5.sol"},{"line":71,"column":5,"severity":"Error","message":"Explicitly mark visibility in function","ruleId":"func-visibility","fix":null,"filePath":"Benchmarks/Study_SamplesSet/01a8f206b8a8d4ad2fd3fd8f03f70ec5.sol"},{"line":76,"column":5,"severity":"Error","message":"Explicitly mark visibility in function","ruleId":"func-visibility","fix":null,"filePath":"Benchmarks/Study_SamplesSet/01a8f206b8a8d4ad2fd3fd8f03f70ec5.sol"},{"line":81,"column":5,"severity":"Error","message":"Explicitly mark visibility in function","ruleId":"func-visibility","fix":null,"filePath":"Benchmarks/Study_SamplesSet/01a8f206b8a8d4ad2fd3fd8f03f70ec5.sol"},{"line":87,"column":13,"severity":"Error","message":"Explicitly mark all external contracts as trusted or untrusted","ruleId":"mark-callable-contracts","filePath":"Benchmarks/Study_SamplesSet/01a8f206b8a8d4ad2fd3fd8f03f70ec5.sol"},{"line":100,"column":5,"severity":"Error","message":"Explicitly mark visibility in function","ruleId":"func-visibility","fix":null,"filePath":"Benchmarks/Study_SamplesSet/01a8f206b8a8d4ad2fd3fd8f03f70ec5.sol"},{"line":112,"column":13,"severity":"Error","message":"Explicitly mark all external contracts as trusted or untrusted","ruleId":"mark-callable-contracts","filePath":"Benchmarks/Study_SamplesSet/01a8f206b8a8d4ad2fd3fd8f03f70ec5.sol"},{"line":121,"column":5,"severity":"Error","message":"Explicitly mark visibility in function","ruleId":"func-visibility","fix":null,"filePath":"Benchmarks/Study_SamplesSet/01a8f206b8a8d4ad2fd3fd8f03f70ec5.sol"},{"line":123,"column":9,"severity":"Error","message":"Explicitly mark all external contracts as trusted or untrusted","ruleId":"mark-callable-contracts","filePath":"Benchmarks/Study_SamplesSet/01a8f206b8a8d4ad2fd3fd8f03f70ec5.sol"},{"line":127,"column":5,"severity":"Error","message":"Explicitly mark visibility in function","ruleId":"func-visibility","fix":null,"filePath":"Benchmarks/Study_SamplesSet/01a8f206b8a8d4ad2fd3fd8f03f70ec5.sol"},{"line":135,"column":5,"severity":"Error","message":"Explicitly mark visibility in function","ruleId":"func-visibility","fix":null,"filePath":"Benchmarks/Study_SamplesSet/01a8f206b8a8d4ad2fd3fd8f03f70ec5.sol"},{"line":136,"column":39,"severity":"Error","message":"\"throw\" is deprecated, avoid to use it","ruleId":"avoid-throw","filePath":"Benchmarks/Study_SamplesSet/01a8f206b8a8d4ad2fd3fd8f03f70ec5.sol"},{"line":137,"column":9,"severity":"Error","message":"Explicitly mark all external contracts as trusted or untrusted","ruleId":"mark-callable-contracts","filePath":"Benchmarks/Study_SamplesSet/01a8f206b8a8d4ad2fd3fd8f03f70ec5.sol"},{"conclusion":"28 problem/s (24 error/s, 4 warning/s)"}]
