[{"line":1,"column":1,"severity":"Error","message":"Compiler version ^0.4.24 does not satisfy the ^0.8.0 semver requirement","ruleId":"compiler-version","fix":null,"filePath":"Benchmarks/Study_SamplesSet/01dd4a2eacf1f751bcf9070bca20c3a2.sol"},{"line":61,"column":5,"severity":"Warning","message":"Function name must be in mixedCase","ruleId":"func-name-mixedcase","fix":null,"filePath":"Benchmarks/Study_SamplesSet/01dd4a2eacf1f751bcf9070bca20c3a2.sol"},{"line":68,"column":5,"severity":"Error","message":"Explicitly mark visibility of state","ruleId":"state-visibility","fix":null,"filePath":"Benchmarks/Study_SamplesSet/01dd4a2eacf1f751bcf9070bca20c3a2.sol"},{"line":72,"column":5,"severity":"Warning","message":"Code contains empty blocks","ruleId":"no-empty-blocks","fix":null,"filePath":"Benchmarks/Study_SamplesSet/01dd4a2eacf1f751bcf9070bca20c3a2.sol"},{"line":90,"column":9,"severity":"Warning","message":"Error message for require is too long: 52 counted / 32 allowed","ruleId":"reason-string","fix":null,"filePath":"Benchmarks/Study_SamplesSet/01dd4a2eacf1f751bcf9070bca20c3a2.sol"},{"line":90,"column":9,"severity":"Warning","message":"Use Custom Errors instead of require statements","ruleId":"custom-errors","fix":null,"filePath":"Benchmarks/Study_SamplesSet/01dd4a2eacf1f751bcf9070bca20c3a2.sol"},{"line":91,"column":9,"severity":"Warning","message":"Error message for require is too long: 45 counted / 32 allowed","ruleId":"reason-string","fix":null,"filePath":"Benchmarks/Study_SamplesSet/01dd4a2eacf1f751bcf9070bca20c3a2.sol"},{"line":91,"column":9,"severity":"Warning","message":"Use Custom Errors instead of require statements","ruleId":"custom-errors","fix":null,"filePath":"Benchmarks/Study_SamplesSet/01dd4a2eacf1f751bcf9070bca20c3a2.sol"},{"line":114,"column":9,"severity":"Warning","message":"Error message for require is too long: 70 counted / 32 allowed","ruleId":"reason-string","fix":null,"filePath":"Benchmarks/Study_SamplesSet/01dd4a2eacf1f751bcf9070bca20c3a2.sol"},{"line":114,"column":9,"severity":"Warning","message":"Use Custom Errors instead of require statements","ruleId":"custom-errors","fix":null,"filePath":"Benchmarks/Study_SamplesSet/01dd4a2eacf1f751bcf9070bca20c3a2.sol"},{"line":133,"column":9,"severity":"Warning","message":"Error message for require is too long: 71 counted / 32 allowed","ruleId":"reason-string","fix":null,"filePath":"Benchmarks/Study_SamplesSet/01dd4a2eacf1f751bcf9070bca20c3a2.sol"},{"line":133,"column":9,"severity":"Warning","message":"Use Custom Errors instead of require statements","ruleId":"custom-errors","fix":null,"filePath":"Benchmarks/Study_SamplesSet/01dd4a2eacf1f751bcf9070bca20c3a2.sol"},{"line":146,"column":9,"severity":"Warning","message":"Error message for require is too long: 67 counted / 32 allowed","ruleId":"reason-string","fix":null,"filePath":"Benchmarks/Study_SamplesSet/01dd4a2eacf1f751bcf9070bca20c3a2.sol"},{"line":146,"column":9,"severity":"Warning","message":"Use Custom Errors instead of require statements","ruleId":"custom-errors","fix":null,"filePath":"Benchmarks/Study_SamplesSet/01dd4a2eacf1f751bcf9070bca20c3a2.sol"},{"line":149,"column":29,"severity":"Error","message":"Explicitly mark all external contracts as trusted or untrusted","ruleId":"mark-callable-contracts","filePath":"Benchmarks/Study_SamplesSet/01dd4a2eacf1f751bcf9070bca20c3a2.sol"},{"line":163,"column":9,"severity":"Warning","message":"Error message for require is too long: 53 counted / 32 allowed","ruleId":"reason-string","fix":null,"filePath":"Benchmarks/Study_SamplesSet/01dd4a2eacf1f751bcf9070bca20c3a2.sol"},{"line":163,"column":9,"severity":"Warning","message":"Use Custom Errors instead of require statements","ruleId":"custom-errors","fix":null,"filePath":"Benchmarks/Study_SamplesSet/01dd4a2eacf1f751bcf9070bca20c3a2.sol"},{"line":164,"column":28,"severity":"Error","message":"Explicitly mark all external contracts as trusted or untrusted","ruleId":"mark-callable-contracts","filePath":"Benchmarks/Study_SamplesSet/01dd4a2eacf1f751bcf9070bca20c3a2.sol"},{"conclusion":"18 problem/s (4 error/s, 14 warning/s)"}]
