[{"line":1,"column":1,"severity":"Warning","message":"Found more than One contract per file. 2 contracts found!","ruleId":"one-contract-per-file","fix":null,"filePath":"Benchmarks/Study_SamplesSet/0217712a4345288b8a3ba6c16c33b1c9.sol"},{"line":1,"column":1,"severity":"Error","message":"Compiler version ^0.4.8 does not satisfy the ^0.8.0 semver requirement","ruleId":"compiler-version","fix":null,"filePath":"Benchmarks/Study_SamplesSet/0217712a4345288b8a3ba6c16c33b1c9.sol"},{"line":12,"column":6,"severity":"Error","message":"Explicitly mark visibility in function","ruleId":"func-visibility","fix":null,"filePath":"Benchmarks/Study_SamplesSet/0217712a4345288b8a3ba6c16c33b1c9.sol"},{"line":15,"column":6,"severity":"Error","message":"Explicitly mark visibility in function","ruleId":"func-visibility","fix":null,"filePath":"Benchmarks/Study_SamplesSet/0217712a4345288b8a3ba6c16c33b1c9.sol"},{"line":18,"column":6,"severity":"Error","message":"Explicitly mark visibility in function","ruleId":"func-visibility","fix":null,"filePath":"Benchmarks/Study_SamplesSet/0217712a4345288b8a3ba6c16c33b1c9.sol"},{"line":21,"column":6,"severity":"Error","message":"Explicitly mark visibility in function","ruleId":"func-visibility","fix":null,"filePath":"Benchmarks/Study_SamplesSet/0217712a4345288b8a3ba6c16c33b1c9.sol"},{"line":26,"column":6,"severity":"Error","message":"Explicitly mark visibility in function","ruleId":"func-visibility","fix":null,"filePath":"Benchmarks/Study_SamplesSet/0217712a4345288b8a3ba6c16c33b1c9.sol"},{"line":29,"column":6,"severity":"Error","message":"Explicitly mark visibility in function","ruleId":"func-visibility","fix":null,"filePath":"Benchmarks/Study_SamplesSet/0217712a4345288b8a3ba6c16c33b1c9.sol"},{"line":39,"column":6,"severity":"Warning","message":"Constant name must be in capitalized SNAKE_CASE","ruleId":"const-name-snakecase","fix":null,"filePath":"Benchmarks/Study_SamplesSet/0217712a4345288b8a3ba6c16c33b1c9.sol"},{"line":40,"column":6,"severity":"Warning","message":"Constant name must be in capitalized SNAKE_CASE","ruleId":"const-name-snakecase","fix":null,"filePath":"Benchmarks/Study_SamplesSet/0217712a4345288b8a3ba6c16c33b1c9.sol"},{"line":41,"column":6,"severity":"Warning","message":"Constant name must be in capitalized SNAKE_CASE","ruleId":"const-name-snakecase","fix":null,"filePath":"Benchmarks/Study_SamplesSet/0217712a4345288b8a3ba6c16c33b1c9.sol"},{"line":42,"column":6,"severity":"Error","message":"Explicitly mark visibility of state","ruleId":"state-visibility","fix":null,"filePath":"Benchmarks/Study_SamplesSet/0217712a4345288b8a3ba6c16c33b1c9.sol"},{"line":48,"column":6,"severity":"Error","message":"Explicitly mark visibility of state","ruleId":"state-visibility","fix":null,"filePath":"Benchmarks/Study_SamplesSet/0217712a4345288b8a3ba6c16c33b1c9.sol"},{"line":51,"column":6,"severity":"Error","message":"Explicitly mark visibility of state","ruleId":"state-visibility","fix":null,"filePath":"Benchmarks/Study_SamplesSet/0217712a4345288b8a3ba6c16c33b1c9.sol"},{"line":56,"column":14,"severity":"Error","message":"\"throw\" is deprecated, avoid to use it","ruleId":"avoid-throw","filePath":"Benchmarks/Study_SamplesSet/0217712a4345288b8a3ba6c16c33b1c9.sol"},{"line":62,"column":6,"severity":"Warning","message":"Function name must be in mixedCase","ruleId":"func-name-mixedcase","fix":null,"filePath":"Benchmarks/Study_SamplesSet/0217712a4345288b8a3ba6c16c33b1c9.sol"},{"line":62,"column":6,"severity":"Error","message":"Explicitly mark visibility in function","ruleId":"func-visibility","fix":null,"filePath":"Benchmarks/Study_SamplesSet/0217712a4345288b8a3ba6c16c33b1c9.sol"},{"line":67,"column":6,"severity":"Error","message":"Explicitly mark visibility in function","ruleId":"func-visibility","fix":null,"filePath":"Benchmarks/Study_SamplesSet/0217712a4345288b8a3ba6c16c33b1c9.sol"},{"line":72,"column":6,"severity":"Error","message":"Explicitly mark visibility in function","ruleId":"func-visibility","fix":null,"filePath":"Benchmarks/Study_SamplesSet/0217712a4345288b8a3ba6c16c33b1c9.sol"},{"line":77,"column":6,"severity":"Error","message":"Explicitly mark visibility in function","ruleId":"func-visibility","fix":null,"filePath":"Benchmarks/Study_SamplesSet/0217712a4345288b8a3ba6c16c33b1c9.sol"},{"line":83,"column":14,"severity":"Error","message":"Explicitly mark all external contracts as trusted or untrusted","ruleId":"mark-callable-contracts","filePath":"Benchmarks/Study_SamplesSet/0217712a4345288b8a3ba6c16c33b1c9.sol"},{"line":96,"column":6,"severity":"Error","message":"Explicitly mark visibility in function","ruleId":"func-visibility","fix":null,"filePath":"Benchmarks/Study_SamplesSet/0217712a4345288b8a3ba6c16c33b1c9.sol"},{"line":108,"column":14,"severity":"Error","message":"Explicitly mark all external contracts as trusted or untrusted","ruleId":"mark-callable-contracts","filePath":"Benchmarks/Study_SamplesSet/0217712a4345288b8a3ba6c16c33b1c9.sol"},{"line":117,"column":6,"severity":"Error","message":"Explicitly mark visibility in function","ruleId":"func-visibility","fix":null,"filePath":"Benchmarks/Study_SamplesSet/0217712a4345288b8a3ba6c16c33b1c9.sol"},{"line":119,"column":10,"severity":"Error","message":"Explicitly mark all external contracts as trusted or untrusted","ruleId":"mark-callable-contracts","filePath":"Benchmarks/Study_SamplesSet/0217712a4345288b8a3ba6c16c33b1c9.sol"},{"line":123,"column":6,"severity":"Error","message":"Explicitly mark visibility in function","ruleId":"func-visibility","fix":null,"filePath":"Benchmarks/Study_SamplesSet/0217712a4345288b8a3ba6c16c33b1c9.sol"},{"conclusion":"26 problem/s (21 error/s, 5 warning/s)"}]
