[{"line":1,"column":1,"severity":"Error","message":"Compiler version ^0.4.5 does not satisfy the ^0.8.0 semver requirement","ruleId":"compiler-version","fix":null,"filePath":"Benchmarks/Study_SamplesSet/03db73cf0a20259b803a8b76d4f08a93.sol"},{"line":3,"column":1,"severity":"Warning","message":"Contract, Structs and Enums should be in CamelCase","ruleId":"contract-name-camelcase","filePath":"Benchmarks/Study_SamplesSet/03db73cf0a20259b803a8b76d4f08a93.sol"},{"line":44,"column":5,"severity":"Error","message":"Explicitly mark visibility of state","ruleId":"state-visibility","fix":null,"filePath":"Benchmarks/Study_SamplesSet/03db73cf0a20259b803a8b76d4f08a93.sol"},{"line":45,"column":5,"severity":"Error","message":"Explicitly mark visibility of state","ruleId":"state-visibility","fix":null,"filePath":"Benchmarks/Study_SamplesSet/03db73cf0a20259b803a8b76d4f08a93.sol"},{"line":45,"column":5,"severity":"Warning","message":"Variable name must be in mixedCase","ruleId":"var-name-mixedcase","fix":null,"filePath":"Benchmarks/Study_SamplesSet/03db73cf0a20259b803a8b76d4f08a93.sol"},{"line":47,"column":5,"severity":"Error","message":"Explicitly mark visibility of state","ruleId":"state-visibility","fix":null,"filePath":"Benchmarks/Study_SamplesSet/03db73cf0a20259b803a8b76d4f08a93.sol"},{"line":49,"column":5,"severity":"Warning","message":"Variable name must be in mixedCase","ruleId":"var-name-mixedcase","fix":null,"filePath":"Benchmarks/Study_SamplesSet/03db73cf0a20259b803a8b76d4f08a93.sol"},{"line":50,"column":5,"severity":"Warning","message":"Variable name must be in mixedCase","ruleId":"var-name-mixedcase","fix":null,"filePath":"Benchmarks/Study_SamplesSet/03db73cf0a20259b803a8b76d4f08a93.sol"},{"line":51,"column":5,"severity":"Warning","message":"Variable name must be in mixedCase","ruleId":"var-name-mixedcase","fix":null,"filePath":"Benchmarks/Study_SamplesSet/03db73cf0a20259b803a8b76d4f08a93.sol"},{"line":53,"column":5,"severity":"Warning","message":"Variable name must be in mixedCase","ruleId":"var-name-mixedcase","fix":null,"filePath":"Benchmarks/Study_SamplesSet/03db73cf0a20259b803a8b76d4f08a93.sol"},{"line":55,"column":5,"severity":"Error","message":"Explicitly mark visibility in function (Set ignoreConstructors to true if using solidity >=0.7.0)","ruleId":"func-visibility","fix":null,"filePath":"Benchmarks/Study_SamplesSet/03db73cf0a20259b803a8b76d4f08a93.sol"},{"line":71,"column":5,"severity":"Error","message":"Explicitly mark visibility in function","ruleId":"func-visibility","fix":null,"filePath":"Benchmarks/Study_SamplesSet/03db73cf0a20259b803a8b76d4f08a93.sol"},{"line":73,"column":49,"severity":"Error","message":"\"throw\" is deprecated, avoid to use it","ruleId":"avoid-throw","filePath":"Benchmarks/Study_SamplesSet/03db73cf0a20259b803a8b76d4f08a93.sol"},{"line":94,"column":5,"severity":"Error","message":"Explicitly mark visibility in function","ruleId":"func-visibility","fix":null,"filePath":"Benchmarks/Study_SamplesSet/03db73cf0a20259b803a8b76d4f08a93.sol"},{"line":94,"column":23,"severity":"Warning","message":"Variable name must be in mixedCase","ruleId":"var-name-mixedcase","fix":null,"filePath":"Benchmarks/Study_SamplesSet/03db73cf0a20259b803a8b76d4f08a93.sol"},{"line":96,"column":41,"severity":"Error","message":"\"throw\" is deprecated, avoid to use it","ruleId":"avoid-throw","filePath":"Benchmarks/Study_SamplesSet/03db73cf0a20259b803a8b76d4f08a93.sol"},{"line":97,"column":56,"severity":"Error","message":"\"throw\" is deprecated, avoid to use it","ruleId":"avoid-throw","filePath":"Benchmarks/Study_SamplesSet/03db73cf0a20259b803a8b76d4f08a93.sol"},{"line":98,"column":65,"severity":"Error","message":"\"throw\" is deprecated, avoid to use it","ruleId":"avoid-throw","filePath":"Benchmarks/Study_SamplesSet/03db73cf0a20259b803a8b76d4f08a93.sol"},{"line":115,"column":48,"severity":"Error","message":"\"throw\" is deprecated, avoid to use it","ruleId":"avoid-throw","filePath":"Benchmarks/Study_SamplesSet/03db73cf0a20259b803a8b76d4f08a93.sol"},{"line":116,"column":14,"severity":"Error","message":"Avoid multiple calls of \"send\" method in single transaction","ruleId":"multiple-sends","fix":null,"filePath":"Benchmarks/Study_SamplesSet/03db73cf0a20259b803a8b76d4f08a93.sol"},{"line":116,"column":41,"severity":"Error","message":"\"throw\" is deprecated, avoid to use it","ruleId":"avoid-throw","filePath":"Benchmarks/Study_SamplesSet/03db73cf0a20259b803a8b76d4f08a93.sol"},{"line":125,"column":5,"severity":"Warning","message":"Function name must be in mixedCase","ruleId":"func-name-mixedcase","fix":null,"filePath":"Benchmarks/Study_SamplesSet/03db73cf0a20259b803a8b76d4f08a93.sol"},{"line":125,"column":5,"severity":"Error","message":"Explicitly mark visibility in function","ruleId":"func-visibility","fix":null,"filePath":"Benchmarks/Study_SamplesSet/03db73cf0a20259b803a8b76d4f08a93.sol"},{"line":125,"column":34,"severity":"Warning","message":"Variable name must be in mixedCase","ruleId":"var-name-mixedcase","fix":null,"filePath":"Benchmarks/Study_SamplesSet/03db73cf0a20259b803a8b76d4f08a93.sol"},{"line":132,"column":5,"severity":"Warning","message":"Function name must be in mixedCase","ruleId":"func-name-mixedcase","fix":null,"filePath":"Benchmarks/Study_SamplesSet/03db73cf0a20259b803a8b76d4f08a93.sol"},{"line":132,"column":5,"severity":"Error","message":"Explicitly mark visibility in function","ruleId":"func-visibility","fix":null,"filePath":"Benchmarks/Study_SamplesSet/03db73cf0a20259b803a8b76d4f08a93.sol"},{"line":132,"column":31,"severity":"Warning","message":"Variable name must be in mixedCase","ruleId":"var-name-mixedcase","fix":null,"filePath":"Benchmarks/Study_SamplesSet/03db73cf0a20259b803a8b76d4f08a93.sol"},{"line":139,"column":5,"severity":"Warning","message":"Function name must be in mixedCase","ruleId":"func-name-mixedcase","fix":null,"filePath":"Benchmarks/Study_SamplesSet/03db73cf0a20259b803a8b76d4f08a93.sol"},{"line":139,"column":5,"severity":"Error","message":"Explicitly mark visibility in function","ruleId":"func-visibility","fix":null,"filePath":"Benchmarks/Study_SamplesSet/03db73cf0a20259b803a8b76d4f08a93.sol"},{"line":143,"column":5,"severity":"Warning","message":"Function name must be in mixedCase","ruleId":"func-name-mixedcase","fix":null,"filePath":"Benchmarks/Study_SamplesSet/03db73cf0a20259b803a8b76d4f08a93.sol"},{"line":143,"column":5,"severity":"Error","message":"Explicitly mark visibility in function","ruleId":"func-visibility","fix":null,"filePath":"Benchmarks/Study_SamplesSet/03db73cf0a20259b803a8b76d4f08a93.sol"},{"line":143,"column":41,"severity":"Warning","message":"Variable name must be in mixedCase","ruleId":"var-name-mixedcase","fix":null,"filePath":"Benchmarks/Study_SamplesSet/03db73cf0a20259b803a8b76d4f08a93.sol"},{"line":147,"column":5,"severity":"Warning","message":"Function name must be in mixedCase","ruleId":"func-name-mixedcase","fix":null,"filePath":"Benchmarks/Study_SamplesSet/03db73cf0a20259b803a8b76d4f08a93.sol"},{"line":147,"column":5,"severity":"Error","message":"Explicitly mark visibility in function","ruleId":"func-visibility","fix":null,"filePath":"Benchmarks/Study_SamplesSet/03db73cf0a20259b803a8b76d4f08a93.sol"},{"line":147,"column":27,"severity":"Warning","message":"Variable name must be in mixedCase","ruleId":"var-name-mixedcase","fix":null,"filePath":"Benchmarks/Study_SamplesSet/03db73cf0a20259b803a8b76d4f08a93.sol"},{"line":155,"column":5,"severity":"Warning","message":"Function name must be in mixedCase","ruleId":"func-name-mixedcase","fix":null,"filePath":"Benchmarks/Study_SamplesSet/03db73cf0a20259b803a8b76d4f08a93.sol"},{"line":155,"column":5,"severity":"Error","message":"Explicitly mark visibility in function","ruleId":"func-visibility","fix":null,"filePath":"Benchmarks/Study_SamplesSet/03db73cf0a20259b803a8b76d4f08a93.sol"},{"line":156,"column":84,"severity":"Error","message":"\"throw\" is deprecated, avoid to use it","ruleId":"avoid-throw","filePath":"Benchmarks/Study_SamplesSet/03db73cf0a20259b803a8b76d4f08a93.sol"},{"line":164,"column":5,"severity":"Warning","message":"Function name must be in mixedCase","ruleId":"func-name-mixedcase","fix":null,"filePath":"Benchmarks/Study_SamplesSet/03db73cf0a20259b803a8b76d4f08a93.sol"},{"line":164,"column":5,"severity":"Error","message":"Explicitly mark visibility in function","ruleId":"func-visibility","fix":null,"filePath":"Benchmarks/Study_SamplesSet/03db73cf0a20259b803a8b76d4f08a93.sol"},{"line":173,"column":5,"severity":"Error","message":"Explicitly mark visibility in function","ruleId":"func-visibility","fix":null,"filePath":"Benchmarks/Study_SamplesSet/03db73cf0a20259b803a8b76d4f08a93.sol"},{"conclusion":"41 problem/s (23 error/s, 18 warning/s)"}]
