[{"line":9,"column":1,"severity":"Error","message":"Compiler version ^0.4.23 does not satisfy the ^0.8.0 semver requirement","ruleId":"compiler-version","fix":null,"filePath":"Benchmarks/Study_SamplesSet/04a8004f4d161150f9a5bad912ea1df3.sol"},{"line":27,"column":9,"severity":"Warning","message":"Provide an error message for require","ruleId":"reason-string","fix":null,"filePath":"Benchmarks/Study_SamplesSet/04a8004f4d161150f9a5bad912ea1df3.sol"},{"line":27,"column":9,"severity":"Warning","message":"Use Custom Errors instead of require statements","ruleId":"custom-errors","fix":null,"filePath":"Benchmarks/Study_SamplesSet/04a8004f4d161150f9a5bad912ea1df3.sol"},{"conclusion":"3 problem/s (1 error/s, 2 warning/s)"}]
