[{"line":1,"column":1,"severity":"Warning","message":"Found more than One contract per file. 3 contracts found!","ruleId":"one-contract-per-file","fix":null,"filePath":"Benchmarks/Study_SamplesSet/0689868d0f2bb3d567f68060207b0c84.sol"},{"line":1,"column":1,"severity":"Error","message":"Compiler version ^0.4.8 does not satisfy the ^0.8.0 semver requirement","ruleId":"compiler-version","fix":null,"filePath":"Benchmarks/Study_SamplesSet/0689868d0f2bb3d567f68060207b0c84.sol"},{"line":4,"column":5,"severity":"Error","message":"Explicitly mark visibility in function","ruleId":"func-visibility","fix":null,"filePath":"Benchmarks/Study_SamplesSet/0689868d0f2bb3d567f68060207b0c84.sol"},{"line":4,"column":59,"severity":"Warning","message":"Code contains empty blocks","ruleId":"no-empty-blocks","fix":null,"filePath":"Benchmarks/Study_SamplesSet/0689868d0f2bb3d567f68060207b0c84.sol"},{"line":5,"column":5,"severity":"Error","message":"Explicitly mark visibility in function","ruleId":"func-visibility","fix":null,"filePath":"Benchmarks/Study_SamplesSet/0689868d0f2bb3d567f68060207b0c84.sol"},{"line":5,"column":61,"severity":"Warning","message":"Rule is set with explicit type [var/s: uint]","ruleId":"explicit-types","filePath":"Benchmarks/Study_SamplesSet/0689868d0f2bb3d567f68060207b0c84.sol"},{"line":5,"column":75,"severity":"Warning","message":"Code contains empty blocks","ruleId":"no-empty-blocks","fix":null,"filePath":"Benchmarks/Study_SamplesSet/0689868d0f2bb3d567f68060207b0c84.sol"},{"line":6,"column":5,"severity":"Error","message":"Explicitly mark visibility in function","ruleId":"func-visibility","fix":null,"filePath":"Benchmarks/Study_SamplesSet/0689868d0f2bb3d567f68060207b0c84.sol"},{"line":6,"column":66,"severity":"Warning","message":"Rule is set with explicit type [var/s: uint]","ruleId":"explicit-types","filePath":"Benchmarks/Study_SamplesSet/0689868d0f2bb3d567f68060207b0c84.sol"},{"line":6,"column":78,"severity":"Warning","message":"Code contains empty blocks","ruleId":"no-empty-blocks","fix":null,"filePath":"Benchmarks/Study_SamplesSet/0689868d0f2bb3d567f68060207b0c84.sol"},{"line":7,"column":5,"severity":"Error","message":"Explicitly mark visibility in function","ruleId":"func-visibility","fix":null,"filePath":"Benchmarks/Study_SamplesSet/0689868d0f2bb3d567f68060207b0c84.sol"},{"line":7,"column":80,"severity":"Warning","message":"Code contains empty blocks","ruleId":"no-empty-blocks","fix":null,"filePath":"Benchmarks/Study_SamplesSet/0689868d0f2bb3d567f68060207b0c84.sol"},{"line":11,"column":2,"severity":"Error","message":"Explicitly mark visibility in function","ruleId":"func-visibility","fix":null,"filePath":"Benchmarks/Study_SamplesSet/0689868d0f2bb3d567f68060207b0c84.sol"},{"line":25,"column":30,"severity":"Error","message":"Use double quotes for string literals","ruleId":"quotes","filePath":"Benchmarks/Study_SamplesSet/0689868d0f2bb3d567f68060207b0c84.sol"},{"line":26,"column":26,"severity":"Error","message":"Use double quotes for string literals","ruleId":"quotes","filePath":"Benchmarks/Study_SamplesSet/0689868d0f2bb3d567f68060207b0c84.sol"},{"line":27,"column":28,"severity":"Error","message":"Use double quotes for string literals","ruleId":"quotes","filePath":"Benchmarks/Study_SamplesSet/0689868d0f2bb3d567f68060207b0c84.sol"},{"line":31,"column":5,"severity":"Error","message":"Explicitly mark visibility of state","ruleId":"state-visibility","fix":null,"filePath":"Benchmarks/Study_SamplesSet/0689868d0f2bb3d567f68060207b0c84.sol"},{"line":32,"column":5,"severity":"Error","message":"Explicitly mark visibility of state","ruleId":"state-visibility","fix":null,"filePath":"Benchmarks/Study_SamplesSet/0689868d0f2bb3d567f68060207b0c84.sol"},{"line":33,"column":5,"severity":"Error","message":"Explicitly mark visibility of state","ruleId":"state-visibility","fix":null,"filePath":"Benchmarks/Study_SamplesSet/0689868d0f2bb3d567f68060207b0c84.sol"},{"line":38,"column":40,"severity":"Warning","message":"Rule is set with explicit type [var/s: uint]","ruleId":"explicit-types","filePath":"Benchmarks/Study_SamplesSet/0689868d0f2bb3d567f68060207b0c84.sol"},{"line":39,"column":41,"severity":"Warning","message":"Rule is set with explicit type [var/s: uint]","ruleId":"explicit-types","filePath":"Benchmarks/Study_SamplesSet/0689868d0f2bb3d567f68060207b0c84.sol"},{"line":42,"column":5,"severity":"Error","message":"Explicitly mark visibility in function (Set ignoreConstructors to true if using solidity >=0.7.0)","ruleId":"func-visibility","fix":null,"filePath":"Benchmarks/Study_SamplesSet/0689868d0f2bb3d567f68060207b0c84.sol"},{"line":46,"column":5,"severity":"Error","message":"Explicitly mark visibility in function","ruleId":"func-visibility","fix":null,"filePath":"Benchmarks/Study_SamplesSet/0689868d0f2bb3d567f68060207b0c84.sol"},{"line":50,"column":5,"severity":"Error","message":"Explicitly mark visibility in function","ruleId":"func-visibility","fix":null,"filePath":"Benchmarks/Study_SamplesSet/0689868d0f2bb3d567f68060207b0c84.sol"},{"line":50,"column":62,"severity":"Warning","message":"Rule is set with explicit type [var/s: uint]","ruleId":"explicit-types","filePath":"Benchmarks/Study_SamplesSet/0689868d0f2bb3d567f68060207b0c84.sol"},{"line":62,"column":5,"severity":"Error","message":"Explicitly mark visibility in function","ruleId":"func-visibility","fix":null,"filePath":"Benchmarks/Study_SamplesSet/0689868d0f2bb3d567f68060207b0c84.sol"},{"line":62,"column":81,"severity":"Warning","message":"Rule is set with explicit type [var/s: uint]","ruleId":"explicit-types","filePath":"Benchmarks/Study_SamplesSet/0689868d0f2bb3d567f68060207b0c84.sol"},{"line":75,"column":5,"severity":"Error","message":"Explicitly mark visibility in function","ruleId":"func-visibility","fix":null,"filePath":"Benchmarks/Study_SamplesSet/0689868d0f2bb3d567f68060207b0c84.sol"},{"line":75,"column":65,"severity":"Warning","message":"Rule is set with explicit type [var/s: uint]","ruleId":"explicit-types","filePath":"Benchmarks/Study_SamplesSet/0689868d0f2bb3d567f68060207b0c84.sol"},{"line":81,"column":5,"severity":"Error","message":"Explicitly mark visibility in function","ruleId":"func-visibility","fix":null,"filePath":"Benchmarks/Study_SamplesSet/0689868d0f2bb3d567f68060207b0c84.sol"},{"line":85,"column":5,"severity":"Error","message":"Explicitly mark visibility in function","ruleId":"func-visibility","fix":null,"filePath":"Benchmarks/Study_SamplesSet/0689868d0f2bb3d567f68060207b0c84.sol"},{"line":85,"column":87,"severity":"Warning","message":"Rule is set with explicit type [var/s: uint]","ruleId":"explicit-types","filePath":"Benchmarks/Study_SamplesSet/0689868d0f2bb3d567f68060207b0c84.sol"},{"line":103,"column":5,"severity":"Error","message":"Explicitly mark visibility in function","ruleId":"func-visibility","fix":null,"filePath":"Benchmarks/Study_SamplesSet/0689868d0f2bb3d567f68060207b0c84.sol"},{"line":103,"column":106,"severity":"Warning","message":"Rule is set with explicit type [var/s: uint]","ruleId":"explicit-types","filePath":"Benchmarks/Study_SamplesSet/0689868d0f2bb3d567f68060207b0c84.sol"},{"line":123,"column":5,"severity":"Error","message":"Explicitly mark visibility in function","ruleId":"func-visibility","fix":null,"filePath":"Benchmarks/Study_SamplesSet/0689868d0f2bb3d567f68060207b0c84.sol"},{"line":123,"column":91,"severity":"Warning","message":"Rule is set with explicit type [var/s: uint]","ruleId":"explicit-types","filePath":"Benchmarks/Study_SamplesSet/0689868d0f2bb3d567f68060207b0c84.sol"},{"line":135,"column":5,"severity":"Error","message":"Explicitly mark visibility in function","ruleId":"func-visibility","fix":null,"filePath":"Benchmarks/Study_SamplesSet/0689868d0f2bb3d567f68060207b0c84.sol"},{"line":135,"column":50,"severity":"Warning","message":"Rule is set with explicit type [var/s: uint]","ruleId":"explicit-types","filePath":"Benchmarks/Study_SamplesSet/0689868d0f2bb3d567f68060207b0c84.sol"},{"line":135,"column":90,"severity":"Warning","message":"Rule is set with explicit type [var/s: uint]","ruleId":"explicit-types","filePath":"Benchmarks/Study_SamplesSet/0689868d0f2bb3d567f68060207b0c84.sol"},{"line":135,"column":64,"severity":"Warning","message":"Variable \"_details\" is unused","ruleId":"no-unused-vars","fix":null,"filePath":"Benchmarks/Study_SamplesSet/0689868d0f2bb3d567f68060207b0c84.sol"},{"line":143,"column":9,"severity":"Error","message":"Explicitly mark all external contracts as trusted or untrusted","ruleId":"mark-callable-contracts","filePath":"Benchmarks/Study_SamplesSet/0689868d0f2bb3d567f68060207b0c84.sol"},{"line":148,"column":5,"severity":"Error","message":"Explicitly mark visibility in function","ruleId":"func-visibility","fix":null,"filePath":"Benchmarks/Study_SamplesSet/0689868d0f2bb3d567f68060207b0c84.sol"},{"line":148,"column":52,"severity":"Warning","message":"Rule is set with explicit type [var/s: uint]","ruleId":"explicit-types","filePath":"Benchmarks/Study_SamplesSet/0689868d0f2bb3d567f68060207b0c84.sol"},{"line":148,"column":92,"severity":"Warning","message":"Rule is set with explicit type [var/s: uint]","ruleId":"explicit-types","filePath":"Benchmarks/Study_SamplesSet/0689868d0f2bb3d567f68060207b0c84.sol"},{"line":148,"column":66,"severity":"Warning","message":"Variable \"_details\" is unused","ruleId":"no-unused-vars","fix":null,"filePath":"Benchmarks/Study_SamplesSet/0689868d0f2bb3d567f68060207b0c84.sol"},{"line":155,"column":9,"severity":"Error","message":"Explicitly mark all external contracts as trusted or untrusted","ruleId":"mark-callable-contracts","filePath":"Benchmarks/Study_SamplesSet/0689868d0f2bb3d567f68060207b0c84.sol"},{"line":160,"column":5,"severity":"Error","message":"Explicitly mark visibility in function","ruleId":"func-visibility","fix":null,"filePath":"Benchmarks/Study_SamplesSet/0689868d0f2bb3d567f68060207b0c84.sol"},{"line":160,"column":64,"severity":"Warning","message":"Rule is set with explicit type [var/s: uint]","ruleId":"explicit-types","filePath":"Benchmarks/Study_SamplesSet/0689868d0f2bb3d567f68060207b0c84.sol"},{"line":167,"column":5,"severity":"Error","message":"Explicitly mark visibility in function","ruleId":"func-visibility","fix":null,"filePath":"Benchmarks/Study_SamplesSet/0689868d0f2bb3d567f68060207b0c84.sol"},{"line":167,"column":68,"severity":"Warning","message":"Rule is set with explicit type [var/s: uint]","ruleId":"explicit-types","filePath":"Benchmarks/Study_SamplesSet/0689868d0f2bb3d567f68060207b0c84.sol"},{"line":174,"column":5,"severity":"Error","message":"Explicitly mark visibility in function","ruleId":"func-visibility","fix":null,"filePath":"Benchmarks/Study_SamplesSet/0689868d0f2bb3d567f68060207b0c84.sol"},{"line":174,"column":71,"severity":"Warning","message":"Rule is set with explicit type [var/s: uint]","ruleId":"explicit-types","filePath":"Benchmarks/Study_SamplesSet/0689868d0f2bb3d567f68060207b0c84.sol"},{"line":181,"column":5,"severity":"Error","message":"Explicitly mark visibility in function","ruleId":"func-visibility","fix":null,"filePath":"Benchmarks/Study_SamplesSet/0689868d0f2bb3d567f68060207b0c84.sol"},{"line":181,"column":76,"severity":"Warning","message":"Rule is set with explicit type [var/s: uint]","ruleId":"explicit-types","filePath":"Benchmarks/Study_SamplesSet/0689868d0f2bb3d567f68060207b0c84.sol"},{"line":184,"column":35,"severity":"Error","message":"Explicitly mark all external contracts as trusted or untrusted","ruleId":"mark-callable-contracts","filePath":"Benchmarks/Study_SamplesSet/0689868d0f2bb3d567f68060207b0c84.sol"},{"line":188,"column":5,"severity":"Error","message":"Explicitly mark visibility in function","ruleId":"func-visibility","fix":null,"filePath":"Benchmarks/Study_SamplesSet/0689868d0f2bb3d567f68060207b0c84.sol"},{"line":188,"column":39,"severity":"Warning","message":"Rule is set with explicit type [var/s: uint]","ruleId":"explicit-types","filePath":"Benchmarks/Study_SamplesSet/0689868d0f2bb3d567f68060207b0c84.sol"},{"line":195,"column":5,"severity":"Error","message":"Explicitly mark visibility in function","ruleId":"func-visibility","fix":null,"filePath":"Benchmarks/Study_SamplesSet/0689868d0f2bb3d567f68060207b0c84.sol"},{"line":195,"column":38,"severity":"Warning","message":"Rule is set with explicit type [var/s: uint]","ruleId":"explicit-types","filePath":"Benchmarks/Study_SamplesSet/0689868d0f2bb3d567f68060207b0c84.sol"},{"line":202,"column":5,"severity":"Error","message":"Explicitly mark visibility in function","ruleId":"func-visibility","fix":null,"filePath":"Benchmarks/Study_SamplesSet/0689868d0f2bb3d567f68060207b0c84.sol"},{"line":206,"column":5,"severity":"Error","message":"Explicitly mark visibility in function","ruleId":"func-visibility","fix":null,"filePath":"Benchmarks/Study_SamplesSet/0689868d0f2bb3d567f68060207b0c84.sol"},{"line":217,"column":9,"severity":"Error","message":"Explicitly mark all external contracts as trusted or untrusted","ruleId":"mark-callable-contracts","filePath":"Benchmarks/Study_SamplesSet/0689868d0f2bb3d567f68060207b0c84.sol"},{"line":220,"column":87,"severity":"Warning","message":"Rule is set with explicit type [var/s: uint]","ruleId":"explicit-types","filePath":"Benchmarks/Study_SamplesSet/0689868d0f2bb3d567f68060207b0c84.sol"},{"line":224,"column":9,"severity":"Error","message":"Explicitly mark all external contracts as trusted or untrusted","ruleId":"mark-callable-contracts","filePath":"Benchmarks/Study_SamplesSet/0689868d0f2bb3d567f68060207b0c84.sol"},{"line":227,"column":5,"severity":"Warning","message":"Fallback should be external and payable to accept native currency","ruleId":"payable-fallback","filePath":"Benchmarks/Study_SamplesSet/0689868d0f2bb3d567f68060207b0c84.sol"},{"line":227,"column":5,"severity":"Error","message":"Explicitly mark visibility in function","ruleId":"func-visibility","fix":null,"filePath":"Benchmarks/Study_SamplesSet/0689868d0f2bb3d567f68060207b0c84.sol"},{"line":228,"column":9,"severity":"Error","message":"\"throw\" is deprecated, avoid to use it","ruleId":"avoid-throw","filePath":"Benchmarks/Study_SamplesSet/0689868d0f2bb3d567f68060207b0c84.sol"},{"conclusion":"67 problem/s (38 error/s, 29 warning/s)"}]
