[{"line":1,"column":1,"severity":"Error","message":"Compiler version ^0.4.19 does not satisfy the ^0.8.0 semver requirement","ruleId":"compiler-version","fix":null,"filePath":"Benchmarks/Study_SamplesSet/078b9c7ae51ff2ab0c3619cc94a6900a.sol"},{"line":5,"column":19,"severity":"Warning","message":"Rule is set with explicit type [var/s: uint]","ruleId":"explicit-types","filePath":"Benchmarks/Study_SamplesSet/078b9c7ae51ff2ab0c3619cc94a6900a.sol"},{"line":5,"column":31,"severity":"Warning","message":"Rule is set with explicit type [var/s: uint]","ruleId":"explicit-types","filePath":"Benchmarks/Study_SamplesSet/078b9c7ae51ff2ab0c3619cc94a6900a.sol"},{"line":5,"column":43,"severity":"Warning","message":"Rule is set with explicit type [var/s: uint]","ruleId":"explicit-types","filePath":"Benchmarks/Study_SamplesSet/078b9c7ae51ff2ab0c3619cc94a6900a.sol"},{"line":6,"column":17,"severity":"Warning","message":"Rule is set with explicit type [var/s: uint]","ruleId":"explicit-types","filePath":"Benchmarks/Study_SamplesSet/078b9c7ae51ff2ab0c3619cc94a6900a.sol"},{"line":6,"column":34,"severity":"Warning","message":"Rule is set with explicit type [var/s: uint]","ruleId":"explicit-types","filePath":"Benchmarks/Study_SamplesSet/078b9c7ae51ff2ab0c3619cc94a6900a.sol"},{"line":6,"column":49,"severity":"Warning","message":"Rule is set with explicit type [var/s: uint]","ruleId":"explicit-types","filePath":"Benchmarks/Study_SamplesSet/078b9c7ae51ff2ab0c3619cc94a6900a.sol"},{"line":6,"column":66,"severity":"Warning","message":"Rule is set with explicit type [var/s: uint]","ruleId":"explicit-types","filePath":"Benchmarks/Study_SamplesSet/078b9c7ae51ff2ab0c3619cc94a6900a.sol"},{"line":12,"column":3,"severity":"Warning","message":"Rule is set with explicit type [var/s: uint]","ruleId":"explicit-types","filePath":"Benchmarks/Study_SamplesSet/078b9c7ae51ff2ab0c3619cc94a6900a.sol"},{"line":12,"column":3,"severity":"Warning","message":"Rule is set with explicit type [var/s: uint]","ruleId":"explicit-types","filePath":"Benchmarks/Study_SamplesSet/078b9c7ae51ff2ab0c3619cc94a6900a.sol"},{"line":12,"column":3,"severity":"Warning","message":"Rule is set with explicit type [var/s: uint]","ruleId":"explicit-types","filePath":"Benchmarks/Study_SamplesSet/078b9c7ae51ff2ab0c3619cc94a6900a.sol"},{"line":13,"column":3,"severity":"Warning","message":"Rule is set with explicit type [var/s: uint]","ruleId":"explicit-types","filePath":"Benchmarks/Study_SamplesSet/078b9c7ae51ff2ab0c3619cc94a6900a.sol"},{"line":13,"column":3,"severity":"Warning","message":"Rule is set with explicit type [var/s: uint]","ruleId":"explicit-types","filePath":"Benchmarks/Study_SamplesSet/078b9c7ae51ff2ab0c3619cc94a6900a.sol"},{"line":13,"column":3,"severity":"Warning","message":"Rule is set with explicit type [var/s: uint]","ruleId":"explicit-types","filePath":"Benchmarks/Study_SamplesSet/078b9c7ae51ff2ab0c3619cc94a6900a.sol"},{"line":15,"column":23,"severity":"Warning","message":"Rule is set with explicit type [var/s: uint]","ruleId":"explicit-types","filePath":"Benchmarks/Study_SamplesSet/078b9c7ae51ff2ab0c3619cc94a6900a.sol"},{"line":15,"column":43,"severity":"Warning","message":"Rule is set with explicit type [var/s: uint]","ruleId":"explicit-types","filePath":"Benchmarks/Study_SamplesSet/078b9c7ae51ff2ab0c3619cc94a6900a.sol"},{"line":15,"column":63,"severity":"Warning","message":"Rule is set with explicit type [var/s: uint]","ruleId":"explicit-types","filePath":"Benchmarks/Study_SamplesSet/078b9c7ae51ff2ab0c3619cc94a6900a.sol"},{"line":15,"column":96,"severity":"Warning","message":"Rule is set with explicit type [var/s: uint]","ruleId":"explicit-types","filePath":"Benchmarks/Study_SamplesSet/078b9c7ae51ff2ab0c3619cc94a6900a.sol"},{"line":15,"column":108,"severity":"Warning","message":"Rule is set with explicit type [var/s: uint]","ruleId":"explicit-types","filePath":"Benchmarks/Study_SamplesSet/078b9c7ae51ff2ab0c3619cc94a6900a.sol"},{"line":15,"column":120,"severity":"Warning","message":"Rule is set with explicit type [var/s: uint]","ruleId":"explicit-types","filePath":"Benchmarks/Study_SamplesSet/078b9c7ae51ff2ab0c3619cc94a6900a.sol"},{"line":16,"column":25,"severity":"Warning","message":"Rule is set with explicit type [var/s: uint]","ruleId":"explicit-types","filePath":"Benchmarks/Study_SamplesSet/078b9c7ae51ff2ab0c3619cc94a6900a.sol"},{"line":16,"column":45,"severity":"Warning","message":"Rule is set with explicit type [var/s: uint]","ruleId":"explicit-types","filePath":"Benchmarks/Study_SamplesSet/078b9c7ae51ff2ab0c3619cc94a6900a.sol"},{"line":16,"column":65,"severity":"Warning","message":"Rule is set with explicit type [var/s: uint]","ruleId":"explicit-types","filePath":"Benchmarks/Study_SamplesSet/078b9c7ae51ff2ab0c3619cc94a6900a.sol"},{"line":16,"column":98,"severity":"Warning","message":"Rule is set with explicit type [var/s: uint]","ruleId":"explicit-types","filePath":"Benchmarks/Study_SamplesSet/078b9c7ae51ff2ab0c3619cc94a6900a.sol"},{"line":16,"column":110,"severity":"Warning","message":"Rule is set with explicit type [var/s: uint]","ruleId":"explicit-types","filePath":"Benchmarks/Study_SamplesSet/078b9c7ae51ff2ab0c3619cc94a6900a.sol"},{"line":16,"column":122,"severity":"Warning","message":"Rule is set with explicit type [var/s: uint]","ruleId":"explicit-types","filePath":"Benchmarks/Study_SamplesSet/078b9c7ae51ff2ab0c3619cc94a6900a.sol"},{"line":17,"column":28,"severity":"Warning","message":"Rule is set with explicit type [var/s: uint]","ruleId":"explicit-types","filePath":"Benchmarks/Study_SamplesSet/078b9c7ae51ff2ab0c3619cc94a6900a.sol"},{"line":17,"column":48,"severity":"Warning","message":"Rule is set with explicit type [var/s: uint]","ruleId":"explicit-types","filePath":"Benchmarks/Study_SamplesSet/078b9c7ae51ff2ab0c3619cc94a6900a.sol"},{"line":17,"column":68,"severity":"Warning","message":"Rule is set with explicit type [var/s: uint]","ruleId":"explicit-types","filePath":"Benchmarks/Study_SamplesSet/078b9c7ae51ff2ab0c3619cc94a6900a.sol"},{"line":17,"column":101,"severity":"Warning","message":"Rule is set with explicit type [var/s: uint]","ruleId":"explicit-types","filePath":"Benchmarks/Study_SamplesSet/078b9c7ae51ff2ab0c3619cc94a6900a.sol"},{"line":17,"column":113,"severity":"Warning","message":"Rule is set with explicit type [var/s: uint]","ruleId":"explicit-types","filePath":"Benchmarks/Study_SamplesSet/078b9c7ae51ff2ab0c3619cc94a6900a.sol"},{"line":17,"column":125,"severity":"Warning","message":"Rule is set with explicit type [var/s: uint]","ruleId":"explicit-types","filePath":"Benchmarks/Study_SamplesSet/078b9c7ae51ff2ab0c3619cc94a6900a.sol"},{"line":19,"column":44,"severity":"Warning","message":"Rule is set with explicit type [var/s: uint]","ruleId":"explicit-types","filePath":"Benchmarks/Study_SamplesSet/078b9c7ae51ff2ab0c3619cc94a6900a.sol"},{"line":19,"column":56,"severity":"Warning","message":"Rule is set with explicit type [var/s: uint]","ruleId":"explicit-types","filePath":"Benchmarks/Study_SamplesSet/078b9c7ae51ff2ab0c3619cc94a6900a.sol"},{"line":19,"column":68,"severity":"Warning","message":"Rule is set with explicit type [var/s: uint]","ruleId":"explicit-types","filePath":"Benchmarks/Study_SamplesSet/078b9c7ae51ff2ab0c3619cc94a6900a.sol"},{"line":19,"column":79,"severity":"Warning","message":"Rule is set with explicit type [var/s: uint]","ruleId":"explicit-types","filePath":"Benchmarks/Study_SamplesSet/078b9c7ae51ff2ab0c3619cc94a6900a.sol"},{"line":20,"column":40,"severity":"Warning","message":"Rule is set with explicit type [var/s: uint]","ruleId":"explicit-types","filePath":"Benchmarks/Study_SamplesSet/078b9c7ae51ff2ab0c3619cc94a6900a.sol"},{"line":20,"column":52,"severity":"Warning","message":"Rule is set with explicit type [var/s: uint]","ruleId":"explicit-types","filePath":"Benchmarks/Study_SamplesSet/078b9c7ae51ff2ab0c3619cc94a6900a.sol"},{"line":20,"column":64,"severity":"Warning","message":"Rule is set with explicit type [var/s: uint]","ruleId":"explicit-types","filePath":"Benchmarks/Study_SamplesSet/078b9c7ae51ff2ab0c3619cc94a6900a.sol"},{"line":20,"column":75,"severity":"Warning","message":"Rule is set with explicit type [var/s: uint]","ruleId":"explicit-types","filePath":"Benchmarks/Study_SamplesSet/078b9c7ae51ff2ab0c3619cc94a6900a.sol"},{"line":21,"column":42,"severity":"Warning","message":"Rule is set with explicit type [var/s: uint]","ruleId":"explicit-types","filePath":"Benchmarks/Study_SamplesSet/078b9c7ae51ff2ab0c3619cc94a6900a.sol"},{"line":21,"column":54,"severity":"Warning","message":"Rule is set with explicit type [var/s: uint]","ruleId":"explicit-types","filePath":"Benchmarks/Study_SamplesSet/078b9c7ae51ff2ab0c3619cc94a6900a.sol"},{"line":21,"column":66,"severity":"Warning","message":"Rule is set with explicit type [var/s: uint]","ruleId":"explicit-types","filePath":"Benchmarks/Study_SamplesSet/078b9c7ae51ff2ab0c3619cc94a6900a.sol"},{"line":21,"column":77,"severity":"Warning","message":"Rule is set with explicit type [var/s: uint]","ruleId":"explicit-types","filePath":"Benchmarks/Study_SamplesSet/078b9c7ae51ff2ab0c3619cc94a6900a.sol"},{"line":29,"column":5,"severity":"Warning","message":"Provide an error message for require","ruleId":"reason-string","fix":null,"filePath":"Benchmarks/Study_SamplesSet/078b9c7ae51ff2ab0c3619cc94a6900a.sol"},{"line":29,"column":5,"severity":"Warning","message":"Use Custom Errors instead of require statements","ruleId":"custom-errors","fix":null,"filePath":"Benchmarks/Study_SamplesSet/078b9c7ae51ff2ab0c3619cc94a6900a.sol"},{"line":34,"column":5,"severity":"Warning","message":"Provide an error message for require","ruleId":"reason-string","fix":null,"filePath":"Benchmarks/Study_SamplesSet/078b9c7ae51ff2ab0c3619cc94a6900a.sol"},{"line":34,"column":5,"severity":"Warning","message":"Use Custom Errors instead of require statements","ruleId":"custom-errors","fix":null,"filePath":"Benchmarks/Study_SamplesSet/078b9c7ae51ff2ab0c3619cc94a6900a.sol"},{"line":39,"column":5,"severity":"Warning","message":"Provide an error message for require","ruleId":"reason-string","fix":null,"filePath":"Benchmarks/Study_SamplesSet/078b9c7ae51ff2ab0c3619cc94a6900a.sol"},{"line":39,"column":5,"severity":"Warning","message":"Use Custom Errors instead of require statements","ruleId":"custom-errors","fix":null,"filePath":"Benchmarks/Study_SamplesSet/078b9c7ae51ff2ab0c3619cc94a6900a.sol"},{"line":43,"column":30,"severity":"Warning","message":"Rule is set with explicit type [var/s: uint]","ruleId":"explicit-types","filePath":"Benchmarks/Study_SamplesSet/078b9c7ae51ff2ab0c3619cc94a6900a.sol"},{"line":43,"column":42,"severity":"Warning","message":"Rule is set with explicit type [var/s: uint]","ruleId":"explicit-types","filePath":"Benchmarks/Study_SamplesSet/078b9c7ae51ff2ab0c3619cc94a6900a.sol"},{"line":43,"column":54,"severity":"Warning","message":"Rule is set with explicit type [var/s: uint]","ruleId":"explicit-types","filePath":"Benchmarks/Study_SamplesSet/078b9c7ae51ff2ab0c3619cc94a6900a.sol"},{"line":44,"column":5,"severity":"Warning","message":"Provide an error message for require","ruleId":"reason-string","fix":null,"filePath":"Benchmarks/Study_SamplesSet/078b9c7ae51ff2ab0c3619cc94a6900a.sol"},{"line":44,"column":5,"severity":"Warning","message":"Use Custom Errors instead of require statements","ruleId":"custom-errors","fix":null,"filePath":"Benchmarks/Study_SamplesSet/078b9c7ae51ff2ab0c3619cc94a6900a.sol"},{"line":45,"column":5,"severity":"Warning","message":"Provide an error message for require","ruleId":"reason-string","fix":null,"filePath":"Benchmarks/Study_SamplesSet/078b9c7ae51ff2ab0c3619cc94a6900a.sol"},{"line":45,"column":5,"severity":"Warning","message":"Use Custom Errors instead of require statements","ruleId":"custom-errors","fix":null,"filePath":"Benchmarks/Study_SamplesSet/078b9c7ae51ff2ab0c3619cc94a6900a.sol"},{"line":46,"column":5,"severity":"Warning","message":"Provide an error message for require","ruleId":"reason-string","fix":null,"filePath":"Benchmarks/Study_SamplesSet/078b9c7ae51ff2ab0c3619cc94a6900a.sol"},{"line":46,"column":5,"severity":"Warning","message":"Use Custom Errors instead of require statements","ruleId":"custom-errors","fix":null,"filePath":"Benchmarks/Study_SamplesSet/078b9c7ae51ff2ab0c3619cc94a6900a.sol"},{"line":47,"column":5,"severity":"Warning","message":"Provide an error message for require","ruleId":"reason-string","fix":null,"filePath":"Benchmarks/Study_SamplesSet/078b9c7ae51ff2ab0c3619cc94a6900a.sol"},{"line":47,"column":5,"severity":"Warning","message":"Use Custom Errors instead of require statements","ruleId":"custom-errors","fix":null,"filePath":"Benchmarks/Study_SamplesSet/078b9c7ae51ff2ab0c3619cc94a6900a.sol"},{"line":51,"column":33,"severity":"Warning","message":"Rule is set with explicit type [var/s: uint]","ruleId":"explicit-types","filePath":"Benchmarks/Study_SamplesSet/078b9c7ae51ff2ab0c3619cc94a6900a.sol"},{"line":51,"column":45,"severity":"Warning","message":"Rule is set with explicit type [var/s: uint]","ruleId":"explicit-types","filePath":"Benchmarks/Study_SamplesSet/078b9c7ae51ff2ab0c3619cc94a6900a.sol"},{"line":51,"column":57,"severity":"Warning","message":"Rule is set with explicit type [var/s: uint]","ruleId":"explicit-types","filePath":"Benchmarks/Study_SamplesSet/078b9c7ae51ff2ab0c3619cc94a6900a.sol"},{"line":52,"column":5,"severity":"Warning","message":"Provide an error message for require","ruleId":"reason-string","fix":null,"filePath":"Benchmarks/Study_SamplesSet/078b9c7ae51ff2ab0c3619cc94a6900a.sol"},{"line":52,"column":5,"severity":"Warning","message":"Use Custom Errors instead of require statements","ruleId":"custom-errors","fix":null,"filePath":"Benchmarks/Study_SamplesSet/078b9c7ae51ff2ab0c3619cc94a6900a.sol"},{"line":53,"column":5,"severity":"Warning","message":"Provide an error message for require","ruleId":"reason-string","fix":null,"filePath":"Benchmarks/Study_SamplesSet/078b9c7ae51ff2ab0c3619cc94a6900a.sol"},{"line":53,"column":5,"severity":"Warning","message":"Use Custom Errors instead of require statements","ruleId":"custom-errors","fix":null,"filePath":"Benchmarks/Study_SamplesSet/078b9c7ae51ff2ab0c3619cc94a6900a.sol"},{"line":54,"column":5,"severity":"Warning","message":"Provide an error message for require","ruleId":"reason-string","fix":null,"filePath":"Benchmarks/Study_SamplesSet/078b9c7ae51ff2ab0c3619cc94a6900a.sol"},{"line":54,"column":5,"severity":"Warning","message":"Use Custom Errors instead of require statements","ruleId":"custom-errors","fix":null,"filePath":"Benchmarks/Study_SamplesSet/078b9c7ae51ff2ab0c3619cc94a6900a.sol"},{"line":55,"column":5,"severity":"Warning","message":"Provide an error message for require","ruleId":"reason-string","fix":null,"filePath":"Benchmarks/Study_SamplesSet/078b9c7ae51ff2ab0c3619cc94a6900a.sol"},{"line":55,"column":5,"severity":"Warning","message":"Use Custom Errors instead of require statements","ruleId":"custom-errors","fix":null,"filePath":"Benchmarks/Study_SamplesSet/078b9c7ae51ff2ab0c3619cc94a6900a.sol"},{"line":67,"column":26,"severity":"Warning","message":"Rule is set with explicit type [var/s: uint]","ruleId":"explicit-types","filePath":"Benchmarks/Study_SamplesSet/078b9c7ae51ff2ab0c3619cc94a6900a.sol"},{"line":75,"column":56,"severity":"Warning","message":"Visibility modifier must be first in list of modifiers","ruleId":"visibility-modifier-order","fix":null,"filePath":"Benchmarks/Study_SamplesSet/078b9c7ae51ff2ab0c3619cc94a6900a.sol"},{"line":75,"column":27,"severity":"Warning","message":"Rule is set with explicit type [var/s: uint]","ruleId":"explicit-types","filePath":"Benchmarks/Study_SamplesSet/078b9c7ae51ff2ab0c3619cc94a6900a.sol"},{"line":75,"column":39,"severity":"Warning","message":"Rule is set with explicit type [var/s: uint]","ruleId":"explicit-types","filePath":"Benchmarks/Study_SamplesSet/078b9c7ae51ff2ab0c3619cc94a6900a.sol"},{"line":75,"column":72,"severity":"Warning","message":"Rule is set with explicit type [var/s: uint]","ruleId":"explicit-types","filePath":"Benchmarks/Study_SamplesSet/078b9c7ae51ff2ab0c3619cc94a6900a.sol"},{"line":75,"column":78,"severity":"Warning","message":"Rule is set with explicit type [var/s: uint]","ruleId":"explicit-types","filePath":"Benchmarks/Study_SamplesSet/078b9c7ae51ff2ab0c3619cc94a6900a.sol"},{"line":75,"column":84,"severity":"Warning","message":"Rule is set with explicit type [var/s: uint]","ruleId":"explicit-types","filePath":"Benchmarks/Study_SamplesSet/078b9c7ae51ff2ab0c3619cc94a6900a.sol"},{"line":75,"column":90,"severity":"Warning","message":"Rule is set with explicit type [var/s: uint]","ruleId":"explicit-types","filePath":"Benchmarks/Study_SamplesSet/078b9c7ae51ff2ab0c3619cc94a6900a.sol"},{"line":75,"column":96,"severity":"Warning","message":"Rule is set with explicit type [var/s: uint]","ruleId":"explicit-types","filePath":"Benchmarks/Study_SamplesSet/078b9c7ae51ff2ab0c3619cc94a6900a.sol"},{"line":85,"column":69,"severity":"Warning","message":"Visibility modifier must be first in list of modifiers","ruleId":"visibility-modifier-order","fix":null,"filePath":"Benchmarks/Study_SamplesSet/078b9c7ae51ff2ab0c3619cc94a6900a.sol"},{"line":85,"column":29,"severity":"Warning","message":"Rule is set with explicit type [var/s: uint]","ruleId":"explicit-types","filePath":"Benchmarks/Study_SamplesSet/078b9c7ae51ff2ab0c3619cc94a6900a.sol"},{"line":85,"column":41,"severity":"Warning","message":"Rule is set with explicit type [var/s: uint]","ruleId":"explicit-types","filePath":"Benchmarks/Study_SamplesSet/078b9c7ae51ff2ab0c3619cc94a6900a.sol"},{"line":85,"column":53,"severity":"Warning","message":"Rule is set with explicit type [var/s: uint]","ruleId":"explicit-types","filePath":"Benchmarks/Study_SamplesSet/078b9c7ae51ff2ab0c3619cc94a6900a.sol"},{"line":85,"column":94,"severity":"Warning","message":"Rule is set with explicit type [var/s: uint]","ruleId":"explicit-types","filePath":"Benchmarks/Study_SamplesSet/078b9c7ae51ff2ab0c3619cc94a6900a.sol"},{"line":85,"column":100,"severity":"Warning","message":"Rule is set with explicit type [var/s: uint]","ruleId":"explicit-types","filePath":"Benchmarks/Study_SamplesSet/078b9c7ae51ff2ab0c3619cc94a6900a.sol"},{"line":85,"column":106,"severity":"Warning","message":"Rule is set with explicit type [var/s: uint]","ruleId":"explicit-types","filePath":"Benchmarks/Study_SamplesSet/078b9c7ae51ff2ab0c3619cc94a6900a.sol"},{"line":85,"column":112,"severity":"Warning","message":"Rule is set with explicit type [var/s: uint]","ruleId":"explicit-types","filePath":"Benchmarks/Study_SamplesSet/078b9c7ae51ff2ab0c3619cc94a6900a.sol"},{"line":96,"column":74,"severity":"Warning","message":"Visibility modifier must be first in list of modifiers","ruleId":"visibility-modifier-order","fix":null,"filePath":"Benchmarks/Study_SamplesSet/078b9c7ae51ff2ab0c3619cc94a6900a.sol"},{"line":96,"column":34,"severity":"Warning","message":"Rule is set with explicit type [var/s: uint]","ruleId":"explicit-types","filePath":"Benchmarks/Study_SamplesSet/078b9c7ae51ff2ab0c3619cc94a6900a.sol"},{"line":96,"column":46,"severity":"Warning","message":"Rule is set with explicit type [var/s: uint]","ruleId":"explicit-types","filePath":"Benchmarks/Study_SamplesSet/078b9c7ae51ff2ab0c3619cc94a6900a.sol"},{"line":96,"column":58,"severity":"Warning","message":"Rule is set with explicit type [var/s: uint]","ruleId":"explicit-types","filePath":"Benchmarks/Study_SamplesSet/078b9c7ae51ff2ab0c3619cc94a6900a.sol"},{"line":96,"column":90,"severity":"Warning","message":"Rule is set with explicit type [var/s: uint]","ruleId":"explicit-types","filePath":"Benchmarks/Study_SamplesSet/078b9c7ae51ff2ab0c3619cc94a6900a.sol"},{"line":96,"column":96,"severity":"Warning","message":"Rule is set with explicit type [var/s: uint]","ruleId":"explicit-types","filePath":"Benchmarks/Study_SamplesSet/078b9c7ae51ff2ab0c3619cc94a6900a.sol"},{"line":96,"column":102,"severity":"Warning","message":"Rule is set with explicit type [var/s: uint]","ruleId":"explicit-types","filePath":"Benchmarks/Study_SamplesSet/078b9c7ae51ff2ab0c3619cc94a6900a.sol"},{"line":96,"column":108,"severity":"Warning","message":"Rule is set with explicit type [var/s: uint]","ruleId":"explicit-types","filePath":"Benchmarks/Study_SamplesSet/078b9c7ae51ff2ab0c3619cc94a6900a.sol"},{"line":96,"column":114,"severity":"Warning","message":"Rule is set with explicit type [var/s: uint]","ruleId":"explicit-types","filePath":"Benchmarks/Study_SamplesSet/078b9c7ae51ff2ab0c3619cc94a6900a.sol"},{"line":106,"column":30,"severity":"Warning","message":"Rule is set with explicit type [var/s: uint]","ruleId":"explicit-types","filePath":"Benchmarks/Study_SamplesSet/078b9c7ae51ff2ab0c3619cc94a6900a.sol"},{"line":106,"column":42,"severity":"Warning","message":"Rule is set with explicit type [var/s: uint]","ruleId":"explicit-types","filePath":"Benchmarks/Study_SamplesSet/078b9c7ae51ff2ab0c3619cc94a6900a.sol"},{"line":107,"column":5,"severity":"Warning","message":"Rule is set with explicit type [var/s: uint]","ruleId":"explicit-types","filePath":"Benchmarks/Study_SamplesSet/078b9c7ae51ff2ab0c3619cc94a6900a.sol"},{"line":109,"column":5,"severity":"Warning","message":"Provide an error message for require","ruleId":"reason-string","fix":null,"filePath":"Benchmarks/Study_SamplesSet/078b9c7ae51ff2ab0c3619cc94a6900a.sol"},{"line":109,"column":5,"severity":"Warning","message":"Use Custom Errors instead of require statements","ruleId":"custom-errors","fix":null,"filePath":"Benchmarks/Study_SamplesSet/078b9c7ae51ff2ab0c3619cc94a6900a.sol"},{"line":110,"column":5,"severity":"Warning","message":"Provide an error message for require","ruleId":"reason-string","fix":null,"filePath":"Benchmarks/Study_SamplesSet/078b9c7ae51ff2ab0c3619cc94a6900a.sol"},{"line":110,"column":5,"severity":"Warning","message":"Use Custom Errors instead of require statements","ruleId":"custom-errors","fix":null,"filePath":"Benchmarks/Study_SamplesSet/078b9c7ae51ff2ab0c3619cc94a6900a.sol"},{"line":111,"column":5,"severity":"Warning","message":"Provide an error message for require","ruleId":"reason-string","fix":null,"filePath":"Benchmarks/Study_SamplesSet/078b9c7ae51ff2ab0c3619cc94a6900a.sol"},{"line":111,"column":5,"severity":"Warning","message":"Use Custom Errors instead of require statements","ruleId":"custom-errors","fix":null,"filePath":"Benchmarks/Study_SamplesSet/078b9c7ae51ff2ab0c3619cc94a6900a.sol"},{"line":112,"column":5,"severity":"Warning","message":"Provide an error message for require","ruleId":"reason-string","fix":null,"filePath":"Benchmarks/Study_SamplesSet/078b9c7ae51ff2ab0c3619cc94a6900a.sol"},{"line":112,"column":5,"severity":"Warning","message":"Use Custom Errors instead of require statements","ruleId":"custom-errors","fix":null,"filePath":"Benchmarks/Study_SamplesSet/078b9c7ae51ff2ab0c3619cc94a6900a.sol"},{"line":118,"column":22,"severity":"Warning","message":"Rule is set with explicit type [var/s: uint]","ruleId":"explicit-types","filePath":"Benchmarks/Study_SamplesSet/078b9c7ae51ff2ab0c3619cc94a6900a.sol"},{"line":118,"column":5,"severity":"Warning","message":"Rule is set with explicit type [var/s: uint]","ruleId":"explicit-types","filePath":"Benchmarks/Study_SamplesSet/078b9c7ae51ff2ab0c3619cc94a6900a.sol"},{"line":118,"column":27,"severity":"Error","message":"Do not rely on \"block.blockhash\". Miners can influence its value.","ruleId":"not-rely-on-block-hash","fix":null,"filePath":"Benchmarks/Study_SamplesSet/078b9c7ae51ff2ab0c3619cc94a6900a.sol"},{"line":120,"column":5,"severity":"Warning","message":"Rule is set with explicit type [var/s: uint]","ruleId":"explicit-types","filePath":"Benchmarks/Study_SamplesSet/078b9c7ae51ff2ab0c3619cc94a6900a.sol"},{"line":123,"column":22,"severity":"Warning","message":"Rule is set with explicit type [var/s: uint]","ruleId":"explicit-types","filePath":"Benchmarks/Study_SamplesSet/078b9c7ae51ff2ab0c3619cc94a6900a.sol"},{"line":123,"column":5,"severity":"Warning","message":"Rule is set with explicit type [var/s: uint]","ruleId":"explicit-types","filePath":"Benchmarks/Study_SamplesSet/078b9c7ae51ff2ab0c3619cc94a6900a.sol"},{"line":123,"column":27,"severity":"Error","message":"Do not rely on \"block.blockhash\". Miners can influence its value.","ruleId":"not-rely-on-block-hash","fix":null,"filePath":"Benchmarks/Study_SamplesSet/078b9c7ae51ff2ab0c3619cc94a6900a.sol"},{"line":125,"column":5,"severity":"Warning","message":"Rule is set with explicit type [var/s: uint]","ruleId":"explicit-types","filePath":"Benchmarks/Study_SamplesSet/078b9c7ae51ff2ab0c3619cc94a6900a.sol"},{"line":128,"column":21,"severity":"Warning","message":"Rule is set with explicit type [var/s: uint]","ruleId":"explicit-types","filePath":"Benchmarks/Study_SamplesSet/078b9c7ae51ff2ab0c3619cc94a6900a.sol"},{"line":128,"column":5,"severity":"Warning","message":"Rule is set with explicit type [var/s: uint]","ruleId":"explicit-types","filePath":"Benchmarks/Study_SamplesSet/078b9c7ae51ff2ab0c3619cc94a6900a.sol"},{"line":128,"column":26,"severity":"Error","message":"Do not rely on \"block.blockhash\". Miners can influence its value.","ruleId":"not-rely-on-block-hash","fix":null,"filePath":"Benchmarks/Study_SamplesSet/078b9c7ae51ff2ab0c3619cc94a6900a.sol"},{"line":130,"column":5,"severity":"Warning","message":"Rule is set with explicit type [var/s: uint]","ruleId":"explicit-types","filePath":"Benchmarks/Study_SamplesSet/078b9c7ae51ff2ab0c3619cc94a6900a.sol"},{"line":133,"column":5,"severity":"Error","message":"Explicitly mark all external contracts as trusted or untrusted","ruleId":"mark-callable-contracts","filePath":"Benchmarks/Study_SamplesSet/078b9c7ae51ff2ab0c3619cc94a6900a.sol"},{"line":134,"column":5,"severity":"Error","message":"Explicitly mark all external contracts as trusted or untrusted","ruleId":"mark-callable-contracts","filePath":"Benchmarks/Study_SamplesSet/078b9c7ae51ff2ab0c3619cc94a6900a.sol"},{"line":135,"column":5,"severity":"Error","message":"Explicitly mark all external contracts as trusted or untrusted","ruleId":"mark-callable-contracts","filePath":"Benchmarks/Study_SamplesSet/078b9c7ae51ff2ab0c3619cc94a6900a.sol"},{"line":136,"column":5,"severity":"Error","message":"Explicitly mark all external contracts as trusted or untrusted","ruleId":"mark-callable-contracts","filePath":"Benchmarks/Study_SamplesSet/078b9c7ae51ff2ab0c3619cc94a6900a.sol"},{"line":137,"column":5,"severity":"Error","message":"Explicitly mark all external contracts as trusted or untrusted","ruleId":"mark-callable-contracts","filePath":"Benchmarks/Study_SamplesSet/078b9c7ae51ff2ab0c3619cc94a6900a.sol"},{"line":138,"column":5,"severity":"Error","message":"Explicitly mark all external contracts as trusted or untrusted","ruleId":"mark-callable-contracts","filePath":"Benchmarks/Study_SamplesSet/078b9c7ae51ff2ab0c3619cc94a6900a.sol"},{"line":141,"column":31,"severity":"Warning","message":"Rule is set with explicit type [var/s: uint]","ruleId":"explicit-types","filePath":"Benchmarks/Study_SamplesSet/078b9c7ae51ff2ab0c3619cc94a6900a.sol"},{"line":141,"column":43,"severity":"Warning","message":"Rule is set with explicit type [var/s: uint]","ruleId":"explicit-types","filePath":"Benchmarks/Study_SamplesSet/078b9c7ae51ff2ab0c3619cc94a6900a.sol"},{"line":141,"column":55,"severity":"Warning","message":"Rule is set with explicit type [var/s: uint]","ruleId":"explicit-types","filePath":"Benchmarks/Study_SamplesSet/078b9c7ae51ff2ab0c3619cc94a6900a.sol"},{"line":142,"column":5,"severity":"Warning","message":"Rule is set with explicit type [var/s: uint]","ruleId":"explicit-types","filePath":"Benchmarks/Study_SamplesSet/078b9c7ae51ff2ab0c3619cc94a6900a.sol"},{"line":144,"column":5,"severity":"Warning","message":"Provide an error message for require","ruleId":"reason-string","fix":null,"filePath":"Benchmarks/Study_SamplesSet/078b9c7ae51ff2ab0c3619cc94a6900a.sol"},{"line":144,"column":5,"severity":"Warning","message":"Use Custom Errors instead of require statements","ruleId":"custom-errors","fix":null,"filePath":"Benchmarks/Study_SamplesSet/078b9c7ae51ff2ab0c3619cc94a6900a.sol"},{"line":145,"column":5,"severity":"Warning","message":"Provide an error message for require","ruleId":"reason-string","fix":null,"filePath":"Benchmarks/Study_SamplesSet/078b9c7ae51ff2ab0c3619cc94a6900a.sol"},{"line":145,"column":5,"severity":"Warning","message":"Use Custom Errors instead of require statements","ruleId":"custom-errors","fix":null,"filePath":"Benchmarks/Study_SamplesSet/078b9c7ae51ff2ab0c3619cc94a6900a.sol"},{"line":150,"column":5,"severity":"Error","message":"Explicitly mark all external contracts as trusted or untrusted","ruleId":"mark-callable-contracts","filePath":"Benchmarks/Study_SamplesSet/078b9c7ae51ff2ab0c3619cc94a6900a.sol"},{"line":151,"column":5,"severity":"Error","message":"Explicitly mark all external contracts as trusted or untrusted","ruleId":"mark-callable-contracts","filePath":"Benchmarks/Study_SamplesSet/078b9c7ae51ff2ab0c3619cc94a6900a.sol"},{"line":154,"column":35,"severity":"Warning","message":"Rule is set with explicit type [var/s: uint]","ruleId":"explicit-types","filePath":"Benchmarks/Study_SamplesSet/078b9c7ae51ff2ab0c3619cc94a6900a.sol"},{"line":154,"column":47,"severity":"Warning","message":"Rule is set with explicit type [var/s: uint]","ruleId":"explicit-types","filePath":"Benchmarks/Study_SamplesSet/078b9c7ae51ff2ab0c3619cc94a6900a.sol"},{"line":154,"column":59,"severity":"Warning","message":"Rule is set with explicit type [var/s: uint]","ruleId":"explicit-types","filePath":"Benchmarks/Study_SamplesSet/078b9c7ae51ff2ab0c3619cc94a6900a.sol"},{"line":154,"column":70,"severity":"Warning","message":"Rule is set with explicit type [var/s: uint]","ruleId":"explicit-types","filePath":"Benchmarks/Study_SamplesSet/078b9c7ae51ff2ab0c3619cc94a6900a.sol"},{"line":154,"column":87,"severity":"Warning","message":"Rule is set with explicit type [var/s: uint]","ruleId":"explicit-types","filePath":"Benchmarks/Study_SamplesSet/078b9c7ae51ff2ab0c3619cc94a6900a.sol"},{"line":154,"column":102,"severity":"Warning","message":"Rule is set with explicit type [var/s: uint]","ruleId":"explicit-types","filePath":"Benchmarks/Study_SamplesSet/078b9c7ae51ff2ab0c3619cc94a6900a.sol"},{"line":155,"column":5,"severity":"Warning","message":"Provide an error message for require","ruleId":"reason-string","fix":null,"filePath":"Benchmarks/Study_SamplesSet/078b9c7ae51ff2ab0c3619cc94a6900a.sol"},{"line":155,"column":5,"severity":"Warning","message":"Use Custom Errors instead of require statements","ruleId":"custom-errors","fix":null,"filePath":"Benchmarks/Study_SamplesSet/078b9c7ae51ff2ab0c3619cc94a6900a.sol"},{"line":156,"column":5,"severity":"Warning","message":"Provide an error message for require","ruleId":"reason-string","fix":null,"filePath":"Benchmarks/Study_SamplesSet/078b9c7ae51ff2ab0c3619cc94a6900a.sol"},{"line":156,"column":5,"severity":"Warning","message":"Use Custom Errors instead of require statements","ruleId":"custom-errors","fix":null,"filePath":"Benchmarks/Study_SamplesSet/078b9c7ae51ff2ab0c3619cc94a6900a.sol"},{"line":165,"column":35,"severity":"Warning","message":"Rule is set with explicit type [var/s: uint]","ruleId":"explicit-types","filePath":"Benchmarks/Study_SamplesSet/078b9c7ae51ff2ab0c3619cc94a6900a.sol"},{"line":165,"column":47,"severity":"Warning","message":"Rule is set with explicit type [var/s: uint]","ruleId":"explicit-types","filePath":"Benchmarks/Study_SamplesSet/078b9c7ae51ff2ab0c3619cc94a6900a.sol"},{"line":165,"column":59,"severity":"Warning","message":"Rule is set with explicit type [var/s: uint]","ruleId":"explicit-types","filePath":"Benchmarks/Study_SamplesSet/078b9c7ae51ff2ab0c3619cc94a6900a.sol"},{"line":166,"column":5,"severity":"Warning","message":"Provide an error message for require","ruleId":"reason-string","fix":null,"filePath":"Benchmarks/Study_SamplesSet/078b9c7ae51ff2ab0c3619cc94a6900a.sol"},{"line":166,"column":5,"severity":"Warning","message":"Use Custom Errors instead of require statements","ruleId":"custom-errors","fix":null,"filePath":"Benchmarks/Study_SamplesSet/078b9c7ae51ff2ab0c3619cc94a6900a.sol"},{"line":174,"column":35,"severity":"Warning","message":"Rule is set with explicit type [var/s: uint]","ruleId":"explicit-types","filePath":"Benchmarks/Study_SamplesSet/078b9c7ae51ff2ab0c3619cc94a6900a.sol"},{"line":174,"column":47,"severity":"Warning","message":"Rule is set with explicit type [var/s: uint]","ruleId":"explicit-types","filePath":"Benchmarks/Study_SamplesSet/078b9c7ae51ff2ab0c3619cc94a6900a.sol"},{"line":174,"column":59,"severity":"Warning","message":"Rule is set with explicit type [var/s: uint]","ruleId":"explicit-types","filePath":"Benchmarks/Study_SamplesSet/078b9c7ae51ff2ab0c3619cc94a6900a.sol"},{"line":175,"column":5,"severity":"Warning","message":"Rule is set with explicit type [var/s: uint]","ruleId":"explicit-types","filePath":"Benchmarks/Study_SamplesSet/078b9c7ae51ff2ab0c3619cc94a6900a.sol"},{"line":177,"column":5,"severity":"Warning","message":"Provide an error message for require","ruleId":"reason-string","fix":null,"filePath":"Benchmarks/Study_SamplesSet/078b9c7ae51ff2ab0c3619cc94a6900a.sol"},{"line":177,"column":5,"severity":"Warning","message":"Use Custom Errors instead of require statements","ruleId":"custom-errors","fix":null,"filePath":"Benchmarks/Study_SamplesSet/078b9c7ae51ff2ab0c3619cc94a6900a.sol"},{"line":178,"column":5,"severity":"Warning","message":"Provide an error message for require","ruleId":"reason-string","fix":null,"filePath":"Benchmarks/Study_SamplesSet/078b9c7ae51ff2ab0c3619cc94a6900a.sol"},{"line":178,"column":5,"severity":"Warning","message":"Use Custom Errors instead of require statements","ruleId":"custom-errors","fix":null,"filePath":"Benchmarks/Study_SamplesSet/078b9c7ae51ff2ab0c3619cc94a6900a.sol"},{"line":188,"column":5,"severity":"Error","message":"Explicitly mark all external contracts as trusted or untrusted","ruleId":"mark-callable-contracts","filePath":"Benchmarks/Study_SamplesSet/078b9c7ae51ff2ab0c3619cc94a6900a.sol"},{"line":189,"column":5,"severity":"Error","message":"Explicitly mark all external contracts as trusted or untrusted","ruleId":"mark-callable-contracts","filePath":"Benchmarks/Study_SamplesSet/078b9c7ae51ff2ab0c3619cc94a6900a.sol"},{"line":190,"column":5,"severity":"Error","message":"Explicitly mark all external contracts as trusted or untrusted","ruleId":"mark-callable-contracts","filePath":"Benchmarks/Study_SamplesSet/078b9c7ae51ff2ab0c3619cc94a6900a.sol"},{"line":193,"column":49,"severity":"Warning","message":"Visibility modifier must be first in list of modifiers","ruleId":"visibility-modifier-order","fix":null,"filePath":"Benchmarks/Study_SamplesSet/078b9c7ae51ff2ab0c3619cc94a6900a.sol"},{"line":193,"column":32,"severity":"Warning","message":"Rule is set with explicit type [var/s: uint]","ruleId":"explicit-types","filePath":"Benchmarks/Study_SamplesSet/078b9c7ae51ff2ab0c3619cc94a6900a.sol"},{"line":193,"column":67,"severity":"Warning","message":"Rule is set with explicit type [var/s: uint]","ruleId":"explicit-types","filePath":"Benchmarks/Study_SamplesSet/078b9c7ae51ff2ab0c3619cc94a6900a.sol"},{"line":197,"column":47,"severity":"Warning","message":"Visibility modifier must be first in list of modifiers","ruleId":"visibility-modifier-order","fix":null,"filePath":"Benchmarks/Study_SamplesSet/078b9c7ae51ff2ab0c3619cc94a6900a.sol"},{"line":197,"column":30,"severity":"Warning","message":"Rule is set with explicit type [var/s: uint]","ruleId":"explicit-types","filePath":"Benchmarks/Study_SamplesSet/078b9c7ae51ff2ab0c3619cc94a6900a.sol"},{"line":197,"column":65,"severity":"Warning","message":"Rule is set with explicit type [var/s: uint]","ruleId":"explicit-types","filePath":"Benchmarks/Study_SamplesSet/078b9c7ae51ff2ab0c3619cc94a6900a.sol"},{"line":201,"column":51,"severity":"Warning","message":"Visibility modifier must be first in list of modifiers","ruleId":"visibility-modifier-order","fix":null,"filePath":"Benchmarks/Study_SamplesSet/078b9c7ae51ff2ab0c3619cc94a6900a.sol"},{"line":201,"column":34,"severity":"Warning","message":"Rule is set with explicit type [var/s: uint]","ruleId":"explicit-types","filePath":"Benchmarks/Study_SamplesSet/078b9c7ae51ff2ab0c3619cc94a6900a.sol"},{"line":201,"column":69,"severity":"Warning","message":"Rule is set with explicit type [var/s: uint]","ruleId":"explicit-types","filePath":"Benchmarks/Study_SamplesSet/078b9c7ae51ff2ab0c3619cc94a6900a.sol"},{"line":205,"column":42,"severity":"Warning","message":"Visibility modifier must be first in list of modifiers","ruleId":"visibility-modifier-order","fix":null,"filePath":"Benchmarks/Study_SamplesSet/078b9c7ae51ff2ab0c3619cc94a6900a.sol"},{"line":205,"column":25,"severity":"Warning","message":"Rule is set with explicit type [var/s: uint]","ruleId":"explicit-types","filePath":"Benchmarks/Study_SamplesSet/078b9c7ae51ff2ab0c3619cc94a6900a.sol"},{"line":205,"column":60,"severity":"Warning","message":"Rule is set with explicit type [var/s: uint]","ruleId":"explicit-types","filePath":"Benchmarks/Study_SamplesSet/078b9c7ae51ff2ab0c3619cc94a6900a.sol"},{"line":209,"column":59,"severity":"Warning","message":"Visibility modifier must be first in list of modifiers","ruleId":"visibility-modifier-order","fix":null,"filePath":"Benchmarks/Study_SamplesSet/078b9c7ae51ff2ab0c3619cc94a6900a.sol"},{"line":209,"column":30,"severity":"Warning","message":"Rule is set with explicit type [var/s: uint]","ruleId":"explicit-types","filePath":"Benchmarks/Study_SamplesSet/078b9c7ae51ff2ab0c3619cc94a6900a.sol"},{"line":209,"column":42,"severity":"Warning","message":"Rule is set with explicit type [var/s: uint]","ruleId":"explicit-types","filePath":"Benchmarks/Study_SamplesSet/078b9c7ae51ff2ab0c3619cc94a6900a.sol"},{"line":209,"column":77,"severity":"Warning","message":"Rule is set with explicit type [var/s: uint]","ruleId":"explicit-types","filePath":"Benchmarks/Study_SamplesSet/078b9c7ae51ff2ab0c3619cc94a6900a.sol"},{"line":213,"column":69,"severity":"Warning","message":"Visibility modifier must be first in list of modifiers","ruleId":"visibility-modifier-order","fix":null,"filePath":"Benchmarks/Study_SamplesSet/078b9c7ae51ff2ab0c3619cc94a6900a.sol"},{"line":213,"column":29,"severity":"Warning","message":"Rule is set with explicit type [var/s: uint]","ruleId":"explicit-types","filePath":"Benchmarks/Study_SamplesSet/078b9c7ae51ff2ab0c3619cc94a6900a.sol"},{"line":213,"column":41,"severity":"Warning","message":"Rule is set with explicit type [var/s: uint]","ruleId":"explicit-types","filePath":"Benchmarks/Study_SamplesSet/078b9c7ae51ff2ab0c3619cc94a6900a.sol"},{"line":213,"column":53,"severity":"Warning","message":"Rule is set with explicit type [var/s: uint]","ruleId":"explicit-types","filePath":"Benchmarks/Study_SamplesSet/078b9c7ae51ff2ab0c3619cc94a6900a.sol"},{"line":213,"column":87,"severity":"Warning","message":"Rule is set with explicit type [var/s: uint]","ruleId":"explicit-types","filePath":"Benchmarks/Study_SamplesSet/078b9c7ae51ff2ab0c3619cc94a6900a.sol"},{"line":217,"column":72,"severity":"Warning","message":"Visibility modifier must be first in list of modifiers","ruleId":"visibility-modifier-order","fix":null,"filePath":"Benchmarks/Study_SamplesSet/078b9c7ae51ff2ab0c3619cc94a6900a.sol"},{"line":217,"column":32,"severity":"Warning","message":"Rule is set with explicit type [var/s: uint]","ruleId":"explicit-types","filePath":"Benchmarks/Study_SamplesSet/078b9c7ae51ff2ab0c3619cc94a6900a.sol"},{"line":217,"column":44,"severity":"Warning","message":"Rule is set with explicit type [var/s: uint]","ruleId":"explicit-types","filePath":"Benchmarks/Study_SamplesSet/078b9c7ae51ff2ab0c3619cc94a6900a.sol"},{"line":217,"column":56,"severity":"Warning","message":"Rule is set with explicit type [var/s: uint]","ruleId":"explicit-types","filePath":"Benchmarks/Study_SamplesSet/078b9c7ae51ff2ab0c3619cc94a6900a.sol"},{"line":217,"column":90,"severity":"Warning","message":"Rule is set with explicit type [var/s: uint]","ruleId":"explicit-types","filePath":"Benchmarks/Study_SamplesSet/078b9c7ae51ff2ab0c3619cc94a6900a.sol"},{"line":221,"column":76,"severity":"Warning","message":"Visibility modifier must be first in list of modifiers","ruleId":"visibility-modifier-order","fix":null,"filePath":"Benchmarks/Study_SamplesSet/078b9c7ae51ff2ab0c3619cc94a6900a.sol"},{"line":221,"column":36,"severity":"Warning","message":"Rule is set with explicit type [var/s: uint]","ruleId":"explicit-types","filePath":"Benchmarks/Study_SamplesSet/078b9c7ae51ff2ab0c3619cc94a6900a.sol"},{"line":221,"column":48,"severity":"Warning","message":"Rule is set with explicit type [var/s: uint]","ruleId":"explicit-types","filePath":"Benchmarks/Study_SamplesSet/078b9c7ae51ff2ab0c3619cc94a6900a.sol"},{"line":221,"column":60,"severity":"Warning","message":"Rule is set with explicit type [var/s: uint]","ruleId":"explicit-types","filePath":"Benchmarks/Study_SamplesSet/078b9c7ae51ff2ab0c3619cc94a6900a.sol"},{"line":221,"column":94,"severity":"Warning","message":"Rule is set with explicit type [var/s: uint]","ruleId":"explicit-types","filePath":"Benchmarks/Study_SamplesSet/078b9c7ae51ff2ab0c3619cc94a6900a.sol"},{"line":222,"column":5,"severity":"Warning","message":"Rule is set with explicit type [var/s: uint]","ruleId":"explicit-types","filePath":"Benchmarks/Study_SamplesSet/078b9c7ae51ff2ab0c3619cc94a6900a.sol"},{"line":231,"column":9,"severity":"Warning","message":"Rule is set with explicit type [var/s: uint]","ruleId":"explicit-types","filePath":"Benchmarks/Study_SamplesSet/078b9c7ae51ff2ab0c3619cc94a6900a.sol"},{"line":232,"column":9,"severity":"Warning","message":"Rule is set with explicit type [var/s: uint]","ruleId":"explicit-types","filePath":"Benchmarks/Study_SamplesSet/078b9c7ae51ff2ab0c3619cc94a6900a.sol"},{"line":233,"column":9,"severity":"Warning","message":"Rule is set with explicit type [var/s: uint]","ruleId":"explicit-types","filePath":"Benchmarks/Study_SamplesSet/078b9c7ae51ff2ab0c3619cc94a6900a.sol"},{"line":234,"column":9,"severity":"Warning","message":"Rule is set with explicit type [var/s: uint]","ruleId":"explicit-types","filePath":"Benchmarks/Study_SamplesSet/078b9c7ae51ff2ab0c3619cc94a6900a.sol"},{"conclusion":"199 problem/s (15 error/s, 184 warning/s)"}]
