[{"line":1,"column":1,"severity":"Warning","message":"Found more than One contract per file. 4 contracts found!","ruleId":"one-contract-per-file","fix":null,"filePath":"Benchmarks/Study_SamplesSet/089e01197d3c63c63adec44544b827d0.sol"},{"line":1,"column":1,"severity":"Error","message":"Compiler version ^0.4.8 does not satisfy the ^0.8.0 semver requirement","ruleId":"compiler-version","fix":null,"filePath":"Benchmarks/Study_SamplesSet/089e01197d3c63c63adec44544b827d0.sol"},{"line":13,"column":5,"severity":"Error","message":"Explicitly mark visibility of state","ruleId":"state-visibility","fix":null,"filePath":"Benchmarks/Study_SamplesSet/089e01197d3c63c63adec44544b827d0.sol"},{"line":16,"column":5,"severity":"Error","message":"Explicitly mark visibility in function (Set ignoreConstructors to true if using solidity >=0.7.0)","ruleId":"func-visibility","fix":null,"filePath":"Benchmarks/Study_SamplesSet/089e01197d3c63c63adec44544b827d0.sol"},{"line":21,"column":5,"severity":"Error","message":"Explicitly mark visibility in function","ruleId":"func-visibility","fix":null,"filePath":"Benchmarks/Study_SamplesSet/089e01197d3c63c63adec44544b827d0.sol"},{"line":41,"column":5,"severity":"Error","message":"Explicitly mark visibility in function","ruleId":"func-visibility","fix":null,"filePath":"Benchmarks/Study_SamplesSet/089e01197d3c63c63adec44544b827d0.sol"},{"line":47,"column":5,"severity":"Error","message":"Explicitly mark visibility in function","ruleId":"func-visibility","fix":null,"filePath":"Benchmarks/Study_SamplesSet/089e01197d3c63c63adec44544b827d0.sol"},{"line":54,"column":5,"severity":"Error","message":"Explicitly mark visibility in function","ruleId":"func-visibility","fix":null,"filePath":"Benchmarks/Study_SamplesSet/089e01197d3c63c63adec44544b827d0.sol"},{"line":60,"column":5,"severity":"Error","message":"Explicitly mark visibility in function","ruleId":"func-visibility","fix":null,"filePath":"Benchmarks/Study_SamplesSet/089e01197d3c63c63adec44544b827d0.sol"},{"line":65,"column":5,"severity":"Error","message":"Explicitly mark visibility in function","ruleId":"func-visibility","fix":null,"filePath":"Benchmarks/Study_SamplesSet/089e01197d3c63c63adec44544b827d0.sol"},{"line":77,"column":5,"severity":"Error","message":"Explicitly mark visibility in function","ruleId":"func-visibility","fix":null,"filePath":"Benchmarks/Study_SamplesSet/089e01197d3c63c63adec44544b827d0.sol"},{"line":83,"column":13,"severity":"Error","message":"Explicitly mark all external contracts as trusted or untrusted","ruleId":"mark-callable-contracts","filePath":"Benchmarks/Study_SamplesSet/089e01197d3c63c63adec44544b827d0.sol"},{"line":88,"column":5,"severity":"Error","message":"Explicitly mark visibility in function","ruleId":"func-visibility","fix":null,"filePath":"Benchmarks/Study_SamplesSet/089e01197d3c63c63adec44544b827d0.sol"},{"line":95,"column":13,"severity":"Error","message":"Explicitly mark all external contracts as trusted or untrusted","ruleId":"mark-callable-contracts","filePath":"Benchmarks/Study_SamplesSet/089e01197d3c63c63adec44544b827d0.sol"},{"line":100,"column":5,"severity":"Error","message":"Explicitly mark visibility in function","ruleId":"func-visibility","fix":null,"filePath":"Benchmarks/Study_SamplesSet/089e01197d3c63c63adec44544b827d0.sol"},{"line":105,"column":5,"severity":"Error","message":"Explicitly mark visibility in function","ruleId":"func-visibility","fix":null,"filePath":"Benchmarks/Study_SamplesSet/089e01197d3c63c63adec44544b827d0.sol"},{"line":108,"column":9,"severity":"Error","message":"Explicitly mark all external contracts as trusted or untrusted","ruleId":"mark-callable-contracts","filePath":"Benchmarks/Study_SamplesSet/089e01197d3c63c63adec44544b827d0.sol"},{"line":112,"column":5,"severity":"Error","message":"Explicitly mark visibility in function","ruleId":"func-visibility","fix":null,"filePath":"Benchmarks/Study_SamplesSet/089e01197d3c63c63adec44544b827d0.sol"},{"line":117,"column":5,"severity":"Error","message":"Explicitly mark visibility of state","ruleId":"state-visibility","fix":null,"filePath":"Benchmarks/Study_SamplesSet/089e01197d3c63c63adec44544b827d0.sol"},{"line":118,"column":5,"severity":"Error","message":"Explicitly mark visibility of state","ruleId":"state-visibility","fix":null,"filePath":"Benchmarks/Study_SamplesSet/089e01197d3c63c63adec44544b827d0.sol"},{"line":129,"column":5,"severity":"Error","message":"Explicitly mark visibility of state","ruleId":"state-visibility","fix":null,"filePath":"Benchmarks/Study_SamplesSet/089e01197d3c63c63adec44544b827d0.sol"},{"line":131,"column":5,"severity":"Error","message":"Explicitly mark visibility in function","ruleId":"func-visibility","fix":null,"filePath":"Benchmarks/Study_SamplesSet/089e01197d3c63c63adec44544b827d0.sol"},{"line":135,"column":5,"severity":"Error","message":"Fallback function must be simple","ruleId":"no-complex-fallback","fix":null,"filePath":"Benchmarks/Study_SamplesSet/089e01197d3c63c63adec44544b827d0.sol"},{"line":137,"column":13,"severity":"Error","message":"\"throw\" is deprecated, avoid to use it","ruleId":"avoid-throw","filePath":"Benchmarks/Study_SamplesSet/089e01197d3c63c63adec44544b827d0.sol"},{"line":144,"column":17,"severity":"Error","message":"\"throw\" is deprecated, avoid to use it","ruleId":"avoid-throw","filePath":"Benchmarks/Study_SamplesSet/089e01197d3c63c63adec44544b827d0.sol"},{"line":148,"column":13,"severity":"Error","message":"Explicitly mark all external contracts as trusted or untrusted","ruleId":"mark-callable-contracts","filePath":"Benchmarks/Study_SamplesSet/089e01197d3c63c63adec44544b827d0.sol"},{"line":150,"column":13,"severity":"Error","message":"\"throw\" is deprecated, avoid to use it","ruleId":"avoid-throw","filePath":"Benchmarks/Study_SamplesSet/089e01197d3c63c63adec44544b827d0.sol"},{"line":154,"column":5,"severity":"Error","message":"Explicitly mark visibility in function","ruleId":"func-visibility","fix":null,"filePath":"Benchmarks/Study_SamplesSet/089e01197d3c63c63adec44544b827d0.sol"},{"line":158,"column":5,"severity":"Error","message":"Explicitly mark visibility in function","ruleId":"func-visibility","fix":null,"filePath":"Benchmarks/Study_SamplesSet/089e01197d3c63c63adec44544b827d0.sol"},{"line":162,"column":5,"severity":"Error","message":"Explicitly mark visibility in function","ruleId":"func-visibility","fix":null,"filePath":"Benchmarks/Study_SamplesSet/089e01197d3c63c63adec44544b827d0.sol"},{"line":166,"column":5,"severity":"Error","message":"Explicitly mark visibility in function","ruleId":"func-visibility","fix":null,"filePath":"Benchmarks/Study_SamplesSet/089e01197d3c63c63adec44544b827d0.sol"},{"line":170,"column":5,"severity":"Error","message":"Explicitly mark visibility in function","ruleId":"func-visibility","fix":null,"filePath":"Benchmarks/Study_SamplesSet/089e01197d3c63c63adec44544b827d0.sol"},{"line":174,"column":5,"severity":"Error","message":"Explicitly mark visibility in function","ruleId":"func-visibility","fix":null,"filePath":"Benchmarks/Study_SamplesSet/089e01197d3c63c63adec44544b827d0.sol"},{"line":175,"column":9,"severity":"Error","message":"Check result of \"send\" call","ruleId":"check-send-result","fix":null,"filePath":"Benchmarks/Study_SamplesSet/089e01197d3c63c63adec44544b827d0.sol"},{"line":182,"column":29,"severity":"Error","message":"Use double quotes for string literals","ruleId":"quotes","filePath":"Benchmarks/Study_SamplesSet/089e01197d3c63c63adec44544b827d0.sol"},{"line":184,"column":5,"severity":"Error","message":"Explicitly mark visibility in function (Set ignoreConstructors to true if using solidity >=0.7.0)","ruleId":"func-visibility","fix":null,"filePath":"Benchmarks/Study_SamplesSet/089e01197d3c63c63adec44544b827d0.sol"},{"line":188,"column":16,"severity":"Error","message":"Use double quotes for string literals","ruleId":"quotes","filePath":"Benchmarks/Study_SamplesSet/089e01197d3c63c63adec44544b827d0.sol"},{"line":190,"column":18,"severity":"Error","message":"Use double quotes for string literals","ruleId":"quotes","filePath":"Benchmarks/Study_SamplesSet/089e01197d3c63c63adec44544b827d0.sol"},{"conclusion":"38 problem/s (37 error/s, 1 warning/s)"}]
