[{"line":1,"column":1,"severity":"Error","message":"Compiler version ^0.4.15 does not satisfy the ^0.8.0 semver requirement","ruleId":"compiler-version","fix":null,"filePath":"Benchmarks/Study_SamplesSet/0c1dd2d929bd99da1cb41086bb9e58c6.sol"},{"line":7,"column":9,"severity":"Warning","message":"Provide an error message for require","ruleId":"reason-string","fix":null,"filePath":"Benchmarks/Study_SamplesSet/0c1dd2d929bd99da1cb41086bb9e58c6.sol"},{"line":7,"column":9,"severity":"Warning","message":"Use Custom Errors instead of require statements","ruleId":"custom-errors","fix":null,"filePath":"Benchmarks/Study_SamplesSet/0c1dd2d929bd99da1cb41086bb9e58c6.sol"},{"line":17,"column":5,"severity":"Warning","message":"Function name must be in mixedCase","ruleId":"func-name-mixedcase","fix":null,"filePath":"Benchmarks/Study_SamplesSet/0c1dd2d929bd99da1cb41086bb9e58c6.sol"},{"conclusion":"4 problem/s (1 error/s, 3 warning/s)"}]
