[{"line":1,"column":1,"severity":"Error","message":"Compiler version ^0.4.16 does not satisfy the ^0.8.0 semver requirement","ruleId":"compiler-version","fix":null,"filePath":"Benchmarks/Study_SamplesSet/0c7b631a8ef6749bf461c2a5c41b1c3b.sol"},{"line":18,"column":9,"severity":"Warning","message":"Provide an error message for require","ruleId":"reason-string","fix":null,"filePath":"Benchmarks/Study_SamplesSet/0c7b631a8ef6749bf461c2a5c41b1c3b.sol"},{"line":18,"column":9,"severity":"Warning","message":"Use Custom Errors instead of require statements","ruleId":"custom-errors","fix":null,"filePath":"Benchmarks/Study_SamplesSet/0c7b631a8ef6749bf461c2a5c41b1c3b.sol"},{"line":22,"column":40,"severity":"Warning","message":"Rule is set with explicit type [var/s: uint]","ruleId":"explicit-types","filePath":"Benchmarks/Study_SamplesSet/0c7b631a8ef6749bf461c2a5c41b1c3b.sol"},{"line":29,"column":23,"severity":"Error","message":"Explicitly mark all external contracts as trusted or untrusted","ruleId":"mark-callable-contracts","filePath":"Benchmarks/Study_SamplesSet/0c7b631a8ef6749bf461c2a5c41b1c3b.sol"},{"line":32,"column":49,"severity":"Warning","message":"Visibility modifier must be first in list of modifiers","ruleId":"visibility-modifier-order","fix":null,"filePath":"Benchmarks/Study_SamplesSet/0c7b631a8ef6749bf461c2a5c41b1c3b.sol"},{"line":36,"column":53,"severity":"Warning","message":"Visibility modifier must be first in list of modifiers","ruleId":"visibility-modifier-order","fix":null,"filePath":"Benchmarks/Study_SamplesSet/0c7b631a8ef6749bf461c2a5c41b1c3b.sol"},{"line":40,"column":57,"severity":"Warning","message":"Visibility modifier must be first in list of modifiers","ruleId":"visibility-modifier-order","fix":null,"filePath":"Benchmarks/Study_SamplesSet/0c7b631a8ef6749bf461c2a5c41b1c3b.sol"},{"line":44,"column":54,"severity":"Warning","message":"Visibility modifier must be first in list of modifiers","ruleId":"visibility-modifier-order","fix":null,"filePath":"Benchmarks/Study_SamplesSet/0c7b631a8ef6749bf461c2a5c41b1c3b.sol"},{"line":48,"column":49,"severity":"Warning","message":"Visibility modifier must be first in list of modifiers","ruleId":"visibility-modifier-order","fix":null,"filePath":"Benchmarks/Study_SamplesSet/0c7b631a8ef6749bf461c2a5c41b1c3b.sol"},{"line":52,"column":49,"severity":"Warning","message":"Visibility modifier must be first in list of modifiers","ruleId":"visibility-modifier-order","fix":null,"filePath":"Benchmarks/Study_SamplesSet/0c7b631a8ef6749bf461c2a5c41b1c3b.sol"},{"line":53,"column":23,"severity":"Error","message":"Explicitly mark all external contracts as trusted or untrusted","ruleId":"mark-callable-contracts","filePath":"Benchmarks/Study_SamplesSet/0c7b631a8ef6749bf461c2a5c41b1c3b.sol"},{"line":56,"column":63,"severity":"Warning","message":"Visibility modifier must be first in list of modifiers","ruleId":"visibility-modifier-order","fix":null,"filePath":"Benchmarks/Study_SamplesSet/0c7b631a8ef6749bf461c2a5c41b1c3b.sol"},{"line":60,"column":31,"severity":"Warning","message":"Visibility modifier must be first in list of modifiers","ruleId":"visibility-modifier-order","fix":null,"filePath":"Benchmarks/Study_SamplesSet/0c7b631a8ef6749bf461c2a5c41b1c3b.sol"},{"line":64,"column":25,"severity":"Warning","message":"Visibility modifier must be first in list of modifiers","ruleId":"visibility-modifier-order","fix":null,"filePath":"Benchmarks/Study_SamplesSet/0c7b631a8ef6749bf461c2a5c41b1c3b.sol"},{"line":64,"column":5,"severity":"Error","message":"Fallback function must be simple","ruleId":"no-complex-fallback","fix":null,"filePath":"Benchmarks/Study_SamplesSet/0c7b631a8ef6749bf461c2a5c41b1c3b.sol"},{"line":65,"column":9,"severity":"Warning","message":"Provide an error message for require","ruleId":"reason-string","fix":null,"filePath":"Benchmarks/Study_SamplesSet/0c7b631a8ef6749bf461c2a5c41b1c3b.sol"},{"line":65,"column":9,"severity":"Warning","message":"Use Custom Errors instead of require statements","ruleId":"custom-errors","fix":null,"filePath":"Benchmarks/Study_SamplesSet/0c7b631a8ef6749bf461c2a5c41b1c3b.sol"},{"line":66,"column":9,"severity":"Warning","message":"Provide an error message for require","ruleId":"reason-string","fix":null,"filePath":"Benchmarks/Study_SamplesSet/0c7b631a8ef6749bf461c2a5c41b1c3b.sol"},{"line":66,"column":9,"severity":"Warning","message":"Use Custom Errors instead of require statements","ruleId":"custom-errors","fix":null,"filePath":"Benchmarks/Study_SamplesSet/0c7b631a8ef6749bf461c2a5c41b1c3b.sol"},{"line":66,"column":17,"severity":"Error","message":"Avoid making time-based decisions in your business logic","ruleId":"not-rely-on-time","fix":null,"filePath":"Benchmarks/Study_SamplesSet/0c7b631a8ef6749bf461c2a5c41b1c3b.sol"},{"line":67,"column":9,"severity":"Warning","message":"Provide an error message for require","ruleId":"reason-string","fix":null,"filePath":"Benchmarks/Study_SamplesSet/0c7b631a8ef6749bf461c2a5c41b1c3b.sol"},{"line":67,"column":9,"severity":"Warning","message":"Use Custom Errors instead of require statements","ruleId":"custom-errors","fix":null,"filePath":"Benchmarks/Study_SamplesSet/0c7b631a8ef6749bf461c2a5c41b1c3b.sol"},{"line":67,"column":17,"severity":"Error","message":"Avoid making time-based decisions in your business logic","ruleId":"not-rely-on-time","fix":null,"filePath":"Benchmarks/Study_SamplesSet/0c7b631a8ef6749bf461c2a5c41b1c3b.sol"},{"line":68,"column":6,"severity":"Warning","message":"Rule is set with explicit type [var/s: uint]","ruleId":"explicit-types","filePath":"Benchmarks/Study_SamplesSet/0c7b631a8ef6749bf461c2a5c41b1c3b.sol"},{"line":69,"column":9,"severity":"Warning","message":"Rule is set with explicit type [var/s: uint]","ruleId":"explicit-types","filePath":"Benchmarks/Study_SamplesSet/0c7b631a8ef6749bf461c2a5c41b1c3b.sol"},{"line":72,"column":12,"severity":"Error","message":"Avoid making time-based decisions in your business logic","ruleId":"not-rely-on-time","fix":null,"filePath":"Benchmarks/Study_SamplesSet/0c7b631a8ef6749bf461c2a5c41b1c3b.sol"},{"line":72,"column":32,"severity":"Error","message":"Avoid making time-based decisions in your business logic","ruleId":"not-rely-on-time","fix":null,"filePath":"Benchmarks/Study_SamplesSet/0c7b631a8ef6749bf461c2a5c41b1c3b.sol"},{"line":77,"column":12,"severity":"Error","message":"Avoid making time-based decisions in your business logic","ruleId":"not-rely-on-time","fix":null,"filePath":"Benchmarks/Study_SamplesSet/0c7b631a8ef6749bf461c2a5c41b1c3b.sol"},{"line":77,"column":32,"severity":"Error","message":"Avoid making time-based decisions in your business logic","ruleId":"not-rely-on-time","fix":null,"filePath":"Benchmarks/Study_SamplesSet/0c7b631a8ef6749bf461c2a5c41b1c3b.sol"},{"line":82,"column":12,"severity":"Error","message":"Avoid making time-based decisions in your business logic","ruleId":"not-rely-on-time","fix":null,"filePath":"Benchmarks/Study_SamplesSet/0c7b631a8ef6749bf461c2a5c41b1c3b.sol"},{"line":82,"column":32,"severity":"Error","message":"Avoid making time-based decisions in your business logic","ruleId":"not-rely-on-time","fix":null,"filePath":"Benchmarks/Study_SamplesSet/0c7b631a8ef6749bf461c2a5c41b1c3b.sol"},{"line":87,"column":12,"severity":"Error","message":"Avoid making time-based decisions in your business logic","ruleId":"not-rely-on-time","fix":null,"filePath":"Benchmarks/Study_SamplesSet/0c7b631a8ef6749bf461c2a5c41b1c3b.sol"},{"line":87,"column":32,"severity":"Error","message":"Avoid making time-based decisions in your business logic","ruleId":"not-rely-on-time","fix":null,"filePath":"Benchmarks/Study_SamplesSet/0c7b631a8ef6749bf461c2a5c41b1c3b.sol"},{"line":92,"column":12,"severity":"Error","message":"Avoid making time-based decisions in your business logic","ruleId":"not-rely-on-time","fix":null,"filePath":"Benchmarks/Study_SamplesSet/0c7b631a8ef6749bf461c2a5c41b1c3b.sol"},{"line":92,"column":32,"severity":"Error","message":"Avoid making time-based decisions in your business logic","ruleId":"not-rely-on-time","fix":null,"filePath":"Benchmarks/Study_SamplesSet/0c7b631a8ef6749bf461c2a5c41b1c3b.sol"},{"line":97,"column":9,"severity":"Error","message":"Explicitly mark all external contracts as trusted or untrusted","ruleId":"mark-callable-contracts","filePath":"Benchmarks/Study_SamplesSet/0c7b631a8ef6749bf461c2a5c41b1c3b.sol"},{"conclusion":"37 problem/s (17 error/s, 20 warning/s)"}]
