[{"line":1,"column":1,"severity":"Warning","message":"Found more than One contract per file. 5 contracts found!","ruleId":"one-contract-per-file","fix":null,"filePath":"Benchmarks/Study_SamplesSet/1b47ea7048c64bcab3c415cce7e3c964.sol"},{"line":1,"column":1,"severity":"Error","message":"Compiler version ^0.4.18 does not satisfy the ^0.8.0 semver requirement","ruleId":"compiler-version","fix":null,"filePath":"Benchmarks/Study_SamplesSet/1b47ea7048c64bcab3c415cce7e3c964.sol"},{"line":22,"column":22,"severity":"Warning","message":"Rule is set with explicit type [var/s: uint]","ruleId":"explicit-types","filePath":"Benchmarks/Study_SamplesSet/1b47ea7048c64bcab3c415cce7e3c964.sol"},{"line":22,"column":30,"severity":"Warning","message":"Rule is set with explicit type [var/s: uint]","ruleId":"explicit-types","filePath":"Benchmarks/Study_SamplesSet/1b47ea7048c64bcab3c415cce7e3c964.sol"},{"line":22,"column":61,"severity":"Warning","message":"Rule is set with explicit type [var/s: uint]","ruleId":"explicit-types","filePath":"Benchmarks/Study_SamplesSet/1b47ea7048c64bcab3c415cce7e3c964.sol"},{"line":24,"column":9,"severity":"Warning","message":"Provide an error message for require","ruleId":"reason-string","fix":null,"filePath":"Benchmarks/Study_SamplesSet/1b47ea7048c64bcab3c415cce7e3c964.sol"},{"line":24,"column":9,"severity":"Warning","message":"Use Custom Errors instead of require statements","ruleId":"custom-errors","fix":null,"filePath":"Benchmarks/Study_SamplesSet/1b47ea7048c64bcab3c415cce7e3c964.sol"},{"line":26,"column":22,"severity":"Warning","message":"Rule is set with explicit type [var/s: uint]","ruleId":"explicit-types","filePath":"Benchmarks/Study_SamplesSet/1b47ea7048c64bcab3c415cce7e3c964.sol"},{"line":26,"column":30,"severity":"Warning","message":"Rule is set with explicit type [var/s: uint]","ruleId":"explicit-types","filePath":"Benchmarks/Study_SamplesSet/1b47ea7048c64bcab3c415cce7e3c964.sol"},{"line":26,"column":61,"severity":"Warning","message":"Rule is set with explicit type [var/s: uint]","ruleId":"explicit-types","filePath":"Benchmarks/Study_SamplesSet/1b47ea7048c64bcab3c415cce7e3c964.sol"},{"line":27,"column":9,"severity":"Warning","message":"Provide an error message for require","ruleId":"reason-string","fix":null,"filePath":"Benchmarks/Study_SamplesSet/1b47ea7048c64bcab3c415cce7e3c964.sol"},{"line":27,"column":9,"severity":"Warning","message":"Use Custom Errors instead of require statements","ruleId":"custom-errors","fix":null,"filePath":"Benchmarks/Study_SamplesSet/1b47ea7048c64bcab3c415cce7e3c964.sol"},{"line":30,"column":22,"severity":"Warning","message":"Rule is set with explicit type [var/s: uint]","ruleId":"explicit-types","filePath":"Benchmarks/Study_SamplesSet/1b47ea7048c64bcab3c415cce7e3c964.sol"},{"line":30,"column":30,"severity":"Warning","message":"Rule is set with explicit type [var/s: uint]","ruleId":"explicit-types","filePath":"Benchmarks/Study_SamplesSet/1b47ea7048c64bcab3c415cce7e3c964.sol"},{"line":30,"column":61,"severity":"Warning","message":"Rule is set with explicit type [var/s: uint]","ruleId":"explicit-types","filePath":"Benchmarks/Study_SamplesSet/1b47ea7048c64bcab3c415cce7e3c964.sol"},{"line":32,"column":9,"severity":"Warning","message":"Provide an error message for require","ruleId":"reason-string","fix":null,"filePath":"Benchmarks/Study_SamplesSet/1b47ea7048c64bcab3c415cce7e3c964.sol"},{"line":32,"column":9,"severity":"Warning","message":"Use Custom Errors instead of require statements","ruleId":"custom-errors","fix":null,"filePath":"Benchmarks/Study_SamplesSet/1b47ea7048c64bcab3c415cce7e3c964.sol"},{"line":34,"column":22,"severity":"Warning","message":"Rule is set with explicit type [var/s: uint]","ruleId":"explicit-types","filePath":"Benchmarks/Study_SamplesSet/1b47ea7048c64bcab3c415cce7e3c964.sol"},{"line":34,"column":30,"severity":"Warning","message":"Rule is set with explicit type [var/s: uint]","ruleId":"explicit-types","filePath":"Benchmarks/Study_SamplesSet/1b47ea7048c64bcab3c415cce7e3c964.sol"},{"line":34,"column":61,"severity":"Warning","message":"Rule is set with explicit type [var/s: uint]","ruleId":"explicit-types","filePath":"Benchmarks/Study_SamplesSet/1b47ea7048c64bcab3c415cce7e3c964.sol"},{"line":35,"column":9,"severity":"Warning","message":"Provide an error message for require","ruleId":"reason-string","fix":null,"filePath":"Benchmarks/Study_SamplesSet/1b47ea7048c64bcab3c415cce7e3c964.sol"},{"line":35,"column":9,"severity":"Warning","message":"Use Custom Errors instead of require statements","ruleId":"custom-errors","fix":null,"filePath":"Benchmarks/Study_SamplesSet/1b47ea7048c64bcab3c415cce7e3c964.sol"},{"line":46,"column":53,"severity":"Warning","message":"Rule is set with explicit type [var/s: uint]","ruleId":"explicit-types","filePath":"Benchmarks/Study_SamplesSet/1b47ea7048c64bcab3c415cce7e3c964.sol"},{"line":47,"column":69,"severity":"Warning","message":"Rule is set with explicit type [var/s: uint]","ruleId":"explicit-types","filePath":"Benchmarks/Study_SamplesSet/1b47ea7048c64bcab3c415cce7e3c964.sol"},{"line":48,"column":86,"severity":"Warning","message":"Rule is set with explicit type [var/s: uint]","ruleId":"explicit-types","filePath":"Benchmarks/Study_SamplesSet/1b47ea7048c64bcab3c415cce7e3c964.sol"},{"line":49,"column":35,"severity":"Warning","message":"Rule is set with explicit type [var/s: uint]","ruleId":"explicit-types","filePath":"Benchmarks/Study_SamplesSet/1b47ea7048c64bcab3c415cce7e3c964.sol"},{"line":50,"column":39,"severity":"Warning","message":"Rule is set with explicit type [var/s: uint]","ruleId":"explicit-types","filePath":"Benchmarks/Study_SamplesSet/1b47ea7048c64bcab3c415cce7e3c964.sol"},{"line":51,"column":53,"severity":"Warning","message":"Rule is set with explicit type [var/s: uint]","ruleId":"explicit-types","filePath":"Benchmarks/Study_SamplesSet/1b47ea7048c64bcab3c415cce7e3c964.sol"},{"line":53,"column":62,"severity":"Warning","message":"Rule is set with explicit type [var/s: uint]","ruleId":"explicit-types","filePath":"Benchmarks/Study_SamplesSet/1b47ea7048c64bcab3c415cce7e3c964.sol"},{"line":54,"column":73,"severity":"Warning","message":"Rule is set with explicit type [var/s: uint]","ruleId":"explicit-types","filePath":"Benchmarks/Study_SamplesSet/1b47ea7048c64bcab3c415cce7e3c964.sol"},{"line":82,"column":9,"severity":"Warning","message":"Provide an error message for require","ruleId":"reason-string","fix":null,"filePath":"Benchmarks/Study_SamplesSet/1b47ea7048c64bcab3c415cce7e3c964.sol"},{"line":82,"column":9,"severity":"Warning","message":"Use Custom Errors instead of require statements","ruleId":"custom-errors","fix":null,"filePath":"Benchmarks/Study_SamplesSet/1b47ea7048c64bcab3c415cce7e3c964.sol"},{"line":90,"column":9,"severity":"Warning","message":"Provide an error message for require","ruleId":"reason-string","fix":null,"filePath":"Benchmarks/Study_SamplesSet/1b47ea7048c64bcab3c415cce7e3c964.sol"},{"line":90,"column":9,"severity":"Warning","message":"Use Custom Errors instead of require statements","ruleId":"custom-errors","fix":null,"filePath":"Benchmarks/Study_SamplesSet/1b47ea7048c64bcab3c415cce7e3c964.sol"},{"line":91,"column":9,"severity":"Error","message":"Explicitly mark all external contracts as trusted or untrusted","ruleId":"mark-callable-contracts","filePath":"Benchmarks/Study_SamplesSet/1b47ea7048c64bcab3c415cce7e3c964.sol"},{"line":106,"column":5,"severity":"Warning","message":"Rule is set with explicit type [var/s: uint]","ruleId":"explicit-types","filePath":"Benchmarks/Study_SamplesSet/1b47ea7048c64bcab3c415cce7e3c964.sol"},{"line":109,"column":5,"severity":"Error","message":"Explicitly mark visibility of state","ruleId":"state-visibility","fix":null,"filePath":"Benchmarks/Study_SamplesSet/1b47ea7048c64bcab3c415cce7e3c964.sol"},{"line":109,"column":5,"severity":"Warning","message":"Rule is set with explicit type [var/s: uint]","ruleId":"explicit-types","filePath":"Benchmarks/Study_SamplesSet/1b47ea7048c64bcab3c415cce7e3c964.sol"},{"line":109,"column":5,"severity":"Warning","message":"Variable name must be in mixedCase","ruleId":"var-name-mixedcase","fix":null,"filePath":"Benchmarks/Study_SamplesSet/1b47ea7048c64bcab3c415cce7e3c964.sol"},{"line":110,"column":5,"severity":"Error","message":"Explicitly mark visibility of state","ruleId":"state-visibility","fix":null,"filePath":"Benchmarks/Study_SamplesSet/1b47ea7048c64bcab3c415cce7e3c964.sol"},{"line":110,"column":5,"severity":"Warning","message":"Rule is set with explicit type [var/s: uint]","ruleId":"explicit-types","filePath":"Benchmarks/Study_SamplesSet/1b47ea7048c64bcab3c415cce7e3c964.sol"},{"line":111,"column":5,"severity":"Error","message":"Explicitly mark visibility of state","ruleId":"state-visibility","fix":null,"filePath":"Benchmarks/Study_SamplesSet/1b47ea7048c64bcab3c415cce7e3c964.sol"},{"line":111,"column":5,"severity":"Warning","message":"Rule is set with explicit type [var/s: uint]","ruleId":"explicit-types","filePath":"Benchmarks/Study_SamplesSet/1b47ea7048c64bcab3c415cce7e3c964.sol"},{"line":112,"column":5,"severity":"Error","message":"Explicitly mark visibility of state","ruleId":"state-visibility","fix":null,"filePath":"Benchmarks/Study_SamplesSet/1b47ea7048c64bcab3c415cce7e3c964.sol"},{"line":112,"column":5,"severity":"Warning","message":"Rule is set with explicit type [var/s: uint]","ruleId":"explicit-types","filePath":"Benchmarks/Study_SamplesSet/1b47ea7048c64bcab3c415cce7e3c964.sol"},{"line":132,"column":53,"severity":"Warning","message":"Rule is set with explicit type [var/s: uint]","ruleId":"explicit-types","filePath":"Benchmarks/Study_SamplesSet/1b47ea7048c64bcab3c415cce7e3c964.sol"},{"line":140,"column":69,"severity":"Warning","message":"Rule is set with explicit type [var/s: uint]","ruleId":"explicit-types","filePath":"Benchmarks/Study_SamplesSet/1b47ea7048c64bcab3c415cce7e3c964.sol"},{"line":150,"column":35,"severity":"Warning","message":"Rule is set with explicit type [var/s: uint]","ruleId":"explicit-types","filePath":"Benchmarks/Study_SamplesSet/1b47ea7048c64bcab3c415cce7e3c964.sol"},{"line":154,"column":9,"severity":"Error","message":"Explicitly mark all external contracts as trusted or untrusted","ruleId":"mark-callable-contracts","filePath":"Benchmarks/Study_SamplesSet/1b47ea7048c64bcab3c415cce7e3c964.sol"},{"line":167,"column":39,"severity":"Warning","message":"Rule is set with explicit type [var/s: uint]","ruleId":"explicit-types","filePath":"Benchmarks/Study_SamplesSet/1b47ea7048c64bcab3c415cce7e3c964.sol"},{"line":169,"column":9,"severity":"Error","message":"Explicitly mark all external contracts as trusted or untrusted","ruleId":"mark-callable-contracts","filePath":"Benchmarks/Study_SamplesSet/1b47ea7048c64bcab3c415cce7e3c964.sol"},{"line":183,"column":53,"severity":"Warning","message":"Rule is set with explicit type [var/s: uint]","ruleId":"explicit-types","filePath":"Benchmarks/Study_SamplesSet/1b47ea7048c64bcab3c415cce7e3c964.sol"},{"line":188,"column":9,"severity":"Error","message":"Explicitly mark all external contracts as trusted or untrusted","ruleId":"mark-callable-contracts","filePath":"Benchmarks/Study_SamplesSet/1b47ea7048c64bcab3c415cce7e3c964.sol"},{"line":197,"column":86,"severity":"Warning","message":"Rule is set with explicit type [var/s: uint]","ruleId":"explicit-types","filePath":"Benchmarks/Study_SamplesSet/1b47ea7048c64bcab3c415cce7e3c964.sol"},{"line":207,"column":46,"severity":"Warning","message":"Rule is set with explicit type [var/s: uint]","ruleId":"explicit-types","filePath":"Benchmarks/Study_SamplesSet/1b47ea7048c64bcab3c415cce7e3c964.sol"},{"line":209,"column":9,"severity":"Error","message":"Explicitly mark all external contracts as trusted or untrusted","ruleId":"mark-callable-contracts","filePath":"Benchmarks/Study_SamplesSet/1b47ea7048c64bcab3c415cce7e3c964.sol"},{"line":210,"column":9,"severity":"Error","message":"Explicitly mark all external contracts as trusted or untrusted","ruleId":"mark-callable-contracts","filePath":"Benchmarks/Study_SamplesSet/1b47ea7048c64bcab3c415cce7e3c964.sol"},{"line":217,"column":5,"severity":"Error","message":"Fallback function must be simple","ruleId":"no-complex-fallback","fix":null,"filePath":"Benchmarks/Study_SamplesSet/1b47ea7048c64bcab3c415cce7e3c964.sol"},{"line":218,"column":9,"severity":"Warning","message":"Provide an error message for require","ruleId":"reason-string","fix":null,"filePath":"Benchmarks/Study_SamplesSet/1b47ea7048c64bcab3c415cce7e3c964.sol"},{"line":218,"column":9,"severity":"Warning","message":"Use Custom Errors instead of require statements","ruleId":"custom-errors","fix":null,"filePath":"Benchmarks/Study_SamplesSet/1b47ea7048c64bcab3c415cce7e3c964.sol"},{"line":224,"column":9,"severity":"Error","message":"Explicitly mark all external contracts as trusted or untrusted","ruleId":"mark-callable-contracts","filePath":"Benchmarks/Study_SamplesSet/1b47ea7048c64bcab3c415cce7e3c964.sol"},{"line":225,"column":9,"severity":"Error","message":"Explicitly mark all external contracts as trusted or untrusted","ruleId":"mark-callable-contracts","filePath":"Benchmarks/Study_SamplesSet/1b47ea7048c64bcab3c415cce7e3c964.sol"},{"line":233,"column":58,"severity":"Warning","message":"Rule is set with explicit type [var/s: uint]","ruleId":"explicit-types","filePath":"Benchmarks/Study_SamplesSet/1b47ea7048c64bcab3c415cce7e3c964.sol"},{"conclusion":"63 problem/s (14 error/s, 49 warning/s)"}]
