[{"line":5,"column":1,"severity":"Error","message":"Compiler version >=0.5.0 <0.6.0 does not satisfy the ^0.8.0 semver requirement","ruleId":"compiler-version","fix":null,"filePath":"Benchmarks/Study_SamplesSet/1fbdf5bef07a78ed5671d580eaa96918.sol"},{"line":29,"column":3,"severity":"Warning","message":"Function name must be in mixedCase","ruleId":"func-name-mixedcase","fix":null,"filePath":"Benchmarks/Study_SamplesSet/1fbdf5bef07a78ed5671d580eaa96918.sol"},{"line":29,"column":62,"severity":"Warning","message":"Variable name must be in mixedCase","ruleId":"var-name-mixedcase","fix":null,"filePath":"Benchmarks/Study_SamplesSet/1fbdf5bef07a78ed5671d580eaa96918.sol"},{"line":30,"column":9,"severity":"Warning","message":"Provide an error message for require","ruleId":"reason-string","fix":null,"filePath":"Benchmarks/Study_SamplesSet/1fbdf5bef07a78ed5671d580eaa96918.sol"},{"line":30,"column":9,"severity":"Warning","message":"Use Custom Errors instead of require statements","ruleId":"custom-errors","fix":null,"filePath":"Benchmarks/Study_SamplesSet/1fbdf5bef07a78ed5671d580eaa96918.sol"},{"line":30,"column":17,"severity":"Error","message":"Avoid to use tx.origin","ruleId":"avoid-tx-origin","fix":null,"filePath":"Benchmarks/Study_SamplesSet/1fbdf5bef07a78ed5671d580eaa96918.sol"},{"line":34,"column":3,"severity":"Warning","message":"Function name must be in mixedCase","ruleId":"func-name-mixedcase","fix":null,"filePath":"Benchmarks/Study_SamplesSet/1fbdf5bef07a78ed5671d580eaa96918.sol"},{"line":34,"column":27,"severity":"Warning","message":"Variable name must be in mixedCase","ruleId":"var-name-mixedcase","fix":null,"filePath":"Benchmarks/Study_SamplesSet/1fbdf5bef07a78ed5671d580eaa96918.sol"},{"line":35,"column":9,"severity":"Warning","message":"Provide an error message for require","ruleId":"reason-string","fix":null,"filePath":"Benchmarks/Study_SamplesSet/1fbdf5bef07a78ed5671d580eaa96918.sol"},{"line":35,"column":9,"severity":"Warning","message":"Use Custom Errors instead of require statements","ruleId":"custom-errors","fix":null,"filePath":"Benchmarks/Study_SamplesSet/1fbdf5bef07a78ed5671d580eaa96918.sol"},{"line":35,"column":17,"severity":"Error","message":"Avoid to use tx.origin","ruleId":"avoid-tx-origin","fix":null,"filePath":"Benchmarks/Study_SamplesSet/1fbdf5bef07a78ed5671d580eaa96918.sol"},{"line":38,"column":3,"severity":"Warning","message":"Function name must be in mixedCase","ruleId":"func-name-mixedcase","fix":null,"filePath":"Benchmarks/Study_SamplesSet/1fbdf5bef07a78ed5671d580eaa96918.sol"},{"line":38,"column":29,"severity":"Warning","message":"Variable name must be in mixedCase","ruleId":"var-name-mixedcase","fix":null,"filePath":"Benchmarks/Study_SamplesSet/1fbdf5bef07a78ed5671d580eaa96918.sol"},{"line":39,"column":9,"severity":"Warning","message":"Provide an error message for require","ruleId":"reason-string","fix":null,"filePath":"Benchmarks/Study_SamplesSet/1fbdf5bef07a78ed5671d580eaa96918.sol"},{"line":39,"column":9,"severity":"Warning","message":"Use Custom Errors instead of require statements","ruleId":"custom-errors","fix":null,"filePath":"Benchmarks/Study_SamplesSet/1fbdf5bef07a78ed5671d580eaa96918.sol"},{"line":39,"column":17,"severity":"Error","message":"Avoid to use tx.origin","ruleId":"avoid-tx-origin","fix":null,"filePath":"Benchmarks/Study_SamplesSet/1fbdf5bef07a78ed5671d580eaa96918.sol"},{"line":43,"column":3,"severity":"Warning","message":"Function name must be in mixedCase","ruleId":"func-name-mixedcase","fix":null,"filePath":"Benchmarks/Study_SamplesSet/1fbdf5bef07a78ed5671d580eaa96918.sol"},{"line":43,"column":62,"severity":"Warning","message":"Variable name must be in mixedCase","ruleId":"var-name-mixedcase","fix":null,"filePath":"Benchmarks/Study_SamplesSet/1fbdf5bef07a78ed5671d580eaa96918.sol"},{"line":44,"column":9,"severity":"Warning","message":"Provide an error message for require","ruleId":"reason-string","fix":null,"filePath":"Benchmarks/Study_SamplesSet/1fbdf5bef07a78ed5671d580eaa96918.sol"},{"line":44,"column":9,"severity":"Warning","message":"Use Custom Errors instead of require statements","ruleId":"custom-errors","fix":null,"filePath":"Benchmarks/Study_SamplesSet/1fbdf5bef07a78ed5671d580eaa96918.sol"},{"line":44,"column":17,"severity":"Error","message":"Avoid to use tx.origin","ruleId":"avoid-tx-origin","fix":null,"filePath":"Benchmarks/Study_SamplesSet/1fbdf5bef07a78ed5671d580eaa96918.sol"},{"line":47,"column":3,"severity":"Error","message":"Explicitly mark visibility of state","ruleId":"state-visibility","fix":null,"filePath":"Benchmarks/Study_SamplesSet/1fbdf5bef07a78ed5671d580eaa96918.sol"},{"line":48,"column":3,"severity":"Warning","message":"Function name must be in mixedCase","ruleId":"func-name-mixedcase","fix":null,"filePath":"Benchmarks/Study_SamplesSet/1fbdf5bef07a78ed5671d580eaa96918.sol"},{"line":48,"column":26,"severity":"Warning","message":"Variable name must be in mixedCase","ruleId":"var-name-mixedcase","fix":null,"filePath":"Benchmarks/Study_SamplesSet/1fbdf5bef07a78ed5671d580eaa96918.sol"},{"line":49,"column":9,"severity":"Warning","message":"Provide an error message for require","ruleId":"reason-string","fix":null,"filePath":"Benchmarks/Study_SamplesSet/1fbdf5bef07a78ed5671d580eaa96918.sol"},{"line":49,"column":9,"severity":"Warning","message":"Use Custom Errors instead of require statements","ruleId":"custom-errors","fix":null,"filePath":"Benchmarks/Study_SamplesSet/1fbdf5bef07a78ed5671d580eaa96918.sol"},{"line":49,"column":17,"severity":"Error","message":"Avoid to use tx.origin","ruleId":"avoid-tx-origin","fix":null,"filePath":"Benchmarks/Study_SamplesSet/1fbdf5bef07a78ed5671d580eaa96918.sol"},{"line":51,"column":3,"severity":"Error","message":"Explicitly mark visibility of state","ruleId":"state-visibility","fix":null,"filePath":"Benchmarks/Study_SamplesSet/1fbdf5bef07a78ed5671d580eaa96918.sol"},{"line":52,"column":3,"severity":"Warning","message":"Function name must be in mixedCase","ruleId":"func-name-mixedcase","fix":null,"filePath":"Benchmarks/Study_SamplesSet/1fbdf5bef07a78ed5671d580eaa96918.sol"},{"line":52,"column":45,"severity":"Warning","message":"Rule is set with explicit type [var/s: uint]","ruleId":"explicit-types","filePath":"Benchmarks/Study_SamplesSet/1fbdf5bef07a78ed5671d580eaa96918.sol"},{"line":52,"column":57,"severity":"Warning","message":"Variable name must be in mixedCase","ruleId":"var-name-mixedcase","fix":null,"filePath":"Benchmarks/Study_SamplesSet/1fbdf5bef07a78ed5671d580eaa96918.sol"},{"line":53,"column":3,"severity":"Warning","message":"Provide an error message for require","ruleId":"reason-string","fix":null,"filePath":"Benchmarks/Study_SamplesSet/1fbdf5bef07a78ed5671d580eaa96918.sol"},{"line":53,"column":3,"severity":"Warning","message":"Use Custom Errors instead of require statements","ruleId":"custom-errors","fix":null,"filePath":"Benchmarks/Study_SamplesSet/1fbdf5bef07a78ed5671d580eaa96918.sol"},{"line":53,"column":11,"severity":"Error","message":"Avoid to use tx.origin","ruleId":"avoid-tx-origin","fix":null,"filePath":"Benchmarks/Study_SamplesSet/1fbdf5bef07a78ed5671d580eaa96918.sol"},{"line":54,"column":3,"severity":"Error","message":"Avoid to use low level calls.","ruleId":"avoid-low-level-calls","fix":null,"filePath":"Benchmarks/Study_SamplesSet/1fbdf5bef07a78ed5671d580eaa96918.sol"},{"line":54,"column":3,"severity":"Error","message":"Avoid to use \".call.value()()\"","ruleId":"avoid-call-value","fix":null,"filePath":"Benchmarks/Study_SamplesSet/1fbdf5bef07a78ed5671d580eaa96918.sol"},{"line":56,"column":3,"severity":"Error","message":"Explicitly mark visibility of state","ruleId":"state-visibility","fix":null,"filePath":"Benchmarks/Study_SamplesSet/1fbdf5bef07a78ed5671d580eaa96918.sol"},{"line":58,"column":3,"severity":"Warning","message":"Function name must be in mixedCase","ruleId":"func-name-mixedcase","fix":null,"filePath":"Benchmarks/Study_SamplesSet/1fbdf5bef07a78ed5671d580eaa96918.sol"},{"line":58,"column":46,"severity":"Warning","message":"Rule is set with explicit type [var/s: uint]","ruleId":"explicit-types","filePath":"Benchmarks/Study_SamplesSet/1fbdf5bef07a78ed5671d580eaa96918.sol"},{"line":58,"column":58,"severity":"Warning","message":"Variable name must be in mixedCase","ruleId":"var-name-mixedcase","fix":null,"filePath":"Benchmarks/Study_SamplesSet/1fbdf5bef07a78ed5671d580eaa96918.sol"},{"line":59,"column":3,"severity":"Warning","message":"Provide an error message for require","ruleId":"reason-string","fix":null,"filePath":"Benchmarks/Study_SamplesSet/1fbdf5bef07a78ed5671d580eaa96918.sol"},{"line":59,"column":3,"severity":"Warning","message":"Use Custom Errors instead of require statements","ruleId":"custom-errors","fix":null,"filePath":"Benchmarks/Study_SamplesSet/1fbdf5bef07a78ed5671d580eaa96918.sol"},{"line":59,"column":11,"severity":"Error","message":"Avoid to use tx.origin","ruleId":"avoid-tx-origin","fix":null,"filePath":"Benchmarks/Study_SamplesSet/1fbdf5bef07a78ed5671d580eaa96918.sol"},{"line":60,"column":3,"severity":"Error","message":"Avoid to use low level calls.","ruleId":"avoid-low-level-calls","fix":null,"filePath":"Benchmarks/Study_SamplesSet/1fbdf5bef07a78ed5671d580eaa96918.sol"},{"line":60,"column":3,"severity":"Error","message":"Avoid to use \".call.value()()\"","ruleId":"avoid-call-value","fix":null,"filePath":"Benchmarks/Study_SamplesSet/1fbdf5bef07a78ed5671d580eaa96918.sol"},{"line":62,"column":3,"severity":"Error","message":"Explicitly mark visibility of state","ruleId":"state-visibility","fix":null,"filePath":"Benchmarks/Study_SamplesSet/1fbdf5bef07a78ed5671d580eaa96918.sol"},{"line":63,"column":3,"severity":"Warning","message":"Function name must be in mixedCase","ruleId":"func-name-mixedcase","fix":null,"filePath":"Benchmarks/Study_SamplesSet/1fbdf5bef07a78ed5671d580eaa96918.sol"},{"line":63,"column":62,"severity":"Warning","message":"Variable name must be in mixedCase","ruleId":"var-name-mixedcase","fix":null,"filePath":"Benchmarks/Study_SamplesSet/1fbdf5bef07a78ed5671d580eaa96918.sol"},{"line":64,"column":9,"severity":"Warning","message":"Provide an error message for require","ruleId":"reason-string","fix":null,"filePath":"Benchmarks/Study_SamplesSet/1fbdf5bef07a78ed5671d580eaa96918.sol"},{"line":64,"column":9,"severity":"Warning","message":"Use Custom Errors instead of require statements","ruleId":"custom-errors","fix":null,"filePath":"Benchmarks/Study_SamplesSet/1fbdf5bef07a78ed5671d580eaa96918.sol"},{"line":64,"column":17,"severity":"Error","message":"Avoid to use tx.origin","ruleId":"avoid-tx-origin","fix":null,"filePath":"Benchmarks/Study_SamplesSet/1fbdf5bef07a78ed5671d580eaa96918.sol"},{"line":67,"column":3,"severity":"Error","message":"Explicitly mark visibility of state","ruleId":"state-visibility","fix":null,"filePath":"Benchmarks/Study_SamplesSet/1fbdf5bef07a78ed5671d580eaa96918.sol"},{"line":69,"column":3,"severity":"Warning","message":"Function name must be in mixedCase","ruleId":"func-name-mixedcase","fix":null,"filePath":"Benchmarks/Study_SamplesSet/1fbdf5bef07a78ed5671d580eaa96918.sol"},{"line":69,"column":62,"severity":"Warning","message":"Variable name must be in mixedCase","ruleId":"var-name-mixedcase","fix":null,"filePath":"Benchmarks/Study_SamplesSet/1fbdf5bef07a78ed5671d580eaa96918.sol"},{"line":70,"column":9,"severity":"Warning","message":"Provide an error message for require","ruleId":"reason-string","fix":null,"filePath":"Benchmarks/Study_SamplesSet/1fbdf5bef07a78ed5671d580eaa96918.sol"},{"line":70,"column":9,"severity":"Warning","message":"Use Custom Errors instead of require statements","ruleId":"custom-errors","fix":null,"filePath":"Benchmarks/Study_SamplesSet/1fbdf5bef07a78ed5671d580eaa96918.sol"},{"line":70,"column":17,"severity":"Error","message":"Avoid to use tx.origin","ruleId":"avoid-tx-origin","fix":null,"filePath":"Benchmarks/Study_SamplesSet/1fbdf5bef07a78ed5671d580eaa96918.sol"},{"line":74,"column":3,"severity":"Warning","message":"Function name must be in mixedCase","ruleId":"func-name-mixedcase","fix":null,"filePath":"Benchmarks/Study_SamplesSet/1fbdf5bef07a78ed5671d580eaa96918.sol"},{"line":74,"column":26,"severity":"Warning","message":"Variable name must be in mixedCase","ruleId":"var-name-mixedcase","fix":null,"filePath":"Benchmarks/Study_SamplesSet/1fbdf5bef07a78ed5671d580eaa96918.sol"},{"line":75,"column":9,"severity":"Warning","message":"Provide an error message for require","ruleId":"reason-string","fix":null,"filePath":"Benchmarks/Study_SamplesSet/1fbdf5bef07a78ed5671d580eaa96918.sol"},{"line":75,"column":9,"severity":"Warning","message":"Use Custom Errors instead of require statements","ruleId":"custom-errors","fix":null,"filePath":"Benchmarks/Study_SamplesSet/1fbdf5bef07a78ed5671d580eaa96918.sol"},{"line":75,"column":17,"severity":"Error","message":"Avoid to use tx.origin","ruleId":"avoid-tx-origin","fix":null,"filePath":"Benchmarks/Study_SamplesSet/1fbdf5bef07a78ed5671d580eaa96918.sol"},{"line":78,"column":3,"severity":"Warning","message":"Function name must be in mixedCase","ruleId":"func-name-mixedcase","fix":null,"filePath":"Benchmarks/Study_SamplesSet/1fbdf5bef07a78ed5671d580eaa96918.sol"},{"line":78,"column":46,"severity":"Warning","message":"Rule is set with explicit type [var/s: uint]","ruleId":"explicit-types","filePath":"Benchmarks/Study_SamplesSet/1fbdf5bef07a78ed5671d580eaa96918.sol"},{"line":78,"column":58,"severity":"Warning","message":"Variable name must be in mixedCase","ruleId":"var-name-mixedcase","fix":null,"filePath":"Benchmarks/Study_SamplesSet/1fbdf5bef07a78ed5671d580eaa96918.sol"},{"line":79,"column":3,"severity":"Warning","message":"Provide an error message for require","ruleId":"reason-string","fix":null,"filePath":"Benchmarks/Study_SamplesSet/1fbdf5bef07a78ed5671d580eaa96918.sol"},{"line":79,"column":3,"severity":"Warning","message":"Use Custom Errors instead of require statements","ruleId":"custom-errors","fix":null,"filePath":"Benchmarks/Study_SamplesSet/1fbdf5bef07a78ed5671d580eaa96918.sol"},{"line":79,"column":11,"severity":"Error","message":"Avoid to use tx.origin","ruleId":"avoid-tx-origin","fix":null,"filePath":"Benchmarks/Study_SamplesSet/1fbdf5bef07a78ed5671d580eaa96918.sol"},{"line":80,"column":3,"severity":"Error","message":"Avoid to use low level calls.","ruleId":"avoid-low-level-calls","fix":null,"filePath":"Benchmarks/Study_SamplesSet/1fbdf5bef07a78ed5671d580eaa96918.sol"},{"line":80,"column":3,"severity":"Error","message":"Avoid to use \".call.value()()\"","ruleId":"avoid-call-value","fix":null,"filePath":"Benchmarks/Study_SamplesSet/1fbdf5bef07a78ed5671d580eaa96918.sol"},{"line":83,"column":3,"severity":"Warning","message":"Function name must be in mixedCase","ruleId":"func-name-mixedcase","fix":null,"filePath":"Benchmarks/Study_SamplesSet/1fbdf5bef07a78ed5671d580eaa96918.sol"},{"line":83,"column":29,"severity":"Warning","message":"Variable name must be in mixedCase","ruleId":"var-name-mixedcase","fix":null,"filePath":"Benchmarks/Study_SamplesSet/1fbdf5bef07a78ed5671d580eaa96918.sol"},{"line":84,"column":9,"severity":"Warning","message":"Provide an error message for require","ruleId":"reason-string","fix":null,"filePath":"Benchmarks/Study_SamplesSet/1fbdf5bef07a78ed5671d580eaa96918.sol"},{"line":84,"column":9,"severity":"Warning","message":"Use Custom Errors instead of require statements","ruleId":"custom-errors","fix":null,"filePath":"Benchmarks/Study_SamplesSet/1fbdf5bef07a78ed5671d580eaa96918.sol"},{"line":84,"column":17,"severity":"Error","message":"Avoid to use tx.origin","ruleId":"avoid-tx-origin","fix":null,"filePath":"Benchmarks/Study_SamplesSet/1fbdf5bef07a78ed5671d580eaa96918.sol"},{"line":89,"column":9,"severity":"Warning","message":"Provide an error message for require","ruleId":"reason-string","fix":null,"filePath":"Benchmarks/Study_SamplesSet/1fbdf5bef07a78ed5671d580eaa96918.sol"},{"line":89,"column":9,"severity":"Warning","message":"Use Custom Errors instead of require statements","ruleId":"custom-errors","fix":null,"filePath":"Benchmarks/Study_SamplesSet/1fbdf5bef07a78ed5671d580eaa96918.sol"},{"line":104,"column":9,"severity":"Warning","message":"Provide an error message for require","ruleId":"reason-string","fix":null,"filePath":"Benchmarks/Study_SamplesSet/1fbdf5bef07a78ed5671d580eaa96918.sol"},{"line":104,"column":9,"severity":"Warning","message":"Use Custom Errors instead of require statements","ruleId":"custom-errors","fix":null,"filePath":"Benchmarks/Study_SamplesSet/1fbdf5bef07a78ed5671d580eaa96918.sol"},{"line":112,"column":9,"severity":"Warning","message":"Provide an error message for require","ruleId":"reason-string","fix":null,"filePath":"Benchmarks/Study_SamplesSet/1fbdf5bef07a78ed5671d580eaa96918.sol"},{"line":112,"column":9,"severity":"Warning","message":"Use Custom Errors instead of require statements","ruleId":"custom-errors","fix":null,"filePath":"Benchmarks/Study_SamplesSet/1fbdf5bef07a78ed5671d580eaa96918.sol"},{"line":114,"column":1,"severity":"Warning","message":"Function name must be in mixedCase","ruleId":"func-name-mixedcase","fix":null,"filePath":"Benchmarks/Study_SamplesSet/1fbdf5bef07a78ed5671d580eaa96918.sol"},{"line":114,"column":44,"severity":"Warning","message":"Rule is set with explicit type [var/s: uint]","ruleId":"explicit-types","filePath":"Benchmarks/Study_SamplesSet/1fbdf5bef07a78ed5671d580eaa96918.sol"},{"line":114,"column":56,"severity":"Warning","message":"Variable name must be in mixedCase","ruleId":"var-name-mixedcase","fix":null,"filePath":"Benchmarks/Study_SamplesSet/1fbdf5bef07a78ed5671d580eaa96918.sol"},{"line":115,"column":3,"severity":"Warning","message":"Provide an error message for require","ruleId":"reason-string","fix":null,"filePath":"Benchmarks/Study_SamplesSet/1fbdf5bef07a78ed5671d580eaa96918.sol"},{"line":115,"column":3,"severity":"Warning","message":"Use Custom Errors instead of require statements","ruleId":"custom-errors","fix":null,"filePath":"Benchmarks/Study_SamplesSet/1fbdf5bef07a78ed5671d580eaa96918.sol"},{"line":115,"column":11,"severity":"Error","message":"Avoid to use tx.origin","ruleId":"avoid-tx-origin","fix":null,"filePath":"Benchmarks/Study_SamplesSet/1fbdf5bef07a78ed5671d580eaa96918.sol"},{"line":116,"column":3,"severity":"Error","message":"Avoid to use low level calls.","ruleId":"avoid-low-level-calls","fix":null,"filePath":"Benchmarks/Study_SamplesSet/1fbdf5bef07a78ed5671d580eaa96918.sol"},{"line":116,"column":3,"severity":"Error","message":"Avoid to use \".call.value()()\"","ruleId":"avoid-call-value","fix":null,"filePath":"Benchmarks/Study_SamplesSet/1fbdf5bef07a78ed5671d580eaa96918.sol"},{"line":119,"column":49,"severity":"Warning","message":"Rule is set with explicit type [var/s: uint]","ruleId":"explicit-types","filePath":"Benchmarks/Study_SamplesSet/1fbdf5bef07a78ed5671d580eaa96918.sol"},{"line":122,"column":1,"severity":"Warning","message":"Function name must be in mixedCase","ruleId":"func-name-mixedcase","fix":null,"filePath":"Benchmarks/Study_SamplesSet/1fbdf5bef07a78ed5671d580eaa96918.sol"},{"line":122,"column":25,"severity":"Warning","message":"Variable name must be in mixedCase","ruleId":"var-name-mixedcase","fix":null,"filePath":"Benchmarks/Study_SamplesSet/1fbdf5bef07a78ed5671d580eaa96918.sol"},{"line":123,"column":9,"severity":"Warning","message":"Provide an error message for require","ruleId":"reason-string","fix":null,"filePath":"Benchmarks/Study_SamplesSet/1fbdf5bef07a78ed5671d580eaa96918.sol"},{"line":123,"column":9,"severity":"Warning","message":"Use Custom Errors instead of require statements","ruleId":"custom-errors","fix":null,"filePath":"Benchmarks/Study_SamplesSet/1fbdf5bef07a78ed5671d580eaa96918.sol"},{"line":123,"column":17,"severity":"Error","message":"Avoid to use tx.origin","ruleId":"avoid-tx-origin","fix":null,"filePath":"Benchmarks/Study_SamplesSet/1fbdf5bef07a78ed5671d580eaa96918.sol"},{"line":129,"column":1,"severity":"Warning","message":"Function name must be in mixedCase","ruleId":"func-name-mixedcase","fix":null,"filePath":"Benchmarks/Study_SamplesSet/1fbdf5bef07a78ed5671d580eaa96918.sol"},{"line":129,"column":54,"severity":"Warning","message":"Rule is set with explicit type [var/s: uint]","ruleId":"explicit-types","filePath":"Benchmarks/Study_SamplesSet/1fbdf5bef07a78ed5671d580eaa96918.sol"},{"line":129,"column":66,"severity":"Warning","message":"Variable name must be in mixedCase","ruleId":"var-name-mixedcase","fix":null,"filePath":"Benchmarks/Study_SamplesSet/1fbdf5bef07a78ed5671d580eaa96918.sol"},{"line":130,"column":2,"severity":"Warning","message":"Provide an error message for require","ruleId":"reason-string","fix":null,"filePath":"Benchmarks/Study_SamplesSet/1fbdf5bef07a78ed5671d580eaa96918.sol"},{"line":130,"column":2,"severity":"Warning","message":"Use Custom Errors instead of require statements","ruleId":"custom-errors","fix":null,"filePath":"Benchmarks/Study_SamplesSet/1fbdf5bef07a78ed5671d580eaa96918.sol"},{"line":130,"column":11,"severity":"Error","message":"Avoid to use tx.origin","ruleId":"avoid-tx-origin","fix":null,"filePath":"Benchmarks/Study_SamplesSet/1fbdf5bef07a78ed5671d580eaa96918.sol"},{"line":135,"column":9,"severity":"Warning","message":"Provide an error message for require","ruleId":"reason-string","fix":null,"filePath":"Benchmarks/Study_SamplesSet/1fbdf5bef07a78ed5671d580eaa96918.sol"},{"line":135,"column":9,"severity":"Warning","message":"Use Custom Errors instead of require statements","ruleId":"custom-errors","fix":null,"filePath":"Benchmarks/Study_SamplesSet/1fbdf5bef07a78ed5671d580eaa96918.sol"},{"line":136,"column":9,"severity":"Warning","message":"Provide an error message for require","ruleId":"reason-string","fix":null,"filePath":"Benchmarks/Study_SamplesSet/1fbdf5bef07a78ed5671d580eaa96918.sol"},{"line":136,"column":9,"severity":"Warning","message":"Use Custom Errors instead of require statements","ruleId":"custom-errors","fix":null,"filePath":"Benchmarks/Study_SamplesSet/1fbdf5bef07a78ed5671d580eaa96918.sol"},{"line":138,"column":9,"severity":"Warning","message":"Provide an error message for require","ruleId":"reason-string","fix":null,"filePath":"Benchmarks/Study_SamplesSet/1fbdf5bef07a78ed5671d580eaa96918.sol"},{"line":138,"column":9,"severity":"Warning","message":"Use Custom Errors instead of require statements","ruleId":"custom-errors","fix":null,"filePath":"Benchmarks/Study_SamplesSet/1fbdf5bef07a78ed5671d580eaa96918.sol"},{"line":139,"column":9,"severity":"Warning","message":"Provide an error message for require","ruleId":"reason-string","fix":null,"filePath":"Benchmarks/Study_SamplesSet/1fbdf5bef07a78ed5671d580eaa96918.sol"},{"line":139,"column":9,"severity":"Warning","message":"Use Custom Errors instead of require statements","ruleId":"custom-errors","fix":null,"filePath":"Benchmarks/Study_SamplesSet/1fbdf5bef07a78ed5671d580eaa96918.sol"},{"line":142,"column":13,"severity":"Warning","message":"Provide an error message for require","ruleId":"reason-string","fix":null,"filePath":"Benchmarks/Study_SamplesSet/1fbdf5bef07a78ed5671d580eaa96918.sol"},{"line":142,"column":13,"severity":"Warning","message":"Use Custom Errors instead of require statements","ruleId":"custom-errors","fix":null,"filePath":"Benchmarks/Study_SamplesSet/1fbdf5bef07a78ed5671d580eaa96918.sol"},{"line":142,"column":21,"severity":"Error","message":"Avoid making time-based decisions in your business logic","ruleId":"not-rely-on-time","fix":null,"filePath":"Benchmarks/Study_SamplesSet/1fbdf5bef07a78ed5671d580eaa96918.sol"},{"line":144,"column":17,"severity":"Warning","message":"Provide an error message for require","ruleId":"reason-string","fix":null,"filePath":"Benchmarks/Study_SamplesSet/1fbdf5bef07a78ed5671d580eaa96918.sol"},{"line":144,"column":17,"severity":"Warning","message":"Use Custom Errors instead of require statements","ruleId":"custom-errors","fix":null,"filePath":"Benchmarks/Study_SamplesSet/1fbdf5bef07a78ed5671d580eaa96918.sol"},{"line":144,"column":25,"severity":"Error","message":"Avoid making time-based decisions in your business logic","ruleId":"not-rely-on-time","fix":null,"filePath":"Benchmarks/Study_SamplesSet/1fbdf5bef07a78ed5671d580eaa96918.sol"},{"line":146,"column":17,"severity":"Warning","message":"Provide an error message for require","ruleId":"reason-string","fix":null,"filePath":"Benchmarks/Study_SamplesSet/1fbdf5bef07a78ed5671d580eaa96918.sol"},{"line":146,"column":17,"severity":"Warning","message":"Use Custom Errors instead of require statements","ruleId":"custom-errors","fix":null,"filePath":"Benchmarks/Study_SamplesSet/1fbdf5bef07a78ed5671d580eaa96918.sol"},{"line":146,"column":25,"severity":"Error","message":"Avoid making time-based decisions in your business logic","ruleId":"not-rely-on-time","fix":null,"filePath":"Benchmarks/Study_SamplesSet/1fbdf5bef07a78ed5671d580eaa96918.sol"},{"line":148,"column":17,"severity":"Warning","message":"Provide an error message for require","ruleId":"reason-string","fix":null,"filePath":"Benchmarks/Study_SamplesSet/1fbdf5bef07a78ed5671d580eaa96918.sol"},{"line":148,"column":17,"severity":"Warning","message":"Use Custom Errors instead of require statements","ruleId":"custom-errors","fix":null,"filePath":"Benchmarks/Study_SamplesSet/1fbdf5bef07a78ed5671d580eaa96918.sol"},{"line":148,"column":25,"severity":"Error","message":"Avoid making time-based decisions in your business logic","ruleId":"not-rely-on-time","fix":null,"filePath":"Benchmarks/Study_SamplesSet/1fbdf5bef07a78ed5671d580eaa96918.sol"},{"line":157,"column":1,"severity":"Warning","message":"Function name must be in mixedCase","ruleId":"func-name-mixedcase","fix":null,"filePath":"Benchmarks/Study_SamplesSet/1fbdf5bef07a78ed5671d580eaa96918.sol"},{"line":157,"column":44,"severity":"Warning","message":"Rule is set with explicit type [var/s: uint]","ruleId":"explicit-types","filePath":"Benchmarks/Study_SamplesSet/1fbdf5bef07a78ed5671d580eaa96918.sol"},{"line":157,"column":56,"severity":"Warning","message":"Variable name must be in mixedCase","ruleId":"var-name-mixedcase","fix":null,"filePath":"Benchmarks/Study_SamplesSet/1fbdf5bef07a78ed5671d580eaa96918.sol"},{"line":158,"column":3,"severity":"Warning","message":"Provide an error message for require","ruleId":"reason-string","fix":null,"filePath":"Benchmarks/Study_SamplesSet/1fbdf5bef07a78ed5671d580eaa96918.sol"},{"line":158,"column":3,"severity":"Warning","message":"Use Custom Errors instead of require statements","ruleId":"custom-errors","fix":null,"filePath":"Benchmarks/Study_SamplesSet/1fbdf5bef07a78ed5671d580eaa96918.sol"},{"line":158,"column":11,"severity":"Error","message":"Avoid to use tx.origin","ruleId":"avoid-tx-origin","fix":null,"filePath":"Benchmarks/Study_SamplesSet/1fbdf5bef07a78ed5671d580eaa96918.sol"},{"line":159,"column":3,"severity":"Error","message":"Avoid to use low level calls.","ruleId":"avoid-low-level-calls","fix":null,"filePath":"Benchmarks/Study_SamplesSet/1fbdf5bef07a78ed5671d580eaa96918.sol"},{"line":159,"column":3,"severity":"Error","message":"Avoid to use \".call.value()()\"","ruleId":"avoid-call-value","fix":null,"filePath":"Benchmarks/Study_SamplesSet/1fbdf5bef07a78ed5671d580eaa96918.sol"},{"line":163,"column":9,"severity":"Warning","message":"Provide an error message for require","ruleId":"reason-string","fix":null,"filePath":"Benchmarks/Study_SamplesSet/1fbdf5bef07a78ed5671d580eaa96918.sol"},{"line":163,"column":9,"severity":"Warning","message":"Use Custom Errors instead of require statements","ruleId":"custom-errors","fix":null,"filePath":"Benchmarks/Study_SamplesSet/1fbdf5bef07a78ed5671d580eaa96918.sol"},{"line":164,"column":9,"severity":"Warning","message":"Provide an error message for require","ruleId":"reason-string","fix":null,"filePath":"Benchmarks/Study_SamplesSet/1fbdf5bef07a78ed5671d580eaa96918.sol"},{"line":164,"column":9,"severity":"Warning","message":"Use Custom Errors instead of require statements","ruleId":"custom-errors","fix":null,"filePath":"Benchmarks/Study_SamplesSet/1fbdf5bef07a78ed5671d580eaa96918.sol"},{"line":171,"column":1,"severity":"Warning","message":"Function name must be in mixedCase","ruleId":"func-name-mixedcase","fix":null,"filePath":"Benchmarks/Study_SamplesSet/1fbdf5bef07a78ed5671d580eaa96918.sol"},{"line":171,"column":44,"severity":"Warning","message":"Rule is set with explicit type [var/s: uint]","ruleId":"explicit-types","filePath":"Benchmarks/Study_SamplesSet/1fbdf5bef07a78ed5671d580eaa96918.sol"},{"line":171,"column":56,"severity":"Warning","message":"Variable name must be in mixedCase","ruleId":"var-name-mixedcase","fix":null,"filePath":"Benchmarks/Study_SamplesSet/1fbdf5bef07a78ed5671d580eaa96918.sol"},{"line":172,"column":3,"severity":"Warning","message":"Provide an error message for require","ruleId":"reason-string","fix":null,"filePath":"Benchmarks/Study_SamplesSet/1fbdf5bef07a78ed5671d580eaa96918.sol"},{"line":172,"column":3,"severity":"Warning","message":"Use Custom Errors instead of require statements","ruleId":"custom-errors","fix":null,"filePath":"Benchmarks/Study_SamplesSet/1fbdf5bef07a78ed5671d580eaa96918.sol"},{"line":172,"column":11,"severity":"Error","message":"Avoid to use tx.origin","ruleId":"avoid-tx-origin","fix":null,"filePath":"Benchmarks/Study_SamplesSet/1fbdf5bef07a78ed5671d580eaa96918.sol"},{"line":173,"column":3,"severity":"Error","message":"Avoid to use low level calls.","ruleId":"avoid-low-level-calls","fix":null,"filePath":"Benchmarks/Study_SamplesSet/1fbdf5bef07a78ed5671d580eaa96918.sol"},{"line":173,"column":3,"severity":"Error","message":"Avoid to use \".call.value()()\"","ruleId":"avoid-call-value","fix":null,"filePath":"Benchmarks/Study_SamplesSet/1fbdf5bef07a78ed5671d580eaa96918.sol"},{"line":183,"column":1,"severity":"Warning","message":"Function name must be in mixedCase","ruleId":"func-name-mixedcase","fix":null,"filePath":"Benchmarks/Study_SamplesSet/1fbdf5bef07a78ed5671d580eaa96918.sol"},{"line":183,"column":54,"severity":"Warning","message":"Rule is set with explicit type [var/s: uint]","ruleId":"explicit-types","filePath":"Benchmarks/Study_SamplesSet/1fbdf5bef07a78ed5671d580eaa96918.sol"},{"line":183,"column":66,"severity":"Warning","message":"Variable name must be in mixedCase","ruleId":"var-name-mixedcase","fix":null,"filePath":"Benchmarks/Study_SamplesSet/1fbdf5bef07a78ed5671d580eaa96918.sol"},{"line":184,"column":2,"severity":"Warning","message":"Provide an error message for require","ruleId":"reason-string","fix":null,"filePath":"Benchmarks/Study_SamplesSet/1fbdf5bef07a78ed5671d580eaa96918.sol"},{"line":184,"column":2,"severity":"Warning","message":"Use Custom Errors instead of require statements","ruleId":"custom-errors","fix":null,"filePath":"Benchmarks/Study_SamplesSet/1fbdf5bef07a78ed5671d580eaa96918.sol"},{"line":184,"column":11,"severity":"Error","message":"Avoid to use tx.origin","ruleId":"avoid-tx-origin","fix":null,"filePath":"Benchmarks/Study_SamplesSet/1fbdf5bef07a78ed5671d580eaa96918.sol"},{"conclusion":"147 problem/s (40 error/s, 107 warning/s)"}]
