[{"line":1,"column":1,"severity":"Warning","message":"Found more than One contract per file. 5 contracts found!","ruleId":"one-contract-per-file","fix":null,"filePath":"Benchmarks/Study_SamplesSet/2000e562b993f759d1fbd9e441af4dda.sol"},{"line":1,"column":1,"severity":"Error","message":"Compiler version ^0.4.20 does not satisfy the ^0.8.0 semver requirement","ruleId":"compiler-version","fix":null,"filePath":"Benchmarks/Study_SamplesSet/2000e562b993f759d1fbd9e441af4dda.sol"},{"line":27,"column":5,"severity":"Warning","message":"Provide an error message for require","ruleId":"reason-string","fix":null,"filePath":"Benchmarks/Study_SamplesSet/2000e562b993f759d1fbd9e441af4dda.sol"},{"line":27,"column":5,"severity":"Warning","message":"Use Custom Errors instead of require statements","ruleId":"custom-errors","fix":null,"filePath":"Benchmarks/Study_SamplesSet/2000e562b993f759d1fbd9e441af4dda.sol"},{"line":36,"column":5,"severity":"Warning","message":"Provide an error message for require","ruleId":"reason-string","fix":null,"filePath":"Benchmarks/Study_SamplesSet/2000e562b993f759d1fbd9e441af4dda.sol"},{"line":36,"column":5,"severity":"Warning","message":"Use Custom Errors instead of require statements","ruleId":"custom-errors","fix":null,"filePath":"Benchmarks/Study_SamplesSet/2000e562b993f759d1fbd9e441af4dda.sol"},{"line":37,"column":5,"severity":"Error","message":"Explicitly mark all external contracts as trusted or untrusted","ruleId":"mark-callable-contracts","filePath":"Benchmarks/Study_SamplesSet/2000e562b993f759d1fbd9e441af4dda.sol"},{"line":58,"column":5,"severity":"Warning","message":"Provide an error message for require","ruleId":"reason-string","fix":null,"filePath":"Benchmarks/Study_SamplesSet/2000e562b993f759d1fbd9e441af4dda.sol"},{"line":58,"column":5,"severity":"Warning","message":"Use Custom Errors instead of require statements","ruleId":"custom-errors","fix":null,"filePath":"Benchmarks/Study_SamplesSet/2000e562b993f759d1fbd9e441af4dda.sol"},{"line":66,"column":5,"severity":"Warning","message":"Provide an error message for require","ruleId":"reason-string","fix":null,"filePath":"Benchmarks/Study_SamplesSet/2000e562b993f759d1fbd9e441af4dda.sol"},{"line":66,"column":5,"severity":"Warning","message":"Use Custom Errors instead of require statements","ruleId":"custom-errors","fix":null,"filePath":"Benchmarks/Study_SamplesSet/2000e562b993f759d1fbd9e441af4dda.sol"},{"line":73,"column":44,"severity":"Warning","message":"Visibility modifier must be first in list of modifiers","ruleId":"visibility-modifier-order","fix":null,"filePath":"Benchmarks/Study_SamplesSet/2000e562b993f759d1fbd9e441af4dda.sol"},{"line":75,"column":5,"severity":"Error","message":"Explicitly mark all external contracts as trusted or untrusted","ruleId":"mark-callable-contracts","filePath":"Benchmarks/Study_SamplesSet/2000e562b993f759d1fbd9e441af4dda.sol"},{"line":81,"column":43,"severity":"Warning","message":"Visibility modifier must be first in list of modifiers","ruleId":"visibility-modifier-order","fix":null,"filePath":"Benchmarks/Study_SamplesSet/2000e562b993f759d1fbd9e441af4dda.sol"},{"line":83,"column":5,"severity":"Error","message":"Explicitly mark all external contracts as trusted or untrusted","ruleId":"mark-callable-contracts","filePath":"Benchmarks/Study_SamplesSet/2000e562b993f759d1fbd9e441af4dda.sol"},{"line":93,"column":1,"severity":"Warning","message":"Contract has 21 states declarations but allowed no more than 15","ruleId":"max-states-count","fix":null,"filePath":"Benchmarks/Study_SamplesSet/2000e562b993f759d1fbd9e441af4dda.sol"},{"line":98,"column":3,"severity":"Warning","message":"Constant name must be in capitalized SNAKE_CASE","ruleId":"const-name-snakecase","fix":null,"filePath":"Benchmarks/Study_SamplesSet/2000e562b993f759d1fbd9e441af4dda.sol"},{"line":99,"column":3,"severity":"Warning","message":"Constant name must be in capitalized SNAKE_CASE","ruleId":"const-name-snakecase","fix":null,"filePath":"Benchmarks/Study_SamplesSet/2000e562b993f759d1fbd9e441af4dda.sol"},{"line":100,"column":3,"severity":"Warning","message":"Rule is set with explicit type [var/s: uint]","ruleId":"explicit-types","filePath":"Benchmarks/Study_SamplesSet/2000e562b993f759d1fbd9e441af4dda.sol"},{"line":100,"column":3,"severity":"Warning","message":"Constant name must be in capitalized SNAKE_CASE","ruleId":"const-name-snakecase","fix":null,"filePath":"Benchmarks/Study_SamplesSet/2000e562b993f759d1fbd9e441af4dda.sol"},{"line":114,"column":3,"severity":"Warning","message":"Rule is set with explicit type [var/s: uint]","ruleId":"explicit-types","filePath":"Benchmarks/Study_SamplesSet/2000e562b993f759d1fbd9e441af4dda.sol"},{"line":119,"column":3,"severity":"Warning","message":"Rule is set with explicit type [var/s: uint]","ruleId":"explicit-types","filePath":"Benchmarks/Study_SamplesSet/2000e562b993f759d1fbd9e441af4dda.sol"},{"line":127,"column":24,"severity":"Warning","message":"Rule is set with explicit type [var/s: uint]","ruleId":"explicit-types","filePath":"Benchmarks/Study_SamplesSet/2000e562b993f759d1fbd9e441af4dda.sol"},{"line":128,"column":5,"severity":"Warning","message":"Provide an error message for require","ruleId":"reason-string","fix":null,"filePath":"Benchmarks/Study_SamplesSet/2000e562b993f759d1fbd9e441af4dda.sol"},{"line":128,"column":5,"severity":"Warning","message":"Use Custom Errors instead of require statements","ruleId":"custom-errors","fix":null,"filePath":"Benchmarks/Study_SamplesSet/2000e562b993f759d1fbd9e441af4dda.sol"},{"line":135,"column":20,"severity":"Warning","message":"Rule is set with explicit type [var/s: uint]","ruleId":"explicit-types","filePath":"Benchmarks/Study_SamplesSet/2000e562b993f759d1fbd9e441af4dda.sol"},{"line":135,"column":35,"severity":"Warning","message":"Rule is set with explicit type [var/s: uint]","ruleId":"explicit-types","filePath":"Benchmarks/Study_SamplesSet/2000e562b993f759d1fbd9e441af4dda.sol"},{"line":136,"column":5,"severity":"Warning","message":"Provide an error message for require","ruleId":"reason-string","fix":null,"filePath":"Benchmarks/Study_SamplesSet/2000e562b993f759d1fbd9e441af4dda.sol"},{"line":136,"column":5,"severity":"Warning","message":"Use Custom Errors instead of require statements","ruleId":"custom-errors","fix":null,"filePath":"Benchmarks/Study_SamplesSet/2000e562b993f759d1fbd9e441af4dda.sol"},{"line":144,"column":5,"severity":"Warning","message":"Provide an error message for require","ruleId":"reason-string","fix":null,"filePath":"Benchmarks/Study_SamplesSet/2000e562b993f759d1fbd9e441af4dda.sol"},{"line":144,"column":5,"severity":"Warning","message":"Use Custom Errors instead of require statements","ruleId":"custom-errors","fix":null,"filePath":"Benchmarks/Study_SamplesSet/2000e562b993f759d1fbd9e441af4dda.sol"},{"line":152,"column":5,"severity":"Warning","message":"Provide an error message for require","ruleId":"reason-string","fix":null,"filePath":"Benchmarks/Study_SamplesSet/2000e562b993f759d1fbd9e441af4dda.sol"},{"line":152,"column":5,"severity":"Warning","message":"Use Custom Errors instead of require statements","ruleId":"custom-errors","fix":null,"filePath":"Benchmarks/Study_SamplesSet/2000e562b993f759d1fbd9e441af4dda.sol"},{"line":165,"column":3,"severity":"Error","message":"Explicitly mark visibility of state","ruleId":"state-visibility","fix":null,"filePath":"Benchmarks/Study_SamplesSet/2000e562b993f759d1fbd9e441af4dda.sol"},{"line":166,"column":3,"severity":"Error","message":"Explicitly mark visibility of state","ruleId":"state-visibility","fix":null,"filePath":"Benchmarks/Study_SamplesSet/2000e562b993f759d1fbd9e441af4dda.sol"},{"line":168,"column":3,"severity":"Error","message":"Explicitly mark visibility of state","ruleId":"state-visibility","fix":null,"filePath":"Benchmarks/Study_SamplesSet/2000e562b993f759d1fbd9e441af4dda.sol"},{"line":170,"column":3,"severity":"Error","message":"Explicitly mark visibility of state","ruleId":"state-visibility","fix":null,"filePath":"Benchmarks/Study_SamplesSet/2000e562b993f759d1fbd9e441af4dda.sol"},{"line":172,"column":3,"severity":"Error","message":"Explicitly mark visibility of state","ruleId":"state-visibility","fix":null,"filePath":"Benchmarks/Study_SamplesSet/2000e562b993f759d1fbd9e441af4dda.sol"},{"line":172,"column":3,"severity":"Warning","message":"Rule is set with explicit type [var/s: uint]","ruleId":"explicit-types","filePath":"Benchmarks/Study_SamplesSet/2000e562b993f759d1fbd9e441af4dda.sol"},{"line":175,"column":5,"severity":"Warning","message":"Rule is set with explicit type [var/s: uint]","ruleId":"explicit-types","filePath":"Benchmarks/Study_SamplesSet/2000e562b993f759d1fbd9e441af4dda.sol"},{"line":176,"column":5,"severity":"Warning","message":"Rule is set with explicit type [var/s: uint]","ruleId":"explicit-types","filePath":"Benchmarks/Study_SamplesSet/2000e562b993f759d1fbd9e441af4dda.sol"},{"line":177,"column":5,"severity":"Warning","message":"Rule is set with explicit type [var/s: uint]","ruleId":"explicit-types","filePath":"Benchmarks/Study_SamplesSet/2000e562b993f759d1fbd9e441af4dda.sol"},{"line":179,"column":5,"severity":"Warning","message":"Rule is set with explicit type [var/s: uint]","ruleId":"explicit-types","filePath":"Benchmarks/Study_SamplesSet/2000e562b993f759d1fbd9e441af4dda.sol"},{"line":182,"column":3,"severity":"Error","message":"Explicitly mark visibility of state","ruleId":"state-visibility","fix":null,"filePath":"Benchmarks/Study_SamplesSet/2000e562b993f759d1fbd9e441af4dda.sol"},{"line":184,"column":3,"severity":"Error","message":"Explicitly mark visibility of state","ruleId":"state-visibility","fix":null,"filePath":"Benchmarks/Study_SamplesSet/2000e562b993f759d1fbd9e441af4dda.sol"},{"line":184,"column":3,"severity":"Warning","message":"Rule is set with explicit type [var/s: uint]","ruleId":"explicit-types","filePath":"Benchmarks/Study_SamplesSet/2000e562b993f759d1fbd9e441af4dda.sol"},{"line":186,"column":3,"severity":"Error","message":"Explicitly mark visibility of state","ruleId":"state-visibility","fix":null,"filePath":"Benchmarks/Study_SamplesSet/2000e562b993f759d1fbd9e441af4dda.sol"},{"line":186,"column":3,"severity":"Warning","message":"Rule is set with explicit type [var/s: uint]","ruleId":"explicit-types","filePath":"Benchmarks/Study_SamplesSet/2000e562b993f759d1fbd9e441af4dda.sol"},{"line":188,"column":3,"severity":"Error","message":"Explicitly mark visibility of state","ruleId":"state-visibility","fix":null,"filePath":"Benchmarks/Study_SamplesSet/2000e562b993f759d1fbd9e441af4dda.sol"},{"line":190,"column":3,"severity":"Error","message":"Explicitly mark visibility of state","ruleId":"state-visibility","fix":null,"filePath":"Benchmarks/Study_SamplesSet/2000e562b993f759d1fbd9e441af4dda.sol"},{"line":192,"column":3,"severity":"Warning","message":"Rule is set with explicit type [var/s: uint]","ruleId":"explicit-types","filePath":"Benchmarks/Study_SamplesSet/2000e562b993f759d1fbd9e441af4dda.sol"},{"line":194,"column":3,"severity":"Warning","message":"Rule is set with explicit type [var/s: uint]","ruleId":"explicit-types","filePath":"Benchmarks/Study_SamplesSet/2000e562b993f759d1fbd9e441af4dda.sol"},{"line":200,"column":5,"severity":"Warning","message":"Provide an error message for require","ruleId":"reason-string","fix":null,"filePath":"Benchmarks/Study_SamplesSet/2000e562b993f759d1fbd9e441af4dda.sol"},{"line":200,"column":5,"severity":"Warning","message":"Use Custom Errors instead of require statements","ruleId":"custom-errors","fix":null,"filePath":"Benchmarks/Study_SamplesSet/2000e562b993f759d1fbd9e441af4dda.sol"},{"line":201,"column":5,"severity":"Warning","message":"Provide an error message for require","ruleId":"reason-string","fix":null,"filePath":"Benchmarks/Study_SamplesSet/2000e562b993f759d1fbd9e441af4dda.sol"},{"line":201,"column":5,"severity":"Warning","message":"Use Custom Errors instead of require statements","ruleId":"custom-errors","fix":null,"filePath":"Benchmarks/Study_SamplesSet/2000e562b993f759d1fbd9e441af4dda.sol"},{"line":202,"column":5,"severity":"Warning","message":"Provide an error message for require","ruleId":"reason-string","fix":null,"filePath":"Benchmarks/Study_SamplesSet/2000e562b993f759d1fbd9e441af4dda.sol"},{"line":202,"column":5,"severity":"Warning","message":"Use Custom Errors instead of require statements","ruleId":"custom-errors","fix":null,"filePath":"Benchmarks/Study_SamplesSet/2000e562b993f759d1fbd9e441af4dda.sol"},{"line":203,"column":5,"severity":"Warning","message":"Provide an error message for require","ruleId":"reason-string","fix":null,"filePath":"Benchmarks/Study_SamplesSet/2000e562b993f759d1fbd9e441af4dda.sol"},{"line":203,"column":5,"severity":"Warning","message":"Use Custom Errors instead of require statements","ruleId":"custom-errors","fix":null,"filePath":"Benchmarks/Study_SamplesSet/2000e562b993f759d1fbd9e441af4dda.sol"},{"line":203,"column":24,"severity":"Error","message":"Avoid making time-based decisions in your business logic","ruleId":"not-rely-on-time","fix":null,"filePath":"Benchmarks/Study_SamplesSet/2000e562b993f759d1fbd9e441af4dda.sol"},{"line":216,"column":13,"severity":"Error","message":"Explicitly mark all external contracts as trusted or untrusted","ruleId":"mark-callable-contracts","filePath":"Benchmarks/Study_SamplesSet/2000e562b993f759d1fbd9e441af4dda.sol"},{"line":230,"column":52,"severity":"Warning","message":"Rule is set with explicit type [var/s: uint]","ruleId":"explicit-types","filePath":"Benchmarks/Study_SamplesSet/2000e562b993f759d1fbd9e441af4dda.sol"},{"line":235,"column":47,"severity":"Error","message":"Avoid making time-based decisions in your business logic","ruleId":"not-rely-on-time","fix":null,"filePath":"Benchmarks/Study_SamplesSet/2000e562b993f759d1fbd9e441af4dda.sol"},{"line":239,"column":12,"severity":"Error","message":"Avoid making time-based decisions in your business logic","ruleId":"not-rely-on-time","fix":null,"filePath":"Benchmarks/Study_SamplesSet/2000e562b993f759d1fbd9e441af4dda.sol"},{"line":239,"column":29,"severity":"Error","message":"Avoid making time-based decisions in your business logic","ruleId":"not-rely-on-time","fix":null,"filePath":"Benchmarks/Study_SamplesSet/2000e562b993f759d1fbd9e441af4dda.sol"},{"line":246,"column":53,"severity":"Warning","message":"Visibility modifier must be first in list of modifiers","ruleId":"visibility-modifier-order","fix":null,"filePath":"Benchmarks/Study_SamplesSet/2000e562b993f759d1fbd9e441af4dda.sol"},{"line":247,"column":5,"severity":"Warning","message":"Provide an error message for require","ruleId":"reason-string","fix":null,"filePath":"Benchmarks/Study_SamplesSet/2000e562b993f759d1fbd9e441af4dda.sol"},{"line":247,"column":5,"severity":"Warning","message":"Use Custom Errors instead of require statements","ruleId":"custom-errors","fix":null,"filePath":"Benchmarks/Study_SamplesSet/2000e562b993f759d1fbd9e441af4dda.sol"},{"line":248,"column":5,"severity":"Warning","message":"Rule is set with explicit type [var/s: uint]","ruleId":"explicit-types","filePath":"Benchmarks/Study_SamplesSet/2000e562b993f759d1fbd9e441af4dda.sol"},{"line":253,"column":76,"severity":"Warning","message":"Visibility modifier must be first in list of modifiers","ruleId":"visibility-modifier-order","fix":null,"filePath":"Benchmarks/Study_SamplesSet/2000e562b993f759d1fbd9e441af4dda.sol"},{"line":253,"column":97,"severity":"Warning","message":"Rule is set with explicit type [var/s: uint]","ruleId":"explicit-types","filePath":"Benchmarks/Study_SamplesSet/2000e562b993f759d1fbd9e441af4dda.sol"},{"line":254,"column":5,"severity":"Warning","message":"Provide an error message for require","ruleId":"reason-string","fix":null,"filePath":"Benchmarks/Study_SamplesSet/2000e562b993f759d1fbd9e441af4dda.sol"},{"line":254,"column":5,"severity":"Warning","message":"Use Custom Errors instead of require statements","ruleId":"custom-errors","fix":null,"filePath":"Benchmarks/Study_SamplesSet/2000e562b993f759d1fbd9e441af4dda.sol"},{"line":258,"column":7,"severity":"Warning","message":"Rule is set with explicit type [var/s: uint]","ruleId":"explicit-types","filePath":"Benchmarks/Study_SamplesSet/2000e562b993f759d1fbd9e441af4dda.sol"},{"line":259,"column":7,"severity":"Warning","message":"Rule is set with explicit type [var/s: uint]","ruleId":"explicit-types","filePath":"Benchmarks/Study_SamplesSet/2000e562b993f759d1fbd9e441af4dda.sol"},{"line":260,"column":7,"severity":"Warning","message":"Rule is set with explicit type [var/s: uint]","ruleId":"explicit-types","filePath":"Benchmarks/Study_SamplesSet/2000e562b993f759d1fbd9e441af4dda.sol"},{"line":261,"column":12,"severity":"Warning","message":"Rule is set with explicit type [var/s: uint]","ruleId":"explicit-types","filePath":"Benchmarks/Study_SamplesSet/2000e562b993f759d1fbd9e441af4dda.sol"},{"line":272,"column":57,"severity":"Warning","message":"Visibility modifier must be first in list of modifiers","ruleId":"visibility-modifier-order","fix":null,"filePath":"Benchmarks/Study_SamplesSet/2000e562b993f759d1fbd9e441af4dda.sol"},{"line":273,"column":5,"severity":"Warning","message":"Provide an error message for require","ruleId":"reason-string","fix":null,"filePath":"Benchmarks/Study_SamplesSet/2000e562b993f759d1fbd9e441af4dda.sol"},{"line":273,"column":5,"severity":"Warning","message":"Use Custom Errors instead of require statements","ruleId":"custom-errors","fix":null,"filePath":"Benchmarks/Study_SamplesSet/2000e562b993f759d1fbd9e441af4dda.sol"},{"line":282,"column":21,"severity":"Warning","message":"Rule is set with explicit type [var/s: uint]","ruleId":"explicit-types","filePath":"Benchmarks/Study_SamplesSet/2000e562b993f759d1fbd9e441af4dda.sol"},{"line":282,"column":55,"severity":"Warning","message":"Rule is set with explicit type [var/s: uint]","ruleId":"explicit-types","filePath":"Benchmarks/Study_SamplesSet/2000e562b993f759d1fbd9e441af4dda.sol"},{"line":282,"column":61,"severity":"Warning","message":"Rule is set with explicit type [var/s: uint]","ruleId":"explicit-types","filePath":"Benchmarks/Study_SamplesSet/2000e562b993f759d1fbd9e441af4dda.sol"},{"line":282,"column":76,"severity":"Warning","message":"Rule is set with explicit type [var/s: uint]","ruleId":"explicit-types","filePath":"Benchmarks/Study_SamplesSet/2000e562b993f759d1fbd9e441af4dda.sol"},{"line":282,"column":82,"severity":"Warning","message":"Rule is set with explicit type [var/s: uint]","ruleId":"explicit-types","filePath":"Benchmarks/Study_SamplesSet/2000e562b993f759d1fbd9e441af4dda.sol"},{"line":284,"column":5,"severity":"Warning","message":"Provide an error message for require","ruleId":"reason-string","fix":null,"filePath":"Benchmarks/Study_SamplesSet/2000e562b993f759d1fbd9e441af4dda.sol"},{"line":284,"column":5,"severity":"Warning","message":"Use Custom Errors instead of require statements","ruleId":"custom-errors","fix":null,"filePath":"Benchmarks/Study_SamplesSet/2000e562b993f759d1fbd9e441af4dda.sol"},{"line":288,"column":24,"severity":"Warning","message":"Rule is set with explicit type [var/s: uint]","ruleId":"explicit-types","filePath":"Benchmarks/Study_SamplesSet/2000e562b993f759d1fbd9e441af4dda.sol"},{"line":288,"column":60,"severity":"Warning","message":"Rule is set with explicit type [var/s: uint]","ruleId":"explicit-types","filePath":"Benchmarks/Study_SamplesSet/2000e562b993f759d1fbd9e441af4dda.sol"},{"line":292,"column":24,"severity":"Warning","message":"Rule is set with explicit type [var/s: uint]","ruleId":"explicit-types","filePath":"Benchmarks/Study_SamplesSet/2000e562b993f759d1fbd9e441af4dda.sol"},{"line":292,"column":39,"severity":"Warning","message":"Rule is set with explicit type [var/s: uint]","ruleId":"explicit-types","filePath":"Benchmarks/Study_SamplesSet/2000e562b993f759d1fbd9e441af4dda.sol"},{"line":292,"column":73,"severity":"Warning","message":"Rule is set with explicit type [var/s: uint]","ruleId":"explicit-types","filePath":"Benchmarks/Study_SamplesSet/2000e562b993f759d1fbd9e441af4dda.sol"},{"line":302,"column":5,"severity":"Warning","message":"Provide an error message for require","ruleId":"reason-string","fix":null,"filePath":"Benchmarks/Study_SamplesSet/2000e562b993f759d1fbd9e441af4dda.sol"},{"line":302,"column":5,"severity":"Warning","message":"Use Custom Errors instead of require statements","ruleId":"custom-errors","fix":null,"filePath":"Benchmarks/Study_SamplesSet/2000e562b993f759d1fbd9e441af4dda.sol"},{"line":313,"column":5,"severity":"Warning","message":"Provide an error message for require","ruleId":"reason-string","fix":null,"filePath":"Benchmarks/Study_SamplesSet/2000e562b993f759d1fbd9e441af4dda.sol"},{"line":313,"column":5,"severity":"Warning","message":"Use Custom Errors instead of require statements","ruleId":"custom-errors","fix":null,"filePath":"Benchmarks/Study_SamplesSet/2000e562b993f759d1fbd9e441af4dda.sol"},{"line":314,"column":5,"severity":"Warning","message":"Provide an error message for require","ruleId":"reason-string","fix":null,"filePath":"Benchmarks/Study_SamplesSet/2000e562b993f759d1fbd9e441af4dda.sol"},{"line":314,"column":5,"severity":"Warning","message":"Use Custom Errors instead of require statements","ruleId":"custom-errors","fix":null,"filePath":"Benchmarks/Study_SamplesSet/2000e562b993f759d1fbd9e441af4dda.sol"},{"line":315,"column":5,"severity":"Warning","message":"Rule is set with explicit type [var/s: uint]","ruleId":"explicit-types","filePath":"Benchmarks/Study_SamplesSet/2000e562b993f759d1fbd9e441af4dda.sol"},{"line":316,"column":5,"severity":"Warning","message":"Rule is set with explicit type [var/s: uint]","ruleId":"explicit-types","filePath":"Benchmarks/Study_SamplesSet/2000e562b993f759d1fbd9e441af4dda.sol"},{"line":328,"column":19,"severity":"Error","message":"Avoid making time-based decisions in your business logic","ruleId":"not-rely-on-time","fix":null,"filePath":"Benchmarks/Study_SamplesSet/2000e562b993f759d1fbd9e441af4dda.sol"},{"line":336,"column":21,"severity":"Warning","message":"Rule is set with explicit type [var/s: uint]","ruleId":"explicit-types","filePath":"Benchmarks/Study_SamplesSet/2000e562b993f759d1fbd9e441af4dda.sol"},{"line":337,"column":5,"severity":"Warning","message":"Rule is set with explicit type [var/s: uint]","ruleId":"explicit-types","filePath":"Benchmarks/Study_SamplesSet/2000e562b993f759d1fbd9e441af4dda.sol"},{"line":341,"column":30,"severity":"Warning","message":"Rule is set with explicit type [var/s: uint]","ruleId":"explicit-types","filePath":"Benchmarks/Study_SamplesSet/2000e562b993f759d1fbd9e441af4dda.sol"},{"line":341,"column":45,"severity":"Warning","message":"Rule is set with explicit type [var/s: uint]","ruleId":"explicit-types","filePath":"Benchmarks/Study_SamplesSet/2000e562b993f759d1fbd9e441af4dda.sol"},{"line":342,"column":5,"severity":"Warning","message":"Provide an error message for require","ruleId":"reason-string","fix":null,"filePath":"Benchmarks/Study_SamplesSet/2000e562b993f759d1fbd9e441af4dda.sol"},{"line":342,"column":5,"severity":"Warning","message":"Use Custom Errors instead of require statements","ruleId":"custom-errors","fix":null,"filePath":"Benchmarks/Study_SamplesSet/2000e562b993f759d1fbd9e441af4dda.sol"},{"line":345,"column":5,"severity":"Warning","message":"Provide an error message for require","ruleId":"reason-string","fix":null,"filePath":"Benchmarks/Study_SamplesSet/2000e562b993f759d1fbd9e441af4dda.sol"},{"line":345,"column":5,"severity":"Warning","message":"Use Custom Errors instead of require statements","ruleId":"custom-errors","fix":null,"filePath":"Benchmarks/Study_SamplesSet/2000e562b993f759d1fbd9e441af4dda.sol"},{"line":352,"column":5,"severity":"Warning","message":"Rule is set with explicit type [var/s: uint]","ruleId":"explicit-types","filePath":"Benchmarks/Study_SamplesSet/2000e562b993f759d1fbd9e441af4dda.sol"},{"line":354,"column":5,"severity":"Warning","message":"Provide an error message for require","ruleId":"reason-string","fix":null,"filePath":"Benchmarks/Study_SamplesSet/2000e562b993f759d1fbd9e441af4dda.sol"},{"line":354,"column":5,"severity":"Warning","message":"Use Custom Errors instead of require statements","ruleId":"custom-errors","fix":null,"filePath":"Benchmarks/Study_SamplesSet/2000e562b993f759d1fbd9e441af4dda.sol"},{"line":367,"column":5,"severity":"Error","message":"Explicitly mark all external contracts as trusted or untrusted","ruleId":"mark-callable-contracts","filePath":"Benchmarks/Study_SamplesSet/2000e562b993f759d1fbd9e441af4dda.sol"},{"line":373,"column":50,"severity":"Warning","message":"Visibility modifier must be first in list of modifiers","ruleId":"visibility-modifier-order","fix":null,"filePath":"Benchmarks/Study_SamplesSet/2000e562b993f759d1fbd9e441af4dda.sol"},{"line":374,"column":5,"severity":"Warning","message":"Provide an error message for require","ruleId":"reason-string","fix":null,"filePath":"Benchmarks/Study_SamplesSet/2000e562b993f759d1fbd9e441af4dda.sol"},{"line":374,"column":5,"severity":"Warning","message":"Use Custom Errors instead of require statements","ruleId":"custom-errors","fix":null,"filePath":"Benchmarks/Study_SamplesSet/2000e562b993f759d1fbd9e441af4dda.sol"},{"line":375,"column":13,"severity":"Error","message":"Explicitly mark all external contracts as trusted or untrusted","ruleId":"mark-callable-contracts","filePath":"Benchmarks/Study_SamplesSet/2000e562b993f759d1fbd9e441af4dda.sol"},{"line":378,"column":52,"severity":"Warning","message":"Visibility modifier must be first in list of modifiers","ruleId":"visibility-modifier-order","fix":null,"filePath":"Benchmarks/Study_SamplesSet/2000e562b993f759d1fbd9e441af4dda.sol"},{"line":379,"column":5,"severity":"Warning","message":"Provide an error message for require","ruleId":"reason-string","fix":null,"filePath":"Benchmarks/Study_SamplesSet/2000e562b993f759d1fbd9e441af4dda.sol"},{"line":379,"column":5,"severity":"Warning","message":"Use Custom Errors instead of require statements","ruleId":"custom-errors","fix":null,"filePath":"Benchmarks/Study_SamplesSet/2000e562b993f759d1fbd9e441af4dda.sol"},{"line":384,"column":5,"severity":"Warning","message":"Rule is set with explicit type [var/s: uint]","ruleId":"explicit-types","filePath":"Benchmarks/Study_SamplesSet/2000e562b993f759d1fbd9e441af4dda.sol"},{"line":390,"column":5,"severity":"Warning","message":"Rule is set with explicit type [var/s: uint]","ruleId":"explicit-types","filePath":"Benchmarks/Study_SamplesSet/2000e562b993f759d1fbd9e441af4dda.sol"},{"line":394,"column":61,"severity":"Warning","message":"Rule is set with explicit type [var/s: uint]","ruleId":"explicit-types","filePath":"Benchmarks/Study_SamplesSet/2000e562b993f759d1fbd9e441af4dda.sol"},{"line":398,"column":7,"severity":"Warning","message":"Provide an error message for require","ruleId":"reason-string","fix":null,"filePath":"Benchmarks/Study_SamplesSet/2000e562b993f759d1fbd9e441af4dda.sol"},{"line":398,"column":7,"severity":"Warning","message":"Use Custom Errors instead of require statements","ruleId":"custom-errors","fix":null,"filePath":"Benchmarks/Study_SamplesSet/2000e562b993f759d1fbd9e441af4dda.sol"},{"line":405,"column":5,"severity":"Warning","message":"Provide an error message for require","ruleId":"reason-string","fix":null,"filePath":"Benchmarks/Study_SamplesSet/2000e562b993f759d1fbd9e441af4dda.sol"},{"line":405,"column":5,"severity":"Warning","message":"Use Custom Errors instead of require statements","ruleId":"custom-errors","fix":null,"filePath":"Benchmarks/Study_SamplesSet/2000e562b993f759d1fbd9e441af4dda.sol"},{"line":408,"column":5,"severity":"Error","message":"Explicitly mark all external contracts as trusted or untrusted","ruleId":"mark-callable-contracts","filePath":"Benchmarks/Study_SamplesSet/2000e562b993f759d1fbd9e441af4dda.sol"},{"line":414,"column":5,"severity":"Warning","message":"Rule is set with explicit type [var/s: uint]","ruleId":"explicit-types","filePath":"Benchmarks/Study_SamplesSet/2000e562b993f759d1fbd9e441af4dda.sol"},{"line":418,"column":60,"severity":"Warning","message":"Rule is set with explicit type [var/s: uint]","ruleId":"explicit-types","filePath":"Benchmarks/Study_SamplesSet/2000e562b993f759d1fbd9e441af4dda.sol"},{"line":419,"column":5,"severity":"Warning","message":"Provide an error message for require","ruleId":"reason-string","fix":null,"filePath":"Benchmarks/Study_SamplesSet/2000e562b993f759d1fbd9e441af4dda.sol"},{"line":419,"column":5,"severity":"Warning","message":"Use Custom Errors instead of require statements","ruleId":"custom-errors","fix":null,"filePath":"Benchmarks/Study_SamplesSet/2000e562b993f759d1fbd9e441af4dda.sol"},{"line":423,"column":7,"severity":"Warning","message":"Provide an error message for require","ruleId":"reason-string","fix":null,"filePath":"Benchmarks/Study_SamplesSet/2000e562b993f759d1fbd9e441af4dda.sol"},{"line":423,"column":7,"severity":"Warning","message":"Use Custom Errors instead of require statements","ruleId":"custom-errors","fix":null,"filePath":"Benchmarks/Study_SamplesSet/2000e562b993f759d1fbd9e441af4dda.sol"},{"line":426,"column":5,"severity":"Warning","message":"Provide an error message for require","ruleId":"reason-string","fix":null,"filePath":"Benchmarks/Study_SamplesSet/2000e562b993f759d1fbd9e441af4dda.sol"},{"line":426,"column":5,"severity":"Warning","message":"Use Custom Errors instead of require statements","ruleId":"custom-errors","fix":null,"filePath":"Benchmarks/Study_SamplesSet/2000e562b993f759d1fbd9e441af4dda.sol"},{"line":431,"column":5,"severity":"Error","message":"Explicitly mark all external contracts as trusted or untrusted","ruleId":"mark-callable-contracts","filePath":"Benchmarks/Study_SamplesSet/2000e562b993f759d1fbd9e441af4dda.sol"},{"line":435,"column":5,"severity":"Warning","message":"Rule is set with explicit type [var/s: uint]","ruleId":"explicit-types","filePath":"Benchmarks/Study_SamplesSet/2000e562b993f759d1fbd9e441af4dda.sol"},{"line":439,"column":53,"severity":"Warning","message":"Rule is set with explicit type [var/s: uint]","ruleId":"explicit-types","filePath":"Benchmarks/Study_SamplesSet/2000e562b993f759d1fbd9e441af4dda.sol"},{"line":440,"column":5,"severity":"Warning","message":"Provide an error message for require","ruleId":"reason-string","fix":null,"filePath":"Benchmarks/Study_SamplesSet/2000e562b993f759d1fbd9e441af4dda.sol"},{"line":440,"column":5,"severity":"Warning","message":"Use Custom Errors instead of require statements","ruleId":"custom-errors","fix":null,"filePath":"Benchmarks/Study_SamplesSet/2000e562b993f759d1fbd9e441af4dda.sol"},{"line":442,"column":5,"severity":"Warning","message":"Provide an error message for require","ruleId":"reason-string","fix":null,"filePath":"Benchmarks/Study_SamplesSet/2000e562b993f759d1fbd9e441af4dda.sol"},{"line":442,"column":5,"severity":"Warning","message":"Use Custom Errors instead of require statements","ruleId":"custom-errors","fix":null,"filePath":"Benchmarks/Study_SamplesSet/2000e562b993f759d1fbd9e441af4dda.sol"},{"line":447,"column":5,"severity":"Error","message":"Explicitly mark all external contracts as trusted or untrusted","ruleId":"mark-callable-contracts","filePath":"Benchmarks/Study_SamplesSet/2000e562b993f759d1fbd9e441af4dda.sol"},{"line":455,"column":5,"severity":"Error","message":"Possible reentrancy vulnerabilities. Avoid state changes after transfer.","ruleId":"reentrancy","fix":null,"filePath":"Benchmarks/Study_SamplesSet/2000e562b993f759d1fbd9e441af4dda.sol"},{"line":459,"column":33,"severity":"Warning","message":"Rule is set with explicit type [var/s: uint]","ruleId":"explicit-types","filePath":"Benchmarks/Study_SamplesSet/2000e562b993f759d1fbd9e441af4dda.sol"},{"line":460,"column":5,"severity":"Warning","message":"Rule is set with explicit type [var/s: uint]","ruleId":"explicit-types","filePath":"Benchmarks/Study_SamplesSet/2000e562b993f759d1fbd9e441af4dda.sol"},{"line":464,"column":5,"severity":"Warning","message":"Rule is set with explicit type [var/s: uint]","ruleId":"explicit-types","filePath":"Benchmarks/Study_SamplesSet/2000e562b993f759d1fbd9e441af4dda.sol"},{"line":466,"column":5,"severity":"Warning","message":"Rule is set with explicit type [var/s: uint]","ruleId":"explicit-types","filePath":"Benchmarks/Study_SamplesSet/2000e562b993f759d1fbd9e441af4dda.sol"},{"line":470,"column":67,"severity":"Warning","message":"Rule is set with explicit type [var/s: uint]","ruleId":"explicit-types","filePath":"Benchmarks/Study_SamplesSet/2000e562b993f759d1fbd9e441af4dda.sol"},{"line":470,"column":83,"severity":"Warning","message":"Rule is set with explicit type [var/s: uint]","ruleId":"explicit-types","filePath":"Benchmarks/Study_SamplesSet/2000e562b993f759d1fbd9e441af4dda.sol"},{"line":473,"column":7,"severity":"Warning","message":"Rule is set with explicit type [var/s: uint]","ruleId":"explicit-types","filePath":"Benchmarks/Study_SamplesSet/2000e562b993f759d1fbd9e441af4dda.sol"},{"line":474,"column":7,"severity":"Warning","message":"Rule is set with explicit type [var/s: uint]","ruleId":"explicit-types","filePath":"Benchmarks/Study_SamplesSet/2000e562b993f759d1fbd9e441af4dda.sol"},{"line":480,"column":7,"severity":"Warning","message":"Rule is set with explicit type [var/s: uint]","ruleId":"explicit-types","filePath":"Benchmarks/Study_SamplesSet/2000e562b993f759d1fbd9e441af4dda.sol"},{"line":481,"column":7,"severity":"Warning","message":"Rule is set with explicit type [var/s: uint]","ruleId":"explicit-types","filePath":"Benchmarks/Study_SamplesSet/2000e562b993f759d1fbd9e441af4dda.sol"},{"line":489,"column":39,"severity":"Warning","message":"Rule is set with explicit type [var/s: uint]","ruleId":"explicit-types","filePath":"Benchmarks/Study_SamplesSet/2000e562b993f759d1fbd9e441af4dda.sol"},{"line":489,"column":72,"severity":"Warning","message":"Rule is set with explicit type [var/s: uint]","ruleId":"explicit-types","filePath":"Benchmarks/Study_SamplesSet/2000e562b993f759d1fbd9e441af4dda.sol"},{"line":497,"column":5,"severity":"Error","message":"Explicitly mark all external contracts as trusted or untrusted","ruleId":"mark-callable-contracts","filePath":"Benchmarks/Study_SamplesSet/2000e562b993f759d1fbd9e441af4dda.sol"},{"line":517,"column":17,"severity":"Error","message":"Avoid making time-based decisions in your business logic","ruleId":"not-rely-on-time","fix":null,"filePath":"Benchmarks/Study_SamplesSet/2000e562b993f759d1fbd9e441af4dda.sol"},{"line":521,"column":24,"severity":"Warning","message":"Rule is set with explicit type [var/s: uint]","ruleId":"explicit-types","filePath":"Benchmarks/Study_SamplesSet/2000e562b993f759d1fbd9e441af4dda.sol"},{"line":525,"column":24,"severity":"Warning","message":"Rule is set with explicit type [var/s: uint]","ruleId":"explicit-types","filePath":"Benchmarks/Study_SamplesSet/2000e562b993f759d1fbd9e441af4dda.sol"},{"line":529,"column":38,"severity":"Warning","message":"Rule is set with explicit type [var/s: uint]","ruleId":"explicit-types","filePath":"Benchmarks/Study_SamplesSet/2000e562b993f759d1fbd9e441af4dda.sol"},{"line":530,"column":5,"severity":"Warning","message":"Provide an error message for require","ruleId":"reason-string","fix":null,"filePath":"Benchmarks/Study_SamplesSet/2000e562b993f759d1fbd9e441af4dda.sol"},{"line":530,"column":5,"severity":"Warning","message":"Use Custom Errors instead of require statements","ruleId":"custom-errors","fix":null,"filePath":"Benchmarks/Study_SamplesSet/2000e562b993f759d1fbd9e441af4dda.sol"},{"line":548,"column":23,"severity":"Warning","message":"Rule is set with explicit type [var/s: uint]","ruleId":"explicit-types","filePath":"Benchmarks/Study_SamplesSet/2000e562b993f759d1fbd9e441af4dda.sol"},{"line":548,"column":35,"severity":"Warning","message":"Rule is set with explicit type [var/s: uint]","ruleId":"explicit-types","filePath":"Benchmarks/Study_SamplesSet/2000e562b993f759d1fbd9e441af4dda.sol"},{"line":548,"column":47,"severity":"Warning","message":"Rule is set with explicit type [var/s: uint]","ruleId":"explicit-types","filePath":"Benchmarks/Study_SamplesSet/2000e562b993f759d1fbd9e441af4dda.sol"},{"line":548,"column":75,"severity":"Warning","message":"Rule is set with explicit type [var/s: uint]","ruleId":"explicit-types","filePath":"Benchmarks/Study_SamplesSet/2000e562b993f759d1fbd9e441af4dda.sol"},{"line":549,"column":5,"severity":"Warning","message":"Provide an error message for require","ruleId":"reason-string","fix":null,"filePath":"Benchmarks/Study_SamplesSet/2000e562b993f759d1fbd9e441af4dda.sol"},{"line":549,"column":5,"severity":"Warning","message":"Use Custom Errors instead of require statements","ruleId":"custom-errors","fix":null,"filePath":"Benchmarks/Study_SamplesSet/2000e562b993f759d1fbd9e441af4dda.sol"},{"line":550,"column":5,"severity":"Warning","message":"Provide an error message for require","ruleId":"reason-string","fix":null,"filePath":"Benchmarks/Study_SamplesSet/2000e562b993f759d1fbd9e441af4dda.sol"},{"line":550,"column":5,"severity":"Warning","message":"Use Custom Errors instead of require statements","ruleId":"custom-errors","fix":null,"filePath":"Benchmarks/Study_SamplesSet/2000e562b993f759d1fbd9e441af4dda.sol"},{"line":552,"column":5,"severity":"Warning","message":"Provide an error message for require","ruleId":"reason-string","fix":null,"filePath":"Benchmarks/Study_SamplesSet/2000e562b993f759d1fbd9e441af4dda.sol"},{"line":552,"column":5,"severity":"Warning","message":"Use Custom Errors instead of require statements","ruleId":"custom-errors","fix":null,"filePath":"Benchmarks/Study_SamplesSet/2000e562b993f759d1fbd9e441af4dda.sol"},{"line":560,"column":5,"severity":"Warning","message":"Rule is set with explicit type [var/s: uint]","ruleId":"explicit-types","filePath":"Benchmarks/Study_SamplesSet/2000e562b993f759d1fbd9e441af4dda.sol"},{"conclusion":"176 problem/s (28 error/s, 148 warning/s)"}]
