[{"line":1,"column":1,"severity":"Error","message":"Compiler version 0.5.16 does not satisfy the ^0.8.0 semver requirement","ruleId":"compiler-version","fix":null,"filePath":"Benchmarks/Study_SamplesSet/2053861ae254da764cc355c599c738fb.sol"},{"line":11,"column":36,"severity":"Warning","message":"Provide an error message for require","ruleId":"reason-string","fix":null,"filePath":"Benchmarks/Study_SamplesSet/2053861ae254da764cc355c599c738fb.sol"},{"line":11,"column":36,"severity":"Warning","message":"Use Custom Errors instead of require statements","ruleId":"custom-errors","fix":null,"filePath":"Benchmarks/Study_SamplesSet/2053861ae254da764cc355c599c738fb.sol"},{"line":14,"column":9,"severity":"Warning","message":"Use Custom Errors instead of require statements","ruleId":"custom-errors","fix":null,"filePath":"Benchmarks/Study_SamplesSet/2053861ae254da764cc355c599c738fb.sol"},{"line":14,"column":33,"severity":"Error","message":"Use double quotes for string literals","ruleId":"quotes","filePath":"Benchmarks/Study_SamplesSet/2053861ae254da764cc355c599c738fb.sol"},{"line":23,"column":9,"severity":"Warning","message":"Use Custom Errors instead of require statements","ruleId":"custom-errors","fix":null,"filePath":"Benchmarks/Study_SamplesSet/2053861ae254da764cc355c599c738fb.sol"},{"line":23,"column":33,"severity":"Error","message":"Use double quotes for string literals","ruleId":"quotes","filePath":"Benchmarks/Study_SamplesSet/2053861ae254da764cc355c599c738fb.sol"},{"conclusion":"7 problem/s (3 error/s, 4 warning/s)"}]
