[{"line":1,"column":1,"severity":"Warning","message":"Found more than One contract per file. 6 contracts found!","ruleId":"one-contract-per-file","fix":null,"filePath":"Benchmarks/Study_SamplesSet/207a94d45ef3759b3c256f2eca789e8a.sol"},{"line":1,"column":1,"severity":"Error","message":"Compiler version ^0.4.11 does not satisfy the ^0.8.0 semver requirement","ruleId":"compiler-version","fix":null,"filePath":"Benchmarks/Study_SamplesSet/207a94d45ef3759b3c256f2eca789e8a.sol"},{"line":37,"column":5,"severity":"Error","message":"Explicitly mark visibility of state","ruleId":"state-visibility","fix":null,"filePath":"Benchmarks/Study_SamplesSet/207a94d45ef3759b3c256f2eca789e8a.sol"},{"line":40,"column":5,"severity":"Error","message":"Explicitly mark visibility of state","ruleId":"state-visibility","fix":null,"filePath":"Benchmarks/Study_SamplesSet/207a94d45ef3759b3c256f2eca789e8a.sol"},{"line":43,"column":5,"severity":"Error","message":"Explicitly mark visibility of state","ruleId":"state-visibility","fix":null,"filePath":"Benchmarks/Study_SamplesSet/207a94d45ef3759b3c256f2eca789e8a.sol"},{"line":46,"column":5,"severity":"Error","message":"Explicitly mark visibility of state","ruleId":"state-visibility","fix":null,"filePath":"Benchmarks/Study_SamplesSet/207a94d45ef3759b3c256f2eca789e8a.sol"},{"line":49,"column":5,"severity":"Error","message":"Explicitly mark visibility of state","ruleId":"state-visibility","fix":null,"filePath":"Benchmarks/Study_SamplesSet/207a94d45ef3759b3c256f2eca789e8a.sol"},{"line":52,"column":5,"severity":"Error","message":"Explicitly mark visibility of state","ruleId":"state-visibility","fix":null,"filePath":"Benchmarks/Study_SamplesSet/207a94d45ef3759b3c256f2eca789e8a.sol"},{"line":73,"column":5,"severity":"Error","message":"Explicitly mark visibility in function (Set ignoreConstructors to true if using solidity >=0.7.0)","ruleId":"func-visibility","fix":null,"filePath":"Benchmarks/Study_SamplesSet/207a94d45ef3759b3c256f2eca789e8a.sol"},{"line":76,"column":9,"severity":"Error","message":"Explicitly mark all external contracts as trusted or untrusted","ruleId":"mark-callable-contracts","filePath":"Benchmarks/Study_SamplesSet/207a94d45ef3759b3c256f2eca789e8a.sol"},{"line":82,"column":5,"severity":"Error","message":"Explicitly mark visibility in function","ruleId":"func-visibility","fix":null,"filePath":"Benchmarks/Study_SamplesSet/207a94d45ef3759b3c256f2eca789e8a.sol"},{"line":87,"column":5,"severity":"Error","message":"Explicitly mark visibility in function","ruleId":"func-visibility","fix":null,"filePath":"Benchmarks/Study_SamplesSet/207a94d45ef3759b3c256f2eca789e8a.sol"},{"line":95,"column":5,"severity":"Error","message":"Explicitly mark visibility in function","ruleId":"func-visibility","fix":null,"filePath":"Benchmarks/Study_SamplesSet/207a94d45ef3759b3c256f2eca789e8a.sol"},{"line":100,"column":5,"severity":"Error","message":"Explicitly mark visibility in function","ruleId":"func-visibility","fix":null,"filePath":"Benchmarks/Study_SamplesSet/207a94d45ef3759b3c256f2eca789e8a.sol"},{"line":108,"column":5,"severity":"Error","message":"Explicitly mark visibility in function","ruleId":"func-visibility","fix":null,"filePath":"Benchmarks/Study_SamplesSet/207a94d45ef3759b3c256f2eca789e8a.sol"},{"line":113,"column":5,"severity":"Error","message":"Explicitly mark visibility in function","ruleId":"func-visibility","fix":null,"filePath":"Benchmarks/Study_SamplesSet/207a94d45ef3759b3c256f2eca789e8a.sol"},{"line":121,"column":5,"severity":"Error","message":"Explicitly mark visibility in function","ruleId":"func-visibility","fix":null,"filePath":"Benchmarks/Study_SamplesSet/207a94d45ef3759b3c256f2eca789e8a.sol"},{"line":124,"column":13,"severity":"Error","message":"\"throw\" is deprecated, avoid to use it","ruleId":"avoid-throw","filePath":"Benchmarks/Study_SamplesSet/207a94d45ef3759b3c256f2eca789e8a.sol"},{"line":128,"column":13,"severity":"Error","message":"\"throw\" is deprecated, avoid to use it","ruleId":"avoid-throw","filePath":"Benchmarks/Study_SamplesSet/207a94d45ef3759b3c256f2eca789e8a.sol"},{"line":132,"column":9,"severity":"Error","message":"Explicitly mark all external contracts as trusted or untrusted","ruleId":"mark-callable-contracts","filePath":"Benchmarks/Study_SamplesSet/207a94d45ef3759b3c256f2eca789e8a.sol"},{"line":139,"column":5,"severity":"Error","message":"Explicitly mark visibility in function","ruleId":"func-visibility","fix":null,"filePath":"Benchmarks/Study_SamplesSet/207a94d45ef3759b3c256f2eca789e8a.sol"},{"line":142,"column":13,"severity":"Error","message":"\"throw\" is deprecated, avoid to use it","ruleId":"avoid-throw","filePath":"Benchmarks/Study_SamplesSet/207a94d45ef3759b3c256f2eca789e8a.sol"},{"line":146,"column":13,"severity":"Error","message":"\"throw\" is deprecated, avoid to use it","ruleId":"avoid-throw","filePath":"Benchmarks/Study_SamplesSet/207a94d45ef3759b3c256f2eca789e8a.sol"},{"line":150,"column":13,"severity":"Error","message":"\"throw\" is deprecated, avoid to use it","ruleId":"avoid-throw","filePath":"Benchmarks/Study_SamplesSet/207a94d45ef3759b3c256f2eca789e8a.sol"},{"line":154,"column":9,"severity":"Error","message":"Explicitly mark all external contracts as trusted or untrusted","ruleId":"mark-callable-contracts","filePath":"Benchmarks/Study_SamplesSet/207a94d45ef3759b3c256f2eca789e8a.sol"},{"line":158,"column":5,"severity":"Error","message":"Explicitly mark visibility in function","ruleId":"func-visibility","fix":null,"filePath":"Benchmarks/Study_SamplesSet/207a94d45ef3759b3c256f2eca789e8a.sol"},{"line":161,"column":13,"severity":"Error","message":"\"throw\" is deprecated, avoid to use it","ruleId":"avoid-throw","filePath":"Benchmarks/Study_SamplesSet/207a94d45ef3759b3c256f2eca789e8a.sol"},{"line":165,"column":13,"severity":"Error","message":"\"throw\" is deprecated, avoid to use it","ruleId":"avoid-throw","filePath":"Benchmarks/Study_SamplesSet/207a94d45ef3759b3c256f2eca789e8a.sol"},{"line":169,"column":9,"severity":"Error","message":"Explicitly mark all external contracts as trusted or untrusted","ruleId":"mark-callable-contracts","filePath":"Benchmarks/Study_SamplesSet/207a94d45ef3759b3c256f2eca789e8a.sol"},{"line":175,"column":5,"severity":"Error","message":"Explicitly mark visibility in function","ruleId":"func-visibility","fix":null,"filePath":"Benchmarks/Study_SamplesSet/207a94d45ef3759b3c256f2eca789e8a.sol"},{"line":178,"column":13,"severity":"Error","message":"\"throw\" is deprecated, avoid to use it","ruleId":"avoid-throw","filePath":"Benchmarks/Study_SamplesSet/207a94d45ef3759b3c256f2eca789e8a.sol"},{"line":182,"column":13,"severity":"Error","message":"\"throw\" is deprecated, avoid to use it","ruleId":"avoid-throw","filePath":"Benchmarks/Study_SamplesSet/207a94d45ef3759b3c256f2eca789e8a.sol"},{"line":186,"column":9,"severity":"Error","message":"Explicitly mark all external contracts as trusted or untrusted","ruleId":"mark-callable-contracts","filePath":"Benchmarks/Study_SamplesSet/207a94d45ef3759b3c256f2eca789e8a.sol"},{"line":190,"column":5,"severity":"Error","message":"Explicitly mark visibility in function","ruleId":"func-visibility","fix":null,"filePath":"Benchmarks/Study_SamplesSet/207a94d45ef3759b3c256f2eca789e8a.sol"},{"line":193,"column":13,"severity":"Error","message":"\"throw\" is deprecated, avoid to use it","ruleId":"avoid-throw","filePath":"Benchmarks/Study_SamplesSet/207a94d45ef3759b3c256f2eca789e8a.sol"},{"line":197,"column":13,"severity":"Error","message":"\"throw\" is deprecated, avoid to use it","ruleId":"avoid-throw","filePath":"Benchmarks/Study_SamplesSet/207a94d45ef3759b3c256f2eca789e8a.sol"},{"line":201,"column":9,"severity":"Error","message":"Explicitly mark all external contracts as trusted or untrusted","ruleId":"mark-callable-contracts","filePath":"Benchmarks/Study_SamplesSet/207a94d45ef3759b3c256f2eca789e8a.sol"},{"line":207,"column":5,"severity":"Error","message":"Explicitly mark visibility in function","ruleId":"func-visibility","fix":null,"filePath":"Benchmarks/Study_SamplesSet/207a94d45ef3759b3c256f2eca789e8a.sol"},{"line":210,"column":13,"severity":"Error","message":"\"throw\" is deprecated, avoid to use it","ruleId":"avoid-throw","filePath":"Benchmarks/Study_SamplesSet/207a94d45ef3759b3c256f2eca789e8a.sol"},{"line":214,"column":13,"severity":"Error","message":"\"throw\" is deprecated, avoid to use it","ruleId":"avoid-throw","filePath":"Benchmarks/Study_SamplesSet/207a94d45ef3759b3c256f2eca789e8a.sol"},{"line":218,"column":9,"severity":"Error","message":"Explicitly mark all external contracts as trusted or untrusted","ruleId":"mark-callable-contracts","filePath":"Benchmarks/Study_SamplesSet/207a94d45ef3759b3c256f2eca789e8a.sol"},{"line":226,"column":5,"severity":"Error","message":"Explicitly mark visibility in function","ruleId":"func-visibility","fix":null,"filePath":"Benchmarks/Study_SamplesSet/207a94d45ef3759b3c256f2eca789e8a.sol"},{"line":226,"column":41,"severity":"Warning","message":"Rule is set with explicit type [var/s: uint]","ruleId":"explicit-types","filePath":"Benchmarks/Study_SamplesSet/207a94d45ef3759b3c256f2eca789e8a.sol"},{"line":226,"column":60,"severity":"Warning","message":"Rule is set with explicit type [var/s: uint]","ruleId":"explicit-types","filePath":"Benchmarks/Study_SamplesSet/207a94d45ef3759b3c256f2eca789e8a.sol"},{"line":226,"column":66,"severity":"Warning","message":"Rule is set with explicit type [var/s: uint]","ruleId":"explicit-types","filePath":"Benchmarks/Study_SamplesSet/207a94d45ef3759b3c256f2eca789e8a.sol"},{"line":242,"column":5,"severity":"Error","message":"Explicitly mark visibility in function","ruleId":"func-visibility","fix":null,"filePath":"Benchmarks/Study_SamplesSet/207a94d45ef3759b3c256f2eca789e8a.sol"},{"line":242,"column":37,"severity":"Warning","message":"Rule is set with explicit type [var/s: uint]","ruleId":"explicit-types","filePath":"Benchmarks/Study_SamplesSet/207a94d45ef3759b3c256f2eca789e8a.sol"},{"line":242,"column":47,"severity":"Warning","message":"Rule is set with explicit type [var/s: uint]","ruleId":"explicit-types","filePath":"Benchmarks/Study_SamplesSet/207a94d45ef3759b3c256f2eca789e8a.sol"},{"line":242,"column":67,"severity":"Warning","message":"Rule is set with explicit type [var/s: uint]","ruleId":"explicit-types","filePath":"Benchmarks/Study_SamplesSet/207a94d45ef3759b3c256f2eca789e8a.sol"},{"line":266,"column":5,"severity":"Error","message":"Explicitly mark visibility in function","ruleId":"func-visibility","fix":null,"filePath":"Benchmarks/Study_SamplesSet/207a94d45ef3759b3c256f2eca789e8a.sol"},{"line":267,"column":23,"severity":"Warning","message":"Rule is set with explicit type [var/s: uint]","ruleId":"explicit-types","filePath":"Benchmarks/Study_SamplesSet/207a94d45ef3759b3c256f2eca789e8a.sol"},{"line":267,"column":38,"severity":"Warning","message":"Rule is set with explicit type [var/s: uint]","ruleId":"explicit-types","filePath":"Benchmarks/Study_SamplesSet/207a94d45ef3759b3c256f2eca789e8a.sol"},{"line":269,"column":9,"severity":"Warning","message":"Rule is set with explicit type [var/s: uint]","ruleId":"explicit-types","filePath":"Benchmarks/Study_SamplesSet/207a94d45ef3759b3c256f2eca789e8a.sol"},{"line":270,"column":43,"severity":"Warning","message":"Rule is set with explicit type [var/s: uint]","ruleId":"explicit-types","filePath":"Benchmarks/Study_SamplesSet/207a94d45ef3759b3c256f2eca789e8a.sol"},{"line":270,"column":9,"severity":"Warning","message":"Rule is set with explicit type [var/s: uint]","ruleId":"explicit-types","filePath":"Benchmarks/Study_SamplesSet/207a94d45ef3759b3c256f2eca789e8a.sol"},{"line":270,"column":9,"severity":"Warning","message":"Variable name must be in mixedCase","ruleId":"var-name-mixedcase","fix":null,"filePath":"Benchmarks/Study_SamplesSet/207a94d45ef3759b3c256f2eca789e8a.sol"},{"line":271,"column":44,"severity":"Warning","message":"Rule is set with explicit type [var/s: uint]","ruleId":"explicit-types","filePath":"Benchmarks/Study_SamplesSet/207a94d45ef3759b3c256f2eca789e8a.sol"},{"line":271,"column":9,"severity":"Warning","message":"Rule is set with explicit type [var/s: uint]","ruleId":"explicit-types","filePath":"Benchmarks/Study_SamplesSet/207a94d45ef3759b3c256f2eca789e8a.sol"},{"line":271,"column":9,"severity":"Warning","message":"Variable name must be in mixedCase","ruleId":"var-name-mixedcase","fix":null,"filePath":"Benchmarks/Study_SamplesSet/207a94d45ef3759b3c256f2eca789e8a.sol"},{"line":272,"column":39,"severity":"Warning","message":"Rule is set with explicit type [var/s: uint]","ruleId":"explicit-types","filePath":"Benchmarks/Study_SamplesSet/207a94d45ef3759b3c256f2eca789e8a.sol"},{"line":272,"column":9,"severity":"Warning","message":"Rule is set with explicit type [var/s: uint]","ruleId":"explicit-types","filePath":"Benchmarks/Study_SamplesSet/207a94d45ef3759b3c256f2eca789e8a.sol"},{"line":272,"column":9,"severity":"Warning","message":"Variable name must be in mixedCase","ruleId":"var-name-mixedcase","fix":null,"filePath":"Benchmarks/Study_SamplesSet/207a94d45ef3759b3c256f2eca789e8a.sol"},{"line":273,"column":39,"severity":"Warning","message":"Rule is set with explicit type [var/s: uint]","ruleId":"explicit-types","filePath":"Benchmarks/Study_SamplesSet/207a94d45ef3759b3c256f2eca789e8a.sol"},{"line":273,"column":9,"severity":"Warning","message":"Rule is set with explicit type [var/s: uint]","ruleId":"explicit-types","filePath":"Benchmarks/Study_SamplesSet/207a94d45ef3759b3c256f2eca789e8a.sol"},{"line":273,"column":9,"severity":"Warning","message":"Variable name must be in mixedCase","ruleId":"var-name-mixedcase","fix":null,"filePath":"Benchmarks/Study_SamplesSet/207a94d45ef3759b3c256f2eca789e8a.sol"},{"line":274,"column":9,"severity":"Warning","message":"Variable name must be in mixedCase","ruleId":"var-name-mixedcase","fix":null,"filePath":"Benchmarks/Study_SamplesSet/207a94d45ef3759b3c256f2eca789e8a.sol"},{"line":282,"column":14,"severity":"Warning","message":"Rule is set with explicit type [var/s: uint]","ruleId":"explicit-types","filePath":"Benchmarks/Study_SamplesSet/207a94d45ef3759b3c256f2eca789e8a.sol"},{"line":292,"column":5,"severity":"Error","message":"Explicitly mark visibility in function","ruleId":"func-visibility","fix":null,"filePath":"Benchmarks/Study_SamplesSet/207a94d45ef3759b3c256f2eca789e8a.sol"},{"line":292,"column":64,"severity":"Warning","message":"Rule is set with explicit type [var/s: uint]","ruleId":"explicit-types","filePath":"Benchmarks/Study_SamplesSet/207a94d45ef3759b3c256f2eca789e8a.sol"},{"line":295,"column":9,"severity":"Warning","message":"Rule is set with explicit type [var/s: uint]","ruleId":"explicit-types","filePath":"Benchmarks/Study_SamplesSet/207a94d45ef3759b3c256f2eca789e8a.sol"},{"line":299,"column":14,"severity":"Warning","message":"Variable name must be in mixedCase","ruleId":"var-name-mixedcase","fix":null,"filePath":"Benchmarks/Study_SamplesSet/207a94d45ef3759b3c256f2eca789e8a.sol"},{"line":299,"column":29,"severity":"Warning","message":"Variable name must be in mixedCase","ruleId":"var-name-mixedcase","fix":null,"filePath":"Benchmarks/Study_SamplesSet/207a94d45ef3759b3c256f2eca789e8a.sol"},{"line":299,"column":44,"severity":"Warning","message":"Variable name must be in mixedCase","ruleId":"var-name-mixedcase","fix":null,"filePath":"Benchmarks/Study_SamplesSet/207a94d45ef3759b3c256f2eca789e8a.sol"},{"line":302,"column":14,"severity":"Warning","message":"Rule is set with explicit type [var/s: uint]","ruleId":"explicit-types","filePath":"Benchmarks/Study_SamplesSet/207a94d45ef3759b3c256f2eca789e8a.sol"},{"line":314,"column":5,"severity":"Error","message":"Explicitly mark visibility in function","ruleId":"func-visibility","fix":null,"filePath":"Benchmarks/Study_SamplesSet/207a94d45ef3759b3c256f2eca789e8a.sol"},{"line":314,"column":40,"severity":"Warning","message":"Rule is set with explicit type [var/s: uint]","ruleId":"explicit-types","filePath":"Benchmarks/Study_SamplesSet/207a94d45ef3759b3c256f2eca789e8a.sol"},{"line":314,"column":50,"severity":"Warning","message":"Rule is set with explicit type [var/s: uint]","ruleId":"explicit-types","filePath":"Benchmarks/Study_SamplesSet/207a94d45ef3759b3c256f2eca789e8a.sol"},{"line":315,"column":23,"severity":"Warning","message":"Rule is set with explicit type [var/s: uint]","ruleId":"explicit-types","filePath":"Benchmarks/Study_SamplesSet/207a94d45ef3759b3c256f2eca789e8a.sol"},{"line":315,"column":31,"severity":"Warning","message":"Rule is set with explicit type [var/s: uint]","ruleId":"explicit-types","filePath":"Benchmarks/Study_SamplesSet/207a94d45ef3759b3c256f2eca789e8a.sol"},{"line":317,"column":9,"severity":"Warning","message":"Rule is set with explicit type [var/s: uint]","ruleId":"explicit-types","filePath":"Benchmarks/Study_SamplesSet/207a94d45ef3759b3c256f2eca789e8a.sol"},{"line":317,"column":9,"severity":"Warning","message":"Variable name must be in mixedCase","ruleId":"var-name-mixedcase","fix":null,"filePath":"Benchmarks/Study_SamplesSet/207a94d45ef3759b3c256f2eca789e8a.sol"},{"line":318,"column":9,"severity":"Warning","message":"Rule is set with explicit type [var/s: uint]","ruleId":"explicit-types","filePath":"Benchmarks/Study_SamplesSet/207a94d45ef3759b3c256f2eca789e8a.sol"},{"line":319,"column":9,"severity":"Warning","message":"Rule is set with explicit type [var/s: uint]","ruleId":"explicit-types","filePath":"Benchmarks/Study_SamplesSet/207a94d45ef3759b3c256f2eca789e8a.sol"},{"line":319,"column":9,"severity":"Warning","message":"Variable name must be in mixedCase","ruleId":"var-name-mixedcase","fix":null,"filePath":"Benchmarks/Study_SamplesSet/207a94d45ef3759b3c256f2eca789e8a.sol"},{"line":329,"column":37,"severity":"Warning","message":"Rule is set with explicit type [var/s: uint]","ruleId":"explicit-types","filePath":"Benchmarks/Study_SamplesSet/207a94d45ef3759b3c256f2eca789e8a.sol"},{"line":329,"column":9,"severity":"Warning","message":"Rule is set with explicit type [var/s: uint]","ruleId":"explicit-types","filePath":"Benchmarks/Study_SamplesSet/207a94d45ef3759b3c256f2eca789e8a.sol"},{"line":329,"column":9,"severity":"Warning","message":"Variable name must be in mixedCase","ruleId":"var-name-mixedcase","fix":null,"filePath":"Benchmarks/Study_SamplesSet/207a94d45ef3759b3c256f2eca789e8a.sol"},{"line":345,"column":5,"severity":"Error","message":"Explicitly mark visibility in function","ruleId":"func-visibility","fix":null,"filePath":"Benchmarks/Study_SamplesSet/207a94d45ef3759b3c256f2eca789e8a.sol"},{"line":345,"column":41,"severity":"Warning","message":"Rule is set with explicit type [var/s: uint]","ruleId":"explicit-types","filePath":"Benchmarks/Study_SamplesSet/207a94d45ef3759b3c256f2eca789e8a.sol"},{"line":345,"column":51,"severity":"Warning","message":"Rule is set with explicit type [var/s: uint]","ruleId":"explicit-types","filePath":"Benchmarks/Study_SamplesSet/207a94d45ef3759b3c256f2eca789e8a.sol"},{"line":346,"column":23,"severity":"Warning","message":"Rule is set with explicit type [var/s: uint]","ruleId":"explicit-types","filePath":"Benchmarks/Study_SamplesSet/207a94d45ef3759b3c256f2eca789e8a.sol"},{"line":346,"column":31,"severity":"Warning","message":"Rule is set with explicit type [var/s: uint]","ruleId":"explicit-types","filePath":"Benchmarks/Study_SamplesSet/207a94d45ef3759b3c256f2eca789e8a.sol"},{"line":346,"column":39,"severity":"Warning","message":"Rule is set with explicit type [var/s: uint]","ruleId":"explicit-types","filePath":"Benchmarks/Study_SamplesSet/207a94d45ef3759b3c256f2eca789e8a.sol"},{"line":346,"column":47,"severity":"Warning","message":"Rule is set with explicit type [var/s: uint]","ruleId":"explicit-types","filePath":"Benchmarks/Study_SamplesSet/207a94d45ef3759b3c256f2eca789e8a.sol"},{"line":348,"column":9,"severity":"Warning","message":"Rule is set with explicit type [var/s: uint]","ruleId":"explicit-types","filePath":"Benchmarks/Study_SamplesSet/207a94d45ef3759b3c256f2eca789e8a.sol"},{"line":348,"column":9,"severity":"Warning","message":"Variable name must be in mixedCase","ruleId":"var-name-mixedcase","fix":null,"filePath":"Benchmarks/Study_SamplesSet/207a94d45ef3759b3c256f2eca789e8a.sol"},{"line":349,"column":9,"severity":"Warning","message":"Rule is set with explicit type [var/s: uint]","ruleId":"explicit-types","filePath":"Benchmarks/Study_SamplesSet/207a94d45ef3759b3c256f2eca789e8a.sol"},{"line":350,"column":9,"severity":"Warning","message":"Rule is set with explicit type [var/s: uint]","ruleId":"explicit-types","filePath":"Benchmarks/Study_SamplesSet/207a94d45ef3759b3c256f2eca789e8a.sol"},{"line":350,"column":9,"severity":"Warning","message":"Variable name must be in mixedCase","ruleId":"var-name-mixedcase","fix":null,"filePath":"Benchmarks/Study_SamplesSet/207a94d45ef3759b3c256f2eca789e8a.sol"},{"line":360,"column":39,"severity":"Warning","message":"Rule is set with explicit type [var/s: uint]","ruleId":"explicit-types","filePath":"Benchmarks/Study_SamplesSet/207a94d45ef3759b3c256f2eca789e8a.sol"},{"line":360,"column":9,"severity":"Warning","message":"Rule is set with explicit type [var/s: uint]","ruleId":"explicit-types","filePath":"Benchmarks/Study_SamplesSet/207a94d45ef3759b3c256f2eca789e8a.sol"},{"line":360,"column":9,"severity":"Warning","message":"Variable name must be in mixedCase","ruleId":"var-name-mixedcase","fix":null,"filePath":"Benchmarks/Study_SamplesSet/207a94d45ef3759b3c256f2eca789e8a.sol"},{"line":361,"column":37,"severity":"Warning","message":"Rule is set with explicit type [var/s: uint]","ruleId":"explicit-types","filePath":"Benchmarks/Study_SamplesSet/207a94d45ef3759b3c256f2eca789e8a.sol"},{"line":361,"column":9,"severity":"Warning","message":"Rule is set with explicit type [var/s: uint]","ruleId":"explicit-types","filePath":"Benchmarks/Study_SamplesSet/207a94d45ef3759b3c256f2eca789e8a.sol"},{"line":361,"column":9,"severity":"Warning","message":"Variable name must be in mixedCase","ruleId":"var-name-mixedcase","fix":null,"filePath":"Benchmarks/Study_SamplesSet/207a94d45ef3759b3c256f2eca789e8a.sol"},{"line":362,"column":39,"severity":"Warning","message":"Rule is set with explicit type [var/s: uint]","ruleId":"explicit-types","filePath":"Benchmarks/Study_SamplesSet/207a94d45ef3759b3c256f2eca789e8a.sol"},{"line":362,"column":9,"severity":"Warning","message":"Rule is set with explicit type [var/s: uint]","ruleId":"explicit-types","filePath":"Benchmarks/Study_SamplesSet/207a94d45ef3759b3c256f2eca789e8a.sol"},{"line":362,"column":9,"severity":"Warning","message":"Variable name must be in mixedCase","ruleId":"var-name-mixedcase","fix":null,"filePath":"Benchmarks/Study_SamplesSet/207a94d45ef3759b3c256f2eca789e8a.sol"},{"line":377,"column":5,"severity":"Error","message":"Explicitly mark visibility in function","ruleId":"func-visibility","fix":null,"filePath":"Benchmarks/Study_SamplesSet/207a94d45ef3759b3c256f2eca789e8a.sol"},{"line":377,"column":39,"severity":"Warning","message":"Rule is set with explicit type [var/s: uint]","ruleId":"explicit-types","filePath":"Benchmarks/Study_SamplesSet/207a94d45ef3759b3c256f2eca789e8a.sol"},{"line":386,"column":5,"severity":"Error","message":"Explicitly mark visibility in function","ruleId":"func-visibility","fix":null,"filePath":"Benchmarks/Study_SamplesSet/207a94d45ef3759b3c256f2eca789e8a.sol"},{"line":386,"column":37,"severity":"Warning","message":"Rule is set with explicit type [var/s: uint]","ruleId":"explicit-types","filePath":"Benchmarks/Study_SamplesSet/207a94d45ef3759b3c256f2eca789e8a.sol"},{"line":386,"column":47,"severity":"Warning","message":"Rule is set with explicit type [var/s: uint]","ruleId":"explicit-types","filePath":"Benchmarks/Study_SamplesSet/207a94d45ef3759b3c256f2eca789e8a.sol"},{"line":386,"column":47,"severity":"Warning","message":"Variable name must be in mixedCase","ruleId":"var-name-mixedcase","fix":null,"filePath":"Benchmarks/Study_SamplesSet/207a94d45ef3759b3c256f2eca789e8a.sol"},{"line":396,"column":5,"severity":"Error","message":"Explicitly mark visibility in function","ruleId":"func-visibility","fix":null,"filePath":"Benchmarks/Study_SamplesSet/207a94d45ef3759b3c256f2eca789e8a.sol"},{"line":396,"column":36,"severity":"Warning","message":"Rule is set with explicit type [var/s: uint]","ruleId":"explicit-types","filePath":"Benchmarks/Study_SamplesSet/207a94d45ef3759b3c256f2eca789e8a.sol"},{"line":396,"column":46,"severity":"Warning","message":"Rule is set with explicit type [var/s: uint]","ruleId":"explicit-types","filePath":"Benchmarks/Study_SamplesSet/207a94d45ef3759b3c256f2eca789e8a.sol"},{"line":396,"column":46,"severity":"Warning","message":"Variable name must be in mixedCase","ruleId":"var-name-mixedcase","fix":null,"filePath":"Benchmarks/Study_SamplesSet/207a94d45ef3759b3c256f2eca789e8a.sol"},{"line":405,"column":5,"severity":"Error","message":"Explicitly mark visibility in function","ruleId":"func-visibility","fix":null,"filePath":"Benchmarks/Study_SamplesSet/207a94d45ef3759b3c256f2eca789e8a.sol"},{"line":405,"column":47,"severity":"Warning","message":"Rule is set with explicit type [var/s: uint]","ruleId":"explicit-types","filePath":"Benchmarks/Study_SamplesSet/207a94d45ef3759b3c256f2eca789e8a.sol"},{"line":405,"column":57,"severity":"Warning","message":"Rule is set with explicit type [var/s: uint]","ruleId":"explicit-types","filePath":"Benchmarks/Study_SamplesSet/207a94d45ef3759b3c256f2eca789e8a.sol"},{"line":405,"column":57,"severity":"Warning","message":"Variable name must be in mixedCase","ruleId":"var-name-mixedcase","fix":null,"filePath":"Benchmarks/Study_SamplesSet/207a94d45ef3759b3c256f2eca789e8a.sol"},{"line":429,"column":5,"severity":"Error","message":"Explicitly mark visibility of state","ruleId":"state-visibility","fix":null,"filePath":"Benchmarks/Study_SamplesSet/207a94d45ef3759b3c256f2eca789e8a.sol"},{"line":432,"column":5,"severity":"Error","message":"Explicitly mark visibility of state","ruleId":"state-visibility","fix":null,"filePath":"Benchmarks/Study_SamplesSet/207a94d45ef3759b3c256f2eca789e8a.sol"},{"line":441,"column":5,"severity":"Warning","message":"Rule is set with explicit type [var/s: uint]","ruleId":"explicit-types","filePath":"Benchmarks/Study_SamplesSet/207a94d45ef3759b3c256f2eca789e8a.sol"},{"line":444,"column":5,"severity":"Error","message":"Explicitly mark visibility of state","ruleId":"state-visibility","fix":null,"filePath":"Benchmarks/Study_SamplesSet/207a94d45ef3759b3c256f2eca789e8a.sol"},{"line":447,"column":5,"severity":"Error","message":"Explicitly mark visibility of state","ruleId":"state-visibility","fix":null,"filePath":"Benchmarks/Study_SamplesSet/207a94d45ef3759b3c256f2eca789e8a.sol"},{"line":462,"column":5,"severity":"Error","message":"Explicitly mark visibility in function (Set ignoreConstructors to true if using solidity >=0.7.0)","ruleId":"func-visibility","fix":null,"filePath":"Benchmarks/Study_SamplesSet/207a94d45ef3759b3c256f2eca789e8a.sol"},{"line":465,"column":18,"severity":"Error","message":"Explicitly mark all external contracts as trusted or untrusted","ruleId":"mark-callable-contracts","filePath":"Benchmarks/Study_SamplesSet/207a94d45ef3759b3c256f2eca789e8a.sol"},{"line":466,"column":33,"severity":"Error","message":"Explicitly mark all external contracts as trusted or untrusted","ruleId":"mark-callable-contracts","filePath":"Benchmarks/Study_SamplesSet/207a94d45ef3759b3c256f2eca789e8a.sol"},{"line":471,"column":64,"severity":"Error","message":"\"throw\" is deprecated, avoid to use it","ruleId":"avoid-throw","filePath":"Benchmarks/Study_SamplesSet/207a94d45ef3759b3c256f2eca789e8a.sol"},{"line":477,"column":9,"severity":"Warning","message":"Provide an error message for require","ruleId":"reason-string","fix":null,"filePath":"Benchmarks/Study_SamplesSet/207a94d45ef3759b3c256f2eca789e8a.sol"},{"line":477,"column":9,"severity":"Warning","message":"Use Custom Errors instead of require statements","ruleId":"custom-errors","fix":null,"filePath":"Benchmarks/Study_SamplesSet/207a94d45ef3759b3c256f2eca789e8a.sol"},{"line":483,"column":5,"severity":"Error","message":"Explicitly mark visibility in function","ruleId":"func-visibility","fix":null,"filePath":"Benchmarks/Study_SamplesSet/207a94d45ef3759b3c256f2eca789e8a.sol"},{"line":487,"column":5,"severity":"Error","message":"Explicitly mark visibility in function","ruleId":"func-visibility","fix":null,"filePath":"Benchmarks/Study_SamplesSet/207a94d45ef3759b3c256f2eca789e8a.sol"},{"line":494,"column":5,"severity":"Error","message":"Explicitly mark visibility in function","ruleId":"func-visibility","fix":null,"filePath":"Benchmarks/Study_SamplesSet/207a94d45ef3759b3c256f2eca789e8a.sol"},{"line":499,"column":5,"severity":"Error","message":"Explicitly mark visibility in function","ruleId":"func-visibility","fix":null,"filePath":"Benchmarks/Study_SamplesSet/207a94d45ef3759b3c256f2eca789e8a.sol"},{"line":504,"column":5,"severity":"Error","message":"Explicitly mark visibility in function","ruleId":"func-visibility","fix":null,"filePath":"Benchmarks/Study_SamplesSet/207a94d45ef3759b3c256f2eca789e8a.sol"},{"line":509,"column":5,"severity":"Error","message":"Explicitly mark visibility in function","ruleId":"func-visibility","fix":null,"filePath":"Benchmarks/Study_SamplesSet/207a94d45ef3759b3c256f2eca789e8a.sol"},{"line":515,"column":5,"severity":"Error","message":"Explicitly mark visibility in function","ruleId":"func-visibility","fix":null,"filePath":"Benchmarks/Study_SamplesSet/207a94d45ef3759b3c256f2eca789e8a.sol"},{"line":517,"column":9,"severity":"Warning","message":"Provide an error message for require","ruleId":"reason-string","fix":null,"filePath":"Benchmarks/Study_SamplesSet/207a94d45ef3759b3c256f2eca789e8a.sol"},{"line":517,"column":9,"severity":"Warning","message":"Use Custom Errors instead of require statements","ruleId":"custom-errors","fix":null,"filePath":"Benchmarks/Study_SamplesSet/207a94d45ef3759b3c256f2eca789e8a.sol"},{"line":519,"column":9,"severity":"Warning","message":"Provide an error message for require","ruleId":"reason-string","fix":null,"filePath":"Benchmarks/Study_SamplesSet/207a94d45ef3759b3c256f2eca789e8a.sol"},{"line":519,"column":9,"severity":"Warning","message":"Use Custom Errors instead of require statements","ruleId":"custom-errors","fix":null,"filePath":"Benchmarks/Study_SamplesSet/207a94d45ef3759b3c256f2eca789e8a.sol"},{"line":527,"column":27,"severity":"Error","message":"Avoid making time-based decisions in your business logic","ruleId":"not-rely-on-time","fix":null,"filePath":"Benchmarks/Study_SamplesSet/207a94d45ef3759b3c256f2eca789e8a.sol"},{"line":528,"column":40,"severity":"Error","message":"Explicitly mark all external contracts as trusted or untrusted","ruleId":"mark-callable-contracts","filePath":"Benchmarks/Study_SamplesSet/207a94d45ef3759b3c256f2eca789e8a.sol"},{"line":532,"column":5,"severity":"Error","message":"Explicitly mark visibility in function","ruleId":"func-visibility","fix":null,"filePath":"Benchmarks/Study_SamplesSet/207a94d45ef3759b3c256f2eca789e8a.sol"},{"line":537,"column":5,"severity":"Error","message":"Explicitly mark visibility in function","ruleId":"func-visibility","fix":null,"filePath":"Benchmarks/Study_SamplesSet/207a94d45ef3759b3c256f2eca789e8a.sol"},{"line":537,"column":29,"severity":"Warning","message":"Rule is set with explicit type [var/s: uint]","ruleId":"explicit-types","filePath":"Benchmarks/Study_SamplesSet/207a94d45ef3759b3c256f2eca789e8a.sol"},{"line":541,"column":13,"severity":"Error","message":"\"throw\" is deprecated, avoid to use it","ruleId":"avoid-throw","filePath":"Benchmarks/Study_SamplesSet/207a94d45ef3759b3c256f2eca789e8a.sol"},{"line":544,"column":30,"severity":"Error","message":"Avoid making time-based decisions in your business logic","ruleId":"not-rely-on-time","fix":null,"filePath":"Benchmarks/Study_SamplesSet/207a94d45ef3759b3c256f2eca789e8a.sol"},{"line":545,"column":9,"severity":"Error","message":"Explicitly mark all external contracts as trusted or untrusted","ruleId":"mark-callable-contracts","filePath":"Benchmarks/Study_SamplesSet/207a94d45ef3759b3c256f2eca789e8a.sol"},{"line":545,"column":42,"severity":"Error","message":"Avoid making time-based decisions in your business logic","ruleId":"not-rely-on-time","fix":null,"filePath":"Benchmarks/Study_SamplesSet/207a94d45ef3759b3c256f2eca789e8a.sol"},{"line":549,"column":5,"severity":"Error","message":"Explicitly mark visibility in function","ruleId":"func-visibility","fix":null,"filePath":"Benchmarks/Study_SamplesSet/207a94d45ef3759b3c256f2eca789e8a.sol"},{"line":549,"column":32,"severity":"Warning","message":"Rule is set with explicit type [var/s: uint]","ruleId":"explicit-types","filePath":"Benchmarks/Study_SamplesSet/207a94d45ef3759b3c256f2eca789e8a.sol"},{"line":553,"column":13,"severity":"Error","message":"\"throw\" is deprecated, avoid to use it","ruleId":"avoid-throw","filePath":"Benchmarks/Study_SamplesSet/207a94d45ef3759b3c256f2eca789e8a.sol"},{"line":557,"column":9,"severity":"Error","message":"Explicitly mark all external contracts as trusted or untrusted","ruleId":"mark-callable-contracts","filePath":"Benchmarks/Study_SamplesSet/207a94d45ef3759b3c256f2eca789e8a.sol"},{"line":557,"column":44,"severity":"Error","message":"Avoid making time-based decisions in your business logic","ruleId":"not-rely-on-time","fix":null,"filePath":"Benchmarks/Study_SamplesSet/207a94d45ef3759b3c256f2eca789e8a.sol"},{"line":561,"column":5,"severity":"Error","message":"Explicitly mark visibility in function","ruleId":"func-visibility","fix":null,"filePath":"Benchmarks/Study_SamplesSet/207a94d45ef3759b3c256f2eca789e8a.sol"},{"line":565,"column":13,"severity":"Error","message":"\"throw\" is deprecated, avoid to use it","ruleId":"avoid-throw","filePath":"Benchmarks/Study_SamplesSet/207a94d45ef3759b3c256f2eca789e8a.sol"},{"line":568,"column":38,"severity":"Error","message":"Avoid making time-based decisions in your business logic","ruleId":"not-rely-on-time","fix":null,"filePath":"Benchmarks/Study_SamplesSet/207a94d45ef3759b3c256f2eca789e8a.sol"},{"line":570,"column":9,"severity":"Error","message":"Explicitly mark all external contracts as trusted or untrusted","ruleId":"mark-callable-contracts","filePath":"Benchmarks/Study_SamplesSet/207a94d45ef3759b3c256f2eca789e8a.sol"},{"line":570,"column":50,"severity":"Error","message":"Avoid making time-based decisions in your business logic","ruleId":"not-rely-on-time","fix":null,"filePath":"Benchmarks/Study_SamplesSet/207a94d45ef3759b3c256f2eca789e8a.sol"},{"line":574,"column":5,"severity":"Error","message":"Explicitly mark visibility in function","ruleId":"func-visibility","fix":null,"filePath":"Benchmarks/Study_SamplesSet/207a94d45ef3759b3c256f2eca789e8a.sol"},{"line":578,"column":13,"severity":"Error","message":"\"throw\" is deprecated, avoid to use it","ruleId":"avoid-throw","filePath":"Benchmarks/Study_SamplesSet/207a94d45ef3759b3c256f2eca789e8a.sol"},{"line":583,"column":9,"severity":"Error","message":"Explicitly mark all external contracts as trusted or untrusted","ruleId":"mark-callable-contracts","filePath":"Benchmarks/Study_SamplesSet/207a94d45ef3759b3c256f2eca789e8a.sol"},{"line":583,"column":52,"severity":"Error","message":"Avoid making time-based decisions in your business logic","ruleId":"not-rely-on-time","fix":null,"filePath":"Benchmarks/Study_SamplesSet/207a94d45ef3759b3c256f2eca789e8a.sol"},{"line":587,"column":5,"severity":"Error","message":"Explicitly mark visibility in function","ruleId":"func-visibility","fix":null,"filePath":"Benchmarks/Study_SamplesSet/207a94d45ef3759b3c256f2eca789e8a.sol"},{"line":587,"column":36,"severity":"Warning","message":"Rule is set with explicit type [var/s: uint]","ruleId":"explicit-types","filePath":"Benchmarks/Study_SamplesSet/207a94d45ef3759b3c256f2eca789e8a.sol"},{"line":600,"column":5,"severity":"Error","message":"Explicitly mark visibility of state","ruleId":"state-visibility","fix":null,"filePath":"Benchmarks/Study_SamplesSet/207a94d45ef3759b3c256f2eca789e8a.sol"},{"line":603,"column":5,"severity":"Error","message":"Explicitly mark visibility of state","ruleId":"state-visibility","fix":null,"filePath":"Benchmarks/Study_SamplesSet/207a94d45ef3759b3c256f2eca789e8a.sol"},{"line":615,"column":5,"severity":"Error","message":"Explicitly mark visibility of state","ruleId":"state-visibility","fix":null,"filePath":"Benchmarks/Study_SamplesSet/207a94d45ef3759b3c256f2eca789e8a.sol"},{"line":621,"column":5,"severity":"Error","message":"Explicitly mark visibility of state","ruleId":"state-visibility","fix":null,"filePath":"Benchmarks/Study_SamplesSet/207a94d45ef3759b3c256f2eca789e8a.sol"},{"line":624,"column":5,"severity":"Error","message":"Explicitly mark visibility of state","ruleId":"state-visibility","fix":null,"filePath":"Benchmarks/Study_SamplesSet/207a94d45ef3759b3c256f2eca789e8a.sol"},{"line":629,"column":5,"severity":"Error","message":"Explicitly mark visibility in function","ruleId":"func-visibility","fix":null,"filePath":"Benchmarks/Study_SamplesSet/207a94d45ef3759b3c256f2eca789e8a.sol"},{"line":637,"column":62,"severity":"Error","message":"Avoid making time-based decisions in your business logic","ruleId":"not-rely-on-time","fix":null,"filePath":"Benchmarks/Study_SamplesSet/207a94d45ef3759b3c256f2eca789e8a.sol"},{"line":656,"column":5,"severity":"Error","message":"Explicitly mark visibility in function (Set ignoreConstructors to true if using solidity >=0.7.0)","ruleId":"func-visibility","fix":null,"filePath":"Benchmarks/Study_SamplesSet/207a94d45ef3759b3c256f2eca789e8a.sol"},{"line":663,"column":33,"severity":"Error","message":"Explicitly mark all external contracts as trusted or untrusted","ruleId":"mark-callable-contracts","filePath":"Benchmarks/Study_SamplesSet/207a94d45ef3759b3c256f2eca789e8a.sol"},{"line":666,"column":30,"severity":"Warning","message":"Rule is set with explicit type [var/s: uint]","ruleId":"explicit-types","filePath":"Benchmarks/Study_SamplesSet/207a94d45ef3759b3c256f2eca789e8a.sol"},{"line":673,"column":72,"severity":"Error","message":"\"throw\" is deprecated, avoid to use it","ruleId":"avoid-throw","filePath":"Benchmarks/Study_SamplesSet/207a94d45ef3759b3c256f2eca789e8a.sol"},{"line":679,"column":64,"severity":"Error","message":"\"throw\" is deprecated, avoid to use it","ruleId":"avoid-throw","filePath":"Benchmarks/Study_SamplesSet/207a94d45ef3759b3c256f2eca789e8a.sol"},{"line":683,"column":5,"severity":"Error","message":"Explicitly mark visibility in function","ruleId":"func-visibility","fix":null,"filePath":"Benchmarks/Study_SamplesSet/207a94d45ef3759b3c256f2eca789e8a.sol"},{"line":684,"column":25,"severity":"Error","message":"Explicitly mark all external contracts as trusted or untrusted","ruleId":"mark-callable-contracts","filePath":"Benchmarks/Study_SamplesSet/207a94d45ef3759b3c256f2eca789e8a.sol"},{"line":687,"column":5,"severity":"Error","message":"Explicitly mark visibility in function","ruleId":"func-visibility","fix":null,"filePath":"Benchmarks/Study_SamplesSet/207a94d45ef3759b3c256f2eca789e8a.sol"},{"line":692,"column":5,"severity":"Error","message":"Explicitly mark visibility in function","ruleId":"func-visibility","fix":null,"filePath":"Benchmarks/Study_SamplesSet/207a94d45ef3759b3c256f2eca789e8a.sol"},{"line":703,"column":13,"severity":"Error","message":"Explicitly mark all external contracts as trusted or untrusted","ruleId":"mark-callable-contracts","filePath":"Benchmarks/Study_SamplesSet/207a94d45ef3759b3c256f2eca789e8a.sol"},{"line":710,"column":5,"severity":"Error","message":"Explicitly mark visibility in function","ruleId":"func-visibility","fix":null,"filePath":"Benchmarks/Study_SamplesSet/207a94d45ef3759b3c256f2eca789e8a.sol"},{"line":715,"column":5,"severity":"Error","message":"Explicitly mark visibility in function","ruleId":"func-visibility","fix":null,"filePath":"Benchmarks/Study_SamplesSet/207a94d45ef3759b3c256f2eca789e8a.sol"},{"line":720,"column":5,"severity":"Error","message":"Explicitly mark visibility in function","ruleId":"func-visibility","fix":null,"filePath":"Benchmarks/Study_SamplesSet/207a94d45ef3759b3c256f2eca789e8a.sol"},{"line":722,"column":9,"severity":"Error","message":"Explicitly mark all external contracts as trusted or untrusted","ruleId":"mark-callable-contracts","filePath":"Benchmarks/Study_SamplesSet/207a94d45ef3759b3c256f2eca789e8a.sol"},{"line":727,"column":5,"severity":"Error","message":"Explicitly mark visibility in function","ruleId":"func-visibility","fix":null,"filePath":"Benchmarks/Study_SamplesSet/207a94d45ef3759b3c256f2eca789e8a.sol"},{"line":732,"column":5,"severity":"Error","message":"Explicitly mark visibility in function","ruleId":"func-visibility","fix":null,"filePath":"Benchmarks/Study_SamplesSet/207a94d45ef3759b3c256f2eca789e8a.sol"},{"line":737,"column":5,"severity":"Error","message":"Explicitly mark visibility in function","ruleId":"func-visibility","fix":null,"filePath":"Benchmarks/Study_SamplesSet/207a94d45ef3759b3c256f2eca789e8a.sol"},{"line":742,"column":5,"severity":"Error","message":"Explicitly mark visibility in function","ruleId":"func-visibility","fix":null,"filePath":"Benchmarks/Study_SamplesSet/207a94d45ef3759b3c256f2eca789e8a.sol"},{"line":762,"column":9,"severity":"Error","message":"Explicitly mark all external contracts as trusted or untrusted","ruleId":"mark-callable-contracts","filePath":"Benchmarks/Study_SamplesSet/207a94d45ef3759b3c256f2eca789e8a.sol"},{"line":805,"column":5,"severity":"Error","message":"Explicitly mark visibility in function","ruleId":"func-visibility","fix":null,"filePath":"Benchmarks/Study_SamplesSet/207a94d45ef3759b3c256f2eca789e8a.sol"},{"line":809,"column":13,"severity":"Error","message":"\"throw\" is deprecated, avoid to use it","ruleId":"avoid-throw","filePath":"Benchmarks/Study_SamplesSet/207a94d45ef3759b3c256f2eca789e8a.sol"},{"line":820,"column":9,"severity":"Error","message":"Explicitly mark all external contracts as trusted or untrusted","ruleId":"mark-callable-contracts","filePath":"Benchmarks/Study_SamplesSet/207a94d45ef3759b3c256f2eca789e8a.sol"},{"line":824,"column":5,"severity":"Error","message":"Explicitly mark visibility in function","ruleId":"func-visibility","fix":null,"filePath":"Benchmarks/Study_SamplesSet/207a94d45ef3759b3c256f2eca789e8a.sol"},{"line":828,"column":13,"severity":"Error","message":"\"throw\" is deprecated, avoid to use it","ruleId":"avoid-throw","filePath":"Benchmarks/Study_SamplesSet/207a94d45ef3759b3c256f2eca789e8a.sol"},{"line":862,"column":5,"severity":"Error","message":"Explicitly mark visibility of state","ruleId":"state-visibility","fix":null,"filePath":"Benchmarks/Study_SamplesSet/207a94d45ef3759b3c256f2eca789e8a.sol"},{"line":865,"column":5,"severity":"Error","message":"Explicitly mark visibility of state","ruleId":"state-visibility","fix":null,"filePath":"Benchmarks/Study_SamplesSet/207a94d45ef3759b3c256f2eca789e8a.sol"},{"line":897,"column":52,"severity":"Error","message":"\"throw\" is deprecated, avoid to use it","ruleId":"avoid-throw","filePath":"Benchmarks/Study_SamplesSet/207a94d45ef3759b3c256f2eca789e8a.sol"},{"line":903,"column":64,"severity":"Error","message":"\"throw\" is deprecated, avoid to use it","ruleId":"avoid-throw","filePath":"Benchmarks/Study_SamplesSet/207a94d45ef3759b3c256f2eca789e8a.sol"},{"line":908,"column":5,"severity":"Error","message":"Explicitly mark visibility in function (Set ignoreConstructors to true if using solidity >=0.7.0)","ruleId":"func-visibility","fix":null,"filePath":"Benchmarks/Study_SamplesSet/207a94d45ef3759b3c256f2eca789e8a.sol"},{"line":911,"column":33,"severity":"Error","message":"Explicitly mark all external contracts as trusted or untrusted","ruleId":"mark-callable-contracts","filePath":"Benchmarks/Study_SamplesSet/207a94d45ef3759b3c256f2eca789e8a.sol"},{"line":916,"column":5,"severity":"Error","message":"Explicitly mark visibility in function","ruleId":"func-visibility","fix":null,"filePath":"Benchmarks/Study_SamplesSet/207a94d45ef3759b3c256f2eca789e8a.sol"},{"line":919,"column":13,"severity":"Error","message":"\"throw\" is deprecated, avoid to use it","ruleId":"avoid-throw","filePath":"Benchmarks/Study_SamplesSet/207a94d45ef3759b3c256f2eca789e8a.sol"},{"line":922,"column":17,"severity":"Error","message":"Explicitly mark all external contracts as trusted or untrusted","ruleId":"mark-callable-contracts","filePath":"Benchmarks/Study_SamplesSet/207a94d45ef3759b3c256f2eca789e8a.sol"},{"line":928,"column":5,"severity":"Error","message":"Explicitly mark visibility in function","ruleId":"func-visibility","fix":null,"filePath":"Benchmarks/Study_SamplesSet/207a94d45ef3759b3c256f2eca789e8a.sol"},{"line":932,"column":13,"severity":"Error","message":"\"throw\" is deprecated, avoid to use it","ruleId":"avoid-throw","filePath":"Benchmarks/Study_SamplesSet/207a94d45ef3759b3c256f2eca789e8a.sol"},{"line":934,"column":28,"severity":"Warning","message":"Variable \"outputAddress1\" is unused","ruleId":"no-unused-vars","fix":null,"filePath":"Benchmarks/Study_SamplesSet/207a94d45ef3759b3c256f2eca789e8a.sol"},{"line":934,"column":44,"severity":"Warning","message":"Variable \"outputValue2\" is unused","ruleId":"no-unused-vars","fix":null,"filePath":"Benchmarks/Study_SamplesSet/207a94d45ef3759b3c256f2eca789e8a.sol"},{"line":934,"column":58,"severity":"Warning","message":"Variable \"outputAddress2\" is unused","ruleId":"no-unused-vars","fix":null,"filePath":"Benchmarks/Study_SamplesSet/207a94d45ef3759b3c256f2eca789e8a.sol"},{"line":938,"column":13,"severity":"Warning","message":"Provide an error message for require","ruleId":"reason-string","fix":null,"filePath":"Benchmarks/Study_SamplesSet/207a94d45ef3759b3c256f2eca789e8a.sol"},{"line":938,"column":13,"severity":"Warning","message":"Use Custom Errors instead of require statements","ruleId":"custom-errors","fix":null,"filePath":"Benchmarks/Study_SamplesSet/207a94d45ef3759b3c256f2eca789e8a.sol"},{"line":950,"column":13,"severity":"Error","message":"\"throw\" is deprecated, avoid to use it","ruleId":"avoid-throw","filePath":"Benchmarks/Study_SamplesSet/207a94d45ef3759b3c256f2eca789e8a.sol"},{"line":954,"column":5,"severity":"Error","message":"Explicitly mark visibility in function","ruleId":"func-visibility","fix":null,"filePath":"Benchmarks/Study_SamplesSet/207a94d45ef3759b3c256f2eca789e8a.sol"},{"line":959,"column":5,"severity":"Error","message":"Explicitly mark visibility in function","ruleId":"func-visibility","fix":null,"filePath":"Benchmarks/Study_SamplesSet/207a94d45ef3759b3c256f2eca789e8a.sol"},{"line":966,"column":5,"severity":"Error","message":"Explicitly mark visibility in function","ruleId":"func-visibility","fix":null,"filePath":"Benchmarks/Study_SamplesSet/207a94d45ef3759b3c256f2eca789e8a.sol"},{"line":968,"column":9,"severity":"Warning","message":"Provide an error message for require","ruleId":"reason-string","fix":null,"filePath":"Benchmarks/Study_SamplesSet/207a94d45ef3759b3c256f2eca789e8a.sol"},{"line":968,"column":9,"severity":"Warning","message":"Use Custom Errors instead of require statements","ruleId":"custom-errors","fix":null,"filePath":"Benchmarks/Study_SamplesSet/207a94d45ef3759b3c256f2eca789e8a.sol"},{"line":969,"column":9,"severity":"Warning","message":"Provide an error message for require","ruleId":"reason-string","fix":null,"filePath":"Benchmarks/Study_SamplesSet/207a94d45ef3759b3c256f2eca789e8a.sol"},{"line":969,"column":9,"severity":"Warning","message":"Use Custom Errors instead of require statements","ruleId":"custom-errors","fix":null,"filePath":"Benchmarks/Study_SamplesSet/207a94d45ef3759b3c256f2eca789e8a.sol"},{"line":990,"column":5,"severity":"Error","message":"Explicitly mark visibility in function","ruleId":"func-visibility","fix":null,"filePath":"Benchmarks/Study_SamplesSet/207a94d45ef3759b3c256f2eca789e8a.sol"},{"line":995,"column":9,"severity":"Error","message":"Explicitly mark all external contracts as trusted or untrusted","ruleId":"mark-callable-contracts","filePath":"Benchmarks/Study_SamplesSet/207a94d45ef3759b3c256f2eca789e8a.sol"},{"line":995,"column":47,"severity":"Error","message":"Avoid making time-based decisions in your business logic","ruleId":"not-rely-on-time","fix":null,"filePath":"Benchmarks/Study_SamplesSet/207a94d45ef3759b3c256f2eca789e8a.sol"},{"line":999,"column":5,"severity":"Error","message":"Explicitly mark visibility in function","ruleId":"func-visibility","fix":null,"filePath":"Benchmarks/Study_SamplesSet/207a94d45ef3759b3c256f2eca789e8a.sol"},{"line":1004,"column":9,"severity":"Error","message":"Explicitly mark all external contracts as trusted or untrusted","ruleId":"mark-callable-contracts","filePath":"Benchmarks/Study_SamplesSet/207a94d45ef3759b3c256f2eca789e8a.sol"},{"line":1004,"column":45,"severity":"Error","message":"Avoid making time-based decisions in your business logic","ruleId":"not-rely-on-time","fix":null,"filePath":"Benchmarks/Study_SamplesSet/207a94d45ef3759b3c256f2eca789e8a.sol"},{"line":1008,"column":5,"severity":"Error","message":"Explicitly mark visibility in function","ruleId":"func-visibility","fix":null,"filePath":"Benchmarks/Study_SamplesSet/207a94d45ef3759b3c256f2eca789e8a.sol"},{"line":1013,"column":9,"severity":"Error","message":"Explicitly mark all external contracts as trusted or untrusted","ruleId":"mark-callable-contracts","filePath":"Benchmarks/Study_SamplesSet/207a94d45ef3759b3c256f2eca789e8a.sol"},{"line":1013,"column":50,"severity":"Error","message":"Avoid making time-based decisions in your business logic","ruleId":"not-rely-on-time","fix":null,"filePath":"Benchmarks/Study_SamplesSet/207a94d45ef3759b3c256f2eca789e8a.sol"},{"line":1017,"column":5,"severity":"Error","message":"Explicitly mark visibility in function","ruleId":"func-visibility","fix":null,"filePath":"Benchmarks/Study_SamplesSet/207a94d45ef3759b3c256f2eca789e8a.sol"},{"line":1022,"column":9,"severity":"Error","message":"Explicitly mark all external contracts as trusted or untrusted","ruleId":"mark-callable-contracts","filePath":"Benchmarks/Study_SamplesSet/207a94d45ef3759b3c256f2eca789e8a.sol"},{"line":1022,"column":49,"severity":"Error","message":"Avoid making time-based decisions in your business logic","ruleId":"not-rely-on-time","fix":null,"filePath":"Benchmarks/Study_SamplesSet/207a94d45ef3759b3c256f2eca789e8a.sol"},{"line":1026,"column":5,"severity":"Error","message":"Explicitly mark visibility in function","ruleId":"func-visibility","fix":null,"filePath":"Benchmarks/Study_SamplesSet/207a94d45ef3759b3c256f2eca789e8a.sol"},{"line":1030,"column":9,"severity":"Error","message":"Explicitly mark all external contracts as trusted or untrusted","ruleId":"mark-callable-contracts","filePath":"Benchmarks/Study_SamplesSet/207a94d45ef3759b3c256f2eca789e8a.sol"},{"line":1034,"column":13,"severity":"Error","message":"\"throw\" is deprecated, avoid to use it","ruleId":"avoid-throw","filePath":"Benchmarks/Study_SamplesSet/207a94d45ef3759b3c256f2eca789e8a.sol"},{"line":1038,"column":5,"severity":"Error","message":"Explicitly mark visibility in function","ruleId":"func-visibility","fix":null,"filePath":"Benchmarks/Study_SamplesSet/207a94d45ef3759b3c256f2eca789e8a.sol"},{"line":1040,"column":9,"severity":"Error","message":"Explicitly mark all external contracts as trusted or untrusted","ruleId":"mark-callable-contracts","filePath":"Benchmarks/Study_SamplesSet/207a94d45ef3759b3c256f2eca789e8a.sol"},{"conclusion":"241 problem/s (149 error/s, 92 warning/s)"}]
