[{"line":5,"column":1,"severity":"Warning","message":"Found more than One contract per file. 2 contracts found!","ruleId":"one-contract-per-file","fix":null,"filePath":"Benchmarks/Study_SamplesSet/22ac04e7328e9ef0e4eef6cb20f7ce20.sol"},{"line":5,"column":1,"severity":"Error","message":"Compiler version >=0.4.22 <0.6.0 does not satisfy the ^0.8.0 semver requirement","ruleId":"compiler-version","fix":null,"filePath":"Benchmarks/Study_SamplesSet/22ac04e7328e9ef0e4eef6cb20f7ce20.sol"},{"line":22,"column":1,"severity":"Warning","message":"Function name must be in mixedCase","ruleId":"func-name-mixedcase","fix":null,"filePath":"Benchmarks/Study_SamplesSet/22ac04e7328e9ef0e4eef6cb20f7ce20.sol"},{"line":22,"column":37,"severity":"Warning","message":"Visibility modifier must be first in list of modifiers","ruleId":"visibility-modifier-order","fix":null,"filePath":"Benchmarks/Study_SamplesSet/22ac04e7328e9ef0e4eef6cb20f7ce20.sol"},{"line":30,"column":1,"severity":"Warning","message":"Function name must be in mixedCase","ruleId":"func-name-mixedcase","fix":null,"filePath":"Benchmarks/Study_SamplesSet/22ac04e7328e9ef0e4eef6cb20f7ce20.sol"},{"line":30,"column":37,"severity":"Warning","message":"Visibility modifier must be first in list of modifiers","ruleId":"visibility-modifier-order","fix":null,"filePath":"Benchmarks/Study_SamplesSet/22ac04e7328e9ef0e4eef6cb20f7ce20.sol"},{"line":39,"column":1,"severity":"Warning","message":"Function name must be in mixedCase","ruleId":"func-name-mixedcase","fix":null,"filePath":"Benchmarks/Study_SamplesSet/22ac04e7328e9ef0e4eef6cb20f7ce20.sol"},{"line":39,"column":37,"severity":"Warning","message":"Visibility modifier must be first in list of modifiers","ruleId":"visibility-modifier-order","fix":null,"filePath":"Benchmarks/Study_SamplesSet/22ac04e7328e9ef0e4eef6cb20f7ce20.sol"},{"line":47,"column":1,"severity":"Warning","message":"Function name must be in mixedCase","ruleId":"func-name-mixedcase","fix":null,"filePath":"Benchmarks/Study_SamplesSet/22ac04e7328e9ef0e4eef6cb20f7ce20.sol"},{"line":47,"column":37,"severity":"Warning","message":"Visibility modifier must be first in list of modifiers","ruleId":"visibility-modifier-order","fix":null,"filePath":"Benchmarks/Study_SamplesSet/22ac04e7328e9ef0e4eef6cb20f7ce20.sol"},{"line":54,"column":1,"severity":"Warning","message":"Function name must be in mixedCase","ruleId":"func-name-mixedcase","fix":null,"filePath":"Benchmarks/Study_SamplesSet/22ac04e7328e9ef0e4eef6cb20f7ce20.sol"},{"line":54,"column":36,"severity":"Warning","message":"Visibility modifier must be first in list of modifiers","ruleId":"visibility-modifier-order","fix":null,"filePath":"Benchmarks/Study_SamplesSet/22ac04e7328e9ef0e4eef6cb20f7ce20.sol"},{"line":58,"column":3,"severity":"Warning","message":"Function name must be in mixedCase","ruleId":"func-name-mixedcase","fix":null,"filePath":"Benchmarks/Study_SamplesSet/22ac04e7328e9ef0e4eef6cb20f7ce20.sol"},{"line":58,"column":39,"severity":"Warning","message":"Visibility modifier must be first in list of modifiers","ruleId":"visibility-modifier-order","fix":null,"filePath":"Benchmarks/Study_SamplesSet/22ac04e7328e9ef0e4eef6cb20f7ce20.sol"},{"line":61,"column":3,"severity":"Warning","message":"Function name must be in mixedCase","ruleId":"func-name-mixedcase","fix":null,"filePath":"Benchmarks/Study_SamplesSet/22ac04e7328e9ef0e4eef6cb20f7ce20.sol"},{"line":61,"column":39,"severity":"Warning","message":"Visibility modifier must be first in list of modifiers","ruleId":"visibility-modifier-order","fix":null,"filePath":"Benchmarks/Study_SamplesSet/22ac04e7328e9ef0e4eef6cb20f7ce20.sol"},{"line":68,"column":3,"severity":"Warning","message":"Function name must be in mixedCase","ruleId":"func-name-mixedcase","fix":null,"filePath":"Benchmarks/Study_SamplesSet/22ac04e7328e9ef0e4eef6cb20f7ce20.sol"},{"line":68,"column":38,"severity":"Warning","message":"Visibility modifier must be first in list of modifiers","ruleId":"visibility-modifier-order","fix":null,"filePath":"Benchmarks/Study_SamplesSet/22ac04e7328e9ef0e4eef6cb20f7ce20.sol"},{"line":71,"column":3,"severity":"Warning","message":"Function name must be in mixedCase","ruleId":"func-name-mixedcase","fix":null,"filePath":"Benchmarks/Study_SamplesSet/22ac04e7328e9ef0e4eef6cb20f7ce20.sol"},{"line":71,"column":39,"severity":"Warning","message":"Visibility modifier must be first in list of modifiers","ruleId":"visibility-modifier-order","fix":null,"filePath":"Benchmarks/Study_SamplesSet/22ac04e7328e9ef0e4eef6cb20f7ce20.sol"},{"line":80,"column":3,"severity":"Warning","message":"Function name must be in mixedCase","ruleId":"func-name-mixedcase","fix":null,"filePath":"Benchmarks/Study_SamplesSet/22ac04e7328e9ef0e4eef6cb20f7ce20.sol"},{"line":80,"column":38,"severity":"Warning","message":"Visibility modifier must be first in list of modifiers","ruleId":"visibility-modifier-order","fix":null,"filePath":"Benchmarks/Study_SamplesSet/22ac04e7328e9ef0e4eef6cb20f7ce20.sol"},{"line":83,"column":3,"severity":"Warning","message":"Function name must be in mixedCase","ruleId":"func-name-mixedcase","fix":null,"filePath":"Benchmarks/Study_SamplesSet/22ac04e7328e9ef0e4eef6cb20f7ce20.sol"},{"line":83,"column":38,"severity":"Warning","message":"Visibility modifier must be first in list of modifiers","ruleId":"visibility-modifier-order","fix":null,"filePath":"Benchmarks/Study_SamplesSet/22ac04e7328e9ef0e4eef6cb20f7ce20.sol"},{"line":86,"column":3,"severity":"Warning","message":"Function name must be in mixedCase","ruleId":"func-name-mixedcase","fix":null,"filePath":"Benchmarks/Study_SamplesSet/22ac04e7328e9ef0e4eef6cb20f7ce20.sol"},{"line":86,"column":39,"severity":"Warning","message":"Visibility modifier must be first in list of modifiers","ruleId":"visibility-modifier-order","fix":null,"filePath":"Benchmarks/Study_SamplesSet/22ac04e7328e9ef0e4eef6cb20f7ce20.sol"},{"line":97,"column":1,"severity":"Warning","message":"Function name must be in mixedCase","ruleId":"func-name-mixedcase","fix":null,"filePath":"Benchmarks/Study_SamplesSet/22ac04e7328e9ef0e4eef6cb20f7ce20.sol"},{"line":97,"column":36,"severity":"Warning","message":"Visibility modifier must be first in list of modifiers","ruleId":"visibility-modifier-order","fix":null,"filePath":"Benchmarks/Study_SamplesSet/22ac04e7328e9ef0e4eef6cb20f7ce20.sol"},{"line":101,"column":9,"severity":"Warning","message":"Provide an error message for require","ruleId":"reason-string","fix":null,"filePath":"Benchmarks/Study_SamplesSet/22ac04e7328e9ef0e4eef6cb20f7ce20.sol"},{"line":101,"column":9,"severity":"Warning","message":"Use Custom Errors instead of require statements","ruleId":"custom-errors","fix":null,"filePath":"Benchmarks/Study_SamplesSet/22ac04e7328e9ef0e4eef6cb20f7ce20.sol"},{"line":107,"column":1,"severity":"Warning","message":"Function name must be in mixedCase","ruleId":"func-name-mixedcase","fix":null,"filePath":"Benchmarks/Study_SamplesSet/22ac04e7328e9ef0e4eef6cb20f7ce20.sol"},{"line":107,"column":37,"severity":"Warning","message":"Visibility modifier must be first in list of modifiers","ruleId":"visibility-modifier-order","fix":null,"filePath":"Benchmarks/Study_SamplesSet/22ac04e7328e9ef0e4eef6cb20f7ce20.sol"},{"line":112,"column":9,"severity":"Warning","message":"Provide an error message for require","ruleId":"reason-string","fix":null,"filePath":"Benchmarks/Study_SamplesSet/22ac04e7328e9ef0e4eef6cb20f7ce20.sol"},{"line":112,"column":9,"severity":"Warning","message":"Use Custom Errors instead of require statements","ruleId":"custom-errors","fix":null,"filePath":"Benchmarks/Study_SamplesSet/22ac04e7328e9ef0e4eef6cb20f7ce20.sol"},{"line":121,"column":1,"severity":"Warning","message":"Function name must be in mixedCase","ruleId":"func-name-mixedcase","fix":null,"filePath":"Benchmarks/Study_SamplesSet/22ac04e7328e9ef0e4eef6cb20f7ce20.sol"},{"line":121,"column":37,"severity":"Warning","message":"Visibility modifier must be first in list of modifiers","ruleId":"visibility-modifier-order","fix":null,"filePath":"Benchmarks/Study_SamplesSet/22ac04e7328e9ef0e4eef6cb20f7ce20.sol"},{"line":127,"column":1,"severity":"Warning","message":"Function name must be in mixedCase","ruleId":"func-name-mixedcase","fix":null,"filePath":"Benchmarks/Study_SamplesSet/22ac04e7328e9ef0e4eef6cb20f7ce20.sol"},{"line":127,"column":37,"severity":"Warning","message":"Visibility modifier must be first in list of modifiers","ruleId":"visibility-modifier-order","fix":null,"filePath":"Benchmarks/Study_SamplesSet/22ac04e7328e9ef0e4eef6cb20f7ce20.sol"},{"line":135,"column":1,"severity":"Warning","message":"Function name must be in mixedCase","ruleId":"func-name-mixedcase","fix":null,"filePath":"Benchmarks/Study_SamplesSet/22ac04e7328e9ef0e4eef6cb20f7ce20.sol"},{"line":135,"column":36,"severity":"Warning","message":"Visibility modifier must be first in list of modifiers","ruleId":"visibility-modifier-order","fix":null,"filePath":"Benchmarks/Study_SamplesSet/22ac04e7328e9ef0e4eef6cb20f7ce20.sol"},{"line":141,"column":1,"severity":"Warning","message":"Function name must be in mixedCase","ruleId":"func-name-mixedcase","fix":null,"filePath":"Benchmarks/Study_SamplesSet/22ac04e7328e9ef0e4eef6cb20f7ce20.sol"},{"line":141,"column":37,"severity":"Warning","message":"Visibility modifier must be first in list of modifiers","ruleId":"visibility-modifier-order","fix":null,"filePath":"Benchmarks/Study_SamplesSet/22ac04e7328e9ef0e4eef6cb20f7ce20.sol"},{"conclusion":"42 problem/s (1 error/s, 41 warning/s)"}]
