[{"line":7,"column":1,"severity":"Error","message":"Compiler version ^0.4.22 does not satisfy the ^0.8.0 semver requirement","ruleId":"compiler-version","fix":null,"filePath":"Benchmarks/Study_SamplesSet/22fc1f0341e063e69a7757e8ce96d153.sol"},{"line":10,"column":5,"severity":"Warning","message":"Constant name must be in capitalized SNAKE_CASE","ruleId":"const-name-snakecase","fix":null,"filePath":"Benchmarks/Study_SamplesSet/22fc1f0341e063e69a7757e8ce96d153.sol"},{"line":12,"column":34,"severity":"Warning","message":"Code contains empty blocks","ruleId":"no-empty-blocks","fix":null,"filePath":"Benchmarks/Study_SamplesSet/22fc1f0341e063e69a7757e8ce96d153.sol"},{"line":17,"column":9,"severity":"Warning","message":"Provide an error message for require","ruleId":"reason-string","fix":null,"filePath":"Benchmarks/Study_SamplesSet/22fc1f0341e063e69a7757e8ce96d153.sol"},{"line":17,"column":9,"severity":"Warning","message":"Use Custom Errors instead of require statements","ruleId":"custom-errors","fix":null,"filePath":"Benchmarks/Study_SamplesSet/22fc1f0341e063e69a7757e8ce96d153.sol"},{"line":17,"column":25,"severity":"Error","message":"Use \"keccak256\" instead of deprecated \"sha3\"","ruleId":"avoid-sha3","filePath":"Benchmarks/Study_SamplesSet/22fc1f0341e063e69a7757e8ce96d153.sol"},{"conclusion":"6 problem/s (2 error/s, 4 warning/s)"}]
