[{"line":5,"column":1,"severity":"Warning","message":"Found more than One contract per file. 3 contracts found!","ruleId":"one-contract-per-file","fix":null,"filePath":"Benchmarks/Study_SamplesSet/23cdcd6d3e6ea50e02950ca2383949f3.sol"},{"line":5,"column":1,"severity":"Error","message":"Compiler version >=0.5.11 does not satisfy the ^0.8.0 semver requirement","ruleId":"compiler-version","fix":null,"filePath":"Benchmarks/Study_SamplesSet/23cdcd6d3e6ea50e02950ca2383949f3.sol"},{"line":49,"column":9,"severity":"Warning","message":"Use Custom Errors instead of require statements","ruleId":"custom-errors","fix":null,"filePath":"Benchmarks/Study_SamplesSet/23cdcd6d3e6ea50e02950ca2383949f3.sol"},{"line":64,"column":9,"severity":"Warning","message":"Use Custom Errors instead of require statements","ruleId":"custom-errors","fix":null,"filePath":"Benchmarks/Study_SamplesSet/23cdcd6d3e6ea50e02950ca2383949f3.sol"},{"line":88,"column":9,"severity":"Warning","message":"Error message for require is too long: 33 counted / 32 allowed","ruleId":"reason-string","fix":null,"filePath":"Benchmarks/Study_SamplesSet/23cdcd6d3e6ea50e02950ca2383949f3.sol"},{"line":88,"column":9,"severity":"Warning","message":"Use Custom Errors instead of require statements","ruleId":"custom-errors","fix":null,"filePath":"Benchmarks/Study_SamplesSet/23cdcd6d3e6ea50e02950ca2383949f3.sol"},{"line":106,"column":9,"severity":"Warning","message":"Use Custom Errors instead of require statements","ruleId":"custom-errors","fix":null,"filePath":"Benchmarks/Study_SamplesSet/23cdcd6d3e6ea50e02950ca2383949f3.sol"},{"line":125,"column":9,"severity":"Warning","message":"Use Custom Errors instead of require statements","ruleId":"custom-errors","fix":null,"filePath":"Benchmarks/Study_SamplesSet/23cdcd6d3e6ea50e02950ca2383949f3.sol"},{"line":135,"column":1,"severity":"Warning","message":"Contract, Structs and Enums should be in CamelCase","ruleId":"contract-name-camelcase","filePath":"Benchmarks/Study_SamplesSet/23cdcd6d3e6ea50e02950ca2383949f3.sol"},{"line":136,"column":3,"severity":"Warning","message":"Function name must be in mixedCase","ruleId":"func-name-mixedcase","fix":null,"filePath":"Benchmarks/Study_SamplesSet/23cdcd6d3e6ea50e02950ca2383949f3.sol"},{"line":141,"column":3,"severity":"Warning","message":"Function name must be in mixedCase","ruleId":"func-name-mixedcase","fix":null,"filePath":"Benchmarks/Study_SamplesSet/23cdcd6d3e6ea50e02950ca2383949f3.sol"},{"line":141,"column":24,"severity":"Warning","message":"Variable name must be in mixedCase","ruleId":"var-name-mixedcase","fix":null,"filePath":"Benchmarks/Study_SamplesSet/23cdcd6d3e6ea50e02950ca2383949f3.sol"},{"line":148,"column":3,"severity":"Warning","message":"Function name must be in mixedCase","ruleId":"func-name-mixedcase","fix":null,"filePath":"Benchmarks/Study_SamplesSet/23cdcd6d3e6ea50e02950ca2383949f3.sol"},{"line":148,"column":24,"severity":"Warning","message":"Variable name must be in mixedCase","ruleId":"var-name-mixedcase","fix":null,"filePath":"Benchmarks/Study_SamplesSet/23cdcd6d3e6ea50e02950ca2383949f3.sol"},{"line":157,"column":1,"severity":"Warning","message":"Rule is set with explicit type [var/s: uint]","ruleId":"explicit-types","filePath":"Benchmarks/Study_SamplesSet/23cdcd6d3e6ea50e02950ca2383949f3.sol"},{"line":157,"column":1,"severity":"Warning","message":"Variable name must be in mixedCase","ruleId":"var-name-mixedcase","fix":null,"filePath":"Benchmarks/Study_SamplesSet/23cdcd6d3e6ea50e02950ca2383949f3.sol"},{"line":159,"column":1,"severity":"Warning","message":"Function name must be in mixedCase","ruleId":"func-name-mixedcase","fix":null,"filePath":"Benchmarks/Study_SamplesSet/23cdcd6d3e6ea50e02950ca2383949f3.sol"},{"line":159,"column":34,"severity":"Warning","message":"Rule is set with explicit type [var/s: uint]","ruleId":"explicit-types","filePath":"Benchmarks/Study_SamplesSet/23cdcd6d3e6ea50e02950ca2383949f3.sol"},{"line":162,"column":1,"severity":"Warning","message":"Function name must be in mixedCase","ruleId":"func-name-mixedcase","fix":null,"filePath":"Benchmarks/Study_SamplesSet/23cdcd6d3e6ea50e02950ca2383949f3.sol"},{"line":163,"column":9,"severity":"Warning","message":"Provide an error message for require","ruleId":"reason-string","fix":null,"filePath":"Benchmarks/Study_SamplesSet/23cdcd6d3e6ea50e02950ca2383949f3.sol"},{"line":163,"column":9,"severity":"Warning","message":"Use Custom Errors instead of require statements","ruleId":"custom-errors","fix":null,"filePath":"Benchmarks/Study_SamplesSet/23cdcd6d3e6ea50e02950ca2383949f3.sol"},{"line":163,"column":17,"severity":"Error","message":"Avoid making time-based decisions in your business logic","ruleId":"not-rely-on-time","fix":null,"filePath":"Benchmarks/Study_SamplesSet/23cdcd6d3e6ea50e02950ca2383949f3.sol"},{"line":164,"column":9,"severity":"Warning","message":"Rule is set with explicit type [var/s: uint]","ruleId":"explicit-types","filePath":"Benchmarks/Study_SamplesSet/23cdcd6d3e6ea50e02950ca2383949f3.sol"},{"line":164,"column":9,"severity":"Warning","message":"Variable name must be in mixedCase","ruleId":"var-name-mixedcase","fix":null,"filePath":"Benchmarks/Study_SamplesSet/23cdcd6d3e6ea50e02950ca2383949f3.sol"},{"line":169,"column":9,"severity":"Warning","message":"Provide an error message for require","ruleId":"reason-string","fix":null,"filePath":"Benchmarks/Study_SamplesSet/23cdcd6d3e6ea50e02950ca2383949f3.sol"},{"line":169,"column":9,"severity":"Warning","message":"Use Custom Errors instead of require statements","ruleId":"custom-errors","fix":null,"filePath":"Benchmarks/Study_SamplesSet/23cdcd6d3e6ea50e02950ca2383949f3.sol"},{"line":177,"column":1,"severity":"Error","message":"Explicitly mark visibility of state","ruleId":"state-visibility","fix":null,"filePath":"Benchmarks/Study_SamplesSet/23cdcd6d3e6ea50e02950ca2383949f3.sol"},{"line":177,"column":1,"severity":"Warning","message":"Rule is set with explicit type [var/s: uint]","ruleId":"explicit-types","filePath":"Benchmarks/Study_SamplesSet/23cdcd6d3e6ea50e02950ca2383949f3.sol"},{"line":177,"column":1,"severity":"Warning","message":"Variable name must be in mixedCase","ruleId":"var-name-mixedcase","fix":null,"filePath":"Benchmarks/Study_SamplesSet/23cdcd6d3e6ea50e02950ca2383949f3.sol"},{"line":179,"column":1,"severity":"Warning","message":"Function name must be in mixedCase","ruleId":"func-name-mixedcase","fix":null,"filePath":"Benchmarks/Study_SamplesSet/23cdcd6d3e6ea50e02950ca2383949f3.sol"},{"line":179,"column":42,"severity":"Warning","message":"Rule is set with explicit type [var/s: uint]","ruleId":"explicit-types","filePath":"Benchmarks/Study_SamplesSet/23cdcd6d3e6ea50e02950ca2383949f3.sol"},{"line":180,"column":5,"severity":"Warning","message":"Provide an error message for require","ruleId":"reason-string","fix":null,"filePath":"Benchmarks/Study_SamplesSet/23cdcd6d3e6ea50e02950ca2383949f3.sol"},{"line":180,"column":5,"severity":"Warning","message":"Use Custom Errors instead of require statements","ruleId":"custom-errors","fix":null,"filePath":"Benchmarks/Study_SamplesSet/23cdcd6d3e6ea50e02950ca2383949f3.sol"},{"line":188,"column":9,"severity":"Warning","message":"Provide an error message for require","ruleId":"reason-string","fix":null,"filePath":"Benchmarks/Study_SamplesSet/23cdcd6d3e6ea50e02950ca2383949f3.sol"},{"line":188,"column":9,"severity":"Warning","message":"Use Custom Errors instead of require statements","ruleId":"custom-errors","fix":null,"filePath":"Benchmarks/Study_SamplesSet/23cdcd6d3e6ea50e02950ca2383949f3.sol"},{"line":189,"column":35,"severity":"Error","message":"Avoid making time-based decisions in your business logic","ruleId":"not-rely-on-time","fix":null,"filePath":"Benchmarks/Study_SamplesSet/23cdcd6d3e6ea50e02950ca2383949f3.sol"},{"line":193,"column":1,"severity":"Warning","message":"Rule is set with explicit type [var/s: uint]","ruleId":"explicit-types","filePath":"Benchmarks/Study_SamplesSet/23cdcd6d3e6ea50e02950ca2383949f3.sol"},{"line":193,"column":1,"severity":"Warning","message":"Variable name must be in mixedCase","ruleId":"var-name-mixedcase","fix":null,"filePath":"Benchmarks/Study_SamplesSet/23cdcd6d3e6ea50e02950ca2383949f3.sol"},{"line":195,"column":1,"severity":"Warning","message":"Function name must be in mixedCase","ruleId":"func-name-mixedcase","fix":null,"filePath":"Benchmarks/Study_SamplesSet/23cdcd6d3e6ea50e02950ca2383949f3.sol"},{"line":195,"column":35,"severity":"Warning","message":"Rule is set with explicit type [var/s: uint]","ruleId":"explicit-types","filePath":"Benchmarks/Study_SamplesSet/23cdcd6d3e6ea50e02950ca2383949f3.sol"},{"line":198,"column":1,"severity":"Warning","message":"Function name must be in mixedCase","ruleId":"func-name-mixedcase","fix":null,"filePath":"Benchmarks/Study_SamplesSet/23cdcd6d3e6ea50e02950ca2383949f3.sol"},{"line":199,"column":9,"severity":"Warning","message":"Provide an error message for require","ruleId":"reason-string","fix":null,"filePath":"Benchmarks/Study_SamplesSet/23cdcd6d3e6ea50e02950ca2383949f3.sol"},{"line":199,"column":9,"severity":"Warning","message":"Use Custom Errors instead of require statements","ruleId":"custom-errors","fix":null,"filePath":"Benchmarks/Study_SamplesSet/23cdcd6d3e6ea50e02950ca2383949f3.sol"},{"line":199,"column":17,"severity":"Error","message":"Avoid making time-based decisions in your business logic","ruleId":"not-rely-on-time","fix":null,"filePath":"Benchmarks/Study_SamplesSet/23cdcd6d3e6ea50e02950ca2383949f3.sol"},{"line":200,"column":9,"severity":"Warning","message":"Rule is set with explicit type [var/s: uint]","ruleId":"explicit-types","filePath":"Benchmarks/Study_SamplesSet/23cdcd6d3e6ea50e02950ca2383949f3.sol"},{"line":200,"column":9,"severity":"Warning","message":"Variable name must be in mixedCase","ruleId":"var-name-mixedcase","fix":null,"filePath":"Benchmarks/Study_SamplesSet/23cdcd6d3e6ea50e02950ca2383949f3.sol"},{"line":214,"column":1,"severity":"Warning","message":"Contract has 19 states declarations but allowed no more than 15","ruleId":"max-states-count","fix":null,"filePath":"Benchmarks/Study_SamplesSet/23cdcd6d3e6ea50e02950ca2383949f3.sol"},{"line":216,"column":1,"severity":"Error","message":"Explicitly mark visibility of state","ruleId":"state-visibility","fix":null,"filePath":"Benchmarks/Study_SamplesSet/23cdcd6d3e6ea50e02950ca2383949f3.sol"},{"line":216,"column":1,"severity":"Warning","message":"Rule is set with explicit type [var/s: uint]","ruleId":"explicit-types","filePath":"Benchmarks/Study_SamplesSet/23cdcd6d3e6ea50e02950ca2383949f3.sol"},{"line":216,"column":1,"severity":"Warning","message":"Variable name must be in mixedCase","ruleId":"var-name-mixedcase","fix":null,"filePath":"Benchmarks/Study_SamplesSet/23cdcd6d3e6ea50e02950ca2383949f3.sol"},{"line":218,"column":1,"severity":"Warning","message":"Function name must be in mixedCase","ruleId":"func-name-mixedcase","fix":null,"filePath":"Benchmarks/Study_SamplesSet/23cdcd6d3e6ea50e02950ca2383949f3.sol"},{"line":218,"column":40,"severity":"Warning","message":"Rule is set with explicit type [var/s: uint]","ruleId":"explicit-types","filePath":"Benchmarks/Study_SamplesSet/23cdcd6d3e6ea50e02950ca2383949f3.sol"},{"line":219,"column":5,"severity":"Warning","message":"Provide an error message for require","ruleId":"reason-string","fix":null,"filePath":"Benchmarks/Study_SamplesSet/23cdcd6d3e6ea50e02950ca2383949f3.sol"},{"line":219,"column":5,"severity":"Warning","message":"Use Custom Errors instead of require statements","ruleId":"custom-errors","fix":null,"filePath":"Benchmarks/Study_SamplesSet/23cdcd6d3e6ea50e02950ca2383949f3.sol"},{"line":225,"column":1,"severity":"Warning","message":"Rule is set with explicit type [var/s: uint]","ruleId":"explicit-types","filePath":"Benchmarks/Study_SamplesSet/23cdcd6d3e6ea50e02950ca2383949f3.sol"},{"line":225,"column":1,"severity":"Warning","message":"Variable name must be in mixedCase","ruleId":"var-name-mixedcase","fix":null,"filePath":"Benchmarks/Study_SamplesSet/23cdcd6d3e6ea50e02950ca2383949f3.sol"},{"line":227,"column":1,"severity":"Warning","message":"Function name must be in mixedCase","ruleId":"func-name-mixedcase","fix":null,"filePath":"Benchmarks/Study_SamplesSet/23cdcd6d3e6ea50e02950ca2383949f3.sol"},{"line":227,"column":35,"severity":"Warning","message":"Rule is set with explicit type [var/s: uint]","ruleId":"explicit-types","filePath":"Benchmarks/Study_SamplesSet/23cdcd6d3e6ea50e02950ca2383949f3.sol"},{"line":230,"column":1,"severity":"Warning","message":"Function name must be in mixedCase","ruleId":"func-name-mixedcase","fix":null,"filePath":"Benchmarks/Study_SamplesSet/23cdcd6d3e6ea50e02950ca2383949f3.sol"},{"line":231,"column":9,"severity":"Warning","message":"Provide an error message for require","ruleId":"reason-string","fix":null,"filePath":"Benchmarks/Study_SamplesSet/23cdcd6d3e6ea50e02950ca2383949f3.sol"},{"line":231,"column":9,"severity":"Warning","message":"Use Custom Errors instead of require statements","ruleId":"custom-errors","fix":null,"filePath":"Benchmarks/Study_SamplesSet/23cdcd6d3e6ea50e02950ca2383949f3.sol"},{"line":231,"column":17,"severity":"Error","message":"Avoid making time-based decisions in your business logic","ruleId":"not-rely-on-time","fix":null,"filePath":"Benchmarks/Study_SamplesSet/23cdcd6d3e6ea50e02950ca2383949f3.sol"},{"line":232,"column":9,"severity":"Warning","message":"Rule is set with explicit type [var/s: uint]","ruleId":"explicit-types","filePath":"Benchmarks/Study_SamplesSet/23cdcd6d3e6ea50e02950ca2383949f3.sol"},{"line":232,"column":9,"severity":"Warning","message":"Variable name must be in mixedCase","ruleId":"var-name-mixedcase","fix":null,"filePath":"Benchmarks/Study_SamplesSet/23cdcd6d3e6ea50e02950ca2383949f3.sol"},{"line":236,"column":1,"severity":"Error","message":"Explicitly mark visibility of state","ruleId":"state-visibility","fix":null,"filePath":"Benchmarks/Study_SamplesSet/23cdcd6d3e6ea50e02950ca2383949f3.sol"},{"line":236,"column":1,"severity":"Warning","message":"Rule is set with explicit type [var/s: uint]","ruleId":"explicit-types","filePath":"Benchmarks/Study_SamplesSet/23cdcd6d3e6ea50e02950ca2383949f3.sol"},{"line":236,"column":1,"severity":"Warning","message":"Variable name must be in mixedCase","ruleId":"var-name-mixedcase","fix":null,"filePath":"Benchmarks/Study_SamplesSet/23cdcd6d3e6ea50e02950ca2383949f3.sol"},{"line":238,"column":1,"severity":"Warning","message":"Function name must be in mixedCase","ruleId":"func-name-mixedcase","fix":null,"filePath":"Benchmarks/Study_SamplesSet/23cdcd6d3e6ea50e02950ca2383949f3.sol"},{"line":238,"column":40,"severity":"Warning","message":"Rule is set with explicit type [var/s: uint]","ruleId":"explicit-types","filePath":"Benchmarks/Study_SamplesSet/23cdcd6d3e6ea50e02950ca2383949f3.sol"},{"line":239,"column":5,"severity":"Warning","message":"Provide an error message for require","ruleId":"reason-string","fix":null,"filePath":"Benchmarks/Study_SamplesSet/23cdcd6d3e6ea50e02950ca2383949f3.sol"},{"line":239,"column":5,"severity":"Warning","message":"Use Custom Errors instead of require statements","ruleId":"custom-errors","fix":null,"filePath":"Benchmarks/Study_SamplesSet/23cdcd6d3e6ea50e02950ca2383949f3.sol"},{"line":244,"column":3,"severity":"Warning","message":"Rule is set with explicit type [var/s: uint]","ruleId":"explicit-types","filePath":"Benchmarks/Study_SamplesSet/23cdcd6d3e6ea50e02950ca2383949f3.sol"},{"line":246,"column":1,"severity":"Error","message":"Explicitly mark visibility of state","ruleId":"state-visibility","fix":null,"filePath":"Benchmarks/Study_SamplesSet/23cdcd6d3e6ea50e02950ca2383949f3.sol"},{"line":246,"column":1,"severity":"Warning","message":"Rule is set with explicit type [var/s: uint]","ruleId":"explicit-types","filePath":"Benchmarks/Study_SamplesSet/23cdcd6d3e6ea50e02950ca2383949f3.sol"},{"line":246,"column":1,"severity":"Warning","message":"Variable name must be in mixedCase","ruleId":"var-name-mixedcase","fix":null,"filePath":"Benchmarks/Study_SamplesSet/23cdcd6d3e6ea50e02950ca2383949f3.sol"},{"line":248,"column":1,"severity":"Warning","message":"Function name must be in mixedCase","ruleId":"func-name-mixedcase","fix":null,"filePath":"Benchmarks/Study_SamplesSet/23cdcd6d3e6ea50e02950ca2383949f3.sol"},{"line":248,"column":40,"severity":"Warning","message":"Rule is set with explicit type [var/s: uint]","ruleId":"explicit-types","filePath":"Benchmarks/Study_SamplesSet/23cdcd6d3e6ea50e02950ca2383949f3.sol"},{"line":249,"column":5,"severity":"Warning","message":"Provide an error message for require","ruleId":"reason-string","fix":null,"filePath":"Benchmarks/Study_SamplesSet/23cdcd6d3e6ea50e02950ca2383949f3.sol"},{"line":249,"column":5,"severity":"Warning","message":"Use Custom Errors instead of require statements","ruleId":"custom-errors","fix":null,"filePath":"Benchmarks/Study_SamplesSet/23cdcd6d3e6ea50e02950ca2383949f3.sol"},{"line":254,"column":3,"severity":"Warning","message":"Rule is set with explicit type [var/s: uint]","ruleId":"explicit-types","filePath":"Benchmarks/Study_SamplesSet/23cdcd6d3e6ea50e02950ca2383949f3.sol"},{"line":255,"column":1,"severity":"Warning","message":"Function name must be in mixedCase","ruleId":"func-name-mixedcase","fix":null,"filePath":"Benchmarks/Study_SamplesSet/23cdcd6d3e6ea50e02950ca2383949f3.sol"},{"line":255,"column":22,"severity":"Warning","message":"Variable name must be in mixedCase","ruleId":"var-name-mixedcase","fix":null,"filePath":"Benchmarks/Study_SamplesSet/23cdcd6d3e6ea50e02950ca2383949f3.sol"},{"line":260,"column":1,"severity":"Warning","message":"Function name must be in mixedCase","ruleId":"func-name-mixedcase","fix":null,"filePath":"Benchmarks/Study_SamplesSet/23cdcd6d3e6ea50e02950ca2383949f3.sol"},{"line":264,"column":3,"severity":"Warning","message":"Rule is set with explicit type [var/s: uint]","ruleId":"explicit-types","filePath":"Benchmarks/Study_SamplesSet/23cdcd6d3e6ea50e02950ca2383949f3.sol"},{"line":266,"column":1,"severity":"Warning","message":"Function name must be in mixedCase","ruleId":"func-name-mixedcase","fix":null,"filePath":"Benchmarks/Study_SamplesSet/23cdcd6d3e6ea50e02950ca2383949f3.sol"},{"line":270,"column":50,"severity":"Warning","message":"Rule is set with explicit type [var/s: uint]","ruleId":"explicit-types","filePath":"Benchmarks/Study_SamplesSet/23cdcd6d3e6ea50e02950ca2383949f3.sol"},{"line":270,"column":85,"severity":"Warning","message":"Rule is set with explicit type [var/s: uint]","ruleId":"explicit-types","filePath":"Benchmarks/Study_SamplesSet/23cdcd6d3e6ea50e02950ca2383949f3.sol"},{"line":270,"column":102,"severity":"Warning","message":"Rule is set with explicit type [var/s: uint]","ruleId":"explicit-types","filePath":"Benchmarks/Study_SamplesSet/23cdcd6d3e6ea50e02950ca2383949f3.sol"},{"line":270,"column":116,"severity":"Warning","message":"Rule is set with explicit type [var/s: uint]","ruleId":"explicit-types","filePath":"Benchmarks/Study_SamplesSet/23cdcd6d3e6ea50e02950ca2383949f3.sol"},{"line":271,"column":1,"severity":"Warning","message":"Function name must be in mixedCase","ruleId":"func-name-mixedcase","fix":null,"filePath":"Benchmarks/Study_SamplesSet/23cdcd6d3e6ea50e02950ca2383949f3.sol"},{"line":271,"column":22,"severity":"Warning","message":"Variable name must be in mixedCase","ruleId":"var-name-mixedcase","fix":null,"filePath":"Benchmarks/Study_SamplesSet/23cdcd6d3e6ea50e02950ca2383949f3.sol"},{"line":275,"column":51,"severity":"Warning","message":"Rule is set with explicit type [var/s: uint]","ruleId":"explicit-types","filePath":"Benchmarks/Study_SamplesSet/23cdcd6d3e6ea50e02950ca2383949f3.sol"},{"line":275,"column":86,"severity":"Warning","message":"Rule is set with explicit type [var/s: uint]","ruleId":"explicit-types","filePath":"Benchmarks/Study_SamplesSet/23cdcd6d3e6ea50e02950ca2383949f3.sol"},{"line":275,"column":103,"severity":"Warning","message":"Rule is set with explicit type [var/s: uint]","ruleId":"explicit-types","filePath":"Benchmarks/Study_SamplesSet/23cdcd6d3e6ea50e02950ca2383949f3.sol"},{"line":275,"column":117,"severity":"Warning","message":"Rule is set with explicit type [var/s: uint]","ruleId":"explicit-types","filePath":"Benchmarks/Study_SamplesSet/23cdcd6d3e6ea50e02950ca2383949f3.sol"},{"line":276,"column":1,"severity":"Warning","message":"Rule is set with explicit type [var/s: uint]","ruleId":"explicit-types","filePath":"Benchmarks/Study_SamplesSet/23cdcd6d3e6ea50e02950ca2383949f3.sol"},{"line":276,"column":1,"severity":"Warning","message":"Variable name must be in mixedCase","ruleId":"var-name-mixedcase","fix":null,"filePath":"Benchmarks/Study_SamplesSet/23cdcd6d3e6ea50e02950ca2383949f3.sol"},{"line":278,"column":1,"severity":"Warning","message":"Function name must be in mixedCase","ruleId":"func-name-mixedcase","fix":null,"filePath":"Benchmarks/Study_SamplesSet/23cdcd6d3e6ea50e02950ca2383949f3.sol"},{"line":278,"column":35,"severity":"Warning","message":"Rule is set with explicit type [var/s: uint]","ruleId":"explicit-types","filePath":"Benchmarks/Study_SamplesSet/23cdcd6d3e6ea50e02950ca2383949f3.sol"},{"line":281,"column":1,"severity":"Warning","message":"Function name must be in mixedCase","ruleId":"func-name-mixedcase","fix":null,"filePath":"Benchmarks/Study_SamplesSet/23cdcd6d3e6ea50e02950ca2383949f3.sol"},{"line":282,"column":9,"severity":"Warning","message":"Provide an error message for require","ruleId":"reason-string","fix":null,"filePath":"Benchmarks/Study_SamplesSet/23cdcd6d3e6ea50e02950ca2383949f3.sol"},{"line":282,"column":9,"severity":"Warning","message":"Use Custom Errors instead of require statements","ruleId":"custom-errors","fix":null,"filePath":"Benchmarks/Study_SamplesSet/23cdcd6d3e6ea50e02950ca2383949f3.sol"},{"line":282,"column":17,"severity":"Error","message":"Avoid making time-based decisions in your business logic","ruleId":"not-rely-on-time","fix":null,"filePath":"Benchmarks/Study_SamplesSet/23cdcd6d3e6ea50e02950ca2383949f3.sol"},{"line":283,"column":9,"severity":"Warning","message":"Rule is set with explicit type [var/s: uint]","ruleId":"explicit-types","filePath":"Benchmarks/Study_SamplesSet/23cdcd6d3e6ea50e02950ca2383949f3.sol"},{"line":283,"column":9,"severity":"Warning","message":"Variable name must be in mixedCase","ruleId":"var-name-mixedcase","fix":null,"filePath":"Benchmarks/Study_SamplesSet/23cdcd6d3e6ea50e02950ca2383949f3.sol"},{"line":286,"column":50,"severity":"Warning","message":"Rule is set with explicit type [var/s: uint]","ruleId":"explicit-types","filePath":"Benchmarks/Study_SamplesSet/23cdcd6d3e6ea50e02950ca2383949f3.sol"},{"line":286,"column":85,"severity":"Warning","message":"Rule is set with explicit type [var/s: uint]","ruleId":"explicit-types","filePath":"Benchmarks/Study_SamplesSet/23cdcd6d3e6ea50e02950ca2383949f3.sol"},{"line":287,"column":1,"severity":"Warning","message":"Function name must be in mixedCase","ruleId":"func-name-mixedcase","fix":null,"filePath":"Benchmarks/Study_SamplesSet/23cdcd6d3e6ea50e02950ca2383949f3.sol"},{"line":291,"column":63,"severity":"Warning","message":"Rule is set with explicit type [var/s: uint]","ruleId":"explicit-types","filePath":"Benchmarks/Study_SamplesSet/23cdcd6d3e6ea50e02950ca2383949f3.sol"},{"line":291,"column":76,"severity":"Warning","message":"Rule is set with explicit type [var/s: uint]","ruleId":"explicit-types","filePath":"Benchmarks/Study_SamplesSet/23cdcd6d3e6ea50e02950ca2383949f3.sol"},{"line":292,"column":1,"severity":"Warning","message":"Function name must be in mixedCase","ruleId":"func-name-mixedcase","fix":null,"filePath":"Benchmarks/Study_SamplesSet/23cdcd6d3e6ea50e02950ca2383949f3.sol"},{"line":296,"column":64,"severity":"Warning","message":"Rule is set with explicit type [var/s: uint]","ruleId":"explicit-types","filePath":"Benchmarks/Study_SamplesSet/23cdcd6d3e6ea50e02950ca2383949f3.sol"},{"line":296,"column":77,"severity":"Warning","message":"Rule is set with explicit type [var/s: uint]","ruleId":"explicit-types","filePath":"Benchmarks/Study_SamplesSet/23cdcd6d3e6ea50e02950ca2383949f3.sol"},{"line":297,"column":1,"severity":"Warning","message":"Rule is set with explicit type [var/s: uint]","ruleId":"explicit-types","filePath":"Benchmarks/Study_SamplesSet/23cdcd6d3e6ea50e02950ca2383949f3.sol"},{"line":297,"column":1,"severity":"Warning","message":"Variable name must be in mixedCase","ruleId":"var-name-mixedcase","fix":null,"filePath":"Benchmarks/Study_SamplesSet/23cdcd6d3e6ea50e02950ca2383949f3.sol"},{"line":299,"column":1,"severity":"Warning","message":"Function name must be in mixedCase","ruleId":"func-name-mixedcase","fix":null,"filePath":"Benchmarks/Study_SamplesSet/23cdcd6d3e6ea50e02950ca2383949f3.sol"},{"line":299,"column":35,"severity":"Warning","message":"Rule is set with explicit type [var/s: uint]","ruleId":"explicit-types","filePath":"Benchmarks/Study_SamplesSet/23cdcd6d3e6ea50e02950ca2383949f3.sol"},{"line":302,"column":1,"severity":"Warning","message":"Function name must be in mixedCase","ruleId":"func-name-mixedcase","fix":null,"filePath":"Benchmarks/Study_SamplesSet/23cdcd6d3e6ea50e02950ca2383949f3.sol"},{"line":303,"column":9,"severity":"Warning","message":"Provide an error message for require","ruleId":"reason-string","fix":null,"filePath":"Benchmarks/Study_SamplesSet/23cdcd6d3e6ea50e02950ca2383949f3.sol"},{"line":303,"column":9,"severity":"Warning","message":"Use Custom Errors instead of require statements","ruleId":"custom-errors","fix":null,"filePath":"Benchmarks/Study_SamplesSet/23cdcd6d3e6ea50e02950ca2383949f3.sol"},{"line":303,"column":17,"severity":"Error","message":"Avoid making time-based decisions in your business logic","ruleId":"not-rely-on-time","fix":null,"filePath":"Benchmarks/Study_SamplesSet/23cdcd6d3e6ea50e02950ca2383949f3.sol"},{"line":304,"column":9,"severity":"Warning","message":"Rule is set with explicit type [var/s: uint]","ruleId":"explicit-types","filePath":"Benchmarks/Study_SamplesSet/23cdcd6d3e6ea50e02950ca2383949f3.sol"},{"line":304,"column":9,"severity":"Warning","message":"Variable name must be in mixedCase","ruleId":"var-name-mixedcase","fix":null,"filePath":"Benchmarks/Study_SamplesSet/23cdcd6d3e6ea50e02950ca2383949f3.sol"},{"line":314,"column":1,"severity":"Warning","message":"Rule is set with explicit type [var/s: uint]","ruleId":"explicit-types","filePath":"Benchmarks/Study_SamplesSet/23cdcd6d3e6ea50e02950ca2383949f3.sol"},{"line":314,"column":1,"severity":"Warning","message":"Variable name must be in mixedCase","ruleId":"var-name-mixedcase","fix":null,"filePath":"Benchmarks/Study_SamplesSet/23cdcd6d3e6ea50e02950ca2383949f3.sol"},{"line":316,"column":1,"severity":"Warning","message":"Function name must be in mixedCase","ruleId":"func-name-mixedcase","fix":null,"filePath":"Benchmarks/Study_SamplesSet/23cdcd6d3e6ea50e02950ca2383949f3.sol"},{"line":316,"column":35,"severity":"Warning","message":"Rule is set with explicit type [var/s: uint]","ruleId":"explicit-types","filePath":"Benchmarks/Study_SamplesSet/23cdcd6d3e6ea50e02950ca2383949f3.sol"},{"line":319,"column":1,"severity":"Warning","message":"Function name must be in mixedCase","ruleId":"func-name-mixedcase","fix":null,"filePath":"Benchmarks/Study_SamplesSet/23cdcd6d3e6ea50e02950ca2383949f3.sol"},{"line":320,"column":9,"severity":"Warning","message":"Provide an error message for require","ruleId":"reason-string","fix":null,"filePath":"Benchmarks/Study_SamplesSet/23cdcd6d3e6ea50e02950ca2383949f3.sol"},{"line":320,"column":9,"severity":"Warning","message":"Use Custom Errors instead of require statements","ruleId":"custom-errors","fix":null,"filePath":"Benchmarks/Study_SamplesSet/23cdcd6d3e6ea50e02950ca2383949f3.sol"},{"line":320,"column":17,"severity":"Error","message":"Avoid making time-based decisions in your business logic","ruleId":"not-rely-on-time","fix":null,"filePath":"Benchmarks/Study_SamplesSet/23cdcd6d3e6ea50e02950ca2383949f3.sol"},{"line":321,"column":9,"severity":"Warning","message":"Rule is set with explicit type [var/s: uint]","ruleId":"explicit-types","filePath":"Benchmarks/Study_SamplesSet/23cdcd6d3e6ea50e02950ca2383949f3.sol"},{"line":321,"column":9,"severity":"Warning","message":"Variable name must be in mixedCase","ruleId":"var-name-mixedcase","fix":null,"filePath":"Benchmarks/Study_SamplesSet/23cdcd6d3e6ea50e02950ca2383949f3.sol"},{"line":325,"column":48,"severity":"Warning","message":"Visibility modifier must be first in list of modifiers","ruleId":"visibility-modifier-order","fix":null,"filePath":"Benchmarks/Study_SamplesSet/23cdcd6d3e6ea50e02950ca2383949f3.sol"},{"line":336,"column":1,"severity":"Warning","message":"Function name must be in mixedCase","ruleId":"func-name-mixedcase","fix":null,"filePath":"Benchmarks/Study_SamplesSet/23cdcd6d3e6ea50e02950ca2383949f3.sol"},{"line":342,"column":34,"severity":"Warning","message":"Variable name must be in mixedCase","ruleId":"var-name-mixedcase","fix":null,"filePath":"Benchmarks/Study_SamplesSet/23cdcd6d3e6ea50e02950ca2383949f3.sol"},{"line":345,"column":9,"severity":"Warning","message":"Provide an error message for require","ruleId":"reason-string","fix":null,"filePath":"Benchmarks/Study_SamplesSet/23cdcd6d3e6ea50e02950ca2383949f3.sol"},{"line":345,"column":9,"severity":"Warning","message":"Use Custom Errors instead of require statements","ruleId":"custom-errors","fix":null,"filePath":"Benchmarks/Study_SamplesSet/23cdcd6d3e6ea50e02950ca2383949f3.sol"},{"line":349,"column":1,"severity":"Warning","message":"Rule is set with explicit type [var/s: uint]","ruleId":"explicit-types","filePath":"Benchmarks/Study_SamplesSet/23cdcd6d3e6ea50e02950ca2383949f3.sol"},{"line":349,"column":1,"severity":"Warning","message":"Variable name must be in mixedCase","ruleId":"var-name-mixedcase","fix":null,"filePath":"Benchmarks/Study_SamplesSet/23cdcd6d3e6ea50e02950ca2383949f3.sol"},{"line":351,"column":1,"severity":"Warning","message":"Function name must be in mixedCase","ruleId":"func-name-mixedcase","fix":null,"filePath":"Benchmarks/Study_SamplesSet/23cdcd6d3e6ea50e02950ca2383949f3.sol"},{"line":351,"column":34,"severity":"Warning","message":"Rule is set with explicit type [var/s: uint]","ruleId":"explicit-types","filePath":"Benchmarks/Study_SamplesSet/23cdcd6d3e6ea50e02950ca2383949f3.sol"},{"line":354,"column":1,"severity":"Warning","message":"Function name must be in mixedCase","ruleId":"func-name-mixedcase","fix":null,"filePath":"Benchmarks/Study_SamplesSet/23cdcd6d3e6ea50e02950ca2383949f3.sol"},{"line":355,"column":9,"severity":"Warning","message":"Provide an error message for require","ruleId":"reason-string","fix":null,"filePath":"Benchmarks/Study_SamplesSet/23cdcd6d3e6ea50e02950ca2383949f3.sol"},{"line":355,"column":9,"severity":"Warning","message":"Use Custom Errors instead of require statements","ruleId":"custom-errors","fix":null,"filePath":"Benchmarks/Study_SamplesSet/23cdcd6d3e6ea50e02950ca2383949f3.sol"},{"line":355,"column":17,"severity":"Error","message":"Avoid making time-based decisions in your business logic","ruleId":"not-rely-on-time","fix":null,"filePath":"Benchmarks/Study_SamplesSet/23cdcd6d3e6ea50e02950ca2383949f3.sol"},{"line":356,"column":9,"severity":"Warning","message":"Rule is set with explicit type [var/s: uint]","ruleId":"explicit-types","filePath":"Benchmarks/Study_SamplesSet/23cdcd6d3e6ea50e02950ca2383949f3.sol"},{"line":356,"column":9,"severity":"Warning","message":"Variable name must be in mixedCase","ruleId":"var-name-mixedcase","fix":null,"filePath":"Benchmarks/Study_SamplesSet/23cdcd6d3e6ea50e02950ca2383949f3.sol"},{"line":370,"column":1,"severity":"Warning","message":"Rule is set with explicit type [var/s: uint]","ruleId":"explicit-types","filePath":"Benchmarks/Study_SamplesSet/23cdcd6d3e6ea50e02950ca2383949f3.sol"},{"line":370,"column":1,"severity":"Warning","message":"Variable name must be in mixedCase","ruleId":"var-name-mixedcase","fix":null,"filePath":"Benchmarks/Study_SamplesSet/23cdcd6d3e6ea50e02950ca2383949f3.sol"},{"line":372,"column":1,"severity":"Warning","message":"Function name must be in mixedCase","ruleId":"func-name-mixedcase","fix":null,"filePath":"Benchmarks/Study_SamplesSet/23cdcd6d3e6ea50e02950ca2383949f3.sol"},{"line":372,"column":35,"severity":"Warning","message":"Rule is set with explicit type [var/s: uint]","ruleId":"explicit-types","filePath":"Benchmarks/Study_SamplesSet/23cdcd6d3e6ea50e02950ca2383949f3.sol"},{"line":375,"column":1,"severity":"Warning","message":"Function name must be in mixedCase","ruleId":"func-name-mixedcase","fix":null,"filePath":"Benchmarks/Study_SamplesSet/23cdcd6d3e6ea50e02950ca2383949f3.sol"},{"line":376,"column":9,"severity":"Warning","message":"Provide an error message for require","ruleId":"reason-string","fix":null,"filePath":"Benchmarks/Study_SamplesSet/23cdcd6d3e6ea50e02950ca2383949f3.sol"},{"line":376,"column":9,"severity":"Warning","message":"Use Custom Errors instead of require statements","ruleId":"custom-errors","fix":null,"filePath":"Benchmarks/Study_SamplesSet/23cdcd6d3e6ea50e02950ca2383949f3.sol"},{"line":376,"column":17,"severity":"Error","message":"Avoid making time-based decisions in your business logic","ruleId":"not-rely-on-time","fix":null,"filePath":"Benchmarks/Study_SamplesSet/23cdcd6d3e6ea50e02950ca2383949f3.sol"},{"line":377,"column":9,"severity":"Warning","message":"Rule is set with explicit type [var/s: uint]","ruleId":"explicit-types","filePath":"Benchmarks/Study_SamplesSet/23cdcd6d3e6ea50e02950ca2383949f3.sol"},{"line":377,"column":9,"severity":"Warning","message":"Variable name must be in mixedCase","ruleId":"var-name-mixedcase","fix":null,"filePath":"Benchmarks/Study_SamplesSet/23cdcd6d3e6ea50e02950ca2383949f3.sol"},{"line":381,"column":29,"severity":"Warning","message":"Rule is set with explicit type [var/s: uint]","ruleId":"explicit-types","filePath":"Benchmarks/Study_SamplesSet/23cdcd6d3e6ea50e02950ca2383949f3.sol"},{"line":385,"column":1,"severity":"Warning","message":"Function name must be in mixedCase","ruleId":"func-name-mixedcase","fix":null,"filePath":"Benchmarks/Study_SamplesSet/23cdcd6d3e6ea50e02950ca2383949f3.sol"},{"line":394,"column":1,"severity":"Error","message":"Explicitly mark visibility of state","ruleId":"state-visibility","fix":null,"filePath":"Benchmarks/Study_SamplesSet/23cdcd6d3e6ea50e02950ca2383949f3.sol"},{"line":394,"column":1,"severity":"Warning","message":"Rule is set with explicit type [var/s: uint]","ruleId":"explicit-types","filePath":"Benchmarks/Study_SamplesSet/23cdcd6d3e6ea50e02950ca2383949f3.sol"},{"line":394,"column":1,"severity":"Warning","message":"Variable name must be in mixedCase","ruleId":"var-name-mixedcase","fix":null,"filePath":"Benchmarks/Study_SamplesSet/23cdcd6d3e6ea50e02950ca2383949f3.sol"},{"line":396,"column":1,"severity":"Warning","message":"Function name must be in mixedCase","ruleId":"func-name-mixedcase","fix":null,"filePath":"Benchmarks/Study_SamplesSet/23cdcd6d3e6ea50e02950ca2383949f3.sol"},{"line":396,"column":40,"severity":"Warning","message":"Rule is set with explicit type [var/s: uint]","ruleId":"explicit-types","filePath":"Benchmarks/Study_SamplesSet/23cdcd6d3e6ea50e02950ca2383949f3.sol"},{"line":397,"column":5,"severity":"Warning","message":"Provide an error message for require","ruleId":"reason-string","fix":null,"filePath":"Benchmarks/Study_SamplesSet/23cdcd6d3e6ea50e02950ca2383949f3.sol"},{"line":397,"column":5,"severity":"Warning","message":"Use Custom Errors instead of require statements","ruleId":"custom-errors","fix":null,"filePath":"Benchmarks/Study_SamplesSet/23cdcd6d3e6ea50e02950ca2383949f3.sol"},{"line":405,"column":7,"severity":"Warning","message":"Use Custom Errors instead of require statements","ruleId":"custom-errors","fix":null,"filePath":"Benchmarks/Study_SamplesSet/23cdcd6d3e6ea50e02950ca2383949f3.sol"},{"line":405,"column":28,"severity":"Error","message":"Use double quotes for string literals","ruleId":"quotes","filePath":"Benchmarks/Study_SamplesSet/23cdcd6d3e6ea50e02950ca2383949f3.sol"},{"line":414,"column":1,"severity":"Warning","message":"Function name must be in mixedCase","ruleId":"func-name-mixedcase","fix":null,"filePath":"Benchmarks/Study_SamplesSet/23cdcd6d3e6ea50e02950ca2383949f3.sol"},{"line":414,"column":22,"severity":"Warning","message":"Variable name must be in mixedCase","ruleId":"var-name-mixedcase","fix":null,"filePath":"Benchmarks/Study_SamplesSet/23cdcd6d3e6ea50e02950ca2383949f3.sol"},{"line":421,"column":18,"severity":"Error","message":"Avoid making time-based decisions in your business logic","ruleId":"not-rely-on-time","fix":null,"filePath":"Benchmarks/Study_SamplesSet/23cdcd6d3e6ea50e02950ca2383949f3.sol"},{"line":423,"column":1,"severity":"Warning","message":"Function name must be in mixedCase","ruleId":"func-name-mixedcase","fix":null,"filePath":"Benchmarks/Study_SamplesSet/23cdcd6d3e6ea50e02950ca2383949f3.sol"},{"line":423,"column":22,"severity":"Warning","message":"Variable name must be in mixedCase","ruleId":"var-name-mixedcase","fix":null,"filePath":"Benchmarks/Study_SamplesSet/23cdcd6d3e6ea50e02950ca2383949f3.sol"},{"line":428,"column":21,"severity":"Warning","message":"Rule is set with explicit type [var/s: uint]","ruleId":"explicit-types","filePath":"Benchmarks/Study_SamplesSet/23cdcd6d3e6ea50e02950ca2383949f3.sol"},{"line":429,"column":5,"severity":"Warning","message":"Use Custom Errors instead of require statements","ruleId":"custom-errors","fix":null,"filePath":"Benchmarks/Study_SamplesSet/23cdcd6d3e6ea50e02950ca2383949f3.sol"},{"line":430,"column":5,"severity":"Warning","message":"Provide an error message for require","ruleId":"reason-string","fix":null,"filePath":"Benchmarks/Study_SamplesSet/23cdcd6d3e6ea50e02950ca2383949f3.sol"},{"line":430,"column":5,"severity":"Warning","message":"Use Custom Errors instead of require statements","ruleId":"custom-errors","fix":null,"filePath":"Benchmarks/Study_SamplesSet/23cdcd6d3e6ea50e02950ca2383949f3.sol"},{"line":433,"column":19,"severity":"Error","message":"Avoid making time-based decisions in your business logic","ruleId":"not-rely-on-time","fix":null,"filePath":"Benchmarks/Study_SamplesSet/23cdcd6d3e6ea50e02950ca2383949f3.sol"},{"line":435,"column":1,"severity":"Error","message":"Explicitly mark visibility of state","ruleId":"state-visibility","fix":null,"filePath":"Benchmarks/Study_SamplesSet/23cdcd6d3e6ea50e02950ca2383949f3.sol"},{"line":435,"column":1,"severity":"Warning","message":"Rule is set with explicit type [var/s: uint]","ruleId":"explicit-types","filePath":"Benchmarks/Study_SamplesSet/23cdcd6d3e6ea50e02950ca2383949f3.sol"},{"line":435,"column":1,"severity":"Warning","message":"Variable name must be in mixedCase","ruleId":"var-name-mixedcase","fix":null,"filePath":"Benchmarks/Study_SamplesSet/23cdcd6d3e6ea50e02950ca2383949f3.sol"},{"line":437,"column":1,"severity":"Warning","message":"Function name must be in mixedCase","ruleId":"func-name-mixedcase","fix":null,"filePath":"Benchmarks/Study_SamplesSet/23cdcd6d3e6ea50e02950ca2383949f3.sol"},{"line":437,"column":40,"severity":"Warning","message":"Rule is set with explicit type [var/s: uint]","ruleId":"explicit-types","filePath":"Benchmarks/Study_SamplesSet/23cdcd6d3e6ea50e02950ca2383949f3.sol"},{"line":438,"column":5,"severity":"Warning","message":"Provide an error message for require","ruleId":"reason-string","fix":null,"filePath":"Benchmarks/Study_SamplesSet/23cdcd6d3e6ea50e02950ca2383949f3.sol"},{"line":438,"column":5,"severity":"Warning","message":"Use Custom Errors instead of require statements","ruleId":"custom-errors","fix":null,"filePath":"Benchmarks/Study_SamplesSet/23cdcd6d3e6ea50e02950ca2383949f3.sol"},{"line":444,"column":40,"severity":"Warning","message":"Rule is set with explicit type [var/s: uint]","ruleId":"explicit-types","filePath":"Benchmarks/Study_SamplesSet/23cdcd6d3e6ea50e02950ca2383949f3.sol"},{"line":446,"column":5,"severity":"Warning","message":"Provide an error message for require","ruleId":"reason-string","fix":null,"filePath":"Benchmarks/Study_SamplesSet/23cdcd6d3e6ea50e02950ca2383949f3.sol"},{"line":446,"column":5,"severity":"Warning","message":"Use Custom Errors instead of require statements","ruleId":"custom-errors","fix":null,"filePath":"Benchmarks/Study_SamplesSet/23cdcd6d3e6ea50e02950ca2383949f3.sol"},{"line":447,"column":5,"severity":"Warning","message":"Provide an error message for require","ruleId":"reason-string","fix":null,"filePath":"Benchmarks/Study_SamplesSet/23cdcd6d3e6ea50e02950ca2383949f3.sol"},{"line":447,"column":5,"severity":"Warning","message":"Use Custom Errors instead of require statements","ruleId":"custom-errors","fix":null,"filePath":"Benchmarks/Study_SamplesSet/23cdcd6d3e6ea50e02950ca2383949f3.sol"},{"line":447,"column":13,"severity":"Error","message":"Explicitly mark all external contracts as trusted or untrusted","ruleId":"mark-callable-contracts","filePath":"Benchmarks/Study_SamplesSet/23cdcd6d3e6ea50e02950ca2383949f3.sol"},{"line":449,"column":18,"severity":"Error","message":"Avoid making time-based decisions in your business logic","ruleId":"not-rely-on-time","fix":null,"filePath":"Benchmarks/Study_SamplesSet/23cdcd6d3e6ea50e02950ca2383949f3.sol"},{"line":451,"column":1,"severity":"Warning","message":"Function name must be in mixedCase","ruleId":"func-name-mixedcase","fix":null,"filePath":"Benchmarks/Study_SamplesSet/23cdcd6d3e6ea50e02950ca2383949f3.sol"},{"line":451,"column":21,"severity":"Warning","message":"Variable name must be in mixedCase","ruleId":"var-name-mixedcase","fix":null,"filePath":"Benchmarks/Study_SamplesSet/23cdcd6d3e6ea50e02950ca2383949f3.sol"},{"line":456,"column":41,"severity":"Warning","message":"Rule is set with explicit type [var/s: uint]","ruleId":"explicit-types","filePath":"Benchmarks/Study_SamplesSet/23cdcd6d3e6ea50e02950ca2383949f3.sol"},{"line":457,"column":5,"severity":"Warning","message":"Use Custom Errors instead of require statements","ruleId":"custom-errors","fix":null,"filePath":"Benchmarks/Study_SamplesSet/23cdcd6d3e6ea50e02950ca2383949f3.sol"},{"line":458,"column":5,"severity":"Warning","message":"Provide an error message for require","ruleId":"reason-string","fix":null,"filePath":"Benchmarks/Study_SamplesSet/23cdcd6d3e6ea50e02950ca2383949f3.sol"},{"line":458,"column":5,"severity":"Warning","message":"Use Custom Errors instead of require statements","ruleId":"custom-errors","fix":null,"filePath":"Benchmarks/Study_SamplesSet/23cdcd6d3e6ea50e02950ca2383949f3.sol"},{"line":459,"column":5,"severity":"Warning","message":"Provide an error message for require","ruleId":"reason-string","fix":null,"filePath":"Benchmarks/Study_SamplesSet/23cdcd6d3e6ea50e02950ca2383949f3.sol"},{"line":459,"column":5,"severity":"Warning","message":"Use Custom Errors instead of require statements","ruleId":"custom-errors","fix":null,"filePath":"Benchmarks/Study_SamplesSet/23cdcd6d3e6ea50e02950ca2383949f3.sol"},{"line":461,"column":4,"severity":"Error","message":"Explicitly mark all external contracts as trusted or untrusted","ruleId":"mark-callable-contracts","filePath":"Benchmarks/Study_SamplesSet/23cdcd6d3e6ea50e02950ca2383949f3.sol"},{"line":462,"column":19,"severity":"Error","message":"Avoid making time-based decisions in your business logic","ruleId":"not-rely-on-time","fix":null,"filePath":"Benchmarks/Study_SamplesSet/23cdcd6d3e6ea50e02950ca2383949f3.sol"},{"line":464,"column":1,"severity":"Warning","message":"Function name must be in mixedCase","ruleId":"func-name-mixedcase","fix":null,"filePath":"Benchmarks/Study_SamplesSet/23cdcd6d3e6ea50e02950ca2383949f3.sol"},{"line":469,"column":72,"severity":"Warning","message":"Rule is set with explicit type [var/s: uint]","ruleId":"explicit-types","filePath":"Benchmarks/Study_SamplesSet/23cdcd6d3e6ea50e02950ca2383949f3.sol"},{"line":472,"column":1,"severity":"Warning","message":"Function name must be in mixedCase","ruleId":"func-name-mixedcase","fix":null,"filePath":"Benchmarks/Study_SamplesSet/23cdcd6d3e6ea50e02950ca2383949f3.sol"},{"line":477,"column":36,"severity":"Warning","message":"Rule is set with explicit type [var/s: uint]","ruleId":"explicit-types","filePath":"Benchmarks/Study_SamplesSet/23cdcd6d3e6ea50e02950ca2383949f3.sol"},{"line":477,"column":71,"severity":"Warning","message":"Rule is set with explicit type [var/s: uint]","ruleId":"explicit-types","filePath":"Benchmarks/Study_SamplesSet/23cdcd6d3e6ea50e02950ca2383949f3.sol"},{"line":477,"column":88,"severity":"Warning","message":"Rule is set with explicit type [var/s: uint]","ruleId":"explicit-types","filePath":"Benchmarks/Study_SamplesSet/23cdcd6d3e6ea50e02950ca2383949f3.sol"},{"line":477,"column":102,"severity":"Warning","message":"Rule is set with explicit type [var/s: uint]","ruleId":"explicit-types","filePath":"Benchmarks/Study_SamplesSet/23cdcd6d3e6ea50e02950ca2383949f3.sol"},{"line":480,"column":16,"severity":"Error","message":"Avoid making time-based decisions in your business logic","ruleId":"not-rely-on-time","fix":null,"filePath":"Benchmarks/Study_SamplesSet/23cdcd6d3e6ea50e02950ca2383949f3.sol"},{"line":482,"column":1,"severity":"Error","message":"Explicitly mark visibility of state","ruleId":"state-visibility","fix":null,"filePath":"Benchmarks/Study_SamplesSet/23cdcd6d3e6ea50e02950ca2383949f3.sol"},{"line":482,"column":1,"severity":"Warning","message":"Rule is set with explicit type [var/s: uint]","ruleId":"explicit-types","filePath":"Benchmarks/Study_SamplesSet/23cdcd6d3e6ea50e02950ca2383949f3.sol"},{"line":482,"column":1,"severity":"Warning","message":"Variable name must be in mixedCase","ruleId":"var-name-mixedcase","fix":null,"filePath":"Benchmarks/Study_SamplesSet/23cdcd6d3e6ea50e02950ca2383949f3.sol"},{"line":484,"column":1,"severity":"Warning","message":"Function name must be in mixedCase","ruleId":"func-name-mixedcase","fix":null,"filePath":"Benchmarks/Study_SamplesSet/23cdcd6d3e6ea50e02950ca2383949f3.sol"},{"line":484,"column":40,"severity":"Warning","message":"Rule is set with explicit type [var/s: uint]","ruleId":"explicit-types","filePath":"Benchmarks/Study_SamplesSet/23cdcd6d3e6ea50e02950ca2383949f3.sol"},{"line":485,"column":5,"severity":"Warning","message":"Provide an error message for require","ruleId":"reason-string","fix":null,"filePath":"Benchmarks/Study_SamplesSet/23cdcd6d3e6ea50e02950ca2383949f3.sol"},{"line":485,"column":5,"severity":"Warning","message":"Use Custom Errors instead of require statements","ruleId":"custom-errors","fix":null,"filePath":"Benchmarks/Study_SamplesSet/23cdcd6d3e6ea50e02950ca2383949f3.sol"},{"line":491,"column":36,"severity":"Warning","message":"Rule is set with explicit type [var/s: uint]","ruleId":"explicit-types","filePath":"Benchmarks/Study_SamplesSet/23cdcd6d3e6ea50e02950ca2383949f3.sol"},{"line":491,"column":71,"severity":"Warning","message":"Rule is set with explicit type [var/s: uint]","ruleId":"explicit-types","filePath":"Benchmarks/Study_SamplesSet/23cdcd6d3e6ea50e02950ca2383949f3.sol"},{"line":491,"column":88,"severity":"Warning","message":"Rule is set with explicit type [var/s: uint]","ruleId":"explicit-types","filePath":"Benchmarks/Study_SamplesSet/23cdcd6d3e6ea50e02950ca2383949f3.sol"},{"line":491,"column":102,"severity":"Warning","message":"Rule is set with explicit type [var/s: uint]","ruleId":"explicit-types","filePath":"Benchmarks/Study_SamplesSet/23cdcd6d3e6ea50e02950ca2383949f3.sol"},{"line":491,"column":159,"severity":"Warning","message":"Rule is set with explicit type [var/s: uint]","ruleId":"explicit-types","filePath":"Benchmarks/Study_SamplesSet/23cdcd6d3e6ea50e02950ca2383949f3.sol"},{"line":492,"column":5,"severity":"Warning","message":"Use Custom Errors instead of require statements","ruleId":"custom-errors","fix":null,"filePath":"Benchmarks/Study_SamplesSet/23cdcd6d3e6ea50e02950ca2383949f3.sol"},{"line":495,"column":5,"severity":"Warning","message":"Provide an error message for require","ruleId":"reason-string","fix":null,"filePath":"Benchmarks/Study_SamplesSet/23cdcd6d3e6ea50e02950ca2383949f3.sol"},{"line":495,"column":5,"severity":"Warning","message":"Use Custom Errors instead of require statements","ruleId":"custom-errors","fix":null,"filePath":"Benchmarks/Study_SamplesSet/23cdcd6d3e6ea50e02950ca2383949f3.sol"},{"line":502,"column":16,"severity":"Error","message":"Avoid making time-based decisions in your business logic","ruleId":"not-rely-on-time","fix":null,"filePath":"Benchmarks/Study_SamplesSet/23cdcd6d3e6ea50e02950ca2383949f3.sol"},{"line":505,"column":44,"severity":"Warning","message":"Rule is set with explicit type [var/s: uint]","ruleId":"explicit-types","filePath":"Benchmarks/Study_SamplesSet/23cdcd6d3e6ea50e02950ca2383949f3.sol"},{"line":505,"column":79,"severity":"Warning","message":"Rule is set with explicit type [var/s: uint]","ruleId":"explicit-types","filePath":"Benchmarks/Study_SamplesSet/23cdcd6d3e6ea50e02950ca2383949f3.sol"},{"line":505,"column":110,"severity":"Warning","message":"Rule is set with explicit type [var/s: uint]","ruleId":"explicit-types","filePath":"Benchmarks/Study_SamplesSet/23cdcd6d3e6ea50e02950ca2383949f3.sol"},{"line":507,"column":5,"severity":"Warning","message":"Rule is set with explicit type [var/s: uint]","ruleId":"explicit-types","filePath":"Benchmarks/Study_SamplesSet/23cdcd6d3e6ea50e02950ca2383949f3.sol"},{"line":515,"column":1,"severity":"Error","message":"Explicitly mark visibility of state","ruleId":"state-visibility","fix":null,"filePath":"Benchmarks/Study_SamplesSet/23cdcd6d3e6ea50e02950ca2383949f3.sol"},{"line":515,"column":1,"severity":"Warning","message":"Rule is set with explicit type [var/s: uint]","ruleId":"explicit-types","filePath":"Benchmarks/Study_SamplesSet/23cdcd6d3e6ea50e02950ca2383949f3.sol"},{"line":515,"column":1,"severity":"Warning","message":"Variable name must be in mixedCase","ruleId":"var-name-mixedcase","fix":null,"filePath":"Benchmarks/Study_SamplesSet/23cdcd6d3e6ea50e02950ca2383949f3.sol"},{"line":517,"column":1,"severity":"Warning","message":"Function name must be in mixedCase","ruleId":"func-name-mixedcase","fix":null,"filePath":"Benchmarks/Study_SamplesSet/23cdcd6d3e6ea50e02950ca2383949f3.sol"},{"line":517,"column":40,"severity":"Warning","message":"Rule is set with explicit type [var/s: uint]","ruleId":"explicit-types","filePath":"Benchmarks/Study_SamplesSet/23cdcd6d3e6ea50e02950ca2383949f3.sol"},{"line":518,"column":5,"severity":"Warning","message":"Provide an error message for require","ruleId":"reason-string","fix":null,"filePath":"Benchmarks/Study_SamplesSet/23cdcd6d3e6ea50e02950ca2383949f3.sol"},{"line":518,"column":5,"severity":"Warning","message":"Use Custom Errors instead of require statements","ruleId":"custom-errors","fix":null,"filePath":"Benchmarks/Study_SamplesSet/23cdcd6d3e6ea50e02950ca2383949f3.sol"},{"line":524,"column":40,"severity":"Warning","message":"Rule is set with explicit type [var/s: uint]","ruleId":"explicit-types","filePath":"Benchmarks/Study_SamplesSet/23cdcd6d3e6ea50e02950ca2383949f3.sol"},{"line":524,"column":75,"severity":"Warning","message":"Rule is set with explicit type [var/s: uint]","ruleId":"explicit-types","filePath":"Benchmarks/Study_SamplesSet/23cdcd6d3e6ea50e02950ca2383949f3.sol"},{"line":524,"column":92,"severity":"Warning","message":"Rule is set with explicit type [var/s: uint]","ruleId":"explicit-types","filePath":"Benchmarks/Study_SamplesSet/23cdcd6d3e6ea50e02950ca2383949f3.sol"},{"line":524,"column":106,"severity":"Warning","message":"Rule is set with explicit type [var/s: uint]","ruleId":"explicit-types","filePath":"Benchmarks/Study_SamplesSet/23cdcd6d3e6ea50e02950ca2383949f3.sol"},{"line":524,"column":163,"severity":"Warning","message":"Rule is set with explicit type [var/s: uint]","ruleId":"explicit-types","filePath":"Benchmarks/Study_SamplesSet/23cdcd6d3e6ea50e02950ca2383949f3.sol"},{"line":532,"column":1,"severity":"Warning","message":"Function name must be in mixedCase","ruleId":"func-name-mixedcase","fix":null,"filePath":"Benchmarks/Study_SamplesSet/23cdcd6d3e6ea50e02950ca2383949f3.sol"},{"line":532,"column":21,"severity":"Warning","message":"Variable name must be in mixedCase","ruleId":"var-name-mixedcase","fix":null,"filePath":"Benchmarks/Study_SamplesSet/23cdcd6d3e6ea50e02950ca2383949f3.sol"},{"line":537,"column":46,"severity":"Warning","message":"Rule is set with explicit type [var/s: uint]","ruleId":"explicit-types","filePath":"Benchmarks/Study_SamplesSet/23cdcd6d3e6ea50e02950ca2383949f3.sol"},{"line":537,"column":81,"severity":"Warning","message":"Rule is set with explicit type [var/s: uint]","ruleId":"explicit-types","filePath":"Benchmarks/Study_SamplesSet/23cdcd6d3e6ea50e02950ca2383949f3.sol"},{"line":537,"column":98,"severity":"Warning","message":"Rule is set with explicit type [var/s: uint]","ruleId":"explicit-types","filePath":"Benchmarks/Study_SamplesSet/23cdcd6d3e6ea50e02950ca2383949f3.sol"},{"line":537,"column":112,"severity":"Warning","message":"Rule is set with explicit type [var/s: uint]","ruleId":"explicit-types","filePath":"Benchmarks/Study_SamplesSet/23cdcd6d3e6ea50e02950ca2383949f3.sol"},{"line":537,"column":189,"severity":"Warning","message":"Rule is set with explicit type [var/s: uint]","ruleId":"explicit-types","filePath":"Benchmarks/Study_SamplesSet/23cdcd6d3e6ea50e02950ca2383949f3.sol"},{"line":539,"column":5,"severity":"Warning","message":"Rule is set with explicit type [var/s: uint]","ruleId":"explicit-types","filePath":"Benchmarks/Study_SamplesSet/23cdcd6d3e6ea50e02950ca2383949f3.sol"},{"line":551,"column":43,"severity":"Warning","message":"Rule is set with explicit type [var/s: uint]","ruleId":"explicit-types","filePath":"Benchmarks/Study_SamplesSet/23cdcd6d3e6ea50e02950ca2383949f3.sol"},{"line":551,"column":78,"severity":"Warning","message":"Rule is set with explicit type [var/s: uint]","ruleId":"explicit-types","filePath":"Benchmarks/Study_SamplesSet/23cdcd6d3e6ea50e02950ca2383949f3.sol"},{"line":551,"column":95,"severity":"Warning","message":"Rule is set with explicit type [var/s: uint]","ruleId":"explicit-types","filePath":"Benchmarks/Study_SamplesSet/23cdcd6d3e6ea50e02950ca2383949f3.sol"},{"line":551,"column":109,"severity":"Warning","message":"Rule is set with explicit type [var/s: uint]","ruleId":"explicit-types","filePath":"Benchmarks/Study_SamplesSet/23cdcd6d3e6ea50e02950ca2383949f3.sol"},{"line":551,"column":155,"severity":"Warning","message":"Rule is set with explicit type [var/s: uint]","ruleId":"explicit-types","filePath":"Benchmarks/Study_SamplesSet/23cdcd6d3e6ea50e02950ca2383949f3.sol"},{"line":555,"column":1,"severity":"Warning","message":"Function name must be in mixedCase","ruleId":"func-name-mixedcase","fix":null,"filePath":"Benchmarks/Study_SamplesSet/23cdcd6d3e6ea50e02950ca2383949f3.sol"},{"line":560,"column":42,"severity":"Warning","message":"Rule is set with explicit type [var/s: uint]","ruleId":"explicit-types","filePath":"Benchmarks/Study_SamplesSet/23cdcd6d3e6ea50e02950ca2383949f3.sol"},{"line":560,"column":77,"severity":"Warning","message":"Rule is set with explicit type [var/s: uint]","ruleId":"explicit-types","filePath":"Benchmarks/Study_SamplesSet/23cdcd6d3e6ea50e02950ca2383949f3.sol"},{"line":560,"column":94,"severity":"Warning","message":"Rule is set with explicit type [var/s: uint]","ruleId":"explicit-types","filePath":"Benchmarks/Study_SamplesSet/23cdcd6d3e6ea50e02950ca2383949f3.sol"},{"line":560,"column":108,"severity":"Warning","message":"Rule is set with explicit type [var/s: uint]","ruleId":"explicit-types","filePath":"Benchmarks/Study_SamplesSet/23cdcd6d3e6ea50e02950ca2383949f3.sol"},{"line":561,"column":5,"severity":"Warning","message":"Use Custom Errors instead of require statements","ruleId":"custom-errors","fix":null,"filePath":"Benchmarks/Study_SamplesSet/23cdcd6d3e6ea50e02950ca2383949f3.sol"},{"line":563,"column":5,"severity":"Warning","message":"Provide an error message for require","ruleId":"reason-string","fix":null,"filePath":"Benchmarks/Study_SamplesSet/23cdcd6d3e6ea50e02950ca2383949f3.sol"},{"line":563,"column":5,"severity":"Warning","message":"Use Custom Errors instead of require statements","ruleId":"custom-errors","fix":null,"filePath":"Benchmarks/Study_SamplesSet/23cdcd6d3e6ea50e02950ca2383949f3.sol"},{"line":565,"column":17,"severity":"Error","message":"Avoid making time-based decisions in your business logic","ruleId":"not-rely-on-time","fix":null,"filePath":"Benchmarks/Study_SamplesSet/23cdcd6d3e6ea50e02950ca2383949f3.sol"},{"conclusion":"265 problem/s (28 error/s, 237 warning/s)"}]
