[{"line":1,"column":1,"severity":"Warning","message":"Found more than One contract per file. 4 contracts found!","ruleId":"one-contract-per-file","fix":null,"filePath":"Benchmarks/Study_SamplesSet/24e18c72fa5d744951c4e5fb8dc88585.sol"},{"line":1,"column":1,"severity":"Error","message":"Compiler version ^0.4.0 does not satisfy the ^0.8.0 semver requirement","ruleId":"compiler-version","fix":null,"filePath":"Benchmarks/Study_SamplesSet/24e18c72fa5d744951c4e5fb8dc88585.sol"},{"line":4,"column":5,"severity":"Error","message":"Explicitly mark visibility in function","ruleId":"func-visibility","fix":null,"filePath":"Benchmarks/Study_SamplesSet/24e18c72fa5d744951c4e5fb8dc88585.sol"},{"line":4,"column":20,"severity":"Warning","message":"Rule is set with explicit type [var/s: uint]","ruleId":"explicit-types","filePath":"Benchmarks/Study_SamplesSet/24e18c72fa5d744951c4e5fb8dc88585.sol"},{"line":5,"column":5,"severity":"Warning","message":"Function name must be in mixedCase","ruleId":"func-name-mixedcase","fix":null,"filePath":"Benchmarks/Study_SamplesSet/24e18c72fa5d744951c4e5fb8dc88585.sol"},{"line":5,"column":5,"severity":"Error","message":"Explicitly mark visibility in function","ruleId":"func-visibility","fix":null,"filePath":"Benchmarks/Study_SamplesSet/24e18c72fa5d744951c4e5fb8dc88585.sol"},{"line":5,"column":33,"severity":"Warning","message":"Rule is set with explicit type [var/s: uint]","ruleId":"explicit-types","filePath":"Benchmarks/Study_SamplesSet/24e18c72fa5d744951c4e5fb8dc88585.sol"},{"line":5,"column":83,"severity":"Warning","message":"Rule is set with explicit type [var/s: uint]","ruleId":"explicit-types","filePath":"Benchmarks/Study_SamplesSet/24e18c72fa5d744951c4e5fb8dc88585.sol"},{"line":6,"column":5,"severity":"Error","message":"Explicitly mark visibility in function","ruleId":"func-visibility","fix":null,"filePath":"Benchmarks/Study_SamplesSet/24e18c72fa5d744951c4e5fb8dc88585.sol"},{"line":6,"column":21,"severity":"Warning","message":"Rule is set with explicit type [var/s: uint]","ruleId":"explicit-types","filePath":"Benchmarks/Study_SamplesSet/24e18c72fa5d744951c4e5fb8dc88585.sol"},{"line":7,"column":5,"severity":"Warning","message":"Function name must be in mixedCase","ruleId":"func-name-mixedcase","fix":null,"filePath":"Benchmarks/Study_SamplesSet/24e18c72fa5d744951c4e5fb8dc88585.sol"},{"line":7,"column":5,"severity":"Error","message":"Explicitly mark visibility in function","ruleId":"func-visibility","fix":null,"filePath":"Benchmarks/Study_SamplesSet/24e18c72fa5d744951c4e5fb8dc88585.sol"},{"line":7,"column":34,"severity":"Warning","message":"Rule is set with explicit type [var/s: uint]","ruleId":"explicit-types","filePath":"Benchmarks/Study_SamplesSet/24e18c72fa5d744951c4e5fb8dc88585.sol"},{"line":7,"column":99,"severity":"Warning","message":"Rule is set with explicit type [var/s: uint]","ruleId":"explicit-types","filePath":"Benchmarks/Study_SamplesSet/24e18c72fa5d744951c4e5fb8dc88585.sol"},{"line":8,"column":5,"severity":"Error","message":"Explicitly mark visibility in function","ruleId":"func-visibility","fix":null,"filePath":"Benchmarks/Study_SamplesSet/24e18c72fa5d744951c4e5fb8dc88585.sol"},{"line":8,"column":52,"severity":"Warning","message":"Rule is set with explicit type [var/s: uint]","ruleId":"explicit-types","filePath":"Benchmarks/Study_SamplesSet/24e18c72fa5d744951c4e5fb8dc88585.sol"},{"line":9,"column":5,"severity":"Error","message":"Explicitly mark visibility in function","ruleId":"func-visibility","fix":null,"filePath":"Benchmarks/Study_SamplesSet/24e18c72fa5d744951c4e5fb8dc88585.sol"},{"line":9,"column":43,"severity":"Warning","message":"Rule is set with explicit type [var/s: uint]","ruleId":"explicit-types","filePath":"Benchmarks/Study_SamplesSet/24e18c72fa5d744951c4e5fb8dc88585.sol"},{"line":9,"column":67,"severity":"Warning","message":"Rule is set with explicit type [var/s: uint]","ruleId":"explicit-types","filePath":"Benchmarks/Study_SamplesSet/24e18c72fa5d744951c4e5fb8dc88585.sol"},{"line":10,"column":5,"severity":"Error","message":"Explicitly mark visibility in function","ruleId":"func-visibility","fix":null,"filePath":"Benchmarks/Study_SamplesSet/24e18c72fa5d744951c4e5fb8dc88585.sol"},{"line":11,"column":5,"severity":"Error","message":"Explicitly mark visibility in function","ruleId":"func-visibility","fix":null,"filePath":"Benchmarks/Study_SamplesSet/24e18c72fa5d744951c4e5fb8dc88585.sol"},{"line":12,"column":5,"severity":"Error","message":"Explicitly mark visibility in function","ruleId":"func-visibility","fix":null,"filePath":"Benchmarks/Study_SamplesSet/24e18c72fa5d744951c4e5fb8dc88585.sol"},{"line":12,"column":32,"severity":"Warning","message":"Rule is set with explicit type [var/s: uint]","ruleId":"explicit-types","filePath":"Benchmarks/Study_SamplesSet/24e18c72fa5d744951c4e5fb8dc88585.sol"},{"line":15,"column":5,"severity":"Error","message":"Explicitly mark visibility in function","ruleId":"func-visibility","fix":null,"filePath":"Benchmarks/Study_SamplesSet/24e18c72fa5d744951c4e5fb8dc88585.sol"},{"line":17,"column":1,"severity":"Warning","message":"Contract, Structs and Enums should be in CamelCase","ruleId":"contract-name-camelcase","filePath":"Benchmarks/Study_SamplesSet/24e18c72fa5d744951c4e5fb8dc88585.sol"},{"line":18,"column":5,"severity":"Error","message":"Explicitly mark visibility of state","ruleId":"state-visibility","fix":null,"filePath":"Benchmarks/Study_SamplesSet/24e18c72fa5d744951c4e5fb8dc88585.sol"},{"line":18,"column":5,"severity":"Warning","message":"Rule is set with explicit type [var/s: uint]","ruleId":"explicit-types","filePath":"Benchmarks/Study_SamplesSet/24e18c72fa5d744951c4e5fb8dc88585.sol"},{"line":18,"column":5,"severity":"Warning","message":"Constant name must be in capitalized SNAKE_CASE","ruleId":"const-name-snakecase","fix":null,"filePath":"Benchmarks/Study_SamplesSet/24e18c72fa5d744951c4e5fb8dc88585.sol"},{"line":19,"column":5,"severity":"Error","message":"Explicitly mark visibility of state","ruleId":"state-visibility","fix":null,"filePath":"Benchmarks/Study_SamplesSet/24e18c72fa5d744951c4e5fb8dc88585.sol"},{"line":19,"column":5,"severity":"Warning","message":"Rule is set with explicit type [var/s: uint]","ruleId":"explicit-types","filePath":"Benchmarks/Study_SamplesSet/24e18c72fa5d744951c4e5fb8dc88585.sol"},{"line":19,"column":5,"severity":"Warning","message":"Constant name must be in capitalized SNAKE_CASE","ruleId":"const-name-snakecase","fix":null,"filePath":"Benchmarks/Study_SamplesSet/24e18c72fa5d744951c4e5fb8dc88585.sol"},{"line":20,"column":5,"severity":"Error","message":"Explicitly mark visibility of state","ruleId":"state-visibility","fix":null,"filePath":"Benchmarks/Study_SamplesSet/24e18c72fa5d744951c4e5fb8dc88585.sol"},{"line":20,"column":5,"severity":"Warning","message":"Rule is set with explicit type [var/s: uint]","ruleId":"explicit-types","filePath":"Benchmarks/Study_SamplesSet/24e18c72fa5d744951c4e5fb8dc88585.sol"},{"line":20,"column":5,"severity":"Warning","message":"Constant name must be in capitalized SNAKE_CASE","ruleId":"const-name-snakecase","fix":null,"filePath":"Benchmarks/Study_SamplesSet/24e18c72fa5d744951c4e5fb8dc88585.sol"},{"line":21,"column":5,"severity":"Error","message":"Explicitly mark visibility of state","ruleId":"state-visibility","fix":null,"filePath":"Benchmarks/Study_SamplesSet/24e18c72fa5d744951c4e5fb8dc88585.sol"},{"line":21,"column":5,"severity":"Warning","message":"Constant name must be in capitalized SNAKE_CASE","ruleId":"const-name-snakecase","fix":null,"filePath":"Benchmarks/Study_SamplesSet/24e18c72fa5d744951c4e5fb8dc88585.sol"},{"line":22,"column":5,"severity":"Error","message":"Explicitly mark visibility of state","ruleId":"state-visibility","fix":null,"filePath":"Benchmarks/Study_SamplesSet/24e18c72fa5d744951c4e5fb8dc88585.sol"},{"line":22,"column":5,"severity":"Warning","message":"Constant name must be in capitalized SNAKE_CASE","ruleId":"const-name-snakecase","fix":null,"filePath":"Benchmarks/Study_SamplesSet/24e18c72fa5d744951c4e5fb8dc88585.sol"},{"line":23,"column":5,"severity":"Error","message":"Explicitly mark visibility of state","ruleId":"state-visibility","fix":null,"filePath":"Benchmarks/Study_SamplesSet/24e18c72fa5d744951c4e5fb8dc88585.sol"},{"line":23,"column":5,"severity":"Warning","message":"Constant name must be in capitalized SNAKE_CASE","ruleId":"const-name-snakecase","fix":null,"filePath":"Benchmarks/Study_SamplesSet/24e18c72fa5d744951c4e5fb8dc88585.sol"},{"line":24,"column":5,"severity":"Error","message":"Explicitly mark visibility of state","ruleId":"state-visibility","fix":null,"filePath":"Benchmarks/Study_SamplesSet/24e18c72fa5d744951c4e5fb8dc88585.sol"},{"line":24,"column":5,"severity":"Warning","message":"Constant name must be in capitalized SNAKE_CASE","ruleId":"const-name-snakecase","fix":null,"filePath":"Benchmarks/Study_SamplesSet/24e18c72fa5d744951c4e5fb8dc88585.sol"},{"line":25,"column":5,"severity":"Error","message":"Explicitly mark visibility of state","ruleId":"state-visibility","fix":null,"filePath":"Benchmarks/Study_SamplesSet/24e18c72fa5d744951c4e5fb8dc88585.sol"},{"line":25,"column":5,"severity":"Warning","message":"Constant name must be in capitalized SNAKE_CASE","ruleId":"const-name-snakecase","fix":null,"filePath":"Benchmarks/Study_SamplesSet/24e18c72fa5d744951c4e5fb8dc88585.sol"},{"line":26,"column":5,"severity":"Error","message":"Explicitly mark visibility of state","ruleId":"state-visibility","fix":null,"filePath":"Benchmarks/Study_SamplesSet/24e18c72fa5d744951c4e5fb8dc88585.sol"},{"line":26,"column":5,"severity":"Warning","message":"Constant name must be in capitalized SNAKE_CASE","ruleId":"const-name-snakecase","fix":null,"filePath":"Benchmarks/Study_SamplesSet/24e18c72fa5d744951c4e5fb8dc88585.sol"},{"line":27,"column":5,"severity":"Error","message":"Explicitly mark visibility of state","ruleId":"state-visibility","fix":null,"filePath":"Benchmarks/Study_SamplesSet/24e18c72fa5d744951c4e5fb8dc88585.sol"},{"line":27,"column":5,"severity":"Warning","message":"Constant name must be in capitalized SNAKE_CASE","ruleId":"const-name-snakecase","fix":null,"filePath":"Benchmarks/Study_SamplesSet/24e18c72fa5d744951c4e5fb8dc88585.sol"},{"line":28,"column":5,"severity":"Error","message":"Explicitly mark visibility of state","ruleId":"state-visibility","fix":null,"filePath":"Benchmarks/Study_SamplesSet/24e18c72fa5d744951c4e5fb8dc88585.sol"},{"line":28,"column":5,"severity":"Warning","message":"Constant name must be in capitalized SNAKE_CASE","ruleId":"const-name-snakecase","fix":null,"filePath":"Benchmarks/Study_SamplesSet/24e18c72fa5d744951c4e5fb8dc88585.sol"},{"line":30,"column":5,"severity":"Error","message":"Explicitly mark visibility of state","ruleId":"state-visibility","fix":null,"filePath":"Benchmarks/Study_SamplesSet/24e18c72fa5d744951c4e5fb8dc88585.sol"},{"line":30,"column":5,"severity":"Warning","message":"Variable name must be in mixedCase","ruleId":"var-name-mixedcase","fix":null,"filePath":"Benchmarks/Study_SamplesSet/24e18c72fa5d744951c4e5fb8dc88585.sol"},{"line":32,"column":5,"severity":"Error","message":"Explicitly mark visibility of state","ruleId":"state-visibility","fix":null,"filePath":"Benchmarks/Study_SamplesSet/24e18c72fa5d744951c4e5fb8dc88585.sol"},{"line":35,"column":20,"severity":"Error","message":"Explicitly mark all external contracts as trusted or untrusted","ruleId":"mark-callable-contracts","filePath":"Benchmarks/Study_SamplesSet/24e18c72fa5d744951c4e5fb8dc88585.sol"},{"line":35,"column":30,"severity":"Error","message":"Explicitly mark all external contracts as trusted or untrusted","ruleId":"mark-callable-contracts","filePath":"Benchmarks/Study_SamplesSet/24e18c72fa5d744951c4e5fb8dc88585.sol"},{"line":39,"column":20,"severity":"Error","message":"Explicitly mark all external contracts as trusted or untrusted","ruleId":"mark-callable-contracts","filePath":"Benchmarks/Study_SamplesSet/24e18c72fa5d744951c4e5fb8dc88585.sol"},{"line":39,"column":30,"severity":"Error","message":"Explicitly mark all external contracts as trusted or untrusted","ruleId":"mark-callable-contracts","filePath":"Benchmarks/Study_SamplesSet/24e18c72fa5d744951c4e5fb8dc88585.sol"},{"line":44,"column":5,"severity":"Warning","message":"Function name must be in mixedCase","ruleId":"func-name-mixedcase","fix":null,"filePath":"Benchmarks/Study_SamplesSet/24e18c72fa5d744951c4e5fb8dc88585.sol"},{"line":44,"column":34,"severity":"Warning","message":"Variable \"networkID\" is unused","ruleId":"no-unused-vars","fix":null,"filePath":"Benchmarks/Study_SamplesSet/24e18c72fa5d744951c4e5fb8dc88585.sol"},{"line":46,"column":13,"severity":"Error","message":"Explicitly mark all external contracts as trusted or untrusted","ruleId":"mark-callable-contracts","filePath":"Benchmarks/Study_SamplesSet/24e18c72fa5d744951c4e5fb8dc88585.sol"},{"line":46,"column":19,"severity":"Error","message":"Explicitly mark all external contracts as trusted or untrusted","ruleId":"mark-callable-contracts","filePath":"Benchmarks/Study_SamplesSet/24e18c72fa5d744951c4e5fb8dc88585.sol"},{"line":50,"column":13,"severity":"Error","message":"Explicitly mark all external contracts as trusted or untrusted","ruleId":"mark-callable-contracts","filePath":"Benchmarks/Study_SamplesSet/24e18c72fa5d744951c4e5fb8dc88585.sol"},{"line":50,"column":19,"severity":"Error","message":"Explicitly mark all external contracts as trusted or untrusted","ruleId":"mark-callable-contracts","filePath":"Benchmarks/Study_SamplesSet/24e18c72fa5d744951c4e5fb8dc88585.sol"},{"line":54,"column":13,"severity":"Error","message":"Explicitly mark all external contracts as trusted or untrusted","ruleId":"mark-callable-contracts","filePath":"Benchmarks/Study_SamplesSet/24e18c72fa5d744951c4e5fb8dc88585.sol"},{"line":54,"column":19,"severity":"Error","message":"Explicitly mark all external contracts as trusted or untrusted","ruleId":"mark-callable-contracts","filePath":"Benchmarks/Study_SamplesSet/24e18c72fa5d744951c4e5fb8dc88585.sol"},{"line":58,"column":13,"severity":"Error","message":"Explicitly mark all external contracts as trusted or untrusted","ruleId":"mark-callable-contracts","filePath":"Benchmarks/Study_SamplesSet/24e18c72fa5d744951c4e5fb8dc88585.sol"},{"line":58,"column":19,"severity":"Error","message":"Explicitly mark all external contracts as trusted or untrusted","ruleId":"mark-callable-contracts","filePath":"Benchmarks/Study_SamplesSet/24e18c72fa5d744951c4e5fb8dc88585.sol"},{"line":62,"column":13,"severity":"Error","message":"Explicitly mark all external contracts as trusted or untrusted","ruleId":"mark-callable-contracts","filePath":"Benchmarks/Study_SamplesSet/24e18c72fa5d744951c4e5fb8dc88585.sol"},{"line":62,"column":19,"severity":"Error","message":"Explicitly mark all external contracts as trusted or untrusted","ruleId":"mark-callable-contracts","filePath":"Benchmarks/Study_SamplesSet/24e18c72fa5d744951c4e5fb8dc88585.sol"},{"line":66,"column":13,"severity":"Error","message":"Explicitly mark all external contracts as trusted or untrusted","ruleId":"mark-callable-contracts","filePath":"Benchmarks/Study_SamplesSet/24e18c72fa5d744951c4e5fb8dc88585.sol"},{"line":66,"column":19,"severity":"Error","message":"Explicitly mark all external contracts as trusted or untrusted","ruleId":"mark-callable-contracts","filePath":"Benchmarks/Study_SamplesSet/24e18c72fa5d744951c4e5fb8dc88585.sol"},{"line":72,"column":5,"severity":"Warning","message":"Function name must be in mixedCase","ruleId":"func-name-mixedcase","fix":null,"filePath":"Benchmarks/Study_SamplesSet/24e18c72fa5d744951c4e5fb8dc88585.sol"},{"line":72,"column":72,"severity":"Warning","message":"Visibility modifier must be first in list of modifiers","ruleId":"visibility-modifier-order","fix":null,"filePath":"Benchmarks/Study_SamplesSet/24e18c72fa5d744951c4e5fb8dc88585.sol"},{"line":73,"column":9,"severity":"Warning","message":"Rule is set with explicit type [var/s: uint]","ruleId":"explicit-types","filePath":"Benchmarks/Study_SamplesSet/24e18c72fa5d744951c4e5fb8dc88585.sol"},{"line":77,"column":5,"severity":"Warning","message":"Function name must be in mixedCase","ruleId":"func-name-mixedcase","fix":null,"filePath":"Benchmarks/Study_SamplesSet/24e18c72fa5d744951c4e5fb8dc88585.sol"},{"line":77,"column":88,"severity":"Warning","message":"Visibility modifier must be first in list of modifiers","ruleId":"visibility-modifier-order","fix":null,"filePath":"Benchmarks/Study_SamplesSet/24e18c72fa5d744951c4e5fb8dc88585.sol"},{"line":77,"column":29,"severity":"Warning","message":"Rule is set with explicit type [var/s: uint]","ruleId":"explicit-types","filePath":"Benchmarks/Study_SamplesSet/24e18c72fa5d744951c4e5fb8dc88585.sol"},{"line":78,"column":9,"severity":"Warning","message":"Rule is set with explicit type [var/s: uint]","ruleId":"explicit-types","filePath":"Benchmarks/Study_SamplesSet/24e18c72fa5d744951c4e5fb8dc88585.sol"},{"line":82,"column":5,"severity":"Warning","message":"Function name must be in mixedCase","ruleId":"func-name-mixedcase","fix":null,"filePath":"Benchmarks/Study_SamplesSet/24e18c72fa5d744951c4e5fb8dc88585.sol"},{"line":82,"column":103,"severity":"Warning","message":"Visibility modifier must be first in list of modifiers","ruleId":"visibility-modifier-order","fix":null,"filePath":"Benchmarks/Study_SamplesSet/24e18c72fa5d744951c4e5fb8dc88585.sol"},{"line":82,"column":29,"severity":"Warning","message":"Rule is set with explicit type [var/s: uint]","ruleId":"explicit-types","filePath":"Benchmarks/Study_SamplesSet/24e18c72fa5d744951c4e5fb8dc88585.sol"},{"line":82,"column":76,"severity":"Warning","message":"Rule is set with explicit type [var/s: uint]","ruleId":"explicit-types","filePath":"Benchmarks/Study_SamplesSet/24e18c72fa5d744951c4e5fb8dc88585.sol"},{"line":83,"column":9,"severity":"Warning","message":"Rule is set with explicit type [var/s: uint]","ruleId":"explicit-types","filePath":"Benchmarks/Study_SamplesSet/24e18c72fa5d744951c4e5fb8dc88585.sol"},{"line":87,"column":5,"severity":"Warning","message":"Function name must be in mixedCase","ruleId":"func-name-mixedcase","fix":null,"filePath":"Benchmarks/Study_SamplesSet/24e18c72fa5d744951c4e5fb8dc88585.sol"},{"line":87,"column":87,"severity":"Warning","message":"Visibility modifier must be first in list of modifiers","ruleId":"visibility-modifier-order","fix":null,"filePath":"Benchmarks/Study_SamplesSet/24e18c72fa5d744951c4e5fb8dc88585.sol"},{"line":87,"column":60,"severity":"Warning","message":"Rule is set with explicit type [var/s: uint]","ruleId":"explicit-types","filePath":"Benchmarks/Study_SamplesSet/24e18c72fa5d744951c4e5fb8dc88585.sol"},{"line":88,"column":9,"severity":"Warning","message":"Rule is set with explicit type [var/s: uint]","ruleId":"explicit-types","filePath":"Benchmarks/Study_SamplesSet/24e18c72fa5d744951c4e5fb8dc88585.sol"},{"line":92,"column":5,"severity":"Warning","message":"Function name must be in mixedCase","ruleId":"func-name-mixedcase","fix":null,"filePath":"Benchmarks/Study_SamplesSet/24e18c72fa5d744951c4e5fb8dc88585.sol"},{"line":92,"column":86,"severity":"Warning","message":"Visibility modifier must be first in list of modifiers","ruleId":"visibility-modifier-order","fix":null,"filePath":"Benchmarks/Study_SamplesSet/24e18c72fa5d744951c4e5fb8dc88585.sol"},{"line":93,"column":9,"severity":"Warning","message":"Rule is set with explicit type [var/s: uint]","ruleId":"explicit-types","filePath":"Benchmarks/Study_SamplesSet/24e18c72fa5d744951c4e5fb8dc88585.sol"},{"line":97,"column":5,"severity":"Warning","message":"Function name must be in mixedCase","ruleId":"func-name-mixedcase","fix":null,"filePath":"Benchmarks/Study_SamplesSet/24e18c72fa5d744951c4e5fb8dc88585.sol"},{"line":97,"column":102,"severity":"Warning","message":"Visibility modifier must be first in list of modifiers","ruleId":"visibility-modifier-order","fix":null,"filePath":"Benchmarks/Study_SamplesSet/24e18c72fa5d744951c4e5fb8dc88585.sol"},{"line":97,"column":29,"severity":"Warning","message":"Rule is set with explicit type [var/s: uint]","ruleId":"explicit-types","filePath":"Benchmarks/Study_SamplesSet/24e18c72fa5d744951c4e5fb8dc88585.sol"},{"line":98,"column":9,"severity":"Warning","message":"Rule is set with explicit type [var/s: uint]","ruleId":"explicit-types","filePath":"Benchmarks/Study_SamplesSet/24e18c72fa5d744951c4e5fb8dc88585.sol"},{"line":102,"column":5,"severity":"Warning","message":"Function name must be in mixedCase","ruleId":"func-name-mixedcase","fix":null,"filePath":"Benchmarks/Study_SamplesSet/24e18c72fa5d744951c4e5fb8dc88585.sol"},{"line":102,"column":117,"severity":"Warning","message":"Visibility modifier must be first in list of modifiers","ruleId":"visibility-modifier-order","fix":null,"filePath":"Benchmarks/Study_SamplesSet/24e18c72fa5d744951c4e5fb8dc88585.sol"},{"line":102,"column":29,"severity":"Warning","message":"Rule is set with explicit type [var/s: uint]","ruleId":"explicit-types","filePath":"Benchmarks/Study_SamplesSet/24e18c72fa5d744951c4e5fb8dc88585.sol"},{"line":102,"column":90,"severity":"Warning","message":"Rule is set with explicit type [var/s: uint]","ruleId":"explicit-types","filePath":"Benchmarks/Study_SamplesSet/24e18c72fa5d744951c4e5fb8dc88585.sol"},{"line":103,"column":9,"severity":"Warning","message":"Rule is set with explicit type [var/s: uint]","ruleId":"explicit-types","filePath":"Benchmarks/Study_SamplesSet/24e18c72fa5d744951c4e5fb8dc88585.sol"},{"line":107,"column":5,"severity":"Warning","message":"Function name must be in mixedCase","ruleId":"func-name-mixedcase","fix":null,"filePath":"Benchmarks/Study_SamplesSet/24e18c72fa5d744951c4e5fb8dc88585.sol"},{"line":107,"column":101,"severity":"Warning","message":"Visibility modifier must be first in list of modifiers","ruleId":"visibility-modifier-order","fix":null,"filePath":"Benchmarks/Study_SamplesSet/24e18c72fa5d744951c4e5fb8dc88585.sol"},{"line":107,"column":74,"severity":"Warning","message":"Rule is set with explicit type [var/s: uint]","ruleId":"explicit-types","filePath":"Benchmarks/Study_SamplesSet/24e18c72fa5d744951c4e5fb8dc88585.sol"},{"line":108,"column":9,"severity":"Warning","message":"Rule is set with explicit type [var/s: uint]","ruleId":"explicit-types","filePath":"Benchmarks/Study_SamplesSet/24e18c72fa5d744951c4e5fb8dc88585.sol"},{"line":112,"column":5,"severity":"Warning","message":"Function name must be in mixedCase","ruleId":"func-name-mixedcase","fix":null,"filePath":"Benchmarks/Study_SamplesSet/24e18c72fa5d744951c4e5fb8dc88585.sol"},{"line":112,"column":47,"severity":"Warning","message":"Visibility modifier must be first in list of modifiers","ruleId":"visibility-modifier-order","fix":null,"filePath":"Benchmarks/Study_SamplesSet/24e18c72fa5d744951c4e5fb8dc88585.sol"},{"line":115,"column":5,"severity":"Warning","message":"Function name must be in mixedCase","ruleId":"func-name-mixedcase","fix":null,"filePath":"Benchmarks/Study_SamplesSet/24e18c72fa5d744951c4e5fb8dc88585.sol"},{"line":115,"column":57,"severity":"Warning","message":"Visibility modifier must be first in list of modifiers","ruleId":"visibility-modifier-order","fix":null,"filePath":"Benchmarks/Study_SamplesSet/24e18c72fa5d744951c4e5fb8dc88585.sol"},{"line":118,"column":5,"severity":"Warning","message":"Function name must be in mixedCase","ruleId":"func-name-mixedcase","fix":null,"filePath":"Benchmarks/Study_SamplesSet/24e18c72fa5d744951c4e5fb8dc88585.sol"},{"line":118,"column":68,"severity":"Warning","message":"Visibility modifier must be first in list of modifiers","ruleId":"visibility-modifier-order","fix":null,"filePath":"Benchmarks/Study_SamplesSet/24e18c72fa5d744951c4e5fb8dc88585.sol"},{"line":118,"column":41,"severity":"Warning","message":"Rule is set with explicit type [var/s: uint]","ruleId":"explicit-types","filePath":"Benchmarks/Study_SamplesSet/24e18c72fa5d744951c4e5fb8dc88585.sol"},{"line":122,"column":50,"severity":"Warning","message":"Visibility modifier must be first in list of modifiers","ruleId":"visibility-modifier-order","fix":null,"filePath":"Benchmarks/Study_SamplesSet/24e18c72fa5d744951c4e5fb8dc88585.sol"},{"line":122,"column":67,"severity":"Warning","message":"Rule is set with explicit type [var/s: uint]","ruleId":"explicit-types","filePath":"Benchmarks/Study_SamplesSet/24e18c72fa5d744951c4e5fb8dc88585.sol"},{"line":123,"column":9,"severity":"Error","message":"Avoid to use inline assembly. It is acceptable only in rare cases","ruleId":"no-inline-assembly","fix":null,"filePath":"Benchmarks/Study_SamplesSet/24e18c72fa5d744951c4e5fb8dc88585.sol"},{"line":134,"column":14,"severity":"Warning","message":"Rule is set with explicit type [var/s: uint]","ruleId":"explicit-types","filePath":"Benchmarks/Study_SamplesSet/24e18c72fa5d744951c4e5fb8dc88585.sol"},{"line":148,"column":65,"severity":"Warning","message":"Rule is set with explicit type [var/s: int]","ruleId":"explicit-types","filePath":"Benchmarks/Study_SamplesSet/24e18c72fa5d744951c4e5fb8dc88585.sol"},{"line":151,"column":9,"severity":"Warning","message":"Rule is set with explicit type [var/s: uint]","ruleId":"explicit-types","filePath":"Benchmarks/Study_SamplesSet/24e18c72fa5d744951c4e5fb8dc88585.sol"},{"line":153,"column":14,"severity":"Warning","message":"Rule is set with explicit type [var/s: uint]","ruleId":"explicit-types","filePath":"Benchmarks/Study_SamplesSet/24e18c72fa5d744951c4e5fb8dc88585.sol"},{"line":166,"column":74,"severity":"Warning","message":"Rule is set with explicit type [var/s: int]","ruleId":"explicit-types","filePath":"Benchmarks/Study_SamplesSet/24e18c72fa5d744951c4e5fb8dc88585.sol"},{"line":176,"column":13,"severity":"Warning","message":"Rule is set with explicit type [var/s: uint]","ruleId":"explicit-types","filePath":"Benchmarks/Study_SamplesSet/24e18c72fa5d744951c4e5fb8dc88585.sol"},{"line":177,"column":18,"severity":"Warning","message":"Rule is set with explicit type [var/s: uint]","ruleId":"explicit-types","filePath":"Benchmarks/Study_SamplesSet/24e18c72fa5d744951c4e5fb8dc88585.sol"},{"line":202,"column":9,"severity":"Warning","message":"Rule is set with explicit type [var/s: uint]","ruleId":"explicit-types","filePath":"Benchmarks/Study_SamplesSet/24e18c72fa5d744951c4e5fb8dc88585.sol"},{"line":203,"column":14,"severity":"Warning","message":"Rule is set with explicit type [var/s: uint]","ruleId":"explicit-types","filePath":"Benchmarks/Study_SamplesSet/24e18c72fa5d744951c4e5fb8dc88585.sol"},{"line":224,"column":52,"severity":"Warning","message":"Rule is set with explicit type [var/s: uint]","ruleId":"explicit-types","filePath":"Benchmarks/Study_SamplesSet/24e18c72fa5d744951c4e5fb8dc88585.sol"},{"line":229,"column":34,"severity":"Warning","message":"Rule is set with explicit type [var/s: uint]","ruleId":"explicit-types","filePath":"Benchmarks/Study_SamplesSet/24e18c72fa5d744951c4e5fb8dc88585.sol"},{"line":229,"column":61,"severity":"Warning","message":"Rule is set with explicit type [var/s: uint]","ruleId":"explicit-types","filePath":"Benchmarks/Study_SamplesSet/24e18c72fa5d744951c4e5fb8dc88585.sol"},{"line":231,"column":9,"severity":"Warning","message":"Rule is set with explicit type [var/s: uint]","ruleId":"explicit-types","filePath":"Benchmarks/Study_SamplesSet/24e18c72fa5d744951c4e5fb8dc88585.sol"},{"line":233,"column":14,"severity":"Warning","message":"Rule is set with explicit type [var/s: uint]","ruleId":"explicit-types","filePath":"Benchmarks/Study_SamplesSet/24e18c72fa5d744951c4e5fb8dc88585.sol"},{"line":240,"column":17,"severity":"Warning","message":"Rule is set with explicit type [var/s: uint]","ruleId":"explicit-types","filePath":"Benchmarks/Study_SamplesSet/24e18c72fa5d744951c4e5fb8dc88585.sol"},{"line":251,"column":1,"severity":"Warning","message":"Contract, Structs and Enums should be in CamelCase","ruleId":"contract-name-camelcase","filePath":"Benchmarks/Study_SamplesSet/24e18c72fa5d744951c4e5fb8dc88585.sol"},{"line":253,"column":5,"severity":"Warning","message":"Contract, Structs and Enums should be in CamelCase","ruleId":"contract-name-camelcase","filePath":"Benchmarks/Study_SamplesSet/24e18c72fa5d744951c4e5fb8dc88585.sol"},{"line":255,"column":9,"severity":"Warning","message":"Rule is set with explicit type [var/s: uint]","ruleId":"explicit-types","filePath":"Benchmarks/Study_SamplesSet/24e18c72fa5d744951c4e5fb8dc88585.sol"},{"line":258,"column":5,"severity":"Error","message":"Explicitly mark visibility of state","ruleId":"state-visibility","fix":null,"filePath":"Benchmarks/Study_SamplesSet/24e18c72fa5d744951c4e5fb8dc88585.sol"},{"line":258,"column":5,"severity":"Warning","message":"Rule is set with explicit type [var/s: uint]","ruleId":"explicit-types","filePath":"Benchmarks/Study_SamplesSet/24e18c72fa5d744951c4e5fb8dc88585.sol"},{"line":258,"column":5,"severity":"Warning","message":"Variable name must be in mixedCase","ruleId":"var-name-mixedcase","fix":null,"filePath":"Benchmarks/Study_SamplesSet/24e18c72fa5d744951c4e5fb8dc88585.sol"},{"line":259,"column":5,"severity":"Error","message":"Explicitly mark visibility of state","ruleId":"state-visibility","fix":null,"filePath":"Benchmarks/Study_SamplesSet/24e18c72fa5d744951c4e5fb8dc88585.sol"},{"line":259,"column":5,"severity":"Warning","message":"Rule is set with explicit type [var/s: uint]","ruleId":"explicit-types","filePath":"Benchmarks/Study_SamplesSet/24e18c72fa5d744951c4e5fb8dc88585.sol"},{"line":262,"column":5,"severity":"Error","message":"Explicitly mark visibility of state","ruleId":"state-visibility","fix":null,"filePath":"Benchmarks/Study_SamplesSet/24e18c72fa5d744951c4e5fb8dc88585.sol"},{"line":263,"column":5,"severity":"Error","message":"Explicitly mark visibility of state","ruleId":"state-visibility","fix":null,"filePath":"Benchmarks/Study_SamplesSet/24e18c72fa5d744951c4e5fb8dc88585.sol"},{"line":264,"column":5,"severity":"Error","message":"Explicitly mark visibility of state","ruleId":"state-visibility","fix":null,"filePath":"Benchmarks/Study_SamplesSet/24e18c72fa5d744951c4e5fb8dc88585.sol"},{"line":265,"column":5,"severity":"Error","message":"Explicitly mark visibility of state","ruleId":"state-visibility","fix":null,"filePath":"Benchmarks/Study_SamplesSet/24e18c72fa5d744951c4e5fb8dc88585.sol"},{"line":267,"column":5,"severity":"Warning","message":"Rule is set with explicit type [var/s: uint]","ruleId":"explicit-types","filePath":"Benchmarks/Study_SamplesSet/24e18c72fa5d744951c4e5fb8dc88585.sol"},{"line":268,"column":5,"severity":"Warning","message":"Rule is set with explicit type [var/s: uint]","ruleId":"explicit-types","filePath":"Benchmarks/Study_SamplesSet/24e18c72fa5d744951c4e5fb8dc88585.sol"},{"line":273,"column":5,"severity":"Error","message":"Explicitly mark visibility of state","ruleId":"state-visibility","fix":null,"filePath":"Benchmarks/Study_SamplesSet/24e18c72fa5d744951c4e5fb8dc88585.sol"},{"line":274,"column":5,"severity":"Error","message":"Explicitly mark visibility of state","ruleId":"state-visibility","fix":null,"filePath":"Benchmarks/Study_SamplesSet/24e18c72fa5d744951c4e5fb8dc88585.sol"},{"line":276,"column":5,"severity":"Warning","message":"Event name must be in CamelCase","ruleId":"event-name-camelcase","filePath":"Benchmarks/Study_SamplesSet/24e18c72fa5d744951c4e5fb8dc88585.sol"},{"line":276,"column":23,"severity":"Warning","message":"Rule is set with explicit type [var/s: uint]","ruleId":"explicit-types","filePath":"Benchmarks/Study_SamplesSet/24e18c72fa5d744951c4e5fb8dc88585.sol"},{"line":276,"column":35,"severity":"Warning","message":"Rule is set with explicit type [var/s: uint]","ruleId":"explicit-types","filePath":"Benchmarks/Study_SamplesSet/24e18c72fa5d744951c4e5fb8dc88585.sol"},{"line":276,"column":45,"severity":"Warning","message":"Rule is set with explicit type [var/s: uint]","ruleId":"explicit-types","filePath":"Benchmarks/Study_SamplesSet/24e18c72fa5d744951c4e5fb8dc88585.sol"},{"line":277,"column":5,"severity":"Warning","message":"Event name must be in CamelCase","ruleId":"event-name-camelcase","filePath":"Benchmarks/Study_SamplesSet/24e18c72fa5d744951c4e5fb8dc88585.sol"},{"line":277,"column":44,"severity":"Warning","message":"Rule is set with explicit type [var/s: uint]","ruleId":"explicit-types","filePath":"Benchmarks/Study_SamplesSet/24e18c72fa5d744951c4e5fb8dc88585.sol"},{"line":277,"column":56,"severity":"Warning","message":"Rule is set with explicit type [var/s: uint]","ruleId":"explicit-types","filePath":"Benchmarks/Study_SamplesSet/24e18c72fa5d744951c4e5fb8dc88585.sol"},{"line":277,"column":68,"severity":"Warning","message":"Rule is set with explicit type [var/s: uint]","ruleId":"explicit-types","filePath":"Benchmarks/Study_SamplesSet/24e18c72fa5d744951c4e5fb8dc88585.sol"},{"line":277,"column":82,"severity":"Warning","message":"Rule is set with explicit type [var/s: uint]","ruleId":"explicit-types","filePath":"Benchmarks/Study_SamplesSet/24e18c72fa5d744951c4e5fb8dc88585.sol"},{"line":278,"column":5,"severity":"Warning","message":"Event name must be in CamelCase","ruleId":"event-name-camelcase","filePath":"Benchmarks/Study_SamplesSet/24e18c72fa5d744951c4e5fb8dc88585.sol"},{"line":278,"column":48,"severity":"Warning","message":"Rule is set with explicit type [var/s: uint]","ruleId":"explicit-types","filePath":"Benchmarks/Study_SamplesSet/24e18c72fa5d744951c4e5fb8dc88585.sol"},{"line":278,"column":62,"severity":"Warning","message":"Rule is set with explicit type [var/s: uint]","ruleId":"explicit-types","filePath":"Benchmarks/Study_SamplesSet/24e18c72fa5d744951c4e5fb8dc88585.sol"},{"line":281,"column":34,"severity":"Error","message":"\"throw\" is deprecated, avoid to use it","ruleId":"avoid-throw","filePath":"Benchmarks/Study_SamplesSet/24e18c72fa5d744951c4e5fb8dc88585.sol"},{"line":286,"column":27,"severity":"Error","message":"\"throw\" is deprecated, avoid to use it","ruleId":"avoid-throw","filePath":"Benchmarks/Study_SamplesSet/24e18c72fa5d744951c4e5fb8dc88585.sol"},{"line":291,"column":22,"severity":"Error","message":"\"throw\" is deprecated, avoid to use it","ruleId":"avoid-throw","filePath":"Benchmarks/Study_SamplesSet/24e18c72fa5d744951c4e5fb8dc88585.sol"},{"line":295,"column":5,"severity":"Error","message":"Explicitly mark visibility in function (Set ignoreConstructors to true if using solidity >=0.7.0)","ruleId":"func-visibility","fix":null,"filePath":"Benchmarks/Study_SamplesSet/24e18c72fa5d744951c4e5fb8dc88585.sol"},{"line":295,"column":23,"severity":"Warning","message":"Rule is set with explicit type [var/s: uint]","ruleId":"explicit-types","filePath":"Benchmarks/Study_SamplesSet/24e18c72fa5d744951c4e5fb8dc88585.sol"},{"line":298,"column":9,"severity":"Error","message":"Explicitly mark all external contracts as trusted or untrusted","ruleId":"mark-callable-contracts","filePath":"Benchmarks/Study_SamplesSet/24e18c72fa5d744951c4e5fb8dc88585.sol"},{"line":306,"column":5,"severity":"Error","message":"Explicitly mark visibility in function","ruleId":"func-visibility","fix":null,"filePath":"Benchmarks/Study_SamplesSet/24e18c72fa5d744951c4e5fb8dc88585.sol"},{"line":310,"column":5,"severity":"Error","message":"Explicitly mark visibility in function","ruleId":"func-visibility","fix":null,"filePath":"Benchmarks/Study_SamplesSet/24e18c72fa5d744951c4e5fb8dc88585.sol"},{"line":314,"column":9,"severity":"Warning","message":"Rule is set with explicit type [var/s: uint]","ruleId":"explicit-types","filePath":"Benchmarks/Study_SamplesSet/24e18c72fa5d744951c4e5fb8dc88585.sol"},{"line":317,"column":26,"severity":"Error","message":"Explicitly mark all external contracts as trusted or untrusted","ruleId":"mark-callable-contracts","filePath":"Benchmarks/Study_SamplesSet/24e18c72fa5d744951c4e5fb8dc88585.sol"},{"line":321,"column":13,"severity":"Warning","message":"Rule is set with explicit type [var/s: uint]","ruleId":"explicit-types","filePath":"Benchmarks/Study_SamplesSet/24e18c72fa5d744951c4e5fb8dc88585.sol"},{"line":332,"column":9,"severity":"Error","message":"Explicitly mark all external contracts as trusted or untrusted","ruleId":"mark-callable-contracts","filePath":"Benchmarks/Study_SamplesSet/24e18c72fa5d744951c4e5fb8dc88585.sol"},{"line":338,"column":5,"severity":"Error","message":"Explicitly mark visibility in function","ruleId":"func-visibility","fix":null,"filePath":"Benchmarks/Study_SamplesSet/24e18c72fa5d744951c4e5fb8dc88585.sol"},{"line":338,"column":25,"severity":"Warning","message":"Variable \"myid\" is unused","ruleId":"no-unused-vars","fix":null,"filePath":"Benchmarks/Study_SamplesSet/24e18c72fa5d744951c4e5fb8dc88585.sol"},{"line":339,"column":49,"severity":"Error","message":"\"throw\" is deprecated, avoid to use it","ruleId":"avoid-throw","filePath":"Benchmarks/Study_SamplesSet/24e18c72fa5d744951c4e5fb8dc88585.sol"},{"line":341,"column":9,"severity":"Warning","message":"Rule is set with explicit type [var/s: uint]","ruleId":"explicit-types","filePath":"Benchmarks/Study_SamplesSet/24e18c72fa5d744951c4e5fb8dc88585.sol"},{"line":344,"column":26,"severity":"Error","message":"Explicitly mark all external contracts as trusted or untrusted","ruleId":"mark-callable-contracts","filePath":"Benchmarks/Study_SamplesSet/24e18c72fa5d744951c4e5fb8dc88585.sol"},{"line":346,"column":9,"severity":"Warning","message":"Rule is set with explicit type [var/s: uint]","ruleId":"explicit-types","filePath":"Benchmarks/Study_SamplesSet/24e18c72fa5d744951c4e5fb8dc88585.sol"},{"line":350,"column":9,"severity":"Warning","message":"Rule is set with explicit type [var/s: uint]","ruleId":"explicit-types","filePath":"Benchmarks/Study_SamplesSet/24e18c72fa5d744951c4e5fb8dc88585.sol"},{"line":351,"column":9,"severity":"Warning","message":"Rule is set with explicit type [var/s: uint]","ruleId":"explicit-types","filePath":"Benchmarks/Study_SamplesSet/24e18c72fa5d744951c4e5fb8dc88585.sol"},{"line":353,"column":9,"severity":"Error","message":"Explicitly mark all external contracts as trusted or untrusted","ruleId":"mark-callable-contracts","filePath":"Benchmarks/Study_SamplesSet/24e18c72fa5d744951c4e5fb8dc88585.sol"},{"line":355,"column":53,"severity":"Error","message":"\"throw\" is deprecated, avoid to use it","ruleId":"avoid-throw","filePath":"Benchmarks/Study_SamplesSet/24e18c72fa5d744951c4e5fb8dc88585.sol"},{"line":356,"column":13,"severity":"Error","message":"Avoid multiple calls of \"send\" method in single transaction","ruleId":"multiple-sends","fix":null,"filePath":"Benchmarks/Study_SamplesSet/24e18c72fa5d744951c4e5fb8dc88585.sol"},{"line":356,"column":37,"severity":"Error","message":"\"throw\" is deprecated, avoid to use it","ruleId":"avoid-throw","filePath":"Benchmarks/Study_SamplesSet/24e18c72fa5d744951c4e5fb8dc88585.sol"},{"line":361,"column":29,"severity":"Warning","message":"Rule is set with explicit type [var/s: uint]","ruleId":"explicit-types","filePath":"Benchmarks/Study_SamplesSet/24e18c72fa5d744951c4e5fb8dc88585.sol"},{"line":363,"column":9,"severity":"Warning","message":"Rule is set with explicit type [var/s: uint]","ruleId":"explicit-types","filePath":"Benchmarks/Study_SamplesSet/24e18c72fa5d744951c4e5fb8dc88585.sol"},{"line":386,"column":21,"severity":"Error","message":"Avoid making time-based decisions in your business logic","ruleId":"not-rely-on-time","fix":null,"filePath":"Benchmarks/Study_SamplesSet/24e18c72fa5d744951c4e5fb8dc88585.sol"},{"line":389,"column":9,"severity":"Error","message":"Explicitly mark all external contracts as trusted or untrusted","ruleId":"mark-callable-contracts","filePath":"Benchmarks/Study_SamplesSet/24e18c72fa5d744951c4e5fb8dc88585.sol"},{"line":399,"column":9,"severity":"Warning","message":"Variable \"oid\" is unused","ruleId":"no-unused-vars","fix":null,"filePath":"Benchmarks/Study_SamplesSet/24e18c72fa5d744951c4e5fb8dc88585.sol"},{"line":402,"column":5,"severity":"Error","message":"Explicitly mark visibility in function","ruleId":"func-visibility","fix":null,"filePath":"Benchmarks/Study_SamplesSet/24e18c72fa5d744951c4e5fb8dc88585.sol"},{"line":406,"column":5,"severity":"Error","message":"Explicitly mark visibility in function","ruleId":"func-visibility","fix":null,"filePath":"Benchmarks/Study_SamplesSet/24e18c72fa5d744951c4e5fb8dc88585.sol"},{"line":406,"column":46,"severity":"Warning","message":"Rule is set with explicit type [var/s: uint]","ruleId":"explicit-types","filePath":"Benchmarks/Study_SamplesSet/24e18c72fa5d744951c4e5fb8dc88585.sol"},{"line":411,"column":5,"severity":"Error","message":"Explicitly mark visibility in function","ruleId":"func-visibility","fix":null,"filePath":"Benchmarks/Study_SamplesSet/24e18c72fa5d744951c4e5fb8dc88585.sol"},{"line":412,"column":26,"severity":"Error","message":"\"throw\" is deprecated, avoid to use it","ruleId":"avoid-throw","filePath":"Benchmarks/Study_SamplesSet/24e18c72fa5d744951c4e5fb8dc88585.sol"},{"line":413,"column":40,"severity":"Error","message":"\"throw\" is deprecated, avoid to use it","ruleId":"avoid-throw","filePath":"Benchmarks/Study_SamplesSet/24e18c72fa5d744951c4e5fb8dc88585.sol"},{"line":418,"column":5,"severity":"Error","message":"Explicitly mark visibility in function","ruleId":"func-visibility","fix":null,"filePath":"Benchmarks/Study_SamplesSet/24e18c72fa5d744951c4e5fb8dc88585.sol"},{"line":422,"column":5,"severity":"Error","message":"Explicitly mark visibility in function","ruleId":"func-visibility","fix":null,"filePath":"Benchmarks/Study_SamplesSet/24e18c72fa5d744951c4e5fb8dc88585.sol"},{"line":426,"column":5,"severity":"Error","message":"Explicitly mark visibility in function","ruleId":"func-visibility","fix":null,"filePath":"Benchmarks/Study_SamplesSet/24e18c72fa5d744951c4e5fb8dc88585.sol"},{"conclusion":"194 problem/s (75 error/s, 119 warning/s)"}]
