[{"line":7,"column":1,"severity":"Error","message":"Compiler version ^0.4.25 does not satisfy the ^0.8.0 semver requirement","ruleId":"compiler-version","fix":null,"filePath":"Benchmarks/Study_SamplesSet/25da2b1b1e77bba58cf234eac71ad996.sol"},{"line":11,"column":5,"severity":"Error","message":"Explicitly mark visibility of state","ruleId":"state-visibility","fix":null,"filePath":"Benchmarks/Study_SamplesSet/25da2b1b1e77bba58cf234eac71ad996.sol"},{"line":11,"column":5,"severity":"Warning","message":"Rule is set with explicit type [var/s: uint]","ruleId":"explicit-types","filePath":"Benchmarks/Study_SamplesSet/25da2b1b1e77bba58cf234eac71ad996.sol"},{"line":12,"column":5,"severity":"Error","message":"Explicitly mark visibility of state","ruleId":"state-visibility","fix":null,"filePath":"Benchmarks/Study_SamplesSet/25da2b1b1e77bba58cf234eac71ad996.sol"},{"line":12,"column":5,"severity":"Warning","message":"Rule is set with explicit type [var/s: uint]","ruleId":"explicit-types","filePath":"Benchmarks/Study_SamplesSet/25da2b1b1e77bba58cf234eac71ad996.sol"},{"line":14,"column":29,"severity":"Warning","message":"Rule is set with explicit type [var/s: uint]","ruleId":"explicit-types","filePath":"Benchmarks/Study_SamplesSet/25da2b1b1e77bba58cf234eac71ad996.sol"},{"line":14,"column":40,"severity":"Warning","message":"Rule is set with explicit type [var/s: uint]","ruleId":"explicit-types","filePath":"Benchmarks/Study_SamplesSet/25da2b1b1e77bba58cf234eac71ad996.sol"},{"line":18,"column":13,"severity":"Warning","message":"Rule is set with explicit type [var/s: uint]","ruleId":"explicit-types","filePath":"Benchmarks/Study_SamplesSet/25da2b1b1e77bba58cf234eac71ad996.sol"},{"line":27,"column":9,"severity":"Warning","message":"Provide an error message for require","ruleId":"reason-string","fix":null,"filePath":"Benchmarks/Study_SamplesSet/25da2b1b1e77bba58cf234eac71ad996.sol"},{"line":27,"column":9,"severity":"Warning","message":"Use Custom Errors instead of require statements","ruleId":"custom-errors","fix":null,"filePath":"Benchmarks/Study_SamplesSet/25da2b1b1e77bba58cf234eac71ad996.sol"},{"line":35,"column":9,"severity":"Warning","message":"Provide an error message for require","ruleId":"reason-string","fix":null,"filePath":"Benchmarks/Study_SamplesSet/25da2b1b1e77bba58cf234eac71ad996.sol"},{"line":35,"column":9,"severity":"Warning","message":"Use Custom Errors instead of require statements","ruleId":"custom-errors","fix":null,"filePath":"Benchmarks/Study_SamplesSet/25da2b1b1e77bba58cf234eac71ad996.sol"},{"line":36,"column":9,"severity":"Warning","message":"Rule is set with explicit type [var/s: uint]","ruleId":"explicit-types","filePath":"Benchmarks/Study_SamplesSet/25da2b1b1e77bba58cf234eac71ad996.sol"},{"line":40,"column":51,"severity":"Warning","message":"Rule is set with explicit type [var/s: uint]","ruleId":"explicit-types","filePath":"Benchmarks/Study_SamplesSet/25da2b1b1e77bba58cf234eac71ad996.sol"},{"line":44,"column":55,"severity":"Warning","message":"Rule is set with explicit type [var/s: uint]","ruleId":"explicit-types","filePath":"Benchmarks/Study_SamplesSet/25da2b1b1e77bba58cf234eac71ad996.sol"},{"conclusion":"15 problem/s (3 error/s, 12 warning/s)"}]
