[{"line":5,"column":1,"severity":"Error","message":"Compiler version ^0.5.1 does not satisfy the ^0.8.0 semver requirement","ruleId":"compiler-version","fix":null,"filePath":"Benchmarks/Study_SamplesSet/25ecaf43663af0ab0868ad0cb3d8e6f9.sol"},{"line":7,"column":1,"severity":"Warning","message":"Contract has 22 states declarations but allowed no more than 15","ruleId":"max-states-count","fix":null,"filePath":"Benchmarks/Study_SamplesSet/25ecaf43663af0ab0868ad0cb3d8e6f9.sol"},{"line":8,"column":3,"severity":"Error","message":"Explicitly mark visibility of state","ruleId":"state-visibility","fix":null,"filePath":"Benchmarks/Study_SamplesSet/25ecaf43663af0ab0868ad0cb3d8e6f9.sol"},{"line":8,"column":3,"severity":"Warning","message":"Variable name must be in mixedCase","ruleId":"var-name-mixedcase","fix":null,"filePath":"Benchmarks/Study_SamplesSet/25ecaf43663af0ab0868ad0cb3d8e6f9.sol"},{"line":8,"column":26,"severity":"Error","message":"Avoid making time-based decisions in your business logic","ruleId":"not-rely-on-time","fix":null,"filePath":"Benchmarks/Study_SamplesSet/25ecaf43663af0ab0868ad0cb3d8e6f9.sol"},{"line":8,"column":26,"severity":"Error","message":"Avoid making time-based decisions in your business logic","ruleId":"not-rely-on-time","fix":null,"filePath":"Benchmarks/Study_SamplesSet/25ecaf43663af0ab0868ad0cb3d8e6f9.sol"},{"line":10,"column":3,"severity":"Error","message":"Explicitly mark visibility of state","ruleId":"state-visibility","fix":null,"filePath":"Benchmarks/Study_SamplesSet/25ecaf43663af0ab0868ad0cb3d8e6f9.sol"},{"line":10,"column":3,"severity":"Warning","message":"Variable name must be in mixedCase","ruleId":"var-name-mixedcase","fix":null,"filePath":"Benchmarks/Study_SamplesSet/25ecaf43663af0ab0868ad0cb3d8e6f9.sol"},{"line":10,"column":26,"severity":"Error","message":"Avoid making time-based decisions in your business logic","ruleId":"not-rely-on-time","fix":null,"filePath":"Benchmarks/Study_SamplesSet/25ecaf43663af0ab0868ad0cb3d8e6f9.sol"},{"line":10,"column":26,"severity":"Error","message":"Avoid making time-based decisions in your business logic","ruleId":"not-rely-on-time","fix":null,"filePath":"Benchmarks/Study_SamplesSet/25ecaf43663af0ab0868ad0cb3d8e6f9.sol"},{"line":11,"column":18,"severity":"Warning","message":"Variable name must be in mixedCase","ruleId":"var-name-mixedcase","fix":null,"filePath":"Benchmarks/Study_SamplesSet/25ecaf43663af0ab0868ad0cb3d8e6f9.sol"},{"line":12,"column":3,"severity":"Error","message":"Explicitly mark visibility of state","ruleId":"state-visibility","fix":null,"filePath":"Benchmarks/Study_SamplesSet/25ecaf43663af0ab0868ad0cb3d8e6f9.sol"},{"line":12,"column":3,"severity":"Warning","message":"Variable name must be in mixedCase","ruleId":"var-name-mixedcase","fix":null,"filePath":"Benchmarks/Study_SamplesSet/25ecaf43663af0ab0868ad0cb3d8e6f9.sol"},{"line":12,"column":26,"severity":"Error","message":"Avoid making time-based decisions in your business logic","ruleId":"not-rely-on-time","fix":null,"filePath":"Benchmarks/Study_SamplesSet/25ecaf43663af0ab0868ad0cb3d8e6f9.sol"},{"line":12,"column":26,"severity":"Error","message":"Avoid making time-based decisions in your business logic","ruleId":"not-rely-on-time","fix":null,"filePath":"Benchmarks/Study_SamplesSet/25ecaf43663af0ab0868ad0cb3d8e6f9.sol"},{"line":13,"column":62,"severity":"Warning","message":"Variable name must be in mixedCase","ruleId":"var-name-mixedcase","fix":null,"filePath":"Benchmarks/Study_SamplesSet/25ecaf43663af0ab0868ad0cb3d8e6f9.sol"},{"line":15,"column":3,"severity":"Error","message":"Explicitly mark visibility of state","ruleId":"state-visibility","fix":null,"filePath":"Benchmarks/Study_SamplesSet/25ecaf43663af0ab0868ad0cb3d8e6f9.sol"},{"line":15,"column":3,"severity":"Warning","message":"Variable name must be in mixedCase","ruleId":"var-name-mixedcase","fix":null,"filePath":"Benchmarks/Study_SamplesSet/25ecaf43663af0ab0868ad0cb3d8e6f9.sol"},{"line":16,"column":1,"severity":"Warning","message":"Function name must be in mixedCase","ruleId":"func-name-mixedcase","fix":null,"filePath":"Benchmarks/Study_SamplesSet/25ecaf43663af0ab0868ad0cb3d8e6f9.sol"},{"line":16,"column":24,"severity":"Warning","message":"Rule is set with explicit type [var/s: uint]","ruleId":"explicit-types","filePath":"Benchmarks/Study_SamplesSet/25ecaf43663af0ab0868ad0cb3d8e6f9.sol"},{"line":17,"column":34,"severity":"Error","message":"Avoid making time-based decisions in your business logic","ruleId":"not-rely-on-time","fix":null,"filePath":"Benchmarks/Study_SamplesSet/25ecaf43663af0ab0868ad0cb3d8e6f9.sol"},{"line":20,"column":3,"severity":"Warning","message":"Function name must be in mixedCase","ruleId":"func-name-mixedcase","fix":null,"filePath":"Benchmarks/Study_SamplesSet/25ecaf43663af0ab0868ad0cb3d8e6f9.sol"},{"line":21,"column":2,"severity":"Warning","message":"Rule is set with explicit type [var/s: uint]","ruleId":"explicit-types","filePath":"Benchmarks/Study_SamplesSet/25ecaf43663af0ab0868ad0cb3d8e6f9.sol"},{"line":21,"column":2,"severity":"Warning","message":"Variable name must be in mixedCase","ruleId":"var-name-mixedcase","fix":null,"filePath":"Benchmarks/Study_SamplesSet/25ecaf43663af0ab0868ad0cb3d8e6f9.sol"},{"line":22,"column":2,"severity":"Warning","message":"Provide an error message for require","ruleId":"reason-string","fix":null,"filePath":"Benchmarks/Study_SamplesSet/25ecaf43663af0ab0868ad0cb3d8e6f9.sol"},{"line":22,"column":2,"severity":"Warning","message":"Use Custom Errors instead of require statements","ruleId":"custom-errors","fix":null,"filePath":"Benchmarks/Study_SamplesSet/25ecaf43663af0ab0868ad0cb3d8e6f9.sol"},{"line":23,"column":9,"severity":"Warning","message":"Provide an error message for require","ruleId":"reason-string","fix":null,"filePath":"Benchmarks/Study_SamplesSet/25ecaf43663af0ab0868ad0cb3d8e6f9.sol"},{"line":23,"column":9,"severity":"Warning","message":"Use Custom Errors instead of require statements","ruleId":"custom-errors","fix":null,"filePath":"Benchmarks/Study_SamplesSet/25ecaf43663af0ab0868ad0cb3d8e6f9.sol"},{"line":23,"column":17,"severity":"Error","message":"Avoid making time-based decisions in your business logic","ruleId":"not-rely-on-time","fix":null,"filePath":"Benchmarks/Study_SamplesSet/25ecaf43663af0ab0868ad0cb3d8e6f9.sol"},{"line":24,"column":33,"severity":"Error","message":"Avoid making time-based decisions in your business logic","ruleId":"not-rely-on-time","fix":null,"filePath":"Benchmarks/Study_SamplesSet/25ecaf43663af0ab0868ad0cb3d8e6f9.sol"},{"line":25,"column":12,"severity":"Error","message":"Avoid making time-based decisions in your business logic","ruleId":"not-rely-on-time","fix":null,"filePath":"Benchmarks/Study_SamplesSet/25ecaf43663af0ab0868ad0cb3d8e6f9.sol"},{"line":30,"column":3,"severity":"Error","message":"Explicitly mark visibility of state","ruleId":"state-visibility","fix":null,"filePath":"Benchmarks/Study_SamplesSet/25ecaf43663af0ab0868ad0cb3d8e6f9.sol"},{"line":30,"column":3,"severity":"Warning","message":"Variable name must be in mixedCase","ruleId":"var-name-mixedcase","fix":null,"filePath":"Benchmarks/Study_SamplesSet/25ecaf43663af0ab0868ad0cb3d8e6f9.sol"},{"line":31,"column":1,"severity":"Warning","message":"Function name must be in mixedCase","ruleId":"func-name-mixedcase","fix":null,"filePath":"Benchmarks/Study_SamplesSet/25ecaf43663af0ab0868ad0cb3d8e6f9.sol"},{"line":31,"column":23,"severity":"Warning","message":"Rule is set with explicit type [var/s: uint]","ruleId":"explicit-types","filePath":"Benchmarks/Study_SamplesSet/25ecaf43663af0ab0868ad0cb3d8e6f9.sol"},{"line":32,"column":2,"severity":"Warning","message":"Rule is set with explicit type [var/s: uint]","ruleId":"explicit-types","filePath":"Benchmarks/Study_SamplesSet/25ecaf43663af0ab0868ad0cb3d8e6f9.sol"},{"line":32,"column":16,"severity":"Error","message":"Avoid making time-based decisions in your business logic","ruleId":"not-rely-on-time","fix":null,"filePath":"Benchmarks/Study_SamplesSet/25ecaf43663af0ab0868ad0cb3d8e6f9.sol"},{"line":36,"column":3,"severity":"Error","message":"Explicitly mark visibility of state","ruleId":"state-visibility","fix":null,"filePath":"Benchmarks/Study_SamplesSet/25ecaf43663af0ab0868ad0cb3d8e6f9.sol"},{"line":36,"column":3,"severity":"Warning","message":"Variable name must be in mixedCase","ruleId":"var-name-mixedcase","fix":null,"filePath":"Benchmarks/Study_SamplesSet/25ecaf43663af0ab0868ad0cb3d8e6f9.sol"},{"line":37,"column":1,"severity":"Warning","message":"Function name must be in mixedCase","ruleId":"func-name-mixedcase","fix":null,"filePath":"Benchmarks/Study_SamplesSet/25ecaf43663af0ab0868ad0cb3d8e6f9.sol"},{"line":37,"column":24,"severity":"Warning","message":"Rule is set with explicit type [var/s: uint]","ruleId":"explicit-types","filePath":"Benchmarks/Study_SamplesSet/25ecaf43663af0ab0868ad0cb3d8e6f9.sol"},{"line":38,"column":2,"severity":"Warning","message":"Rule is set with explicit type [var/s: uint]","ruleId":"explicit-types","filePath":"Benchmarks/Study_SamplesSet/25ecaf43663af0ab0868ad0cb3d8e6f9.sol"},{"line":38,"column":16,"severity":"Error","message":"Avoid making time-based decisions in your business logic","ruleId":"not-rely-on-time","fix":null,"filePath":"Benchmarks/Study_SamplesSet/25ecaf43663af0ab0868ad0cb3d8e6f9.sol"},{"line":42,"column":3,"severity":"Error","message":"Explicitly mark visibility of state","ruleId":"state-visibility","fix":null,"filePath":"Benchmarks/Study_SamplesSet/25ecaf43663af0ab0868ad0cb3d8e6f9.sol"},{"line":42,"column":3,"severity":"Warning","message":"Variable name must be in mixedCase","ruleId":"var-name-mixedcase","fix":null,"filePath":"Benchmarks/Study_SamplesSet/25ecaf43663af0ab0868ad0cb3d8e6f9.sol"},{"line":43,"column":1,"severity":"Warning","message":"Function name must be in mixedCase","ruleId":"func-name-mixedcase","fix":null,"filePath":"Benchmarks/Study_SamplesSet/25ecaf43663af0ab0868ad0cb3d8e6f9.sol"},{"line":43,"column":24,"severity":"Warning","message":"Rule is set with explicit type [var/s: uint]","ruleId":"explicit-types","filePath":"Benchmarks/Study_SamplesSet/25ecaf43663af0ab0868ad0cb3d8e6f9.sol"},{"line":44,"column":34,"severity":"Error","message":"Avoid making time-based decisions in your business logic","ruleId":"not-rely-on-time","fix":null,"filePath":"Benchmarks/Study_SamplesSet/25ecaf43663af0ab0868ad0cb3d8e6f9.sol"},{"line":47,"column":3,"severity":"Error","message":"Explicitly mark visibility of state","ruleId":"state-visibility","fix":null,"filePath":"Benchmarks/Study_SamplesSet/25ecaf43663af0ab0868ad0cb3d8e6f9.sol"},{"line":47,"column":3,"severity":"Warning","message":"Variable name must be in mixedCase","ruleId":"var-name-mixedcase","fix":null,"filePath":"Benchmarks/Study_SamplesSet/25ecaf43663af0ab0868ad0cb3d8e6f9.sol"},{"line":48,"column":1,"severity":"Warning","message":"Function name must be in mixedCase","ruleId":"func-name-mixedcase","fix":null,"filePath":"Benchmarks/Study_SamplesSet/25ecaf43663af0ab0868ad0cb3d8e6f9.sol"},{"line":48,"column":24,"severity":"Warning","message":"Rule is set with explicit type [var/s: uint]","ruleId":"explicit-types","filePath":"Benchmarks/Study_SamplesSet/25ecaf43663af0ab0868ad0cb3d8e6f9.sol"},{"line":49,"column":34,"severity":"Error","message":"Avoid making time-based decisions in your business logic","ruleId":"not-rely-on-time","fix":null,"filePath":"Benchmarks/Study_SamplesSet/25ecaf43663af0ab0868ad0cb3d8e6f9.sol"},{"line":52,"column":3,"severity":"Warning","message":"Function name must be in mixedCase","ruleId":"func-name-mixedcase","fix":null,"filePath":"Benchmarks/Study_SamplesSet/25ecaf43663af0ab0868ad0cb3d8e6f9.sol"},{"line":53,"column":2,"severity":"Warning","message":"Rule is set with explicit type [var/s: uint]","ruleId":"explicit-types","filePath":"Benchmarks/Study_SamplesSet/25ecaf43663af0ab0868ad0cb3d8e6f9.sol"},{"line":53,"column":2,"severity":"Warning","message":"Variable name must be in mixedCase","ruleId":"var-name-mixedcase","fix":null,"filePath":"Benchmarks/Study_SamplesSet/25ecaf43663af0ab0868ad0cb3d8e6f9.sol"},{"line":54,"column":2,"severity":"Warning","message":"Provide an error message for require","ruleId":"reason-string","fix":null,"filePath":"Benchmarks/Study_SamplesSet/25ecaf43663af0ab0868ad0cb3d8e6f9.sol"},{"line":54,"column":2,"severity":"Warning","message":"Use Custom Errors instead of require statements","ruleId":"custom-errors","fix":null,"filePath":"Benchmarks/Study_SamplesSet/25ecaf43663af0ab0868ad0cb3d8e6f9.sol"},{"line":55,"column":9,"severity":"Warning","message":"Provide an error message for require","ruleId":"reason-string","fix":null,"filePath":"Benchmarks/Study_SamplesSet/25ecaf43663af0ab0868ad0cb3d8e6f9.sol"},{"line":55,"column":9,"severity":"Warning","message":"Use Custom Errors instead of require statements","ruleId":"custom-errors","fix":null,"filePath":"Benchmarks/Study_SamplesSet/25ecaf43663af0ab0868ad0cb3d8e6f9.sol"},{"line":55,"column":17,"severity":"Error","message":"Avoid making time-based decisions in your business logic","ruleId":"not-rely-on-time","fix":null,"filePath":"Benchmarks/Study_SamplesSet/25ecaf43663af0ab0868ad0cb3d8e6f9.sol"},{"line":56,"column":33,"severity":"Error","message":"Avoid making time-based decisions in your business logic","ruleId":"not-rely-on-time","fix":null,"filePath":"Benchmarks/Study_SamplesSet/25ecaf43663af0ab0868ad0cb3d8e6f9.sol"},{"line":57,"column":12,"severity":"Error","message":"Avoid making time-based decisions in your business logic","ruleId":"not-rely-on-time","fix":null,"filePath":"Benchmarks/Study_SamplesSet/25ecaf43663af0ab0868ad0cb3d8e6f9.sol"},{"line":64,"column":3,"severity":"Error","message":"Explicitly mark visibility of state","ruleId":"state-visibility","fix":null,"filePath":"Benchmarks/Study_SamplesSet/25ecaf43663af0ab0868ad0cb3d8e6f9.sol"},{"line":64,"column":3,"severity":"Warning","message":"Variable name must be in mixedCase","ruleId":"var-name-mixedcase","fix":null,"filePath":"Benchmarks/Study_SamplesSet/25ecaf43663af0ab0868ad0cb3d8e6f9.sol"},{"line":65,"column":1,"severity":"Warning","message":"Function name must be in mixedCase","ruleId":"func-name-mixedcase","fix":null,"filePath":"Benchmarks/Study_SamplesSet/25ecaf43663af0ab0868ad0cb3d8e6f9.sol"},{"line":65,"column":24,"severity":"Warning","message":"Rule is set with explicit type [var/s: uint]","ruleId":"explicit-types","filePath":"Benchmarks/Study_SamplesSet/25ecaf43663af0ab0868ad0cb3d8e6f9.sol"},{"line":66,"column":2,"severity":"Warning","message":"Rule is set with explicit type [var/s: uint]","ruleId":"explicit-types","filePath":"Benchmarks/Study_SamplesSet/25ecaf43663af0ab0868ad0cb3d8e6f9.sol"},{"line":66,"column":16,"severity":"Error","message":"Avoid making time-based decisions in your business logic","ruleId":"not-rely-on-time","fix":null,"filePath":"Benchmarks/Study_SamplesSet/25ecaf43663af0ab0868ad0cb3d8e6f9.sol"},{"line":69,"column":3,"severity":"Error","message":"Explicitly mark visibility of state","ruleId":"state-visibility","fix":null,"filePath":"Benchmarks/Study_SamplesSet/25ecaf43663af0ab0868ad0cb3d8e6f9.sol"},{"line":91,"column":1,"severity":"Warning","message":"Function name must be in mixedCase","ruleId":"func-name-mixedcase","fix":null,"filePath":"Benchmarks/Study_SamplesSet/25ecaf43663af0ab0868ad0cb3d8e6f9.sol"},{"line":92,"column":2,"severity":"Warning","message":"Rule is set with explicit type [var/s: uint]","ruleId":"explicit-types","filePath":"Benchmarks/Study_SamplesSet/25ecaf43663af0ab0868ad0cb3d8e6f9.sol"},{"line":92,"column":2,"severity":"Warning","message":"Variable name must be in mixedCase","ruleId":"var-name-mixedcase","fix":null,"filePath":"Benchmarks/Study_SamplesSet/25ecaf43663af0ab0868ad0cb3d8e6f9.sol"},{"line":93,"column":2,"severity":"Warning","message":"Provide an error message for require","ruleId":"reason-string","fix":null,"filePath":"Benchmarks/Study_SamplesSet/25ecaf43663af0ab0868ad0cb3d8e6f9.sol"},{"line":93,"column":2,"severity":"Warning","message":"Use Custom Errors instead of require statements","ruleId":"custom-errors","fix":null,"filePath":"Benchmarks/Study_SamplesSet/25ecaf43663af0ab0868ad0cb3d8e6f9.sol"},{"line":94,"column":9,"severity":"Warning","message":"Provide an error message for require","ruleId":"reason-string","fix":null,"filePath":"Benchmarks/Study_SamplesSet/25ecaf43663af0ab0868ad0cb3d8e6f9.sol"},{"line":94,"column":9,"severity":"Warning","message":"Use Custom Errors instead of require statements","ruleId":"custom-errors","fix":null,"filePath":"Benchmarks/Study_SamplesSet/25ecaf43663af0ab0868ad0cb3d8e6f9.sol"},{"line":94,"column":17,"severity":"Error","message":"Avoid making time-based decisions in your business logic","ruleId":"not-rely-on-time","fix":null,"filePath":"Benchmarks/Study_SamplesSet/25ecaf43663af0ab0868ad0cb3d8e6f9.sol"},{"line":95,"column":34,"severity":"Error","message":"Avoid making time-based decisions in your business logic","ruleId":"not-rely-on-time","fix":null,"filePath":"Benchmarks/Study_SamplesSet/25ecaf43663af0ab0868ad0cb3d8e6f9.sol"},{"line":96,"column":12,"severity":"Error","message":"Avoid making time-based decisions in your business logic","ruleId":"not-rely-on-time","fix":null,"filePath":"Benchmarks/Study_SamplesSet/25ecaf43663af0ab0868ad0cb3d8e6f9.sol"},{"line":121,"column":1,"severity":"Error","message":"Explicitly mark visibility of state","ruleId":"state-visibility","fix":null,"filePath":"Benchmarks/Study_SamplesSet/25ecaf43663af0ab0868ad0cb3d8e6f9.sol"},{"line":121,"column":1,"severity":"Warning","message":"Variable name must be in mixedCase","ruleId":"var-name-mixedcase","fix":null,"filePath":"Benchmarks/Study_SamplesSet/25ecaf43663af0ab0868ad0cb3d8e6f9.sol"},{"line":122,"column":1,"severity":"Warning","message":"Function name must be in mixedCase","ruleId":"func-name-mixedcase","fix":null,"filePath":"Benchmarks/Study_SamplesSet/25ecaf43663af0ab0868ad0cb3d8e6f9.sol"},{"line":122,"column":24,"severity":"Warning","message":"Rule is set with explicit type [var/s: uint]","ruleId":"explicit-types","filePath":"Benchmarks/Study_SamplesSet/25ecaf43663af0ab0868ad0cb3d8e6f9.sol"},{"line":123,"column":2,"severity":"Warning","message":"Rule is set with explicit type [var/s: uint]","ruleId":"explicit-types","filePath":"Benchmarks/Study_SamplesSet/25ecaf43663af0ab0868ad0cb3d8e6f9.sol"},{"line":123,"column":16,"severity":"Error","message":"Avoid making time-based decisions in your business logic","ruleId":"not-rely-on-time","fix":null,"filePath":"Benchmarks/Study_SamplesSet/25ecaf43663af0ab0868ad0cb3d8e6f9.sol"},{"line":150,"column":1,"severity":"Warning","message":"Function name must be in mixedCase","ruleId":"func-name-mixedcase","fix":null,"filePath":"Benchmarks/Study_SamplesSet/25ecaf43663af0ab0868ad0cb3d8e6f9.sol"},{"line":151,"column":2,"severity":"Warning","message":"Rule is set with explicit type [var/s: uint]","ruleId":"explicit-types","filePath":"Benchmarks/Study_SamplesSet/25ecaf43663af0ab0868ad0cb3d8e6f9.sol"},{"line":151,"column":2,"severity":"Warning","message":"Variable name must be in mixedCase","ruleId":"var-name-mixedcase","fix":null,"filePath":"Benchmarks/Study_SamplesSet/25ecaf43663af0ab0868ad0cb3d8e6f9.sol"},{"line":152,"column":2,"severity":"Warning","message":"Provide an error message for require","ruleId":"reason-string","fix":null,"filePath":"Benchmarks/Study_SamplesSet/25ecaf43663af0ab0868ad0cb3d8e6f9.sol"},{"line":152,"column":2,"severity":"Warning","message":"Use Custom Errors instead of require statements","ruleId":"custom-errors","fix":null,"filePath":"Benchmarks/Study_SamplesSet/25ecaf43663af0ab0868ad0cb3d8e6f9.sol"},{"line":153,"column":9,"severity":"Warning","message":"Provide an error message for require","ruleId":"reason-string","fix":null,"filePath":"Benchmarks/Study_SamplesSet/25ecaf43663af0ab0868ad0cb3d8e6f9.sol"},{"line":153,"column":9,"severity":"Warning","message":"Use Custom Errors instead of require statements","ruleId":"custom-errors","fix":null,"filePath":"Benchmarks/Study_SamplesSet/25ecaf43663af0ab0868ad0cb3d8e6f9.sol"},{"line":153,"column":17,"severity":"Error","message":"Avoid making time-based decisions in your business logic","ruleId":"not-rely-on-time","fix":null,"filePath":"Benchmarks/Study_SamplesSet/25ecaf43663af0ab0868ad0cb3d8e6f9.sol"},{"line":154,"column":34,"severity":"Error","message":"Avoid making time-based decisions in your business logic","ruleId":"not-rely-on-time","fix":null,"filePath":"Benchmarks/Study_SamplesSet/25ecaf43663af0ab0868ad0cb3d8e6f9.sol"},{"line":155,"column":12,"severity":"Error","message":"Avoid making time-based decisions in your business logic","ruleId":"not-rely-on-time","fix":null,"filePath":"Benchmarks/Study_SamplesSet/25ecaf43663af0ab0868ad0cb3d8e6f9.sol"},{"line":167,"column":1,"severity":"Warning","message":"Function name must be in mixedCase","ruleId":"func-name-mixedcase","fix":null,"filePath":"Benchmarks/Study_SamplesSet/25ecaf43663af0ab0868ad0cb3d8e6f9.sol"},{"line":167,"column":30,"severity":"Warning","message":"Visibility modifier must be first in list of modifiers","ruleId":"visibility-modifier-order","fix":null,"filePath":"Benchmarks/Study_SamplesSet/25ecaf43663af0ab0868ad0cb3d8e6f9.sol"},{"line":168,"column":12,"severity":"Error","message":"Avoid making time-based decisions in your business logic","ruleId":"not-rely-on-time","fix":null,"filePath":"Benchmarks/Study_SamplesSet/25ecaf43663af0ab0868ad0cb3d8e6f9.sol"},{"line":177,"column":1,"severity":"Error","message":"Explicitly mark visibility of state","ruleId":"state-visibility","fix":null,"filePath":"Benchmarks/Study_SamplesSet/25ecaf43663af0ab0868ad0cb3d8e6f9.sol"},{"line":177,"column":1,"severity":"Warning","message":"Variable name must be in mixedCase","ruleId":"var-name-mixedcase","fix":null,"filePath":"Benchmarks/Study_SamplesSet/25ecaf43663af0ab0868ad0cb3d8e6f9.sol"},{"line":178,"column":1,"severity":"Warning","message":"Function name must be in mixedCase","ruleId":"func-name-mixedcase","fix":null,"filePath":"Benchmarks/Study_SamplesSet/25ecaf43663af0ab0868ad0cb3d8e6f9.sol"},{"line":178,"column":24,"severity":"Warning","message":"Rule is set with explicit type [var/s: uint]","ruleId":"explicit-types","filePath":"Benchmarks/Study_SamplesSet/25ecaf43663af0ab0868ad0cb3d8e6f9.sol"},{"line":179,"column":2,"severity":"Warning","message":"Rule is set with explicit type [var/s: uint]","ruleId":"explicit-types","filePath":"Benchmarks/Study_SamplesSet/25ecaf43663af0ab0868ad0cb3d8e6f9.sol"},{"line":179,"column":16,"severity":"Error","message":"Avoid making time-based decisions in your business logic","ruleId":"not-rely-on-time","fix":null,"filePath":"Benchmarks/Study_SamplesSet/25ecaf43663af0ab0868ad0cb3d8e6f9.sol"},{"line":192,"column":1,"severity":"Error","message":"Explicitly mark visibility of state","ruleId":"state-visibility","fix":null,"filePath":"Benchmarks/Study_SamplesSet/25ecaf43663af0ab0868ad0cb3d8e6f9.sol"},{"line":192,"column":1,"severity":"Warning","message":"Variable name must be in mixedCase","ruleId":"var-name-mixedcase","fix":null,"filePath":"Benchmarks/Study_SamplesSet/25ecaf43663af0ab0868ad0cb3d8e6f9.sol"},{"line":193,"column":1,"severity":"Warning","message":"Function name must be in mixedCase","ruleId":"func-name-mixedcase","fix":null,"filePath":"Benchmarks/Study_SamplesSet/25ecaf43663af0ab0868ad0cb3d8e6f9.sol"},{"line":193,"column":24,"severity":"Warning","message":"Rule is set with explicit type [var/s: uint]","ruleId":"explicit-types","filePath":"Benchmarks/Study_SamplesSet/25ecaf43663af0ab0868ad0cb3d8e6f9.sol"},{"line":194,"column":2,"severity":"Warning","message":"Rule is set with explicit type [var/s: uint]","ruleId":"explicit-types","filePath":"Benchmarks/Study_SamplesSet/25ecaf43663af0ab0868ad0cb3d8e6f9.sol"},{"line":194,"column":16,"severity":"Error","message":"Avoid making time-based decisions in your business logic","ruleId":"not-rely-on-time","fix":null,"filePath":"Benchmarks/Study_SamplesSet/25ecaf43663af0ab0868ad0cb3d8e6f9.sol"},{"line":203,"column":1,"severity":"Warning","message":"Function name must be in mixedCase","ruleId":"func-name-mixedcase","fix":null,"filePath":"Benchmarks/Study_SamplesSet/25ecaf43663af0ab0868ad0cb3d8e6f9.sol"},{"line":203,"column":30,"severity":"Warning","message":"Visibility modifier must be first in list of modifiers","ruleId":"visibility-modifier-order","fix":null,"filePath":"Benchmarks/Study_SamplesSet/25ecaf43663af0ab0868ad0cb3d8e6f9.sol"},{"line":204,"column":12,"severity":"Error","message":"Avoid making time-based decisions in your business logic","ruleId":"not-rely-on-time","fix":null,"filePath":"Benchmarks/Study_SamplesSet/25ecaf43663af0ab0868ad0cb3d8e6f9.sol"},{"line":213,"column":1,"severity":"Error","message":"Explicitly mark visibility of state","ruleId":"state-visibility","fix":null,"filePath":"Benchmarks/Study_SamplesSet/25ecaf43663af0ab0868ad0cb3d8e6f9.sol"},{"line":213,"column":1,"severity":"Warning","message":"Variable name must be in mixedCase","ruleId":"var-name-mixedcase","fix":null,"filePath":"Benchmarks/Study_SamplesSet/25ecaf43663af0ab0868ad0cb3d8e6f9.sol"},{"line":213,"column":24,"severity":"Error","message":"Avoid making time-based decisions in your business logic","ruleId":"not-rely-on-time","fix":null,"filePath":"Benchmarks/Study_SamplesSet/25ecaf43663af0ab0868ad0cb3d8e6f9.sol"},{"line":213,"column":24,"severity":"Error","message":"Avoid making time-based decisions in your business logic","ruleId":"not-rely-on-time","fix":null,"filePath":"Benchmarks/Study_SamplesSet/25ecaf43663af0ab0868ad0cb3d8e6f9.sol"},{"line":217,"column":9,"severity":"Warning","message":"Provide an error message for revert","ruleId":"reason-string","fix":null,"filePath":"Benchmarks/Study_SamplesSet/25ecaf43663af0ab0868ad0cb3d8e6f9.sol"},{"line":217,"column":9,"severity":"Warning","message":"Use Custom Errors instead of revert statements","ruleId":"custom-errors","fix":null,"filePath":"Benchmarks/Study_SamplesSet/25ecaf43663af0ab0868ad0cb3d8e6f9.sol"},{"line":219,"column":1,"severity":"Error","message":"Explicitly mark visibility of state","ruleId":"state-visibility","fix":null,"filePath":"Benchmarks/Study_SamplesSet/25ecaf43663af0ab0868ad0cb3d8e6f9.sol"},{"line":219,"column":1,"severity":"Warning","message":"Variable name must be in mixedCase","ruleId":"var-name-mixedcase","fix":null,"filePath":"Benchmarks/Study_SamplesSet/25ecaf43663af0ab0868ad0cb3d8e6f9.sol"},{"line":219,"column":24,"severity":"Error","message":"Avoid making time-based decisions in your business logic","ruleId":"not-rely-on-time","fix":null,"filePath":"Benchmarks/Study_SamplesSet/25ecaf43663af0ab0868ad0cb3d8e6f9.sol"},{"line":219,"column":24,"severity":"Error","message":"Avoid making time-based decisions in your business logic","ruleId":"not-rely-on-time","fix":null,"filePath":"Benchmarks/Study_SamplesSet/25ecaf43663af0ab0868ad0cb3d8e6f9.sol"},{"conclusion":"124 problem/s (49 error/s, 75 warning/s)"}]
