[{"line":1,"column":1,"severity":"Warning","message":"Found more than One contract per file. 10 contracts found!","ruleId":"one-contract-per-file","fix":null,"filePath":"Benchmarks/Study_SamplesSet/273d60e1f34f2dfbb2e6bc4126de6e7b.sol"},{"line":1,"column":1,"severity":"Error","message":"Compiler version ^0.4.18 does not satisfy the ^0.8.0 semver requirement","ruleId":"compiler-version","fix":null,"filePath":"Benchmarks/Study_SamplesSet/273d60e1f34f2dfbb2e6bc4126de6e7b.sol"},{"line":61,"column":5,"severity":"Warning","message":"Provide an error message for require","ruleId":"reason-string","fix":null,"filePath":"Benchmarks/Study_SamplesSet/273d60e1f34f2dfbb2e6bc4126de6e7b.sol"},{"line":61,"column":5,"severity":"Warning","message":"Use Custom Errors instead of require statements","ruleId":"custom-errors","fix":null,"filePath":"Benchmarks/Study_SamplesSet/273d60e1f34f2dfbb2e6bc4126de6e7b.sol"},{"line":71,"column":5,"severity":"Warning","message":"Provide an error message for require","ruleId":"reason-string","fix":null,"filePath":"Benchmarks/Study_SamplesSet/273d60e1f34f2dfbb2e6bc4126de6e7b.sol"},{"line":71,"column":5,"severity":"Warning","message":"Use Custom Errors instead of require statements","ruleId":"custom-errors","fix":null,"filePath":"Benchmarks/Study_SamplesSet/273d60e1f34f2dfbb2e6bc4126de6e7b.sol"},{"line":72,"column":5,"severity":"Error","message":"Explicitly mark all external contracts as trusted or untrusted","ruleId":"mark-callable-contracts","filePath":"Benchmarks/Study_SamplesSet/273d60e1f34f2dfbb2e6bc4126de6e7b.sol"},{"line":92,"column":5,"severity":"Warning","message":"Provide an error message for require","ruleId":"reason-string","fix":null,"filePath":"Benchmarks/Study_SamplesSet/273d60e1f34f2dfbb2e6bc4126de6e7b.sol"},{"line":92,"column":5,"severity":"Warning","message":"Use Custom Errors instead of require statements","ruleId":"custom-errors","fix":null,"filePath":"Benchmarks/Study_SamplesSet/273d60e1f34f2dfbb2e6bc4126de6e7b.sol"},{"line":100,"column":5,"severity":"Warning","message":"Provide an error message for require","ruleId":"reason-string","fix":null,"filePath":"Benchmarks/Study_SamplesSet/273d60e1f34f2dfbb2e6bc4126de6e7b.sol"},{"line":100,"column":5,"severity":"Warning","message":"Use Custom Errors instead of require statements","ruleId":"custom-errors","fix":null,"filePath":"Benchmarks/Study_SamplesSet/273d60e1f34f2dfbb2e6bc4126de6e7b.sol"},{"line":107,"column":44,"severity":"Warning","message":"Visibility modifier must be first in list of modifiers","ruleId":"visibility-modifier-order","fix":null,"filePath":"Benchmarks/Study_SamplesSet/273d60e1f34f2dfbb2e6bc4126de6e7b.sol"},{"line":109,"column":5,"severity":"Error","message":"Explicitly mark all external contracts as trusted or untrusted","ruleId":"mark-callable-contracts","filePath":"Benchmarks/Study_SamplesSet/273d60e1f34f2dfbb2e6bc4126de6e7b.sol"},{"line":115,"column":43,"severity":"Warning","message":"Visibility modifier must be first in list of modifiers","ruleId":"visibility-modifier-order","fix":null,"filePath":"Benchmarks/Study_SamplesSet/273d60e1f34f2dfbb2e6bc4126de6e7b.sol"},{"line":117,"column":5,"severity":"Error","message":"Explicitly mark all external contracts as trusted or untrusted","ruleId":"mark-callable-contracts","filePath":"Benchmarks/Study_SamplesSet/273d60e1f34f2dfbb2e6bc4126de6e7b.sol"},{"line":129,"column":47,"severity":"Warning","message":"Code contains empty blocks","ruleId":"no-empty-blocks","fix":null,"filePath":"Benchmarks/Study_SamplesSet/273d60e1f34f2dfbb2e6bc4126de6e7b.sol"},{"line":138,"column":48,"severity":"Warning","message":"Visibility modifier must be first in list of modifiers","ruleId":"visibility-modifier-order","fix":null,"filePath":"Benchmarks/Study_SamplesSet/273d60e1f34f2dfbb2e6bc4126de6e7b.sol"},{"line":182,"column":3,"severity":"Error","message":"Explicitly mark visibility of state","ruleId":"state-visibility","fix":null,"filePath":"Benchmarks/Study_SamplesSet/273d60e1f34f2dfbb2e6bc4126de6e7b.sol"},{"line":190,"column":5,"severity":"Warning","message":"Provide an error message for require","ruleId":"reason-string","fix":null,"filePath":"Benchmarks/Study_SamplesSet/273d60e1f34f2dfbb2e6bc4126de6e7b.sol"},{"line":190,"column":5,"severity":"Warning","message":"Use Custom Errors instead of require statements","ruleId":"custom-errors","fix":null,"filePath":"Benchmarks/Study_SamplesSet/273d60e1f34f2dfbb2e6bc4126de6e7b.sol"},{"line":191,"column":5,"severity":"Warning","message":"Provide an error message for require","ruleId":"reason-string","fix":null,"filePath":"Benchmarks/Study_SamplesSet/273d60e1f34f2dfbb2e6bc4126de6e7b.sol"},{"line":191,"column":5,"severity":"Warning","message":"Use Custom Errors instead of require statements","ruleId":"custom-errors","fix":null,"filePath":"Benchmarks/Study_SamplesSet/273d60e1f34f2dfbb2e6bc4126de6e7b.sol"},{"line":196,"column":5,"severity":"Error","message":"Explicitly mark all external contracts as trusted or untrusted","ruleId":"mark-callable-contracts","filePath":"Benchmarks/Study_SamplesSet/273d60e1f34f2dfbb2e6bc4126de6e7b.sol"},{"line":230,"column":5,"severity":"Warning","message":"Provide an error message for require","ruleId":"reason-string","fix":null,"filePath":"Benchmarks/Study_SamplesSet/273d60e1f34f2dfbb2e6bc4126de6e7b.sol"},{"line":230,"column":5,"severity":"Warning","message":"Use Custom Errors instead of require statements","ruleId":"custom-errors","fix":null,"filePath":"Benchmarks/Study_SamplesSet/273d60e1f34f2dfbb2e6bc4126de6e7b.sol"},{"line":231,"column":5,"severity":"Warning","message":"Provide an error message for require","ruleId":"reason-string","fix":null,"filePath":"Benchmarks/Study_SamplesSet/273d60e1f34f2dfbb2e6bc4126de6e7b.sol"},{"line":231,"column":5,"severity":"Warning","message":"Use Custom Errors instead of require statements","ruleId":"custom-errors","fix":null,"filePath":"Benchmarks/Study_SamplesSet/273d60e1f34f2dfbb2e6bc4126de6e7b.sol"},{"line":232,"column":5,"severity":"Warning","message":"Provide an error message for require","ruleId":"reason-string","fix":null,"filePath":"Benchmarks/Study_SamplesSet/273d60e1f34f2dfbb2e6bc4126de6e7b.sol"},{"line":232,"column":5,"severity":"Warning","message":"Use Custom Errors instead of require statements","ruleId":"custom-errors","fix":null,"filePath":"Benchmarks/Study_SamplesSet/273d60e1f34f2dfbb2e6bc4126de6e7b.sol"},{"line":237,"column":5,"severity":"Error","message":"Explicitly mark all external contracts as trusted or untrusted","ruleId":"mark-callable-contracts","filePath":"Benchmarks/Study_SamplesSet/273d60e1f34f2dfbb2e6bc4126de6e7b.sol"},{"line":253,"column":5,"severity":"Error","message":"Explicitly mark all external contracts as trusted or untrusted","ruleId":"mark-callable-contracts","filePath":"Benchmarks/Study_SamplesSet/273d60e1f34f2dfbb2e6bc4126de6e7b.sol"},{"line":273,"column":47,"severity":"Warning","message":"Rule is set with explicit type [var/s: uint]","ruleId":"explicit-types","filePath":"Benchmarks/Study_SamplesSet/273d60e1f34f2dfbb2e6bc4126de6e7b.sol"},{"line":275,"column":5,"severity":"Error","message":"Explicitly mark all external contracts as trusted or untrusted","ruleId":"mark-callable-contracts","filePath":"Benchmarks/Study_SamplesSet/273d60e1f34f2dfbb2e6bc4126de6e7b.sol"},{"line":279,"column":47,"severity":"Warning","message":"Rule is set with explicit type [var/s: uint]","ruleId":"explicit-types","filePath":"Benchmarks/Study_SamplesSet/273d60e1f34f2dfbb2e6bc4126de6e7b.sol"},{"line":280,"column":5,"severity":"Warning","message":"Rule is set with explicit type [var/s: uint]","ruleId":"explicit-types","filePath":"Benchmarks/Study_SamplesSet/273d60e1f34f2dfbb2e6bc4126de6e7b.sol"},{"line":286,"column":5,"severity":"Error","message":"Explicitly mark all external contracts as trusted or untrusted","ruleId":"mark-callable-contracts","filePath":"Benchmarks/Study_SamplesSet/273d60e1f34f2dfbb2e6bc4126de6e7b.sol"},{"line":302,"column":3,"severity":"Warning","message":"Constant name must be in capitalized SNAKE_CASE","ruleId":"const-name-snakecase","fix":null,"filePath":"Benchmarks/Study_SamplesSet/273d60e1f34f2dfbb2e6bc4126de6e7b.sol"},{"line":303,"column":3,"severity":"Warning","message":"Constant name must be in capitalized SNAKE_CASE","ruleId":"const-name-snakecase","fix":null,"filePath":"Benchmarks/Study_SamplesSet/273d60e1f34f2dfbb2e6bc4126de6e7b.sol"},{"line":304,"column":3,"severity":"Warning","message":"Constant name must be in capitalized SNAKE_CASE","ruleId":"const-name-snakecase","fix":null,"filePath":"Benchmarks/Study_SamplesSet/273d60e1f34f2dfbb2e6bc4126de6e7b.sol"},{"line":305,"column":3,"severity":"Warning","message":"Constant name must be in capitalized SNAKE_CASE","ruleId":"const-name-snakecase","fix":null,"filePath":"Benchmarks/Study_SamplesSet/273d60e1f34f2dfbb2e6bc4126de6e7b.sol"},{"line":307,"column":5,"severity":"Warning","message":"Constant name must be in capitalized SNAKE_CASE","ruleId":"const-name-snakecase","fix":null,"filePath":"Benchmarks/Study_SamplesSet/273d60e1f34f2dfbb2e6bc4126de6e7b.sol"},{"line":308,"column":5,"severity":"Warning","message":"Constant name must be in capitalized SNAKE_CASE","ruleId":"const-name-snakecase","fix":null,"filePath":"Benchmarks/Study_SamplesSet/273d60e1f34f2dfbb2e6bc4126de6e7b.sol"},{"line":355,"column":5,"severity":"Warning","message":"Constant name must be in capitalized SNAKE_CASE","ruleId":"const-name-snakecase","fix":null,"filePath":"Benchmarks/Study_SamplesSet/273d60e1f34f2dfbb2e6bc4126de6e7b.sol"},{"line":368,"column":3,"severity":"Warning","message":"Constant name must be in capitalized SNAKE_CASE","ruleId":"const-name-snakecase","fix":null,"filePath":"Benchmarks/Study_SamplesSet/273d60e1f34f2dfbb2e6bc4126de6e7b.sol"},{"line":369,"column":3,"severity":"Warning","message":"Constant name must be in capitalized SNAKE_CASE","ruleId":"const-name-snakecase","fix":null,"filePath":"Benchmarks/Study_SamplesSet/273d60e1f34f2dfbb2e6bc4126de6e7b.sol"},{"line":370,"column":3,"severity":"Warning","message":"Constant name must be in capitalized SNAKE_CASE","ruleId":"const-name-snakecase","fix":null,"filePath":"Benchmarks/Study_SamplesSet/273d60e1f34f2dfbb2e6bc4126de6e7b.sol"},{"line":381,"column":14,"severity":"Error","message":"Avoid making time-based decisions in your business logic","ruleId":"not-rely-on-time","fix":null,"filePath":"Benchmarks/Study_SamplesSet/273d60e1f34f2dfbb2e6bc4126de6e7b.sol"},{"line":382,"column":14,"severity":"Error","message":"Avoid making time-based decisions in your business logic","ruleId":"not-rely-on-time","fix":null,"filePath":"Benchmarks/Study_SamplesSet/273d60e1f34f2dfbb2e6bc4126de6e7b.sol"},{"line":383,"column":14,"severity":"Error","message":"Avoid making time-based decisions in your business logic","ruleId":"not-rely-on-time","fix":null,"filePath":"Benchmarks/Study_SamplesSet/273d60e1f34f2dfbb2e6bc4126de6e7b.sol"},{"line":394,"column":57,"severity":"Warning","message":"Visibility modifier must be first in list of modifiers","ruleId":"visibility-modifier-order","fix":null,"filePath":"Benchmarks/Study_SamplesSet/273d60e1f34f2dfbb2e6bc4126de6e7b.sol"},{"line":395,"column":5,"severity":"Warning","message":"Provide an error message for require","ruleId":"reason-string","fix":null,"filePath":"Benchmarks/Study_SamplesSet/273d60e1f34f2dfbb2e6bc4126de6e7b.sol"},{"line":395,"column":5,"severity":"Warning","message":"Use Custom Errors instead of require statements","ruleId":"custom-errors","fix":null,"filePath":"Benchmarks/Study_SamplesSet/273d60e1f34f2dfbb2e6bc4126de6e7b.sol"},{"line":396,"column":5,"severity":"Warning","message":"Provide an error message for require","ruleId":"reason-string","fix":null,"filePath":"Benchmarks/Study_SamplesSet/273d60e1f34f2dfbb2e6bc4126de6e7b.sol"},{"line":396,"column":5,"severity":"Warning","message":"Use Custom Errors instead of require statements","ruleId":"custom-errors","fix":null,"filePath":"Benchmarks/Study_SamplesSet/273d60e1f34f2dfbb2e6bc4126de6e7b.sol"},{"line":409,"column":7,"severity":"Warning","message":"Provide an error message for revert","ruleId":"reason-string","fix":null,"filePath":"Benchmarks/Study_SamplesSet/273d60e1f34f2dfbb2e6bc4126de6e7b.sol"},{"line":409,"column":7,"severity":"Warning","message":"Use Custom Errors instead of revert statements","ruleId":"custom-errors","fix":null,"filePath":"Benchmarks/Study_SamplesSet/273d60e1f34f2dfbb2e6bc4126de6e7b.sol"},{"line":414,"column":5,"severity":"Error","message":"Explicitly mark all external contracts as trusted or untrusted","ruleId":"mark-callable-contracts","filePath":"Benchmarks/Study_SamplesSet/273d60e1f34f2dfbb2e6bc4126de6e7b.sol"},{"line":419,"column":25,"severity":"Error","message":"Avoid making time-based decisions in your business logic","ruleId":"not-rely-on-time","fix":null,"filePath":"Benchmarks/Study_SamplesSet/273d60e1f34f2dfbb2e6bc4126de6e7b.sol"},{"line":419,"column":45,"severity":"Error","message":"Avoid making time-based decisions in your business logic","ruleId":"not-rely-on-time","fix":null,"filePath":"Benchmarks/Study_SamplesSet/273d60e1f34f2dfbb2e6bc4126de6e7b.sol"},{"line":427,"column":35,"severity":"Warning","message":"Visibility modifier must be first in list of modifiers","ruleId":"visibility-modifier-order","fix":null,"filePath":"Benchmarks/Study_SamplesSet/273d60e1f34f2dfbb2e6bc4126de6e7b.sol"},{"line":428,"column":9,"severity":"Warning","message":"Provide an error message for require","ruleId":"reason-string","fix":null,"filePath":"Benchmarks/Study_SamplesSet/273d60e1f34f2dfbb2e6bc4126de6e7b.sol"},{"line":428,"column":9,"severity":"Warning","message":"Use Custom Errors instead of require statements","ruleId":"custom-errors","fix":null,"filePath":"Benchmarks/Study_SamplesSet/273d60e1f34f2dfbb2e6bc4126de6e7b.sol"},{"line":430,"column":12,"severity":"Error","message":"Avoid making time-based decisions in your business logic","ruleId":"not-rely-on-time","fix":null,"filePath":"Benchmarks/Study_SamplesSet/273d60e1f34f2dfbb2e6bc4126de6e7b.sol"},{"line":431,"column":13,"severity":"Warning","message":"Provide an error message for require","ruleId":"reason-string","fix":null,"filePath":"Benchmarks/Study_SamplesSet/273d60e1f34f2dfbb2e6bc4126de6e7b.sol"},{"line":431,"column":13,"severity":"Warning","message":"Use Custom Errors instead of require statements","ruleId":"custom-errors","fix":null,"filePath":"Benchmarks/Study_SamplesSet/273d60e1f34f2dfbb2e6bc4126de6e7b.sol"},{"line":433,"column":9,"severity":"Warning","message":"Provide an error message for require","ruleId":"reason-string","fix":null,"filePath":"Benchmarks/Study_SamplesSet/273d60e1f34f2dfbb2e6bc4126de6e7b.sol"},{"line":433,"column":9,"severity":"Warning","message":"Use Custom Errors instead of require statements","ruleId":"custom-errors","fix":null,"filePath":"Benchmarks/Study_SamplesSet/273d60e1f34f2dfbb2e6bc4126de6e7b.sol"},{"line":434,"column":9,"severity":"Warning","message":"Rule is set with explicit type [var/s: uint]","ruleId":"explicit-types","filePath":"Benchmarks/Study_SamplesSet/273d60e1f34f2dfbb2e6bc4126de6e7b.sol"},{"line":439,"column":9,"severity":"Error","message":"Possible reentrancy vulnerabilities. Avoid state changes after transfer.","ruleId":"reentrancy","fix":null,"filePath":"Benchmarks/Study_SamplesSet/273d60e1f34f2dfbb2e6bc4126de6e7b.sol"},{"conclusion":"69 problem/s (18 error/s, 51 warning/s)"}]
