[{"line":1,"column":1,"severity":"Warning","message":"Found more than One contract per file. 3 contracts found!","ruleId":"one-contract-per-file","fix":null,"filePath":"Benchmarks/Study_SamplesSet/27d7a8f31eca79b168da6a4a8cd5b5a9.sol"},{"line":1,"column":1,"severity":"Error","message":"Compiler version ^0.4.19 does not satisfy the ^0.8.0 semver requirement","ruleId":"compiler-version","fix":null,"filePath":"Benchmarks/Study_SamplesSet/27d7a8f31eca79b168da6a4a8cd5b5a9.sol"},{"line":29,"column":5,"severity":"Warning","message":"Provide an error message for require","ruleId":"reason-string","fix":null,"filePath":"Benchmarks/Study_SamplesSet/27d7a8f31eca79b168da6a4a8cd5b5a9.sol"},{"line":29,"column":5,"severity":"Warning","message":"Use Custom Errors instead of require statements","ruleId":"custom-errors","fix":null,"filePath":"Benchmarks/Study_SamplesSet/27d7a8f31eca79b168da6a4a8cd5b5a9.sol"},{"line":39,"column":5,"severity":"Warning","message":"Provide an error message for require","ruleId":"reason-string","fix":null,"filePath":"Benchmarks/Study_SamplesSet/27d7a8f31eca79b168da6a4a8cd5b5a9.sol"},{"line":39,"column":5,"severity":"Warning","message":"Use Custom Errors instead of require statements","ruleId":"custom-errors","fix":null,"filePath":"Benchmarks/Study_SamplesSet/27d7a8f31eca79b168da6a4a8cd5b5a9.sol"},{"line":40,"column":5,"severity":"Error","message":"Explicitly mark all external contracts as trusted or untrusted","ruleId":"mark-callable-contracts","filePath":"Benchmarks/Study_SamplesSet/27d7a8f31eca79b168da6a4a8cd5b5a9.sol"},{"line":82,"column":5,"severity":"Warning","message":"Rule is set with explicit type [var/s: uint]","ruleId":"explicit-types","filePath":"Benchmarks/Study_SamplesSet/27d7a8f31eca79b168da6a4a8cd5b5a9.sol"},{"line":83,"column":5,"severity":"Warning","message":"Rule is set with explicit type [var/s: uint]","ruleId":"explicit-types","filePath":"Benchmarks/Study_SamplesSet/27d7a8f31eca79b168da6a4a8cd5b5a9.sol"},{"line":85,"column":5,"severity":"Error","message":"Explicitly mark visibility of state","ruleId":"state-visibility","fix":null,"filePath":"Benchmarks/Study_SamplesSet/27d7a8f31eca79b168da6a4a8cd5b5a9.sol"},{"line":85,"column":5,"severity":"Warning","message":"Rule is set with explicit type [var/s: uint]","ruleId":"explicit-types","filePath":"Benchmarks/Study_SamplesSet/27d7a8f31eca79b168da6a4a8cd5b5a9.sol"},{"line":92,"column":9,"severity":"Warning","message":"Rule is set with explicit type [var/s: uint]","ruleId":"explicit-types","filePath":"Benchmarks/Study_SamplesSet/27d7a8f31eca79b168da6a4a8cd5b5a9.sol"},{"line":93,"column":13,"severity":"Error","message":"Avoid making time-based decisions in your business logic","ruleId":"not-rely-on-time","fix":null,"filePath":"Benchmarks/Study_SamplesSet/27d7a8f31eca79b168da6a4a8cd5b5a9.sol"},{"line":101,"column":49,"severity":"Warning","message":"Rule is set with explicit type [var/s: uint]","ruleId":"explicit-types","filePath":"Benchmarks/Study_SamplesSet/27d7a8f31eca79b168da6a4a8cd5b5a9.sol"},{"conclusion":"14 problem/s (4 error/s, 10 warning/s)"}]
