[{"line":1,"column":1,"severity":"Warning","message":"Found more than One contract per file. 4 contracts found!","ruleId":"one-contract-per-file","fix":null,"filePath":"Benchmarks/Study_SamplesSet/2905d6a52900c3e1bb5a32ebf9b6ca31.sol"},{"line":1,"column":1,"severity":"Error","message":"Compiler version ^0.4.18 does not satisfy the ^0.8.0 semver requirement","ruleId":"compiler-version","fix":null,"filePath":"Benchmarks/Study_SamplesSet/2905d6a52900c3e1bb5a32ebf9b6ca31.sol"},{"line":47,"column":3,"severity":"Error","message":"Explicitly mark visibility in function","ruleId":"func-visibility","fix":null,"filePath":"Benchmarks/Study_SamplesSet/2905d6a52900c3e1bb5a32ebf9b6ca31.sol"},{"line":93,"column":5,"severity":"Warning","message":"Provide an error message for require","ruleId":"reason-string","fix":null,"filePath":"Benchmarks/Study_SamplesSet/2905d6a52900c3e1bb5a32ebf9b6ca31.sol"},{"line":93,"column":5,"severity":"Warning","message":"Use Custom Errors instead of require statements","ruleId":"custom-errors","fix":null,"filePath":"Benchmarks/Study_SamplesSet/2905d6a52900c3e1bb5a32ebf9b6ca31.sol"},{"line":94,"column":5,"severity":"Warning","message":"Provide an error message for require","ruleId":"reason-string","fix":null,"filePath":"Benchmarks/Study_SamplesSet/2905d6a52900c3e1bb5a32ebf9b6ca31.sol"},{"line":94,"column":5,"severity":"Warning","message":"Use Custom Errors instead of require statements","ruleId":"custom-errors","fix":null,"filePath":"Benchmarks/Study_SamplesSet/2905d6a52900c3e1bb5a32ebf9b6ca31.sol"},{"line":102,"column":5,"severity":"Warning","message":"Provide an error message for require","ruleId":"reason-string","fix":null,"filePath":"Benchmarks/Study_SamplesSet/2905d6a52900c3e1bb5a32ebf9b6ca31.sol"},{"line":102,"column":5,"severity":"Warning","message":"Use Custom Errors instead of require statements","ruleId":"custom-errors","fix":null,"filePath":"Benchmarks/Study_SamplesSet/2905d6a52900c3e1bb5a32ebf9b6ca31.sol"},{"line":102,"column":13,"severity":"Error","message":"Explicitly mark all external contracts as trusted or untrusted","ruleId":"mark-callable-contracts","filePath":"Benchmarks/Study_SamplesSet/2905d6a52900c3e1bb5a32ebf9b6ca31.sol"},{"line":102,"column":24,"severity":"Error","message":"Explicitly mark all external contracts as trusted or untrusted","ruleId":"mark-callable-contracts","filePath":"Benchmarks/Study_SamplesSet/2905d6a52900c3e1bb5a32ebf9b6ca31.sol"},{"line":103,"column":5,"severity":"Error","message":"Explicitly mark all external contracts as trusted or untrusted","ruleId":"mark-callable-contracts","filePath":"Benchmarks/Study_SamplesSet/2905d6a52900c3e1bb5a32ebf9b6ca31.sol"},{"line":120,"column":25,"severity":"Error","message":"Avoid making time-based decisions in your business logic","ruleId":"not-rely-on-time","fix":null,"filePath":"Benchmarks/Study_SamplesSet/2905d6a52900c3e1bb5a32ebf9b6ca31.sol"},{"line":120,"column":45,"severity":"Error","message":"Avoid making time-based decisions in your business logic","ruleId":"not-rely-on-time","fix":null,"filePath":"Benchmarks/Study_SamplesSet/2905d6a52900c3e1bb5a32ebf9b6ca31.sol"},{"line":126,"column":18,"severity":"Error","message":"Avoid making time-based decisions in your business logic","ruleId":"not-rely-on-time","fix":null,"filePath":"Benchmarks/Study_SamplesSet/2905d6a52900c3e1bb5a32ebf9b6ca31.sol"},{"line":132,"column":5,"severity":"Warning","message":"Provide an error message for require","ruleId":"reason-string","fix":null,"filePath":"Benchmarks/Study_SamplesSet/2905d6a52900c3e1bb5a32ebf9b6ca31.sol"},{"line":132,"column":5,"severity":"Warning","message":"Use Custom Errors instead of require statements","ruleId":"custom-errors","fix":null,"filePath":"Benchmarks/Study_SamplesSet/2905d6a52900c3e1bb5a32ebf9b6ca31.sol"},{"line":133,"column":5,"severity":"Warning","message":"Provide an error message for require","ruleId":"reason-string","fix":null,"filePath":"Benchmarks/Study_SamplesSet/2905d6a52900c3e1bb5a32ebf9b6ca31.sol"},{"line":133,"column":5,"severity":"Warning","message":"Use Custom Errors instead of require statements","ruleId":"custom-errors","fix":null,"filePath":"Benchmarks/Study_SamplesSet/2905d6a52900c3e1bb5a32ebf9b6ca31.sol"},{"line":133,"column":43,"severity":"Error","message":"Avoid making time-based decisions in your business logic","ruleId":"not-rely-on-time","fix":null,"filePath":"Benchmarks/Study_SamplesSet/2905d6a52900c3e1bb5a32ebf9b6ca31.sol"},{"line":135,"column":5,"severity":"Warning","message":"Provide an error message for require","ruleId":"reason-string","fix":null,"filePath":"Benchmarks/Study_SamplesSet/2905d6a52900c3e1bb5a32ebf9b6ca31.sol"},{"line":135,"column":5,"severity":"Warning","message":"Use Custom Errors instead of require statements","ruleId":"custom-errors","fix":null,"filePath":"Benchmarks/Study_SamplesSet/2905d6a52900c3e1bb5a32ebf9b6ca31.sol"},{"line":135,"column":13,"severity":"Error","message":"Explicitly mark all external contracts as trusted or untrusted","ruleId":"mark-callable-contracts","filePath":"Benchmarks/Study_SamplesSet/2905d6a52900c3e1bb5a32ebf9b6ca31.sol"},{"line":135,"column":24,"severity":"Error","message":"Explicitly mark all external contracts as trusted or untrusted","ruleId":"mark-callable-contracts","filePath":"Benchmarks/Study_SamplesSet/2905d6a52900c3e1bb5a32ebf9b6ca31.sol"},{"line":136,"column":5,"severity":"Error","message":"Explicitly mark all external contracts as trusted or untrusted","ruleId":"mark-callable-contracts","filePath":"Benchmarks/Study_SamplesSet/2905d6a52900c3e1bb5a32ebf9b6ca31.sol"},{"line":136,"column":22,"severity":"Error","message":"Explicitly mark all external contracts as trusted or untrusted","ruleId":"mark-callable-contracts","filePath":"Benchmarks/Study_SamplesSet/2905d6a52900c3e1bb5a32ebf9b6ca31.sol"},{"line":141,"column":5,"severity":"Warning","message":"Provide an error message for require","ruleId":"reason-string","fix":null,"filePath":"Benchmarks/Study_SamplesSet/2905d6a52900c3e1bb5a32ebf9b6ca31.sol"},{"line":141,"column":5,"severity":"Warning","message":"Use Custom Errors instead of require statements","ruleId":"custom-errors","fix":null,"filePath":"Benchmarks/Study_SamplesSet/2905d6a52900c3e1bb5a32ebf9b6ca31.sol"},{"line":142,"column":17,"severity":"Error","message":"Avoid making time-based decisions in your business logic","ruleId":"not-rely-on-time","fix":null,"filePath":"Benchmarks/Study_SamplesSet/2905d6a52900c3e1bb5a32ebf9b6ca31.sol"},{"line":143,"column":15,"severity":"Error","message":"Avoid making time-based decisions in your business logic","ruleId":"not-rely-on-time","fix":null,"filePath":"Benchmarks/Study_SamplesSet/2905d6a52900c3e1bb5a32ebf9b6ca31.sol"},{"line":147,"column":5,"severity":"Warning","message":"Provide an error message for require","ruleId":"reason-string","fix":null,"filePath":"Benchmarks/Study_SamplesSet/2905d6a52900c3e1bb5a32ebf9b6ca31.sol"},{"line":147,"column":5,"severity":"Warning","message":"Use Custom Errors instead of require statements","ruleId":"custom-errors","fix":null,"filePath":"Benchmarks/Study_SamplesSet/2905d6a52900c3e1bb5a32ebf9b6ca31.sol"},{"conclusion":"32 problem/s (15 error/s, 17 warning/s)"}]
