[{"line":1,"column":1,"severity":"Error","message":"Compiler version ^0.4.4 does not satisfy the ^0.8.0 semver requirement","ruleId":"compiler-version","fix":null,"filePath":"Benchmarks/Study_SamplesSet/2a0e0cabcdd19b04e5e2649b6244e420.sol"},{"line":11,"column":9,"severity":"Warning","message":"Rule is set with explicit type [var/s: uint]","ruleId":"explicit-types","filePath":"Benchmarks/Study_SamplesSet/2a0e0cabcdd19b04e5e2649b6244e420.sol"},{"line":13,"column":9,"severity":"Warning","message":"Rule is set with explicit type [var/s: uint]","ruleId":"explicit-types","filePath":"Benchmarks/Study_SamplesSet/2a0e0cabcdd19b04e5e2649b6244e420.sol"},{"line":14,"column":9,"severity":"Warning","message":"Rule is set with explicit type [var/s: uint]","ruleId":"explicit-types","filePath":"Benchmarks/Study_SamplesSet/2a0e0cabcdd19b04e5e2649b6244e420.sol"},{"line":15,"column":9,"severity":"Warning","message":"Rule is set with explicit type [var/s: uint]","ruleId":"explicit-types","filePath":"Benchmarks/Study_SamplesSet/2a0e0cabcdd19b04e5e2649b6244e420.sol"},{"line":18,"column":5,"severity":"Error","message":"Explicitly mark visibility of state","ruleId":"state-visibility","fix":null,"filePath":"Benchmarks/Study_SamplesSet/2a0e0cabcdd19b04e5e2649b6244e420.sol"},{"line":19,"column":5,"severity":"Error","message":"Explicitly mark visibility in function (Set ignoreConstructors to true if using solidity >=0.7.0)","ruleId":"func-visibility","fix":null,"filePath":"Benchmarks/Study_SamplesSet/2a0e0cabcdd19b04e5e2649b6244e420.sol"},{"line":37,"column":5,"severity":"Warning","message":"Function name must be in mixedCase","ruleId":"func-name-mixedcase","fix":null,"filePath":"Benchmarks/Study_SamplesSet/2a0e0cabcdd19b04e5e2649b6244e420.sol"},{"line":37,"column":5,"severity":"Error","message":"Explicitly mark visibility in function","ruleId":"func-visibility","fix":null,"filePath":"Benchmarks/Study_SamplesSet/2a0e0cabcdd19b04e5e2649b6244e420.sol"},{"line":37,"column":93,"severity":"Warning","message":"Rule is set with explicit type [var/s: uint]","ruleId":"explicit-types","filePath":"Benchmarks/Study_SamplesSet/2a0e0cabcdd19b04e5e2649b6244e420.sol"},{"line":53,"column":5,"severity":"Warning","message":"Function name must be in mixedCase","ruleId":"func-name-mixedcase","fix":null,"filePath":"Benchmarks/Study_SamplesSet/2a0e0cabcdd19b04e5e2649b6244e420.sol"},{"line":53,"column":5,"severity":"Error","message":"Explicitly mark visibility in function","ruleId":"func-visibility","fix":null,"filePath":"Benchmarks/Study_SamplesSet/2a0e0cabcdd19b04e5e2649b6244e420.sol"},{"line":53,"column":65,"severity":"Warning","message":"Rule is set with explicit type [var/s: uint]","ruleId":"explicit-types","filePath":"Benchmarks/Study_SamplesSet/2a0e0cabcdd19b04e5e2649b6244e420.sol"},{"line":53,"column":88,"severity":"Warning","message":"Rule is set with explicit type [var/s: uint]","ruleId":"explicit-types","filePath":"Benchmarks/Study_SamplesSet/2a0e0cabcdd19b04e5e2649b6244e420.sol"},{"line":53,"column":112,"severity":"Warning","message":"Rule is set with explicit type [var/s: uint]","ruleId":"explicit-types","filePath":"Benchmarks/Study_SamplesSet/2a0e0cabcdd19b04e5e2649b6244e420.sol"},{"line":53,"column":125,"severity":"Warning","message":"Rule is set with explicit type [var/s: uint]","ruleId":"explicit-types","filePath":"Benchmarks/Study_SamplesSet/2a0e0cabcdd19b04e5e2649b6244e420.sol"},{"line":69,"column":5,"severity":"Warning","message":"Function name must be in mixedCase","ruleId":"func-name-mixedcase","fix":null,"filePath":"Benchmarks/Study_SamplesSet/2a0e0cabcdd19b04e5e2649b6244e420.sol"},{"line":69,"column":5,"severity":"Error","message":"Explicitly mark visibility in function","ruleId":"func-visibility","fix":null,"filePath":"Benchmarks/Study_SamplesSet/2a0e0cabcdd19b04e5e2649b6244e420.sol"},{"line":69,"column":28,"severity":"Warning","message":"Rule is set with explicit type [var/s: uint]","ruleId":"explicit-types","filePath":"Benchmarks/Study_SamplesSet/2a0e0cabcdd19b04e5e2649b6244e420.sol"},{"line":83,"column":3,"severity":"Warning","message":"Function name must be in mixedCase","ruleId":"func-name-mixedcase","fix":null,"filePath":"Benchmarks/Study_SamplesSet/2a0e0cabcdd19b04e5e2649b6244e420.sol"},{"line":83,"column":3,"severity":"Error","message":"Explicitly mark visibility in function","ruleId":"func-visibility","fix":null,"filePath":"Benchmarks/Study_SamplesSet/2a0e0cabcdd19b04e5e2649b6244e420.sol"},{"line":83,"column":21,"severity":"Warning","message":"Rule is set with explicit type [var/s: uint]","ruleId":"explicit-types","filePath":"Benchmarks/Study_SamplesSet/2a0e0cabcdd19b04e5e2649b6244e420.sol"},{"line":89,"column":5,"severity":"Error","message":"Explicitly mark visibility in function","ruleId":"func-visibility","fix":null,"filePath":"Benchmarks/Study_SamplesSet/2a0e0cabcdd19b04e5e2649b6244e420.sol"},{"line":89,"column":25,"severity":"Warning","message":"Rule is set with explicit type [var/s: uint]","ruleId":"explicit-types","filePath":"Benchmarks/Study_SamplesSet/2a0e0cabcdd19b04e5e2649b6244e420.sol"},{"line":108,"column":5,"severity":"Error","message":"Explicitly mark visibility in function","ruleId":"func-visibility","fix":null,"filePath":"Benchmarks/Study_SamplesSet/2a0e0cabcdd19b04e5e2649b6244e420.sol"},{"line":108,"column":22,"severity":"Warning","message":"Rule is set with explicit type [var/s: uint]","ruleId":"explicit-types","filePath":"Benchmarks/Study_SamplesSet/2a0e0cabcdd19b04e5e2649b6244e420.sol"},{"line":108,"column":35,"severity":"Warning","message":"Rule is set with explicit type [var/s: uint]","ruleId":"explicit-types","filePath":"Benchmarks/Study_SamplesSet/2a0e0cabcdd19b04e5e2649b6244e420.sol"},{"conclusion":"27 problem/s (9 error/s, 18 warning/s)"}]
