[{"line":1,"column":1,"severity":"Error","message":"Compiler version ^0.4.16 does not satisfy the ^0.8.0 semver requirement","ruleId":"compiler-version","fix":null,"filePath":"Benchmarks/Study_SamplesSet/2a6cf7fb4f87543edc889db8e51420e3.sol"},{"line":29,"column":9,"severity":"Error","message":"Explicitly mark visibility in function (Set ignoreConstructors to true if using solidity >=0.7.0)","ruleId":"func-visibility","fix":null,"filePath":"Benchmarks/Study_SamplesSet/2a6cf7fb4f87543edc889db8e51420e3.sol"},{"line":37,"column":9,"severity":"Error","message":"Explicitly mark visibility in function","ruleId":"func-visibility","fix":null,"filePath":"Benchmarks/Study_SamplesSet/2a6cf7fb4f87543edc889db8e51420e3.sol"},{"line":43,"column":9,"severity":"Error","message":"Explicitly mark visibility in function","ruleId":"func-visibility","fix":null,"filePath":"Benchmarks/Study_SamplesSet/2a6cf7fb4f87543edc889db8e51420e3.sol"},{"line":53,"column":9,"severity":"Error","message":"Explicitly mark visibility in function","ruleId":"func-visibility","fix":null,"filePath":"Benchmarks/Study_SamplesSet/2a6cf7fb4f87543edc889db8e51420e3.sol"},{"line":60,"column":9,"severity":"Error","message":"Explicitly mark visibility in function","ruleId":"func-visibility","fix":null,"filePath":"Benchmarks/Study_SamplesSet/2a6cf7fb4f87543edc889db8e51420e3.sol"},{"line":67,"column":9,"severity":"Error","message":"Explicitly mark visibility in function","ruleId":"func-visibility","fix":null,"filePath":"Benchmarks/Study_SamplesSet/2a6cf7fb4f87543edc889db8e51420e3.sol"},{"line":72,"column":9,"severity":"Error","message":"Explicitly mark visibility in function","ruleId":"func-visibility","fix":null,"filePath":"Benchmarks/Study_SamplesSet/2a6cf7fb4f87543edc889db8e51420e3.sol"},{"line":77,"column":9,"severity":"Error","message":"Explicitly mark visibility in function","ruleId":"func-visibility","fix":null,"filePath":"Benchmarks/Study_SamplesSet/2a6cf7fb4f87543edc889db8e51420e3.sol"},{"conclusion":"9 problem/s (9 error/s)"}]
