[{"line":1,"column":1,"severity":"Error","message":"Compiler version ^0.4.24 does not satisfy the ^0.8.0 semver requirement","ruleId":"compiler-version","fix":null,"filePath":"Benchmarks/Study_SamplesSet/2a7fe1e6e21d90a99d66af3d8623f47c.sol"},{"line":3,"column":1,"severity":"Warning","message":"Contract, Structs and Enums should be in CamelCase","ruleId":"contract-name-camelcase","filePath":"Benchmarks/Study_SamplesSet/2a7fe1e6e21d90a99d66af3d8623f47c.sol"},{"line":4,"column":3,"severity":"Error","message":"Explicitly mark visibility of state","ruleId":"state-visibility","fix":null,"filePath":"Benchmarks/Study_SamplesSet/2a7fe1e6e21d90a99d66af3d8623f47c.sol"},{"line":7,"column":5,"severity":"Warning","message":"Provide an error message for require","ruleId":"reason-string","fix":null,"filePath":"Benchmarks/Study_SamplesSet/2a7fe1e6e21d90a99d66af3d8623f47c.sol"},{"line":7,"column":5,"severity":"Warning","message":"Use Custom Errors instead of require statements","ruleId":"custom-errors","fix":null,"filePath":"Benchmarks/Study_SamplesSet/2a7fe1e6e21d90a99d66af3d8623f47c.sol"},{"line":7,"column":15,"severity":"Error","message":"Avoid to use low level calls.","ruleId":"avoid-low-level-calls","fix":null,"filePath":"Benchmarks/Study_SamplesSet/2a7fe1e6e21d90a99d66af3d8623f47c.sol"},{"line":10,"column":5,"severity":"Warning","message":"Provide an error message for require","ruleId":"reason-string","fix":null,"filePath":"Benchmarks/Study_SamplesSet/2a7fe1e6e21d90a99d66af3d8623f47c.sol"},{"line":10,"column":5,"severity":"Warning","message":"Use Custom Errors instead of require statements","ruleId":"custom-errors","fix":null,"filePath":"Benchmarks/Study_SamplesSet/2a7fe1e6e21d90a99d66af3d8623f47c.sol"},{"conclusion":"8 problem/s (3 error/s, 5 warning/s)"}]
