[{"line":1,"column":1,"severity":"Error","message":"Compiler version ^0.4.13 does not satisfy the ^0.8.0 semver requirement","ruleId":"compiler-version","fix":null,"filePath":"Benchmarks/Study_SamplesSet/2ac1e1c21c071bac6e632dc70b36b8fb.sol"},{"line":7,"column":3,"severity":"Warning","message":"Rule is set with explicit type [var/s: uint]","ruleId":"explicit-types","filePath":"Benchmarks/Study_SamplesSet/2ac1e1c21c071bac6e632dc70b36b8fb.sol"},{"line":10,"column":3,"severity":"Warning","message":"Rule is set with explicit type [var/s: uint]","ruleId":"explicit-types","filePath":"Benchmarks/Study_SamplesSet/2ac1e1c21c071bac6e632dc70b36b8fb.sol"},{"line":12,"column":3,"severity":"Warning","message":"Rule is set with explicit type [var/s: uint]","ruleId":"explicit-types","filePath":"Benchmarks/Study_SamplesSet/2ac1e1c21c071bac6e632dc70b36b8fb.sol"},{"line":15,"column":2,"severity":"Warning","message":"Rule is set with explicit type [var/s: uint]","ruleId":"explicit-types","filePath":"Benchmarks/Study_SamplesSet/2ac1e1c21c071bac6e632dc70b36b8fb.sol"},{"line":16,"column":2,"severity":"Warning","message":"Rule is set with explicit type [var/s: uint]","ruleId":"explicit-types","filePath":"Benchmarks/Study_SamplesSet/2ac1e1c21c071bac6e632dc70b36b8fb.sol"},{"line":18,"column":2,"severity":"Warning","message":"Rule is set with explicit type [var/s: uint]","ruleId":"explicit-types","filePath":"Benchmarks/Study_SamplesSet/2ac1e1c21c071bac6e632dc70b36b8fb.sol"},{"line":18,"column":2,"severity":"Warning","message":"Constant name must be in capitalized SNAKE_CASE","ruleId":"const-name-snakecase","fix":null,"filePath":"Benchmarks/Study_SamplesSet/2ac1e1c21c071bac6e632dc70b36b8fb.sol"},{"line":19,"column":2,"severity":"Warning","message":"Rule is set with explicit type [var/s: uint]","ruleId":"explicit-types","filePath":"Benchmarks/Study_SamplesSet/2ac1e1c21c071bac6e632dc70b36b8fb.sol"},{"line":20,"column":2,"severity":"Warning","message":"Rule is set with explicit type [var/s: uint]","ruleId":"explicit-types","filePath":"Benchmarks/Study_SamplesSet/2ac1e1c21c071bac6e632dc70b36b8fb.sol"},{"line":21,"column":2,"severity":"Warning","message":"Rule is set with explicit type [var/s: uint]","ruleId":"explicit-types","filePath":"Benchmarks/Study_SamplesSet/2ac1e1c21c071bac6e632dc70b36b8fb.sol"},{"line":23,"column":2,"severity":"Error","message":"Explicitly mark visibility of state","ruleId":"state-visibility","fix":null,"filePath":"Benchmarks/Study_SamplesSet/2ac1e1c21c071bac6e632dc70b36b8fb.sol"},{"line":25,"column":20,"severity":"Warning","message":"Rule is set with explicit type [var/s: uint]","ruleId":"explicit-types","filePath":"Benchmarks/Study_SamplesSet/2ac1e1c21c071bac6e632dc70b36b8fb.sol"},{"line":26,"column":17,"severity":"Warning","message":"Rule is set with explicit type [var/s: uint]","ruleId":"explicit-types","filePath":"Benchmarks/Study_SamplesSet/2ac1e1c21c071bac6e632dc70b36b8fb.sol"},{"line":26,"column":38,"severity":"Warning","message":"Rule is set with explicit type [var/s: uint]","ruleId":"explicit-types","filePath":"Benchmarks/Study_SamplesSet/2ac1e1c21c071bac6e632dc70b36b8fb.sol"},{"line":27,"column":18,"severity":"Warning","message":"Rule is set with explicit type [var/s: uint]","ruleId":"explicit-types","filePath":"Benchmarks/Study_SamplesSet/2ac1e1c21c071bac6e632dc70b36b8fb.sol"},{"line":27,"column":39,"severity":"Warning","message":"Rule is set with explicit type [var/s: uint]","ruleId":"explicit-types","filePath":"Benchmarks/Study_SamplesSet/2ac1e1c21c071bac6e632dc70b36b8fb.sol"},{"line":28,"column":20,"severity":"Warning","message":"Rule is set with explicit type [var/s: uint]","ruleId":"explicit-types","filePath":"Benchmarks/Study_SamplesSet/2ac1e1c21c071bac6e632dc70b36b8fb.sol"},{"line":28,"column":41,"severity":"Warning","message":"Rule is set with explicit type [var/s: uint]","ruleId":"explicit-types","filePath":"Benchmarks/Study_SamplesSet/2ac1e1c21c071bac6e632dc70b36b8fb.sol"},{"line":29,"column":20,"severity":"Warning","message":"Rule is set with explicit type [var/s: uint]","ruleId":"explicit-types","filePath":"Benchmarks/Study_SamplesSet/2ac1e1c21c071bac6e632dc70b36b8fb.sol"},{"line":29,"column":41,"severity":"Warning","message":"Rule is set with explicit type [var/s: uint]","ruleId":"explicit-types","filePath":"Benchmarks/Study_SamplesSet/2ac1e1c21c071bac6e632dc70b36b8fb.sol"},{"line":30,"column":22,"severity":"Warning","message":"Rule is set with explicit type [var/s: uint]","ruleId":"explicit-types","filePath":"Benchmarks/Study_SamplesSet/2ac1e1c21c071bac6e632dc70b36b8fb.sol"},{"line":30,"column":43,"severity":"Warning","message":"Rule is set with explicit type [var/s: uint]","ruleId":"explicit-types","filePath":"Benchmarks/Study_SamplesSet/2ac1e1c21c071bac6e632dc70b36b8fb.sol"},{"line":32,"column":2,"severity":"Error","message":"Explicitly mark visibility in function (Set ignoreConstructors to true if using solidity >=0.7.0)","ruleId":"func-visibility","fix":null,"filePath":"Benchmarks/Study_SamplesSet/2ac1e1c21c071bac6e632dc70b36b8fb.sol"},{"line":36,"column":2,"severity":"Error","message":"Explicitly mark visibility in function","ruleId":"func-visibility","fix":null,"filePath":"Benchmarks/Study_SamplesSet/2ac1e1c21c071bac6e632dc70b36b8fb.sol"},{"line":36,"column":33,"severity":"Warning","message":"Rule is set with explicit type [var/s: uint]","ruleId":"explicit-types","filePath":"Benchmarks/Study_SamplesSet/2ac1e1c21c071bac6e632dc70b36b8fb.sol"},{"line":40,"column":2,"severity":"Error","message":"Explicitly mark visibility in function","ruleId":"func-visibility","fix":null,"filePath":"Benchmarks/Study_SamplesSet/2ac1e1c21c071bac6e632dc70b36b8fb.sol"},{"line":40,"column":20,"severity":"Warning","message":"Rule is set with explicit type [var/s: uint]","ruleId":"explicit-types","filePath":"Benchmarks/Study_SamplesSet/2ac1e1c21c071bac6e632dc70b36b8fb.sol"},{"line":44,"column":2,"severity":"Error","message":"Explicitly mark visibility in function","ruleId":"func-visibility","fix":null,"filePath":"Benchmarks/Study_SamplesSet/2ac1e1c21c071bac6e632dc70b36b8fb.sol"},{"line":44,"column":56,"severity":"Warning","message":"Rule is set with explicit type [var/s: uint]","ruleId":"explicit-types","filePath":"Benchmarks/Study_SamplesSet/2ac1e1c21c071bac6e632dc70b36b8fb.sol"},{"line":45,"column":3,"severity":"Warning","message":"Rule is set with explicit type [var/s: uint]","ruleId":"explicit-types","filePath":"Benchmarks/Study_SamplesSet/2ac1e1c21c071bac6e632dc70b36b8fb.sol"},{"line":45,"column":3,"severity":"Warning","message":"Avoid to use letters 'I', 'l', 'O' as identifiers","ruleId":"use-forbidden-name","fix":null,"filePath":"Benchmarks/Study_SamplesSet/2ac1e1c21c071bac6e632dc70b36b8fb.sol"},{"line":46,"column":23,"severity":"Warning","message":"Rule is set with explicit type [var/s: uint]","ruleId":"explicit-types","filePath":"Benchmarks/Study_SamplesSet/2ac1e1c21c071bac6e632dc70b36b8fb.sol"},{"line":46,"column":3,"severity":"Warning","message":"Rule is set with explicit type [var/s: uint]","ruleId":"explicit-types","filePath":"Benchmarks/Study_SamplesSet/2ac1e1c21c071bac6e632dc70b36b8fb.sol"},{"line":47,"column":8,"severity":"Warning","message":"Rule is set with explicit type [var/s: uint]","ruleId":"explicit-types","filePath":"Benchmarks/Study_SamplesSet/2ac1e1c21c071bac6e632dc70b36b8fb.sol"},{"line":53,"column":2,"severity":"Error","message":"Explicitly mark visibility in function","ruleId":"func-visibility","fix":null,"filePath":"Benchmarks/Study_SamplesSet/2ac1e1c21c071bac6e632dc70b36b8fb.sol"},{"line":53,"column":22,"severity":"Warning","message":"Rule is set with explicit type [var/s: uint]","ruleId":"explicit-types","filePath":"Benchmarks/Study_SamplesSet/2ac1e1c21c071bac6e632dc70b36b8fb.sol"},{"line":54,"column":3,"severity":"Warning","message":"Provide an error message for require","ruleId":"reason-string","fix":null,"filePath":"Benchmarks/Study_SamplesSet/2ac1e1c21c071bac6e632dc70b36b8fb.sol"},{"line":54,"column":3,"severity":"Warning","message":"Use Custom Errors instead of require statements","ruleId":"custom-errors","fix":null,"filePath":"Benchmarks/Study_SamplesSet/2ac1e1c21c071bac6e632dc70b36b8fb.sol"},{"line":55,"column":3,"severity":"Warning","message":"Provide an error message for require","ruleId":"reason-string","fix":null,"filePath":"Benchmarks/Study_SamplesSet/2ac1e1c21c071bac6e632dc70b36b8fb.sol"},{"line":55,"column":3,"severity":"Warning","message":"Use Custom Errors instead of require statements","ruleId":"custom-errors","fix":null,"filePath":"Benchmarks/Study_SamplesSet/2ac1e1c21c071bac6e632dc70b36b8fb.sol"},{"line":57,"column":23,"severity":"Error","message":"Explicitly mark all external contracts as trusted or untrusted","ruleId":"mark-callable-contracts","filePath":"Benchmarks/Study_SamplesSet/2ac1e1c21c071bac6e632dc70b36b8fb.sol"},{"line":61,"column":3,"severity":"Error","message":"Explicitly mark all external contracts as trusted or untrusted","ruleId":"mark-callable-contracts","filePath":"Benchmarks/Study_SamplesSet/2ac1e1c21c071bac6e632dc70b36b8fb.sol"},{"line":64,"column":35,"severity":"Warning","message":"Rule is set with explicit type [var/s: uint]","ruleId":"explicit-types","filePath":"Benchmarks/Study_SamplesSet/2ac1e1c21c071bac6e632dc70b36b8fb.sol"},{"line":65,"column":3,"severity":"Warning","message":"Provide an error message for require","ruleId":"reason-string","fix":null,"filePath":"Benchmarks/Study_SamplesSet/2ac1e1c21c071bac6e632dc70b36b8fb.sol"},{"line":65,"column":3,"severity":"Warning","message":"Use Custom Errors instead of require statements","ruleId":"custom-errors","fix":null,"filePath":"Benchmarks/Study_SamplesSet/2ac1e1c21c071bac6e632dc70b36b8fb.sol"},{"line":70,"column":3,"severity":"Warning","message":"Rule is set with explicit type [var/s: uint]","ruleId":"explicit-types","filePath":"Benchmarks/Study_SamplesSet/2ac1e1c21c071bac6e632dc70b36b8fb.sol"},{"line":78,"column":2,"severity":"Error","message":"Explicitly mark visibility in function","ruleId":"func-visibility","fix":null,"filePath":"Benchmarks/Study_SamplesSet/2ac1e1c21c071bac6e632dc70b36b8fb.sol"},{"line":78,"column":25,"severity":"Warning","message":"Rule is set with explicit type [var/s: uint]","ruleId":"explicit-types","filePath":"Benchmarks/Study_SamplesSet/2ac1e1c21c071bac6e632dc70b36b8fb.sol"},{"line":79,"column":3,"severity":"Warning","message":"Provide an error message for require","ruleId":"reason-string","fix":null,"filePath":"Benchmarks/Study_SamplesSet/2ac1e1c21c071bac6e632dc70b36b8fb.sol"},{"line":79,"column":3,"severity":"Warning","message":"Use Custom Errors instead of require statements","ruleId":"custom-errors","fix":null,"filePath":"Benchmarks/Study_SamplesSet/2ac1e1c21c071bac6e632dc70b36b8fb.sol"},{"line":88,"column":2,"severity":"Error","message":"Explicitly mark visibility in function","ruleId":"func-visibility","fix":null,"filePath":"Benchmarks/Study_SamplesSet/2ac1e1c21c071bac6e632dc70b36b8fb.sol"},{"line":88,"column":26,"severity":"Warning","message":"Rule is set with explicit type [var/s: uint]","ruleId":"explicit-types","filePath":"Benchmarks/Study_SamplesSet/2ac1e1c21c071bac6e632dc70b36b8fb.sol"},{"line":92,"column":2,"severity":"Error","message":"Explicitly mark visibility in function","ruleId":"func-visibility","fix":null,"filePath":"Benchmarks/Study_SamplesSet/2ac1e1c21c071bac6e632dc70b36b8fb.sol"},{"line":92,"column":27,"severity":"Warning","message":"Rule is set with explicit type [var/s: uint]","ruleId":"explicit-types","filePath":"Benchmarks/Study_SamplesSet/2ac1e1c21c071bac6e632dc70b36b8fb.sol"},{"line":96,"column":2,"severity":"Error","message":"Explicitly mark visibility in function","ruleId":"func-visibility","fix":null,"filePath":"Benchmarks/Study_SamplesSet/2ac1e1c21c071bac6e632dc70b36b8fb.sol"},{"line":96,"column":28,"severity":"Warning","message":"Rule is set with explicit type [var/s: uint]","ruleId":"explicit-types","filePath":"Benchmarks/Study_SamplesSet/2ac1e1c21c071bac6e632dc70b36b8fb.sol"},{"line":96,"column":41,"severity":"Warning","message":"Rule is set with explicit type [var/s: uint]","ruleId":"explicit-types","filePath":"Benchmarks/Study_SamplesSet/2ac1e1c21c071bac6e632dc70b36b8fb.sol"},{"line":97,"column":3,"severity":"Warning","message":"Provide an error message for require","ruleId":"reason-string","fix":null,"filePath":"Benchmarks/Study_SamplesSet/2ac1e1c21c071bac6e632dc70b36b8fb.sol"},{"line":97,"column":3,"severity":"Warning","message":"Use Custom Errors instead of require statements","ruleId":"custom-errors","fix":null,"filePath":"Benchmarks/Study_SamplesSet/2ac1e1c21c071bac6e632dc70b36b8fb.sol"},{"line":98,"column":3,"severity":"Warning","message":"Provide an error message for require","ruleId":"reason-string","fix":null,"filePath":"Benchmarks/Study_SamplesSet/2ac1e1c21c071bac6e632dc70b36b8fb.sol"},{"line":98,"column":3,"severity":"Warning","message":"Use Custom Errors instead of require statements","ruleId":"custom-errors","fix":null,"filePath":"Benchmarks/Study_SamplesSet/2ac1e1c21c071bac6e632dc70b36b8fb.sol"},{"line":104,"column":3,"severity":"Error","message":"Explicitly mark all external contracts as trusted or untrusted","ruleId":"mark-callable-contracts","filePath":"Benchmarks/Study_SamplesSet/2ac1e1c21c071bac6e632dc70b36b8fb.sol"},{"line":107,"column":2,"severity":"Error","message":"Explicitly mark visibility in function","ruleId":"func-visibility","fix":null,"filePath":"Benchmarks/Study_SamplesSet/2ac1e1c21c071bac6e632dc70b36b8fb.sol"},{"line":107,"column":29,"severity":"Warning","message":"Rule is set with explicit type [var/s: uint]","ruleId":"explicit-types","filePath":"Benchmarks/Study_SamplesSet/2ac1e1c21c071bac6e632dc70b36b8fb.sol"},{"line":108,"column":3,"severity":"Warning","message":"Provide an error message for require","ruleId":"reason-string","fix":null,"filePath":"Benchmarks/Study_SamplesSet/2ac1e1c21c071bac6e632dc70b36b8fb.sol"},{"line":108,"column":3,"severity":"Warning","message":"Use Custom Errors instead of require statements","ruleId":"custom-errors","fix":null,"filePath":"Benchmarks/Study_SamplesSet/2ac1e1c21c071bac6e632dc70b36b8fb.sol"},{"line":112,"column":2,"severity":"Error","message":"Explicitly mark visibility in function","ruleId":"func-visibility","fix":null,"filePath":"Benchmarks/Study_SamplesSet/2ac1e1c21c071bac6e632dc70b36b8fb.sol"},{"line":112,"column":29,"severity":"Warning","message":"Rule is set with explicit type [var/s: uint]","ruleId":"explicit-types","filePath":"Benchmarks/Study_SamplesSet/2ac1e1c21c071bac6e632dc70b36b8fb.sol"},{"line":113,"column":3,"severity":"Warning","message":"Provide an error message for require","ruleId":"reason-string","fix":null,"filePath":"Benchmarks/Study_SamplesSet/2ac1e1c21c071bac6e632dc70b36b8fb.sol"},{"line":113,"column":3,"severity":"Warning","message":"Use Custom Errors instead of require statements","ruleId":"custom-errors","fix":null,"filePath":"Benchmarks/Study_SamplesSet/2ac1e1c21c071bac6e632dc70b36b8fb.sol"},{"line":115,"column":3,"severity":"Warning","message":"Provide an error message for require","ruleId":"reason-string","fix":null,"filePath":"Benchmarks/Study_SamplesSet/2ac1e1c21c071bac6e632dc70b36b8fb.sol"},{"line":115,"column":3,"severity":"Warning","message":"Use Custom Errors instead of require statements","ruleId":"custom-errors","fix":null,"filePath":"Benchmarks/Study_SamplesSet/2ac1e1c21c071bac6e632dc70b36b8fb.sol"},{"line":123,"column":3,"severity":"Error","message":"Explicitly mark all external contracts as trusted or untrusted","ruleId":"mark-callable-contracts","filePath":"Benchmarks/Study_SamplesSet/2ac1e1c21c071bac6e632dc70b36b8fb.sol"},{"line":135,"column":2,"severity":"Error","message":"Explicitly mark visibility in function","ruleId":"func-visibility","fix":null,"filePath":"Benchmarks/Study_SamplesSet/2ac1e1c21c071bac6e632dc70b36b8fb.sol"},{"line":135,"column":23,"severity":"Warning","message":"Rule is set with explicit type [var/s: uint]","ruleId":"explicit-types","filePath":"Benchmarks/Study_SamplesSet/2ac1e1c21c071bac6e632dc70b36b8fb.sol"},{"line":136,"column":3,"severity":"Warning","message":"Provide an error message for require","ruleId":"reason-string","fix":null,"filePath":"Benchmarks/Study_SamplesSet/2ac1e1c21c071bac6e632dc70b36b8fb.sol"},{"line":136,"column":3,"severity":"Warning","message":"Use Custom Errors instead of require statements","ruleId":"custom-errors","fix":null,"filePath":"Benchmarks/Study_SamplesSet/2ac1e1c21c071bac6e632dc70b36b8fb.sol"},{"line":137,"column":3,"severity":"Warning","message":"Provide an error message for require","ruleId":"reason-string","fix":null,"filePath":"Benchmarks/Study_SamplesSet/2ac1e1c21c071bac6e632dc70b36b8fb.sol"},{"line":137,"column":3,"severity":"Warning","message":"Use Custom Errors instead of require statements","ruleId":"custom-errors","fix":null,"filePath":"Benchmarks/Study_SamplesSet/2ac1e1c21c071bac6e632dc70b36b8fb.sol"},{"line":138,"column":3,"severity":"Warning","message":"Provide an error message for require","ruleId":"reason-string","fix":null,"filePath":"Benchmarks/Study_SamplesSet/2ac1e1c21c071bac6e632dc70b36b8fb.sol"},{"line":138,"column":3,"severity":"Warning","message":"Use Custom Errors instead of require statements","ruleId":"custom-errors","fix":null,"filePath":"Benchmarks/Study_SamplesSet/2ac1e1c21c071bac6e632dc70b36b8fb.sol"},{"line":141,"column":3,"severity":"Warning","message":"Provide an error message for require","ruleId":"reason-string","fix":null,"filePath":"Benchmarks/Study_SamplesSet/2ac1e1c21c071bac6e632dc70b36b8fb.sol"},{"line":141,"column":3,"severity":"Warning","message":"Use Custom Errors instead of require statements","ruleId":"custom-errors","fix":null,"filePath":"Benchmarks/Study_SamplesSet/2ac1e1c21c071bac6e632dc70b36b8fb.sol"},{"line":148,"column":3,"severity":"Error","message":"Explicitly mark all external contracts as trusted or untrusted","ruleId":"mark-callable-contracts","filePath":"Benchmarks/Study_SamplesSet/2ac1e1c21c071bac6e632dc70b36b8fb.sol"},{"line":151,"column":2,"severity":"Error","message":"Explicitly mark visibility in function","ruleId":"func-visibility","fix":null,"filePath":"Benchmarks/Study_SamplesSet/2ac1e1c21c071bac6e632dc70b36b8fb.sol"},{"line":151,"column":21,"severity":"Warning","message":"Rule is set with explicit type [var/s: uint]","ruleId":"explicit-types","filePath":"Benchmarks/Study_SamplesSet/2ac1e1c21c071bac6e632dc70b36b8fb.sol"},{"line":153,"column":3,"severity":"Warning","message":"Provide an error message for require","ruleId":"reason-string","fix":null,"filePath":"Benchmarks/Study_SamplesSet/2ac1e1c21c071bac6e632dc70b36b8fb.sol"},{"line":153,"column":3,"severity":"Warning","message":"Use Custom Errors instead of require statements","ruleId":"custom-errors","fix":null,"filePath":"Benchmarks/Study_SamplesSet/2ac1e1c21c071bac6e632dc70b36b8fb.sol"},{"line":155,"column":3,"severity":"Warning","message":"Rule is set with explicit type [var/s: uint]","ruleId":"explicit-types","filePath":"Benchmarks/Study_SamplesSet/2ac1e1c21c071bac6e632dc70b36b8fb.sol"},{"line":157,"column":3,"severity":"Error","message":"Explicitly mark all external contracts as trusted or untrusted","ruleId":"mark-callable-contracts","filePath":"Benchmarks/Study_SamplesSet/2ac1e1c21c071bac6e632dc70b36b8fb.sol"},{"line":160,"column":29,"severity":"Warning","message":"Rule is set with explicit type [var/s: uint]","ruleId":"explicit-types","filePath":"Benchmarks/Study_SamplesSet/2ac1e1c21c071bac6e632dc70b36b8fb.sol"},{"line":167,"column":2,"severity":"Error","message":"Explicitly mark visibility in function","ruleId":"func-visibility","fix":null,"filePath":"Benchmarks/Study_SamplesSet/2ac1e1c21c071bac6e632dc70b36b8fb.sol"},{"line":167,"column":21,"severity":"Warning","message":"Rule is set with explicit type [var/s: uint]","ruleId":"explicit-types","filePath":"Benchmarks/Study_SamplesSet/2ac1e1c21c071bac6e632dc70b36b8fb.sol"},{"line":168,"column":3,"severity":"Warning","message":"Provide an error message for require","ruleId":"reason-string","fix":null,"filePath":"Benchmarks/Study_SamplesSet/2ac1e1c21c071bac6e632dc70b36b8fb.sol"},{"line":168,"column":3,"severity":"Warning","message":"Use Custom Errors instead of require statements","ruleId":"custom-errors","fix":null,"filePath":"Benchmarks/Study_SamplesSet/2ac1e1c21c071bac6e632dc70b36b8fb.sol"},{"line":171,"column":3,"severity":"Warning","message":"Provide an error message for require","ruleId":"reason-string","fix":null,"filePath":"Benchmarks/Study_SamplesSet/2ac1e1c21c071bac6e632dc70b36b8fb.sol"},{"line":171,"column":3,"severity":"Warning","message":"Use Custom Errors instead of require statements","ruleId":"custom-errors","fix":null,"filePath":"Benchmarks/Study_SamplesSet/2ac1e1c21c071bac6e632dc70b36b8fb.sol"},{"line":172,"column":3,"severity":"Warning","message":"Provide an error message for require","ruleId":"reason-string","fix":null,"filePath":"Benchmarks/Study_SamplesSet/2ac1e1c21c071bac6e632dc70b36b8fb.sol"},{"line":172,"column":3,"severity":"Warning","message":"Use Custom Errors instead of require statements","ruleId":"custom-errors","fix":null,"filePath":"Benchmarks/Study_SamplesSet/2ac1e1c21c071bac6e632dc70b36b8fb.sol"},{"line":174,"column":3,"severity":"Warning","message":"Rule is set with explicit type [var/s: uint]","ruleId":"explicit-types","filePath":"Benchmarks/Study_SamplesSet/2ac1e1c21c071bac6e632dc70b36b8fb.sol"},{"line":181,"column":3,"severity":"Error","message":"Explicitly mark all external contracts as trusted or untrusted","ruleId":"mark-callable-contracts","filePath":"Benchmarks/Study_SamplesSet/2ac1e1c21c071bac6e632dc70b36b8fb.sol"},{"line":184,"column":23,"severity":"Warning","message":"Rule is set with explicit type [var/s: uint]","ruleId":"explicit-types","filePath":"Benchmarks/Study_SamplesSet/2ac1e1c21c071bac6e632dc70b36b8fb.sol"},{"line":185,"column":3,"severity":"Warning","message":"Rule is set with explicit type [var/s: uint]","ruleId":"explicit-types","filePath":"Benchmarks/Study_SamplesSet/2ac1e1c21c071bac6e632dc70b36b8fb.sol"},{"line":190,"column":2,"severity":"Error","message":"Explicitly mark visibility in function","ruleId":"func-visibility","fix":null,"filePath":"Benchmarks/Study_SamplesSet/2ac1e1c21c071bac6e632dc70b36b8fb.sol"},{"line":191,"column":4,"severity":"Warning","message":"Rule is set with explicit type [var/s: uint]","ruleId":"explicit-types","filePath":"Benchmarks/Study_SamplesSet/2ac1e1c21c071bac6e632dc70b36b8fb.sol"},{"line":196,"column":2,"severity":"Error","message":"Explicitly mark visibility in function","ruleId":"func-visibility","fix":null,"filePath":"Benchmarks/Study_SamplesSet/2ac1e1c21c071bac6e632dc70b36b8fb.sol"},{"line":197,"column":4,"severity":"Warning","message":"Rule is set with explicit type [var/s: uint]","ruleId":"explicit-types","filePath":"Benchmarks/Study_SamplesSet/2ac1e1c21c071bac6e632dc70b36b8fb.sol"},{"line":202,"column":2,"severity":"Error","message":"Explicitly mark visibility in function","ruleId":"func-visibility","fix":null,"filePath":"Benchmarks/Study_SamplesSet/2ac1e1c21c071bac6e632dc70b36b8fb.sol"},{"line":203,"column":3,"severity":"Warning","message":"Provide an error message for require","ruleId":"reason-string","fix":null,"filePath":"Benchmarks/Study_SamplesSet/2ac1e1c21c071bac6e632dc70b36b8fb.sol"},{"line":203,"column":3,"severity":"Warning","message":"Use Custom Errors instead of require statements","ruleId":"custom-errors","fix":null,"filePath":"Benchmarks/Study_SamplesSet/2ac1e1c21c071bac6e632dc70b36b8fb.sol"},{"line":205,"column":3,"severity":"Warning","message":"Rule is set with explicit type [var/s: uint]","ruleId":"explicit-types","filePath":"Benchmarks/Study_SamplesSet/2ac1e1c21c071bac6e632dc70b36b8fb.sol"},{"conclusion":"112 problem/s (26 error/s, 86 warning/s)"}]
