[{"line":1,"column":1,"severity":"Warning","message":"Found more than One contract per file. 4 contracts found!","ruleId":"one-contract-per-file","fix":null,"filePath":"Benchmarks/Study_SamplesSet/2cb17777fb647e5db73a9b797bf6e54c.sol"},{"line":1,"column":1,"severity":"Error","message":"Compiler version ^0.4.15 does not satisfy the ^0.8.0 semver requirement","ruleId":"compiler-version","fix":null,"filePath":"Benchmarks/Study_SamplesSet/2cb17777fb647e5db73a9b797bf6e54c.sol"},{"line":7,"column":5,"severity":"Error","message":"Explicitly mark visibility in function","ruleId":"func-visibility","fix":null,"filePath":"Benchmarks/Study_SamplesSet/2cb17777fb647e5db73a9b797bf6e54c.sol"},{"line":7,"column":46,"severity":"Warning","message":"Rule is set with explicit type [var/s: uint]","ruleId":"explicit-types","filePath":"Benchmarks/Study_SamplesSet/2cb17777fb647e5db73a9b797bf6e54c.sol"},{"line":8,"column":5,"severity":"Error","message":"Explicitly mark visibility in function","ruleId":"func-visibility","fix":null,"filePath":"Benchmarks/Study_SamplesSet/2cb17777fb647e5db73a9b797bf6e54c.sol"},{"line":8,"column":58,"severity":"Warning","message":"Rule is set with explicit type [var/s: uint]","ruleId":"explicit-types","filePath":"Benchmarks/Study_SamplesSet/2cb17777fb647e5db73a9b797bf6e54c.sol"},{"line":9,"column":5,"severity":"Error","message":"Explicitly mark visibility in function","ruleId":"func-visibility","fix":null,"filePath":"Benchmarks/Study_SamplesSet/2cb17777fb647e5db73a9b797bf6e54c.sol"},{"line":9,"column":36,"severity":"Warning","message":"Rule is set with explicit type [var/s: uint]","ruleId":"explicit-types","filePath":"Benchmarks/Study_SamplesSet/2cb17777fb647e5db73a9b797bf6e54c.sol"},{"line":10,"column":5,"severity":"Error","message":"Explicitly mark visibility in function","ruleId":"func-visibility","fix":null,"filePath":"Benchmarks/Study_SamplesSet/2cb17777fb647e5db73a9b797bf6e54c.sol"},{"line":10,"column":55,"severity":"Warning","message":"Rule is set with explicit type [var/s: uint]","ruleId":"explicit-types","filePath":"Benchmarks/Study_SamplesSet/2cb17777fb647e5db73a9b797bf6e54c.sol"},{"line":11,"column":5,"severity":"Error","message":"Explicitly mark visibility in function","ruleId":"func-visibility","fix":null,"filePath":"Benchmarks/Study_SamplesSet/2cb17777fb647e5db73a9b797bf6e54c.sol"},{"line":11,"column":40,"severity":"Warning","message":"Rule is set with explicit type [var/s: uint]","ruleId":"explicit-types","filePath":"Benchmarks/Study_SamplesSet/2cb17777fb647e5db73a9b797bf6e54c.sol"},{"line":12,"column":5,"severity":"Error","message":"Explicitly mark visibility in function","ruleId":"func-visibility","fix":null,"filePath":"Benchmarks/Study_SamplesSet/2cb17777fb647e5db73a9b797bf6e54c.sol"},{"line":12,"column":76,"severity":"Warning","message":"Rule is set with explicit type [var/s: uint]","ruleId":"explicit-types","filePath":"Benchmarks/Study_SamplesSet/2cb17777fb647e5db73a9b797bf6e54c.sol"},{"line":13,"column":64,"severity":"Warning","message":"Rule is set with explicit type [var/s: uint]","ruleId":"explicit-types","filePath":"Benchmarks/Study_SamplesSet/2cb17777fb647e5db73a9b797bf6e54c.sol"},{"line":14,"column":70,"severity":"Warning","message":"Rule is set with explicit type [var/s: uint]","ruleId":"explicit-types","filePath":"Benchmarks/Study_SamplesSet/2cb17777fb647e5db73a9b797bf6e54c.sol"},{"line":26,"column":18,"severity":"Warning","message":"Rule is set with explicit type [var/s: uint]","ruleId":"explicit-types","filePath":"Benchmarks/Study_SamplesSet/2cb17777fb647e5db73a9b797bf6e54c.sol"},{"line":26,"column":26,"severity":"Warning","message":"Rule is set with explicit type [var/s: uint]","ruleId":"explicit-types","filePath":"Benchmarks/Study_SamplesSet/2cb17777fb647e5db73a9b797bf6e54c.sol"},{"line":26,"column":61,"severity":"Warning","message":"Rule is set with explicit type [var/s: uint]","ruleId":"explicit-types","filePath":"Benchmarks/Study_SamplesSet/2cb17777fb647e5db73a9b797bf6e54c.sol"},{"line":34,"column":17,"severity":"Warning","message":"Rule is set with explicit type [var/s: uint]","ruleId":"explicit-types","filePath":"Benchmarks/Study_SamplesSet/2cb17777fb647e5db73a9b797bf6e54c.sol"},{"line":34,"column":25,"severity":"Warning","message":"Rule is set with explicit type [var/s: uint]","ruleId":"explicit-types","filePath":"Benchmarks/Study_SamplesSet/2cb17777fb647e5db73a9b797bf6e54c.sol"},{"line":34,"column":60,"severity":"Warning","message":"Rule is set with explicit type [var/s: uint]","ruleId":"explicit-types","filePath":"Benchmarks/Study_SamplesSet/2cb17777fb647e5db73a9b797bf6e54c.sol"},{"line":35,"column":5,"severity":"Warning","message":"Rule is set with explicit type [var/s: uint]","ruleId":"explicit-types","filePath":"Benchmarks/Study_SamplesSet/2cb17777fb647e5db73a9b797bf6e54c.sol"},{"line":56,"column":3,"severity":"Error","message":"Explicitly mark visibility in function (Set ignoreConstructors to true if using solidity >=0.7.0)","ruleId":"func-visibility","fix":null,"filePath":"Benchmarks/Study_SamplesSet/2cb17777fb647e5db73a9b797bf6e54c.sol"},{"line":64,"column":5,"severity":"Warning","message":"Provide an error message for require","ruleId":"reason-string","fix":null,"filePath":"Benchmarks/Study_SamplesSet/2cb17777fb647e5db73a9b797bf6e54c.sol"},{"line":64,"column":5,"severity":"Warning","message":"Use Custom Errors instead of require statements","ruleId":"custom-errors","fix":null,"filePath":"Benchmarks/Study_SamplesSet/2cb17777fb647e5db73a9b797bf6e54c.sol"},{"line":72,"column":3,"severity":"Error","message":"Explicitly mark visibility in function","ruleId":"func-visibility","fix":null,"filePath":"Benchmarks/Study_SamplesSet/2cb17777fb647e5db73a9b797bf6e54c.sol"},{"line":73,"column":5,"severity":"Warning","message":"Provide an error message for require","ruleId":"reason-string","fix":null,"filePath":"Benchmarks/Study_SamplesSet/2cb17777fb647e5db73a9b797bf6e54c.sol"},{"line":73,"column":5,"severity":"Warning","message":"Use Custom Errors instead of require statements","ruleId":"custom-errors","fix":null,"filePath":"Benchmarks/Study_SamplesSet/2cb17777fb647e5db73a9b797bf6e54c.sol"},{"line":81,"column":3,"severity":"Error","message":"Explicitly mark visibility in function","ruleId":"func-visibility","fix":null,"filePath":"Benchmarks/Study_SamplesSet/2cb17777fb647e5db73a9b797bf6e54c.sol"},{"line":96,"column":5,"severity":"Warning","message":"Constant name must be in capitalized SNAKE_CASE","ruleId":"const-name-snakecase","fix":null,"filePath":"Benchmarks/Study_SamplesSet/2cb17777fb647e5db73a9b797bf6e54c.sol"},{"line":100,"column":5,"severity":"Warning","message":"Constant name must be in capitalized SNAKE_CASE","ruleId":"const-name-snakecase","fix":null,"filePath":"Benchmarks/Study_SamplesSet/2cb17777fb647e5db73a9b797bf6e54c.sol"},{"line":102,"column":5,"severity":"Warning","message":"Rule is set with explicit type [var/s: uint]","ruleId":"explicit-types","filePath":"Benchmarks/Study_SamplesSet/2cb17777fb647e5db73a9b797bf6e54c.sol"},{"line":108,"column":5,"severity":"Error","message":"Explicitly mark visibility of state","ruleId":"state-visibility","fix":null,"filePath":"Benchmarks/Study_SamplesSet/2cb17777fb647e5db73a9b797bf6e54c.sol"},{"line":110,"column":5,"severity":"Error","message":"Explicitly mark visibility in function (Set ignoreConstructors to true if using solidity >=0.7.0)","ruleId":"func-visibility","fix":null,"filePath":"Benchmarks/Study_SamplesSet/2cb17777fb647e5db73a9b797bf6e54c.sol"},{"line":118,"column":5,"severity":"Error","message":"Explicitly mark visibility in function","ruleId":"func-visibility","fix":null,"filePath":"Benchmarks/Study_SamplesSet/2cb17777fb647e5db73a9b797bf6e54c.sol"},{"line":122,"column":5,"severity":"Error","message":"Explicitly mark visibility in function","ruleId":"func-visibility","fix":null,"filePath":"Benchmarks/Study_SamplesSet/2cb17777fb647e5db73a9b797bf6e54c.sol"},{"line":128,"column":9,"severity":"Warning","message":"Provide an error message for require","ruleId":"reason-string","fix":null,"filePath":"Benchmarks/Study_SamplesSet/2cb17777fb647e5db73a9b797bf6e54c.sol"},{"line":128,"column":9,"severity":"Warning","message":"Use Custom Errors instead of require statements","ruleId":"custom-errors","fix":null,"filePath":"Benchmarks/Study_SamplesSet/2cb17777fb647e5db73a9b797bf6e54c.sol"},{"line":129,"column":9,"severity":"Warning","message":"Provide an error message for require","ruleId":"reason-string","fix":null,"filePath":"Benchmarks/Study_SamplesSet/2cb17777fb647e5db73a9b797bf6e54c.sol"},{"line":129,"column":9,"severity":"Warning","message":"Use Custom Errors instead of require statements","ruleId":"custom-errors","fix":null,"filePath":"Benchmarks/Study_SamplesSet/2cb17777fb647e5db73a9b797bf6e54c.sol"},{"line":130,"column":9,"severity":"Warning","message":"Provide an error message for require","ruleId":"reason-string","fix":null,"filePath":"Benchmarks/Study_SamplesSet/2cb17777fb647e5db73a9b797bf6e54c.sol"},{"line":130,"column":9,"severity":"Warning","message":"Use Custom Errors instead of require statements","ruleId":"custom-errors","fix":null,"filePath":"Benchmarks/Study_SamplesSet/2cb17777fb647e5db73a9b797bf6e54c.sol"},{"line":133,"column":9,"severity":"Error","message":"Explicitly mark all external contracts as trusted or untrusted","ruleId":"mark-callable-contracts","filePath":"Benchmarks/Study_SamplesSet/2cb17777fb647e5db73a9b797bf6e54c.sol"},{"line":141,"column":5,"severity":"Error","message":"Explicitly mark visibility in function","ruleId":"func-visibility","fix":null,"filePath":"Benchmarks/Study_SamplesSet/2cb17777fb647e5db73a9b797bf6e54c.sol"},{"line":152,"column":5,"severity":"Error","message":"Explicitly mark visibility in function","ruleId":"func-visibility","fix":null,"filePath":"Benchmarks/Study_SamplesSet/2cb17777fb647e5db73a9b797bf6e54c.sol"},{"line":153,"column":9,"severity":"Warning","message":"Provide an error message for require","ruleId":"reason-string","fix":null,"filePath":"Benchmarks/Study_SamplesSet/2cb17777fb647e5db73a9b797bf6e54c.sol"},{"line":153,"column":9,"severity":"Warning","message":"Use Custom Errors instead of require statements","ruleId":"custom-errors","fix":null,"filePath":"Benchmarks/Study_SamplesSet/2cb17777fb647e5db73a9b797bf6e54c.sol"},{"line":164,"column":5,"severity":"Error","message":"Explicitly mark visibility in function","ruleId":"func-visibility","fix":null,"filePath":"Benchmarks/Study_SamplesSet/2cb17777fb647e5db73a9b797bf6e54c.sol"},{"line":167,"column":13,"severity":"Error","message":"Explicitly mark all external contracts as trusted or untrusted","ruleId":"mark-callable-contracts","filePath":"Benchmarks/Study_SamplesSet/2cb17777fb647e5db73a9b797bf6e54c.sol"},{"line":178,"column":5,"severity":"Error","message":"Explicitly mark visibility in function","ruleId":"func-visibility","fix":null,"filePath":"Benchmarks/Study_SamplesSet/2cb17777fb647e5db73a9b797bf6e54c.sol"},{"line":186,"column":5,"severity":"Error","message":"Explicitly mark visibility in function","ruleId":"func-visibility","fix":null,"filePath":"Benchmarks/Study_SamplesSet/2cb17777fb647e5db73a9b797bf6e54c.sol"},{"conclusion":"52 problem/s (21 error/s, 31 warning/s)"}]
