[{"line":1,"column":1,"severity":"Error","message":"Compiler version ^0.4.2 does not satisfy the ^0.8.0 semver requirement","ruleId":"compiler-version","fix":null,"filePath":"Benchmarks/Study_SamplesSet/2dbc3f6c9beeb504783638e20bfb6119.sol"},{"line":4,"column":2,"severity":"Warning","message":"Variable name must be in mixedCase","ruleId":"var-name-mixedcase","fix":null,"filePath":"Benchmarks/Study_SamplesSet/2dbc3f6c9beeb504783638e20bfb6119.sol"},{"line":5,"column":2,"severity":"Error","message":"Explicitly mark visibility of state","ruleId":"state-visibility","fix":null,"filePath":"Benchmarks/Study_SamplesSet/2dbc3f6c9beeb504783638e20bfb6119.sol"},{"line":5,"column":2,"severity":"Warning","message":"Variable name must be in mixedCase","ruleId":"var-name-mixedcase","fix":null,"filePath":"Benchmarks/Study_SamplesSet/2dbc3f6c9beeb504783638e20bfb6119.sol"},{"line":9,"column":2,"severity":"Error","message":"Explicitly mark visibility in function (Set ignoreConstructors to true if using solidity >=0.7.0)","ruleId":"func-visibility","fix":null,"filePath":"Benchmarks/Study_SamplesSet/2dbc3f6c9beeb504783638e20bfb6119.sol"},{"line":10,"column":3,"severity":"Error","message":"Explicitly mark all external contracts as trusted or untrusted","ruleId":"mark-callable-contracts","filePath":"Benchmarks/Study_SamplesSet/2dbc3f6c9beeb504783638e20bfb6119.sol"},{"line":11,"column":3,"severity":"Error","message":"Explicitly mark all external contracts as trusted or untrusted","ruleId":"mark-callable-contracts","filePath":"Benchmarks/Study_SamplesSet/2dbc3f6c9beeb504783638e20bfb6119.sol"},{"line":12,"column":3,"severity":"Error","message":"Explicitly mark all external contracts as trusted or untrusted","ruleId":"mark-callable-contracts","filePath":"Benchmarks/Study_SamplesSet/2dbc3f6c9beeb504783638e20bfb6119.sol"},{"line":15,"column":2,"severity":"Warning","message":"Fallback should be external and payable to accept native currency","ruleId":"payable-fallback","filePath":"Benchmarks/Study_SamplesSet/2dbc3f6c9beeb504783638e20bfb6119.sol"},{"line":15,"column":2,"severity":"Error","message":"Explicitly mark visibility in function","ruleId":"func-visibility","fix":null,"filePath":"Benchmarks/Study_SamplesSet/2dbc3f6c9beeb504783638e20bfb6119.sol"},{"line":15,"column":15,"severity":"Error","message":"\"throw\" is deprecated, avoid to use it","ruleId":"avoid-throw","filePath":"Benchmarks/Study_SamplesSet/2dbc3f6c9beeb504783638e20bfb6119.sol"},{"line":17,"column":2,"severity":"Error","message":"Explicitly mark visibility in function","ruleId":"func-visibility","fix":null,"filePath":"Benchmarks/Study_SamplesSet/2dbc3f6c9beeb504783638e20bfb6119.sol"},{"line":17,"column":68,"severity":"Error","message":"Explicitly mark all external contracts as trusted or untrusted","ruleId":"mark-callable-contracts","filePath":"Benchmarks/Study_SamplesSet/2dbc3f6c9beeb504783638e20bfb6119.sol"},{"line":19,"column":2,"severity":"Warning","message":"Function name must be in mixedCase","ruleId":"func-name-mixedcase","fix":null,"filePath":"Benchmarks/Study_SamplesSet/2dbc3f6c9beeb504783638e20bfb6119.sol"},{"line":19,"column":2,"severity":"Error","message":"Explicitly mark visibility in function","ruleId":"func-visibility","fix":null,"filePath":"Benchmarks/Study_SamplesSet/2dbc3f6c9beeb504783638e20bfb6119.sol"},{"line":19,"column":20,"severity":"Warning","message":"Variable name must be in mixedCase","ruleId":"var-name-mixedcase","fix":null,"filePath":"Benchmarks/Study_SamplesSet/2dbc3f6c9beeb504783638e20bfb6119.sol"},{"line":19,"column":41,"severity":"Warning","message":"Variable name must be in mixedCase","ruleId":"var-name-mixedcase","fix":null,"filePath":"Benchmarks/Study_SamplesSet/2dbc3f6c9beeb504783638e20bfb6119.sol"},{"line":21,"column":4,"severity":"Error","message":"Explicitly mark all external contracts as trusted or untrusted","ruleId":"mark-callable-contracts","filePath":"Benchmarks/Study_SamplesSet/2dbc3f6c9beeb504783638e20bfb6119.sol"},{"line":25,"column":2,"severity":"Warning","message":"Function name must be in mixedCase","ruleId":"func-name-mixedcase","fix":null,"filePath":"Benchmarks/Study_SamplesSet/2dbc3f6c9beeb504783638e20bfb6119.sol"},{"line":25,"column":2,"severity":"Error","message":"Explicitly mark visibility in function","ruleId":"func-visibility","fix":null,"filePath":"Benchmarks/Study_SamplesSet/2dbc3f6c9beeb504783638e20bfb6119.sol"},{"line":25,"column":20,"severity":"Warning","message":"Variable name must be in mixedCase","ruleId":"var-name-mixedcase","fix":null,"filePath":"Benchmarks/Study_SamplesSet/2dbc3f6c9beeb504783638e20bfb6119.sol"},{"line":25,"column":50,"severity":"Warning","message":"Variable name must be in mixedCase","ruleId":"var-name-mixedcase","fix":null,"filePath":"Benchmarks/Study_SamplesSet/2dbc3f6c9beeb504783638e20bfb6119.sol"},{"line":26,"column":13,"severity":"Error","message":"Explicitly mark all external contracts as trusted or untrusted","ruleId":"mark-callable-contracts","filePath":"Benchmarks/Study_SamplesSet/2dbc3f6c9beeb504783638e20bfb6119.sol"},{"conclusion":"23 problem/s (14 error/s, 9 warning/s)"}]
