[{"line":1,"column":1,"severity":"Warning","message":"Found more than One contract per file. 3 contracts found!","ruleId":"one-contract-per-file","fix":null,"filePath":"Benchmarks/Study_SamplesSet/2dc8ebc5e433f10248ccbbc158167006.sol"},{"line":1,"column":1,"severity":"Error","message":"Compiler version ^0.4.19 does not satisfy the ^0.8.0 semver requirement","ruleId":"compiler-version","fix":null,"filePath":"Benchmarks/Study_SamplesSet/2dc8ebc5e433f10248ccbbc158167006.sol"},{"line":68,"column":22,"severity":"Warning","message":"Visibility modifier must be first in list of modifiers","ruleId":"visibility-modifier-order","fix":null,"filePath":"Benchmarks/Study_SamplesSet/2dc8ebc5e433f10248ccbbc158167006.sol"},{"line":68,"column":2,"severity":"Error","message":"Fallback function must be simple","ruleId":"no-complex-fallback","fix":null,"filePath":"Benchmarks/Study_SamplesSet/2dc8ebc5e433f10248ccbbc158167006.sol"},{"line":76,"column":1,"severity":"Warning","message":"Provide an error message for require","ruleId":"reason-string","fix":null,"filePath":"Benchmarks/Study_SamplesSet/2dc8ebc5e433f10248ccbbc158167006.sol"},{"line":76,"column":1,"severity":"Warning","message":"Use Custom Errors instead of require statements","ruleId":"custom-errors","fix":null,"filePath":"Benchmarks/Study_SamplesSet/2dc8ebc5e433f10248ccbbc158167006.sol"},{"line":83,"column":3,"severity":"Error","message":"Avoid to use inline assembly. It is acceptable only in rare cases","ruleId":"no-inline-assembly","fix":null,"filePath":"Benchmarks/Study_SamplesSet/2dc8ebc5e433f10248ccbbc158167006.sol"},{"conclusion":"7 problem/s (3 error/s, 4 warning/s)"}]
