[{"line":1,"column":1,"severity":"Warning","message":"Found more than One contract per file. 5 contracts found!","ruleId":"one-contract-per-file","fix":null,"filePath":"Benchmarks/Study_SamplesSet/2e093ee7cb5d68fff9968a91846414ec.sol"},{"line":1,"column":1,"severity":"Error","message":"Compiler version ^0.4.11 does not satisfy the ^0.8.0 semver requirement","ruleId":"compiler-version","fix":null,"filePath":"Benchmarks/Study_SamplesSet/2e093ee7cb5d68fff9968a91846414ec.sol"},{"line":44,"column":5,"severity":"Error","message":"Explicitly mark visibility of state","ruleId":"state-visibility","fix":null,"filePath":"Benchmarks/Study_SamplesSet/2e093ee7cb5d68fff9968a91846414ec.sol"},{"line":48,"column":28,"severity":"Warning","message":"Variable \"_from\" is unused","ruleId":"no-unused-vars","fix":null,"filePath":"Benchmarks/Study_SamplesSet/2e093ee7cb5d68fff9968a91846414ec.sol"},{"line":48,"column":43,"severity":"Warning","message":"Variable \"_value\" is unused","ruleId":"no-unused-vars","fix":null,"filePath":"Benchmarks/Study_SamplesSet/2e093ee7cb5d68fff9968a91846414ec.sol"},{"line":48,"column":59,"severity":"Warning","message":"Variable \"_data\" is unused","ruleId":"no-unused-vars","fix":null,"filePath":"Benchmarks/Study_SamplesSet/2e093ee7cb5d68fff9968a91846414ec.sol"},{"line":49,"column":9,"severity":"Error","message":"\"throw\" is deprecated, avoid to use it","ruleId":"avoid-throw","filePath":"Benchmarks/Study_SamplesSet/2e093ee7cb5d68fff9968a91846414ec.sol"},{"line":52,"column":5,"severity":"Error","message":"Explicitly mark visibility in function","ruleId":"func-visibility","fix":null,"filePath":"Benchmarks/Study_SamplesSet/2e093ee7cb5d68fff9968a91846414ec.sol"},{"line":65,"column":5,"severity":"Error","message":"Explicitly mark visibility in function","ruleId":"func-visibility","fix":null,"filePath":"Benchmarks/Study_SamplesSet/2e093ee7cb5d68fff9968a91846414ec.sol"},{"line":82,"column":9,"severity":"Error","message":"Explicitly mark all external contracts as trusted or untrusted","ruleId":"mark-callable-contracts","filePath":"Benchmarks/Study_SamplesSet/2e093ee7cb5d68fff9968a91846414ec.sol"},{"line":83,"column":9,"severity":"Error","message":"Explicitly mark all external contracts as trusted or untrusted","ruleId":"mark-callable-contracts","filePath":"Benchmarks/Study_SamplesSet/2e093ee7cb5d68fff9968a91846414ec.sol"},{"line":91,"column":9,"severity":"Error","message":"Explicitly mark all external contracts as trusted or untrusted","ruleId":"mark-callable-contracts","filePath":"Benchmarks/Study_SamplesSet/2e093ee7cb5d68fff9968a91846414ec.sol"},{"line":92,"column":9,"severity":"Error","message":"Explicitly mark all external contracts as trusted or untrusted","ruleId":"mark-callable-contracts","filePath":"Benchmarks/Study_SamplesSet/2e093ee7cb5d68fff9968a91846414ec.sol"},{"line":95,"column":5,"severity":"Error","message":"Explicitly mark visibility in function","ruleId":"func-visibility","fix":null,"filePath":"Benchmarks/Study_SamplesSet/2e093ee7cb5d68fff9968a91846414ec.sol"},{"line":100,"column":5,"severity":"Error","message":"Explicitly mark visibility in function","ruleId":"func-visibility","fix":null,"filePath":"Benchmarks/Study_SamplesSet/2e093ee7cb5d68fff9968a91846414ec.sol"},{"line":100,"column":49,"severity":"Warning","message":"Variable name must be in mixedCase","ruleId":"var-name-mixedcase","fix":null,"filePath":"Benchmarks/Study_SamplesSet/2e093ee7cb5d68fff9968a91846414ec.sol"},{"line":102,"column":11,"severity":"Error","message":"Avoid to use inline assembly. It is acceptable only in rare cases","ruleId":"no-inline-assembly","fix":null,"filePath":"Benchmarks/Study_SamplesSet/2e093ee7cb5d68fff9968a91846414ec.sol"},{"line":118,"column":5,"severity":"Error","message":"Explicitly mark visibility of state","ruleId":"state-visibility","fix":null,"filePath":"Benchmarks/Study_SamplesSet/2e093ee7cb5d68fff9968a91846414ec.sol"},{"line":121,"column":5,"severity":"Error","message":"Explicitly mark visibility in function","ruleId":"func-visibility","fix":null,"filePath":"Benchmarks/Study_SamplesSet/2e093ee7cb5d68fff9968a91846414ec.sol"},{"line":130,"column":9,"severity":"Error","message":"Explicitly mark all external contracts as trusted or untrusted","ruleId":"mark-callable-contracts","filePath":"Benchmarks/Study_SamplesSet/2e093ee7cb5d68fff9968a91846414ec.sol"},{"line":133,"column":5,"severity":"Error","message":"Explicitly mark visibility in function","ruleId":"func-visibility","fix":null,"filePath":"Benchmarks/Study_SamplesSet/2e093ee7cb5d68fff9968a91846414ec.sol"},{"line":139,"column":68,"severity":"Error","message":"\"throw\" is deprecated, avoid to use it","ruleId":"avoid-throw","filePath":"Benchmarks/Study_SamplesSet/2e093ee7cb5d68fff9968a91846414ec.sol"},{"line":142,"column":9,"severity":"Error","message":"Explicitly mark all external contracts as trusted or untrusted","ruleId":"mark-callable-contracts","filePath":"Benchmarks/Study_SamplesSet/2e093ee7cb5d68fff9968a91846414ec.sol"},{"line":145,"column":5,"severity":"Error","message":"Explicitly mark visibility in function","ruleId":"func-visibility","fix":null,"filePath":"Benchmarks/Study_SamplesSet/2e093ee7cb5d68fff9968a91846414ec.sol"},{"line":156,"column":5,"severity":"Warning","message":"Constant name must be in capitalized SNAKE_CASE","ruleId":"const-name-snakecase","fix":null,"filePath":"Benchmarks/Study_SamplesSet/2e093ee7cb5d68fff9968a91846414ec.sol"},{"line":157,"column":5,"severity":"Warning","message":"Constant name must be in capitalized SNAKE_CASE","ruleId":"const-name-snakecase","fix":null,"filePath":"Benchmarks/Study_SamplesSet/2e093ee7cb5d68fff9968a91846414ec.sol"},{"line":158,"column":5,"severity":"Warning","message":"Constant name must be in capitalized SNAKE_CASE","ruleId":"const-name-snakecase","fix":null,"filePath":"Benchmarks/Study_SamplesSet/2e093ee7cb5d68fff9968a91846414ec.sol"},{"line":163,"column":2,"severity":"Error","message":"Explicitly mark visibility of state","ruleId":"state-visibility","fix":null,"filePath":"Benchmarks/Study_SamplesSet/2e093ee7cb5d68fff9968a91846414ec.sol"},{"line":166,"column":5,"severity":"Warning","message":"Constant name must be in capitalized SNAKE_CASE","ruleId":"const-name-snakecase","fix":null,"filePath":"Benchmarks/Study_SamplesSet/2e093ee7cb5d68fff9968a91846414ec.sol"},{"line":167,"column":5,"severity":"Warning","message":"Constant name must be in capitalized SNAKE_CASE","ruleId":"const-name-snakecase","fix":null,"filePath":"Benchmarks/Study_SamplesSet/2e093ee7cb5d68fff9968a91846414ec.sol"},{"line":168,"column":5,"severity":"Warning","message":"Constant name must be in capitalized SNAKE_CASE","ruleId":"const-name-snakecase","fix":null,"filePath":"Benchmarks/Study_SamplesSet/2e093ee7cb5d68fff9968a91846414ec.sol"},{"line":169,"column":5,"severity":"Warning","message":"Constant name must be in capitalized SNAKE_CASE","ruleId":"const-name-snakecase","fix":null,"filePath":"Benchmarks/Study_SamplesSet/2e093ee7cb5d68fff9968a91846414ec.sol"},{"line":170,"column":5,"severity":"Warning","message":"Constant name must be in capitalized SNAKE_CASE","ruleId":"const-name-snakecase","fix":null,"filePath":"Benchmarks/Study_SamplesSet/2e093ee7cb5d68fff9968a91846414ec.sol"},{"line":171,"column":5,"severity":"Warning","message":"Constant name must be in capitalized SNAKE_CASE","ruleId":"const-name-snakecase","fix":null,"filePath":"Benchmarks/Study_SamplesSet/2e093ee7cb5d68fff9968a91846414ec.sol"},{"line":172,"column":2,"severity":"Warning","message":"Constant name must be in capitalized SNAKE_CASE","ruleId":"const-name-snakecase","fix":null,"filePath":"Benchmarks/Study_SamplesSet/2e093ee7cb5d68fff9968a91846414ec.sol"},{"line":177,"column":5,"severity":"Warning","message":"Variable name must be in mixedCase","ruleId":"var-name-mixedcase","fix":null,"filePath":"Benchmarks/Study_SamplesSet/2e093ee7cb5d68fff9968a91846414ec.sol"},{"line":187,"column":9,"severity":"Warning","message":"Provide an error message for require","ruleId":"reason-string","fix":null,"filePath":"Benchmarks/Study_SamplesSet/2e093ee7cb5d68fff9968a91846414ec.sol"},{"line":187,"column":9,"severity":"Warning","message":"Use Custom Errors instead of require statements","ruleId":"custom-errors","fix":null,"filePath":"Benchmarks/Study_SamplesSet/2e093ee7cb5d68fff9968a91846414ec.sol"},{"line":187,"column":31,"severity":"Error","message":"Explicitly mark all external contracts as trusted or untrusted","ruleId":"mark-callable-contracts","filePath":"Benchmarks/Study_SamplesSet/2e093ee7cb5d68fff9968a91846414ec.sol"},{"line":192,"column":9,"severity":"Warning","message":"Provide an error message for require","ruleId":"reason-string","fix":null,"filePath":"Benchmarks/Study_SamplesSet/2e093ee7cb5d68fff9968a91846414ec.sol"},{"line":192,"column":9,"severity":"Warning","message":"Use Custom Errors instead of require statements","ruleId":"custom-errors","fix":null,"filePath":"Benchmarks/Study_SamplesSet/2e093ee7cb5d68fff9968a91846414ec.sol"},{"line":198,"column":9,"severity":"Warning","message":"Provide an error message for require","ruleId":"reason-string","fix":null,"filePath":"Benchmarks/Study_SamplesSet/2e093ee7cb5d68fff9968a91846414ec.sol"},{"line":198,"column":9,"severity":"Warning","message":"Use Custom Errors instead of require statements","ruleId":"custom-errors","fix":null,"filePath":"Benchmarks/Study_SamplesSet/2e093ee7cb5d68fff9968a91846414ec.sol"},{"line":203,"column":5,"severity":"Error","message":"Explicitly mark visibility in function (Set ignoreConstructors to true if using solidity >=0.7.0)","ruleId":"func-visibility","fix":null,"filePath":"Benchmarks/Study_SamplesSet/2e093ee7cb5d68fff9968a91846414ec.sol"},{"line":215,"column":9,"severity":"Error","message":"Explicitly mark all external contracts as trusted or untrusted","ruleId":"mark-callable-contracts","filePath":"Benchmarks/Study_SamplesSet/2e093ee7cb5d68fff9968a91846414ec.sol"},{"line":220,"column":5,"severity":"Error","message":"Explicitly mark visibility in function","ruleId":"func-visibility","fix":null,"filePath":"Benchmarks/Study_SamplesSet/2e093ee7cb5d68fff9968a91846414ec.sol"},{"line":225,"column":5,"severity":"Error","message":"Explicitly mark visibility in function","ruleId":"func-visibility","fix":null,"filePath":"Benchmarks/Study_SamplesSet/2e093ee7cb5d68fff9968a91846414ec.sol"},{"line":227,"column":9,"severity":"Error","message":"Explicitly mark all external contracts as trusted or untrusted","ruleId":"mark-callable-contracts","filePath":"Benchmarks/Study_SamplesSet/2e093ee7cb5d68fff9968a91846414ec.sol"},{"line":230,"column":5,"severity":"Error","message":"Explicitly mark visibility in function","ruleId":"func-visibility","fix":null,"filePath":"Benchmarks/Study_SamplesSet/2e093ee7cb5d68fff9968a91846414ec.sol"},{"line":232,"column":9,"severity":"Error","message":"Explicitly mark all external contracts as trusted or untrusted","ruleId":"mark-callable-contracts","filePath":"Benchmarks/Study_SamplesSet/2e093ee7cb5d68fff9968a91846414ec.sol"},{"line":235,"column":5,"severity":"Error","message":"Explicitly mark visibility in function","ruleId":"func-visibility","fix":null,"filePath":"Benchmarks/Study_SamplesSet/2e093ee7cb5d68fff9968a91846414ec.sol"},{"line":243,"column":9,"severity":"Warning","message":"Provide an error message for require","ruleId":"reason-string","fix":null,"filePath":"Benchmarks/Study_SamplesSet/2e093ee7cb5d68fff9968a91846414ec.sol"},{"line":243,"column":9,"severity":"Warning","message":"Use Custom Errors instead of require statements","ruleId":"custom-errors","fix":null,"filePath":"Benchmarks/Study_SamplesSet/2e093ee7cb5d68fff9968a91846414ec.sol"},{"line":244,"column":9,"severity":"Warning","message":"Provide an error message for require","ruleId":"reason-string","fix":null,"filePath":"Benchmarks/Study_SamplesSet/2e093ee7cb5d68fff9968a91846414ec.sol"},{"line":244,"column":9,"severity":"Warning","message":"Use Custom Errors instead of require statements","ruleId":"custom-errors","fix":null,"filePath":"Benchmarks/Study_SamplesSet/2e093ee7cb5d68fff9968a91846414ec.sol"},{"line":245,"column":9,"severity":"Warning","message":"Provide an error message for require","ruleId":"reason-string","fix":null,"filePath":"Benchmarks/Study_SamplesSet/2e093ee7cb5d68fff9968a91846414ec.sol"},{"line":245,"column":9,"severity":"Warning","message":"Use Custom Errors instead of require statements","ruleId":"custom-errors","fix":null,"filePath":"Benchmarks/Study_SamplesSet/2e093ee7cb5d68fff9968a91846414ec.sol"},{"line":246,"column":3,"severity":"Warning","message":"Provide an error message for require","ruleId":"reason-string","fix":null,"filePath":"Benchmarks/Study_SamplesSet/2e093ee7cb5d68fff9968a91846414ec.sol"},{"line":246,"column":3,"severity":"Warning","message":"Use Custom Errors instead of require statements","ruleId":"custom-errors","fix":null,"filePath":"Benchmarks/Study_SamplesSet/2e093ee7cb5d68fff9968a91846414ec.sol"},{"line":247,"column":9,"severity":"Warning","message":"Provide an error message for require","ruleId":"reason-string","fix":null,"filePath":"Benchmarks/Study_SamplesSet/2e093ee7cb5d68fff9968a91846414ec.sol"},{"line":247,"column":9,"severity":"Warning","message":"Use Custom Errors instead of require statements","ruleId":"custom-errors","fix":null,"filePath":"Benchmarks/Study_SamplesSet/2e093ee7cb5d68fff9968a91846414ec.sol"},{"line":261,"column":9,"severity":"Error","message":"Explicitly mark all external contracts as trusted or untrusted","ruleId":"mark-callable-contracts","filePath":"Benchmarks/Study_SamplesSet/2e093ee7cb5d68fff9968a91846414ec.sol"},{"line":262,"column":9,"severity":"Error","message":"Explicitly mark all external contracts as trusted or untrusted","ruleId":"mark-callable-contracts","filePath":"Benchmarks/Study_SamplesSet/2e093ee7cb5d68fff9968a91846414ec.sol"},{"line":279,"column":9,"severity":"Warning","message":"Provide an error message for require","ruleId":"reason-string","fix":null,"filePath":"Benchmarks/Study_SamplesSet/2e093ee7cb5d68fff9968a91846414ec.sol"},{"line":279,"column":9,"severity":"Warning","message":"Use Custom Errors instead of require statements","ruleId":"custom-errors","fix":null,"filePath":"Benchmarks/Study_SamplesSet/2e093ee7cb5d68fff9968a91846414ec.sol"},{"line":280,"column":9,"severity":"Warning","message":"Provide an error message for require","ruleId":"reason-string","fix":null,"filePath":"Benchmarks/Study_SamplesSet/2e093ee7cb5d68fff9968a91846414ec.sol"},{"line":280,"column":9,"severity":"Warning","message":"Use Custom Errors instead of require statements","ruleId":"custom-errors","fix":null,"filePath":"Benchmarks/Study_SamplesSet/2e093ee7cb5d68fff9968a91846414ec.sol"},{"line":281,"column":9,"severity":"Warning","message":"Provide an error message for require","ruleId":"reason-string","fix":null,"filePath":"Benchmarks/Study_SamplesSet/2e093ee7cb5d68fff9968a91846414ec.sol"},{"line":281,"column":9,"severity":"Warning","message":"Use Custom Errors instead of require statements","ruleId":"custom-errors","fix":null,"filePath":"Benchmarks/Study_SamplesSet/2e093ee7cb5d68fff9968a91846414ec.sol"},{"line":285,"column":9,"severity":"Error","message":"Explicitly mark all external contracts as trusted or untrusted","ruleId":"mark-callable-contracts","filePath":"Benchmarks/Study_SamplesSet/2e093ee7cb5d68fff9968a91846414ec.sol"},{"line":288,"column":49,"severity":"Warning","message":"Provide an error message for revert","ruleId":"reason-string","fix":null,"filePath":"Benchmarks/Study_SamplesSet/2e093ee7cb5d68fff9968a91846414ec.sol"},{"line":288,"column":49,"severity":"Warning","message":"Use Custom Errors instead of revert statements","ruleId":"custom-errors","fix":null,"filePath":"Benchmarks/Study_SamplesSet/2e093ee7cb5d68fff9968a91846414ec.sol"},{"line":289,"column":14,"severity":"Error","message":"Avoid multiple calls of \"send\" method in single transaction","ruleId":"multiple-sends","fix":null,"filePath":"Benchmarks/Study_SamplesSet/2e093ee7cb5d68fff9968a91846414ec.sol"},{"line":289,"column":49,"severity":"Warning","message":"Provide an error message for revert","ruleId":"reason-string","fix":null,"filePath":"Benchmarks/Study_SamplesSet/2e093ee7cb5d68fff9968a91846414ec.sol"},{"line":289,"column":49,"severity":"Warning","message":"Use Custom Errors instead of revert statements","ruleId":"custom-errors","fix":null,"filePath":"Benchmarks/Study_SamplesSet/2e093ee7cb5d68fff9968a91846414ec.sol"},{"line":290,"column":9,"severity":"Error","message":"Possible reentrancy vulnerabilities. Avoid state changes after transfer.","ruleId":"reentrancy","fix":null,"filePath":"Benchmarks/Study_SamplesSet/2e093ee7cb5d68fff9968a91846414ec.sol"},{"line":294,"column":9,"severity":"Warning","message":"Provide an error message for require","ruleId":"reason-string","fix":null,"filePath":"Benchmarks/Study_SamplesSet/2e093ee7cb5d68fff9968a91846414ec.sol"},{"line":294,"column":9,"severity":"Warning","message":"Use Custom Errors instead of require statements","ruleId":"custom-errors","fix":null,"filePath":"Benchmarks/Study_SamplesSet/2e093ee7cb5d68fff9968a91846414ec.sol"},{"line":295,"column":9,"severity":"Warning","message":"Provide an error message for require","ruleId":"reason-string","fix":null,"filePath":"Benchmarks/Study_SamplesSet/2e093ee7cb5d68fff9968a91846414ec.sol"},{"line":295,"column":9,"severity":"Warning","message":"Use Custom Errors instead of require statements","ruleId":"custom-errors","fix":null,"filePath":"Benchmarks/Study_SamplesSet/2e093ee7cb5d68fff9968a91846414ec.sol"},{"line":300,"column":51,"severity":"Warning","message":"Provide an error message for revert","ruleId":"reason-string","fix":null,"filePath":"Benchmarks/Study_SamplesSet/2e093ee7cb5d68fff9968a91846414ec.sol"},{"line":300,"column":51,"severity":"Warning","message":"Use Custom Errors instead of revert statements","ruleId":"custom-errors","fix":null,"filePath":"Benchmarks/Study_SamplesSet/2e093ee7cb5d68fff9968a91846414ec.sol"},{"line":306,"column":9,"severity":"Warning","message":"Provide an error message for require","ruleId":"reason-string","fix":null,"filePath":"Benchmarks/Study_SamplesSet/2e093ee7cb5d68fff9968a91846414ec.sol"},{"line":306,"column":9,"severity":"Warning","message":"Use Custom Errors instead of require statements","ruleId":"custom-errors","fix":null,"filePath":"Benchmarks/Study_SamplesSet/2e093ee7cb5d68fff9968a91846414ec.sol"},{"line":307,"column":9,"severity":"Warning","message":"Provide an error message for require","ruleId":"reason-string","fix":null,"filePath":"Benchmarks/Study_SamplesSet/2e093ee7cb5d68fff9968a91846414ec.sol"},{"line":307,"column":9,"severity":"Warning","message":"Use Custom Errors instead of require statements","ruleId":"custom-errors","fix":null,"filePath":"Benchmarks/Study_SamplesSet/2e093ee7cb5d68fff9968a91846414ec.sol"},{"line":308,"column":9,"severity":"Warning","message":"Provide an error message for require","ruleId":"reason-string","fix":null,"filePath":"Benchmarks/Study_SamplesSet/2e093ee7cb5d68fff9968a91846414ec.sol"},{"line":308,"column":9,"severity":"Warning","message":"Use Custom Errors instead of require statements","ruleId":"custom-errors","fix":null,"filePath":"Benchmarks/Study_SamplesSet/2e093ee7cb5d68fff9968a91846414ec.sol"},{"line":309,"column":9,"severity":"Warning","message":"Provide an error message for require","ruleId":"reason-string","fix":null,"filePath":"Benchmarks/Study_SamplesSet/2e093ee7cb5d68fff9968a91846414ec.sol"},{"line":309,"column":9,"severity":"Warning","message":"Use Custom Errors instead of require statements","ruleId":"custom-errors","fix":null,"filePath":"Benchmarks/Study_SamplesSet/2e093ee7cb5d68fff9968a91846414ec.sol"},{"line":316,"column":13,"severity":"Error","message":"Explicitly mark all external contracts as trusted or untrusted","ruleId":"mark-callable-contracts","filePath":"Benchmarks/Study_SamplesSet/2e093ee7cb5d68fff9968a91846414ec.sol"},{"line":317,"column":43,"severity":"Warning","message":"Provide an error message for revert","ruleId":"reason-string","fix":null,"filePath":"Benchmarks/Study_SamplesSet/2e093ee7cb5d68fff9968a91846414ec.sol"},{"line":317,"column":43,"severity":"Warning","message":"Use Custom Errors instead of revert statements","ruleId":"custom-errors","fix":null,"filePath":"Benchmarks/Study_SamplesSet/2e093ee7cb5d68fff9968a91846414ec.sol"},{"conclusion":"93 problem/s (35 error/s, 58 warning/s)"}]
