[{"line":1,"column":1,"severity":"Warning","message":"Found more than One contract per file. 3 contracts found!","ruleId":"one-contract-per-file","fix":null,"filePath":"Benchmarks/Study_SamplesSet/2e76154cc851693b0f240bf61b52c539.sol"},{"line":1,"column":1,"severity":"Error","message":"Compiler version ^0.4.24 does not satisfy the ^0.8.0 semver requirement","ruleId":"compiler-version","fix":null,"filePath":"Benchmarks/Study_SamplesSet/2e76154cc851693b0f240bf61b52c539.sol"},{"line":26,"column":1,"severity":"Warning","message":"Contract has 20 states declarations but allowed no more than 15","ruleId":"max-states-count","fix":null,"filePath":"Benchmarks/Study_SamplesSet/2e76154cc851693b0f240bf61b52c539.sol"},{"line":34,"column":5,"severity":"Warning","message":"Provide an error message for require","ruleId":"reason-string","fix":null,"filePath":"Benchmarks/Study_SamplesSet/2e76154cc851693b0f240bf61b52c539.sol"},{"line":34,"column":5,"severity":"Warning","message":"Use Custom Errors instead of require statements","ruleId":"custom-errors","fix":null,"filePath":"Benchmarks/Study_SamplesSet/2e76154cc851693b0f240bf61b52c539.sol"},{"line":40,"column":5,"severity":"Warning","message":"Provide an error message for require","ruleId":"reason-string","fix":null,"filePath":"Benchmarks/Study_SamplesSet/2e76154cc851693b0f240bf61b52c539.sol"},{"line":40,"column":5,"severity":"Warning","message":"Use Custom Errors instead of require statements","ruleId":"custom-errors","fix":null,"filePath":"Benchmarks/Study_SamplesSet/2e76154cc851693b0f240bf61b52c539.sol"},{"line":40,"column":13,"severity":"Error","message":"Avoid to use tx.origin","ruleId":"avoid-tx-origin","fix":null,"filePath":"Benchmarks/Study_SamplesSet/2e76154cc851693b0f240bf61b52c539.sol"},{"line":46,"column":5,"severity":"Warning","message":"Provide an error message for require","ruleId":"reason-string","fix":null,"filePath":"Benchmarks/Study_SamplesSet/2e76154cc851693b0f240bf61b52c539.sol"},{"line":46,"column":5,"severity":"Warning","message":"Use Custom Errors instead of require statements","ruleId":"custom-errors","fix":null,"filePath":"Benchmarks/Study_SamplesSet/2e76154cc851693b0f240bf61b52c539.sol"},{"line":52,"column":5,"severity":"Warning","message":"Provide an error message for require","ruleId":"reason-string","fix":null,"filePath":"Benchmarks/Study_SamplesSet/2e76154cc851693b0f240bf61b52c539.sol"},{"line":52,"column":5,"severity":"Warning","message":"Use Custom Errors instead of require statements","ruleId":"custom-errors","fix":null,"filePath":"Benchmarks/Study_SamplesSet/2e76154cc851693b0f240bf61b52c539.sol"},{"line":60,"column":3,"severity":"Warning","message":"Event name must be in CamelCase","ruleId":"event-name-camelcase","filePath":"Benchmarks/Study_SamplesSet/2e76154cc851693b0f240bf61b52c539.sol"},{"line":68,"column":5,"severity":"Warning","message":"Event name must be in CamelCase","ruleId":"event-name-camelcase","filePath":"Benchmarks/Study_SamplesSet/2e76154cc851693b0f240bf61b52c539.sol"},{"line":134,"column":22,"severity":"Error","message":"Explicitly mark all external contracts as trusted or untrusted","ruleId":"mark-callable-contracts","filePath":"Benchmarks/Study_SamplesSet/2e76154cc851693b0f240bf61b52c539.sol"},{"line":137,"column":5,"severity":"Warning","message":"Variable name must be in mixedCase","ruleId":"var-name-mixedcase","fix":null,"filePath":"Benchmarks/Study_SamplesSet/2e76154cc851693b0f240bf61b52c539.sol"},{"line":146,"column":5,"severity":"Warning","message":"Variable name must be in mixedCase","ruleId":"var-name-mixedcase","fix":null,"filePath":"Benchmarks/Study_SamplesSet/2e76154cc851693b0f240bf61b52c539.sol"},{"line":155,"column":5,"severity":"Warning","message":"Variable name must be in mixedCase","ruleId":"var-name-mixedcase","fix":null,"filePath":"Benchmarks/Study_SamplesSet/2e76154cc851693b0f240bf61b52c539.sol"},{"line":164,"column":5,"severity":"Warning","message":"Variable name must be in mixedCase","ruleId":"var-name-mixedcase","fix":null,"filePath":"Benchmarks/Study_SamplesSet/2e76154cc851693b0f240bf61b52c539.sol"},{"line":173,"column":5,"severity":"Warning","message":"Variable name must be in mixedCase","ruleId":"var-name-mixedcase","fix":null,"filePath":"Benchmarks/Study_SamplesSet/2e76154cc851693b0f240bf61b52c539.sol"},{"line":182,"column":5,"severity":"Warning","message":"Variable name must be in mixedCase","ruleId":"var-name-mixedcase","fix":null,"filePath":"Benchmarks/Study_SamplesSet/2e76154cc851693b0f240bf61b52c539.sol"},{"line":223,"column":5,"severity":"Warning","message":"Provide an error message for require","ruleId":"reason-string","fix":null,"filePath":"Benchmarks/Study_SamplesSet/2e76154cc851693b0f240bf61b52c539.sol"},{"line":223,"column":5,"severity":"Warning","message":"Use Custom Errors instead of require statements","ruleId":"custom-errors","fix":null,"filePath":"Benchmarks/Study_SamplesSet/2e76154cc851693b0f240bf61b52c539.sol"},{"line":226,"column":3,"severity":"Error","message":"Fallback function must be simple","ruleId":"no-complex-fallback","fix":null,"filePath":"Benchmarks/Study_SamplesSet/2e76154cc851693b0f240bf61b52c539.sol"},{"line":228,"column":33,"severity":"Error","message":"Explicitly mark all external contracts as trusted or untrusted","ruleId":"mark-callable-contracts","filePath":"Benchmarks/Study_SamplesSet/2e76154cc851693b0f240bf61b52c539.sol"},{"line":229,"column":27,"severity":"Error","message":"Explicitly mark all external contracts as trusted or untrusted","ruleId":"mark-callable-contracts","filePath":"Benchmarks/Study_SamplesSet/2e76154cc851693b0f240bf61b52c539.sol"},{"line":234,"column":22,"severity":"Error","message":"Avoid making time-based decisions in your business logic","ruleId":"not-rely-on-time","fix":null,"filePath":"Benchmarks/Study_SamplesSet/2e76154cc851693b0f240bf61b52c539.sol"},{"line":235,"column":30,"severity":"Error","message":"Explicitly mark all external contracts as trusted or untrusted","ruleId":"mark-callable-contracts","filePath":"Benchmarks/Study_SamplesSet/2e76154cc851693b0f240bf61b52c539.sol"},{"line":236,"column":24,"severity":"Error","message":"Explicitly mark all external contracts as trusted or untrusted","ruleId":"mark-callable-contracts","filePath":"Benchmarks/Study_SamplesSet/2e76154cc851693b0f240bf61b52c539.sol"},{"line":241,"column":14,"severity":"Error","message":"Avoid making time-based decisions in your business logic","ruleId":"not-rely-on-time","fix":null,"filePath":"Benchmarks/Study_SamplesSet/2e76154cc851693b0f240bf61b52c539.sol"},{"line":252,"column":4,"severity":"Error","message":"Possible reentrancy vulnerabilities. Avoid state changes after transfer.","ruleId":"reentrancy","fix":null,"filePath":"Benchmarks/Study_SamplesSet/2e76154cc851693b0f240bf61b52c539.sol"},{"line":253,"column":4,"severity":"Error","message":"Possible reentrancy vulnerabilities. Avoid state changes after transfer.","ruleId":"reentrancy","fix":null,"filePath":"Benchmarks/Study_SamplesSet/2e76154cc851693b0f240bf61b52c539.sol"},{"line":254,"column":4,"severity":"Error","message":"Possible reentrancy vulnerabilities. Avoid state changes after transfer.","ruleId":"reentrancy","fix":null,"filePath":"Benchmarks/Study_SamplesSet/2e76154cc851693b0f240bf61b52c539.sol"},{"line":255,"column":4,"severity":"Error","message":"Possible reentrancy vulnerabilities. Avoid state changes after transfer.","ruleId":"reentrancy","fix":null,"filePath":"Benchmarks/Study_SamplesSet/2e76154cc851693b0f240bf61b52c539.sol"},{"line":256,"column":4,"severity":"Error","message":"Possible reentrancy vulnerabilities. Avoid state changes after transfer.","ruleId":"reentrancy","fix":null,"filePath":"Benchmarks/Study_SamplesSet/2e76154cc851693b0f240bf61b52c539.sol"},{"line":257,"column":4,"severity":"Error","message":"Possible reentrancy vulnerabilities. Avoid state changes after transfer.","ruleId":"reentrancy","fix":null,"filePath":"Benchmarks/Study_SamplesSet/2e76154cc851693b0f240bf61b52c539.sol"},{"line":259,"column":4,"severity":"Error","message":"Possible reentrancy vulnerabilities. Avoid state changes after transfer.","ruleId":"reentrancy","fix":null,"filePath":"Benchmarks/Study_SamplesSet/2e76154cc851693b0f240bf61b52c539.sol"},{"line":259,"column":22,"severity":"Error","message":"Avoid making time-based decisions in your business logic","ruleId":"not-rely-on-time","fix":null,"filePath":"Benchmarks/Study_SamplesSet/2e76154cc851693b0f240bf61b52c539.sol"},{"line":260,"column":4,"severity":"Error","message":"Possible reentrancy vulnerabilities. Avoid state changes after transfer.","ruleId":"reentrancy","fix":null,"filePath":"Benchmarks/Study_SamplesSet/2e76154cc851693b0f240bf61b52c539.sol"},{"line":261,"column":4,"severity":"Error","message":"Possible reentrancy vulnerabilities. Avoid state changes after transfer.","ruleId":"reentrancy","fix":null,"filePath":"Benchmarks/Study_SamplesSet/2e76154cc851693b0f240bf61b52c539.sol"},{"line":268,"column":9,"severity":"Error","message":"Avoid making time-based decisions in your business logic","ruleId":"not-rely-on-time","fix":null,"filePath":"Benchmarks/Study_SamplesSet/2e76154cc851693b0f240bf61b52c539.sol"},{"line":274,"column":5,"severity":"Warning","message":"Provide an error message for require","ruleId":"reason-string","fix":null,"filePath":"Benchmarks/Study_SamplesSet/2e76154cc851693b0f240bf61b52c539.sol"},{"line":274,"column":5,"severity":"Warning","message":"Use Custom Errors instead of require statements","ruleId":"custom-errors","fix":null,"filePath":"Benchmarks/Study_SamplesSet/2e76154cc851693b0f240bf61b52c539.sol"},{"line":280,"column":5,"severity":"Warning","message":"Provide an error message for require","ruleId":"reason-string","fix":null,"filePath":"Benchmarks/Study_SamplesSet/2e76154cc851693b0f240bf61b52c539.sol"},{"line":280,"column":5,"severity":"Warning","message":"Use Custom Errors instead of require statements","ruleId":"custom-errors","fix":null,"filePath":"Benchmarks/Study_SamplesSet/2e76154cc851693b0f240bf61b52c539.sol"},{"line":283,"column":5,"severity":"Warning","message":"Provide an error message for require","ruleId":"reason-string","fix":null,"filePath":"Benchmarks/Study_SamplesSet/2e76154cc851693b0f240bf61b52c539.sol"},{"line":283,"column":5,"severity":"Warning","message":"Use Custom Errors instead of require statements","ruleId":"custom-errors","fix":null,"filePath":"Benchmarks/Study_SamplesSet/2e76154cc851693b0f240bf61b52c539.sol"},{"line":288,"column":31,"severity":"Error","message":"Explicitly mark all external contracts as trusted or untrusted","ruleId":"mark-callable-contracts","filePath":"Benchmarks/Study_SamplesSet/2e76154cc851693b0f240bf61b52c539.sol"},{"line":288,"column":44,"severity":"Error","message":"Explicitly mark all external contracts as trusted or untrusted","ruleId":"mark-callable-contracts","filePath":"Benchmarks/Study_SamplesSet/2e76154cc851693b0f240bf61b52c539.sol"},{"line":289,"column":25,"severity":"Error","message":"Explicitly mark all external contracts as trusted or untrusted","ruleId":"mark-callable-contracts","filePath":"Benchmarks/Study_SamplesSet/2e76154cc851693b0f240bf61b52c539.sol"},{"line":289,"column":38,"severity":"Error","message":"Explicitly mark all external contracts as trusted or untrusted","ruleId":"mark-callable-contracts","filePath":"Benchmarks/Study_SamplesSet/2e76154cc851693b0f240bf61b52c539.sol"},{"line":293,"column":11,"severity":"Error","message":"Avoid making time-based decisions in your business logic","ruleId":"not-rely-on-time","fix":null,"filePath":"Benchmarks/Study_SamplesSet/2e76154cc851693b0f240bf61b52c539.sol"},{"line":301,"column":5,"severity":"Error","message":"Possible reentrancy vulnerabilities. Avoid state changes after transfer.","ruleId":"reentrancy","fix":null,"filePath":"Benchmarks/Study_SamplesSet/2e76154cc851693b0f240bf61b52c539.sol"},{"line":309,"column":5,"severity":"Error","message":"Possible reentrancy vulnerabilities. Avoid state changes after transfer.","ruleId":"reentrancy","fix":null,"filePath":"Benchmarks/Study_SamplesSet/2e76154cc851693b0f240bf61b52c539.sol"},{"line":309,"column":42,"severity":"Error","message":"Explicitly mark all external contracts as trusted or untrusted","ruleId":"mark-callable-contracts","filePath":"Benchmarks/Study_SamplesSet/2e76154cc851693b0f240bf61b52c539.sol"},{"line":309,"column":55,"severity":"Error","message":"Explicitly mark all external contracts as trusted or untrusted","ruleId":"mark-callable-contracts","filePath":"Benchmarks/Study_SamplesSet/2e76154cc851693b0f240bf61b52c539.sol"},{"line":311,"column":5,"severity":"Error","message":"Possible reentrancy vulnerabilities. Avoid state changes after transfer.","ruleId":"reentrancy","fix":null,"filePath":"Benchmarks/Study_SamplesSet/2e76154cc851693b0f240bf61b52c539.sol"},{"line":313,"column":5,"severity":"Error","message":"Possible reentrancy vulnerabilities. Avoid state changes after transfer.","ruleId":"reentrancy","fix":null,"filePath":"Benchmarks/Study_SamplesSet/2e76154cc851693b0f240bf61b52c539.sol"},{"line":316,"column":44,"severity":"Warning","message":"Code contains empty blocks","ruleId":"no-empty-blocks","fix":null,"filePath":"Benchmarks/Study_SamplesSet/2e76154cc851693b0f240bf61b52c539.sol"},{"line":345,"column":5,"severity":"Warning","message":"Rule is set with explicit type [var/s: uint]","ruleId":"explicit-types","filePath":"Benchmarks/Study_SamplesSet/2e76154cc851693b0f240bf61b52c539.sol"},{"line":346,"column":5,"severity":"Error","message":"Avoid to use inline assembly. It is acceptable only in rare cases","ruleId":"no-inline-assembly","fix":null,"filePath":"Benchmarks/Study_SamplesSet/2e76154cc851693b0f240bf61b52c539.sol"},{"line":347,"column":5,"severity":"Warning","message":"Provide an error message for require","ruleId":"reason-string","fix":null,"filePath":"Benchmarks/Study_SamplesSet/2e76154cc851693b0f240bf61b52c539.sol"},{"line":347,"column":5,"severity":"Warning","message":"Use Custom Errors instead of require statements","ruleId":"custom-errors","fix":null,"filePath":"Benchmarks/Study_SamplesSet/2e76154cc851693b0f240bf61b52c539.sol"},{"conclusion":"63 problem/s (33 error/s, 30 warning/s)"}]
