[{"line":1,"column":1,"severity":"Warning","message":"Found more than One contract per file. 9 contracts found!","ruleId":"one-contract-per-file","fix":null,"filePath":"Benchmarks/Study_SamplesSet/2f505ec9f7c5ee7ee83c3dfbc5a475a4.sol"},{"line":1,"column":1,"severity":"Error","message":"Compiler version ^0.4.11 does not satisfy the ^0.8.0 semver requirement","ruleId":"compiler-version","fix":null,"filePath":"Benchmarks/Study_SamplesSet/2f505ec9f7c5ee7ee83c3dfbc5a475a4.sol"},{"line":10,"column":5,"severity":"Error","message":"Explicitly mark visibility in function (Set ignoreConstructors to true if using solidity >=0.7.0)","ruleId":"func-visibility","fix":null,"filePath":"Benchmarks/Study_SamplesSet/2f505ec9f7c5ee7ee83c3dfbc5a475a4.sol"},{"line":10,"column":22,"severity":"Warning","message":"Code contains empty blocks","ruleId":"no-empty-blocks","fix":null,"filePath":"Benchmarks/Study_SamplesSet/2f505ec9f7c5ee7ee83c3dfbc5a475a4.sol"},{"line":15,"column":9,"severity":"Warning","message":"Provide an error message for require","ruleId":"reason-string","fix":null,"filePath":"Benchmarks/Study_SamplesSet/2f505ec9f7c5ee7ee83c3dfbc5a475a4.sol"},{"line":15,"column":9,"severity":"Warning","message":"Use Custom Errors instead of require statements","ruleId":"custom-errors","fix":null,"filePath":"Benchmarks/Study_SamplesSet/2f505ec9f7c5ee7ee83c3dfbc5a475a4.sol"},{"line":21,"column":9,"severity":"Warning","message":"Provide an error message for require","ruleId":"reason-string","fix":null,"filePath":"Benchmarks/Study_SamplesSet/2f505ec9f7c5ee7ee83c3dfbc5a475a4.sol"},{"line":21,"column":9,"severity":"Warning","message":"Use Custom Errors instead of require statements","ruleId":"custom-errors","fix":null,"filePath":"Benchmarks/Study_SamplesSet/2f505ec9f7c5ee7ee83c3dfbc5a475a4.sol"},{"line":27,"column":9,"severity":"Warning","message":"Provide an error message for require","ruleId":"reason-string","fix":null,"filePath":"Benchmarks/Study_SamplesSet/2f505ec9f7c5ee7ee83c3dfbc5a475a4.sol"},{"line":27,"column":9,"severity":"Warning","message":"Use Custom Errors instead of require statements","ruleId":"custom-errors","fix":null,"filePath":"Benchmarks/Study_SamplesSet/2f505ec9f7c5ee7ee83c3dfbc5a475a4.sol"},{"line":100,"column":5,"severity":"Error","message":"Explicitly mark visibility in function (Set ignoreConstructors to true if using solidity >=0.7.0)","ruleId":"func-visibility","fix":null,"filePath":"Benchmarks/Study_SamplesSet/2f505ec9f7c5ee7ee83c3dfbc5a475a4.sol"},{"line":118,"column":9,"severity":"Warning","message":"Provide an error message for require","ruleId":"reason-string","fix":null,"filePath":"Benchmarks/Study_SamplesSet/2f505ec9f7c5ee7ee83c3dfbc5a475a4.sol"},{"line":118,"column":9,"severity":"Warning","message":"Use Custom Errors instead of require statements","ruleId":"custom-errors","fix":null,"filePath":"Benchmarks/Study_SamplesSet/2f505ec9f7c5ee7ee83c3dfbc5a475a4.sol"},{"line":126,"column":9,"severity":"Warning","message":"Provide an error message for require","ruleId":"reason-string","fix":null,"filePath":"Benchmarks/Study_SamplesSet/2f505ec9f7c5ee7ee83c3dfbc5a475a4.sol"},{"line":126,"column":9,"severity":"Warning","message":"Use Custom Errors instead of require statements","ruleId":"custom-errors","fix":null,"filePath":"Benchmarks/Study_SamplesSet/2f505ec9f7c5ee7ee83c3dfbc5a475a4.sol"},{"line":127,"column":9,"severity":"Error","message":"Explicitly mark all external contracts as trusted or untrusted","ruleId":"mark-callable-contracts","filePath":"Benchmarks/Study_SamplesSet/2f505ec9f7c5ee7ee83c3dfbc5a475a4.sol"},{"line":181,"column":5,"severity":"Error","message":"Explicitly mark visibility in function (Set ignoreConstructors to true if using solidity >=0.7.0)","ruleId":"func-visibility","fix":null,"filePath":"Benchmarks/Study_SamplesSet/2f505ec9f7c5ee7ee83c3dfbc5a475a4.sol"},{"line":181,"column":28,"severity":"Warning","message":"Code contains empty blocks","ruleId":"no-empty-blocks","fix":null,"filePath":"Benchmarks/Study_SamplesSet/2f505ec9f7c5ee7ee83c3dfbc5a475a4.sol"},{"line":208,"column":30,"severity":"Error","message":"Use double quotes for string literals","ruleId":"quotes","filePath":"Benchmarks/Study_SamplesSet/2f505ec9f7c5ee7ee83c3dfbc5a475a4.sol"},{"line":209,"column":26,"severity":"Error","message":"Use double quotes for string literals","ruleId":"quotes","filePath":"Benchmarks/Study_SamplesSet/2f505ec9f7c5ee7ee83c3dfbc5a475a4.sol"},{"line":210,"column":28,"severity":"Error","message":"Use double quotes for string literals","ruleId":"quotes","filePath":"Benchmarks/Study_SamplesSet/2f505ec9f7c5ee7ee83c3dfbc5a475a4.sol"},{"line":226,"column":5,"severity":"Error","message":"Explicitly mark visibility in function (Set ignoreConstructors to true if using solidity >=0.7.0)","ruleId":"func-visibility","fix":null,"filePath":"Benchmarks/Study_SamplesSet/2f505ec9f7c5ee7ee83c3dfbc5a475a4.sol"},{"line":227,"column":9,"severity":"Warning","message":"Provide an error message for require","ruleId":"reason-string","fix":null,"filePath":"Benchmarks/Study_SamplesSet/2f505ec9f7c5ee7ee83c3dfbc5a475a4.sol"},{"line":227,"column":9,"severity":"Warning","message":"Use Custom Errors instead of require statements","ruleId":"custom-errors","fix":null,"filePath":"Benchmarks/Study_SamplesSet/2f505ec9f7c5ee7ee83c3dfbc5a475a4.sol"},{"line":250,"column":9,"severity":"Error","message":"Explicitly mark all external contracts as trusted or untrusted","ruleId":"mark-callable-contracts","filePath":"Benchmarks/Study_SamplesSet/2f505ec9f7c5ee7ee83c3dfbc5a475a4.sol"},{"line":273,"column":9,"severity":"Error","message":"Explicitly mark all external contracts as trusted or untrusted","ruleId":"mark-callable-contracts","filePath":"Benchmarks/Study_SamplesSet/2f505ec9f7c5ee7ee83c3dfbc5a475a4.sol"},{"line":296,"column":9,"severity":"Warning","message":"Provide an error message for require","ruleId":"reason-string","fix":null,"filePath":"Benchmarks/Study_SamplesSet/2f505ec9f7c5ee7ee83c3dfbc5a475a4.sol"},{"line":296,"column":9,"severity":"Warning","message":"Use Custom Errors instead of require statements","ruleId":"custom-errors","fix":null,"filePath":"Benchmarks/Study_SamplesSet/2f505ec9f7c5ee7ee83c3dfbc5a475a4.sol"},{"line":299,"column":9,"severity":"Error","message":"Explicitly mark all external contracts as trusted or untrusted","ruleId":"mark-callable-contracts","filePath":"Benchmarks/Study_SamplesSet/2f505ec9f7c5ee7ee83c3dfbc5a475a4.sol"},{"line":311,"column":29,"severity":"Error","message":"Use double quotes for string literals","ruleId":"quotes","filePath":"Benchmarks/Study_SamplesSet/2f505ec9f7c5ee7ee83c3dfbc5a475a4.sol"},{"line":329,"column":5,"severity":"Error","message":"Explicitly mark visibility in function (Set ignoreConstructors to true if using solidity >=0.7.0)","ruleId":"func-visibility","fix":null,"filePath":"Benchmarks/Study_SamplesSet/2f505ec9f7c5ee7ee83c3dfbc5a475a4.sol"},{"line":332,"column":9,"severity":"Error","message":"Explicitly mark all external contracts as trusted or untrusted","ruleId":"mark-callable-contracts","filePath":"Benchmarks/Study_SamplesSet/2f505ec9f7c5ee7ee83c3dfbc5a475a4.sol"},{"line":367,"column":9,"severity":"Error","message":"Explicitly mark all external contracts as trusted or untrusted","ruleId":"mark-callable-contracts","filePath":"Benchmarks/Study_SamplesSet/2f505ec9f7c5ee7ee83c3dfbc5a475a4.sol"},{"line":368,"column":9,"severity":"Error","message":"Explicitly mark all external contracts as trusted or untrusted","ruleId":"mark-callable-contracts","filePath":"Benchmarks/Study_SamplesSet/2f505ec9f7c5ee7ee83c3dfbc5a475a4.sol"},{"line":379,"column":9,"severity":"Warning","message":"Provide an error message for require","ruleId":"reason-string","fix":null,"filePath":"Benchmarks/Study_SamplesSet/2f505ec9f7c5ee7ee83c3dfbc5a475a4.sol"},{"line":379,"column":9,"severity":"Warning","message":"Use Custom Errors instead of require statements","ruleId":"custom-errors","fix":null,"filePath":"Benchmarks/Study_SamplesSet/2f505ec9f7c5ee7ee83c3dfbc5a475a4.sol"},{"line":384,"column":9,"severity":"Error","message":"Explicitly mark all external contracts as trusted or untrusted","ruleId":"mark-callable-contracts","filePath":"Benchmarks/Study_SamplesSet/2f505ec9f7c5ee7ee83c3dfbc5a475a4.sol"},{"line":385,"column":9,"severity":"Error","message":"Explicitly mark all external contracts as trusted or untrusted","ruleId":"mark-callable-contracts","filePath":"Benchmarks/Study_SamplesSet/2f505ec9f7c5ee7ee83c3dfbc5a475a4.sol"},{"conclusion":"38 problem/s (19 error/s, 19 warning/s)"}]
