[{"line":1,"column":1,"severity":"Warning","message":"Found more than One contract per file. 3 contracts found!","ruleId":"one-contract-per-file","fix":null,"filePath":"Benchmarks/Study_SamplesSet/310d76cd1e1d8026871771e6bedb1d28.sol"},{"line":1,"column":1,"severity":"Error","message":"Compiler version ^0.4.24 does not satisfy the ^0.8.0 semver requirement","ruleId":"compiler-version","fix":null,"filePath":"Benchmarks/Study_SamplesSet/310d76cd1e1d8026871771e6bedb1d28.sol"},{"line":3,"column":1,"severity":"Warning","message":"Code contains empty blocks","ruleId":"no-empty-blocks","fix":null,"filePath":"Benchmarks/Study_SamplesSet/310d76cd1e1d8026871771e6bedb1d28.sol"},{"line":15,"column":3,"severity":"Error","message":"Explicitly mark visibility of state","ruleId":"state-visibility","fix":null,"filePath":"Benchmarks/Study_SamplesSet/310d76cd1e1d8026871771e6bedb1d28.sol"},{"line":25,"column":5,"severity":"Warning","message":"Provide an error message for require","ruleId":"reason-string","fix":null,"filePath":"Benchmarks/Study_SamplesSet/310d76cd1e1d8026871771e6bedb1d28.sol"},{"line":25,"column":5,"severity":"Warning","message":"Use Custom Errors instead of require statements","ruleId":"custom-errors","fix":null,"filePath":"Benchmarks/Study_SamplesSet/310d76cd1e1d8026871771e6bedb1d28.sol"},{"line":30,"column":5,"severity":"Warning","message":"Provide an error message for require","ruleId":"reason-string","fix":null,"filePath":"Benchmarks/Study_SamplesSet/310d76cd1e1d8026871771e6bedb1d28.sol"},{"line":30,"column":5,"severity":"Warning","message":"Use Custom Errors instead of require statements","ruleId":"custom-errors","fix":null,"filePath":"Benchmarks/Study_SamplesSet/310d76cd1e1d8026871771e6bedb1d28.sol"},{"line":35,"column":5,"severity":"Warning","message":"Provide an error message for require","ruleId":"reason-string","fix":null,"filePath":"Benchmarks/Study_SamplesSet/310d76cd1e1d8026871771e6bedb1d28.sol"},{"line":35,"column":5,"severity":"Warning","message":"Use Custom Errors instead of require statements","ruleId":"custom-errors","fix":null,"filePath":"Benchmarks/Study_SamplesSet/310d76cd1e1d8026871771e6bedb1d28.sol"},{"line":56,"column":17,"severity":"Warning","message":"Variable name must be in mixedCase","ruleId":"var-name-mixedcase","fix":null,"filePath":"Benchmarks/Study_SamplesSet/310d76cd1e1d8026871771e6bedb1d28.sol"},{"line":56,"column":40,"severity":"Warning","message":"Variable name must be in mixedCase","ruleId":"var-name-mixedcase","fix":null,"filePath":"Benchmarks/Study_SamplesSet/310d76cd1e1d8026871771e6bedb1d28.sol"},{"line":57,"column":16,"severity":"Warning","message":"Variable name must be in mixedCase","ruleId":"var-name-mixedcase","fix":null,"filePath":"Benchmarks/Study_SamplesSet/310d76cd1e1d8026871771e6bedb1d28.sol"},{"line":57,"column":38,"severity":"Warning","message":"Variable name must be in mixedCase","ruleId":"var-name-mixedcase","fix":null,"filePath":"Benchmarks/Study_SamplesSet/310d76cd1e1d8026871771e6bedb1d28.sol"},{"line":57,"column":54,"severity":"Warning","message":"Variable name must be in mixedCase","ruleId":"var-name-mixedcase","fix":null,"filePath":"Benchmarks/Study_SamplesSet/310d76cd1e1d8026871771e6bedb1d28.sol"},{"line":62,"column":5,"severity":"Warning","message":"Variable name must be in mixedCase","ruleId":"var-name-mixedcase","fix":null,"filePath":"Benchmarks/Study_SamplesSet/310d76cd1e1d8026871771e6bedb1d28.sol"},{"line":63,"column":5,"severity":"Warning","message":"Variable name must be in mixedCase","ruleId":"var-name-mixedcase","fix":null,"filePath":"Benchmarks/Study_SamplesSet/310d76cd1e1d8026871771e6bedb1d28.sol"},{"line":71,"column":3,"severity":"Error","message":"Explicitly mark visibility of state","ruleId":"state-visibility","fix":null,"filePath":"Benchmarks/Study_SamplesSet/310d76cd1e1d8026871771e6bedb1d28.sol"},{"line":72,"column":3,"severity":"Error","message":"Explicitly mark visibility of state","ruleId":"state-visibility","fix":null,"filePath":"Benchmarks/Study_SamplesSet/310d76cd1e1d8026871771e6bedb1d28.sol"},{"line":74,"column":3,"severity":"Error","message":"Explicitly mark visibility of state","ruleId":"state-visibility","fix":null,"filePath":"Benchmarks/Study_SamplesSet/310d76cd1e1d8026871771e6bedb1d28.sol"},{"line":80,"column":19,"severity":"Error","message":"Explicitly mark all external contracts as trusted or untrusted","ruleId":"mark-callable-contracts","filePath":"Benchmarks/Study_SamplesSet/310d76cd1e1d8026871771e6bedb1d28.sol"},{"line":84,"column":21,"severity":"Warning","message":"Variable name must be in mixedCase","ruleId":"var-name-mixedcase","fix":null,"filePath":"Benchmarks/Study_SamplesSet/310d76cd1e1d8026871771e6bedb1d28.sol"},{"line":91,"column":35,"severity":"Error","message":"Explicitly mark all external contracts as trusted or untrusted","ruleId":"mark-callable-contracts","filePath":"Benchmarks/Study_SamplesSet/310d76cd1e1d8026871771e6bedb1d28.sol"},{"line":102,"column":24,"severity":"Warning","message":"Variable name must be in mixedCase","ruleId":"var-name-mixedcase","fix":null,"filePath":"Benchmarks/Study_SamplesSet/310d76cd1e1d8026871771e6bedb1d28.sol"},{"line":117,"column":20,"severity":"Warning","message":"Variable name must be in mixedCase","ruleId":"var-name-mixedcase","fix":null,"filePath":"Benchmarks/Study_SamplesSet/310d76cd1e1d8026871771e6bedb1d28.sol"},{"line":117,"column":58,"severity":"Warning","message":"Variable name must be in mixedCase","ruleId":"var-name-mixedcase","fix":null,"filePath":"Benchmarks/Study_SamplesSet/310d76cd1e1d8026871771e6bedb1d28.sol"},{"line":117,"column":80,"severity":"Warning","message":"Variable name must be in mixedCase","ruleId":"var-name-mixedcase","fix":null,"filePath":"Benchmarks/Study_SamplesSet/310d76cd1e1d8026871771e6bedb1d28.sol"},{"line":125,"column":20,"severity":"Warning","message":"Variable name must be in mixedCase","ruleId":"var-name-mixedcase","fix":null,"filePath":"Benchmarks/Study_SamplesSet/310d76cd1e1d8026871771e6bedb1d28.sol"},{"line":126,"column":5,"severity":"Warning","message":"Provide an error message for require","ruleId":"reason-string","fix":null,"filePath":"Benchmarks/Study_SamplesSet/310d76cd1e1d8026871771e6bedb1d28.sol"},{"line":126,"column":5,"severity":"Warning","message":"Use Custom Errors instead of require statements","ruleId":"custom-errors","fix":null,"filePath":"Benchmarks/Study_SamplesSet/310d76cd1e1d8026871771e6bedb1d28.sol"},{"line":127,"column":5,"severity":"Warning","message":"Provide an error message for require","ruleId":"reason-string","fix":null,"filePath":"Benchmarks/Study_SamplesSet/310d76cd1e1d8026871771e6bedb1d28.sol"},{"line":127,"column":5,"severity":"Warning","message":"Use Custom Errors instead of require statements","ruleId":"custom-errors","fix":null,"filePath":"Benchmarks/Study_SamplesSet/310d76cd1e1d8026871771e6bedb1d28.sol"},{"line":134,"column":33,"severity":"Error","message":"Explicitly mark all external contracts as trusted or untrusted","ruleId":"mark-callable-contracts","filePath":"Benchmarks/Study_SamplesSet/310d76cd1e1d8026871771e6bedb1d28.sol"},{"conclusion":"33 problem/s (8 error/s, 25 warning/s)"}]
