[{"line":11,"column":1,"severity":"Warning","message":"Found more than One contract per file. 6 contracts found!","ruleId":"one-contract-per-file","fix":null,"filePath":"Benchmarks/Study_SamplesSet/36a8d214d776783849bbd6c36d8efd3c.sol"},{"line":11,"column":1,"severity":"Error","message":"Compiler version ^0.4.25 does not satisfy the ^0.8.0 semver requirement","ruleId":"compiler-version","fix":null,"filePath":"Benchmarks/Study_SamplesSet/36a8d214d776783849bbd6c36d8efd3c.sol"},{"line":37,"column":20,"severity":"Warning","message":"Rule is set with explicit type [var/s: uint]","ruleId":"explicit-types","filePath":"Benchmarks/Study_SamplesSet/36a8d214d776783849bbd6c36d8efd3c.sol"},{"line":38,"column":5,"severity":"Warning","message":"Function name must be in mixedCase","ruleId":"func-name-mixedcase","fix":null,"filePath":"Benchmarks/Study_SamplesSet/36a8d214d776783849bbd6c36d8efd3c.sol"},{"line":38,"column":33,"severity":"Warning","message":"Rule is set with explicit type [var/s: uint]","ruleId":"explicit-types","filePath":"Benchmarks/Study_SamplesSet/36a8d214d776783849bbd6c36d8efd3c.sol"},{"line":38,"column":83,"severity":"Warning","message":"Rule is set with explicit type [var/s: uint]","ruleId":"explicit-types","filePath":"Benchmarks/Study_SamplesSet/36a8d214d776783849bbd6c36d8efd3c.sol"},{"line":39,"column":21,"severity":"Warning","message":"Rule is set with explicit type [var/s: uint]","ruleId":"explicit-types","filePath":"Benchmarks/Study_SamplesSet/36a8d214d776783849bbd6c36d8efd3c.sol"},{"line":40,"column":5,"severity":"Warning","message":"Function name must be in mixedCase","ruleId":"func-name-mixedcase","fix":null,"filePath":"Benchmarks/Study_SamplesSet/36a8d214d776783849bbd6c36d8efd3c.sol"},{"line":40,"column":34,"severity":"Warning","message":"Rule is set with explicit type [var/s: uint]","ruleId":"explicit-types","filePath":"Benchmarks/Study_SamplesSet/36a8d214d776783849bbd6c36d8efd3c.sol"},{"line":40,"column":99,"severity":"Warning","message":"Rule is set with explicit type [var/s: uint]","ruleId":"explicit-types","filePath":"Benchmarks/Study_SamplesSet/36a8d214d776783849bbd6c36d8efd3c.sol"},{"line":41,"column":21,"severity":"Warning","message":"Rule is set with explicit type [var/s: uint]","ruleId":"explicit-types","filePath":"Benchmarks/Study_SamplesSet/36a8d214d776783849bbd6c36d8efd3c.sol"},{"line":42,"column":5,"severity":"Warning","message":"Function name must be in mixedCase","ruleId":"func-name-mixedcase","fix":null,"filePath":"Benchmarks/Study_SamplesSet/36a8d214d776783849bbd6c36d8efd3c.sol"},{"line":42,"column":34,"severity":"Warning","message":"Rule is set with explicit type [var/s: uint]","ruleId":"explicit-types","filePath":"Benchmarks/Study_SamplesSet/36a8d214d776783849bbd6c36d8efd3c.sol"},{"line":42,"column":84,"severity":"Warning","message":"Rule is set with explicit type [var/s: uint]","ruleId":"explicit-types","filePath":"Benchmarks/Study_SamplesSet/36a8d214d776783849bbd6c36d8efd3c.sol"},{"line":43,"column":59,"severity":"Warning","message":"Rule is set with explicit type [var/s: uint]","ruleId":"explicit-types","filePath":"Benchmarks/Study_SamplesSet/36a8d214d776783849bbd6c36d8efd3c.sol"},{"line":44,"column":43,"severity":"Warning","message":"Rule is set with explicit type [var/s: uint]","ruleId":"explicit-types","filePath":"Benchmarks/Study_SamplesSet/36a8d214d776783849bbd6c36d8efd3c.sol"},{"line":44,"column":74,"severity":"Warning","message":"Rule is set with explicit type [var/s: uint]","ruleId":"explicit-types","filePath":"Benchmarks/Study_SamplesSet/36a8d214d776783849bbd6c36d8efd3c.sol"},{"line":46,"column":32,"severity":"Warning","message":"Rule is set with explicit type [var/s: uint]","ruleId":"explicit-types","filePath":"Benchmarks/Study_SamplesSet/36a8d214d776783849bbd6c36d8efd3c.sol"},{"line":47,"column":5,"severity":"Warning","message":"Function name must be in mixedCase","ruleId":"func-name-mixedcase","fix":null,"filePath":"Benchmarks/Study_SamplesSet/36a8d214d776783849bbd6c36d8efd3c.sol"},{"line":77,"column":5,"severity":"Warning","message":"Contract, Structs and Enums should be in CamelCase","ruleId":"contract-name-camelcase","filePath":"Benchmarks/Study_SamplesSet/36a8d214d776783849bbd6c36d8efd3c.sol"},{"line":79,"column":9,"severity":"Warning","message":"Rule is set with explicit type [var/s: uint]","ruleId":"explicit-types","filePath":"Benchmarks/Study_SamplesSet/36a8d214d776783849bbd6c36d8efd3c.sol"},{"line":82,"column":38,"severity":"Warning","message":"Rule is set with explicit type [var/s: uint]","ruleId":"explicit-types","filePath":"Benchmarks/Study_SamplesSet/36a8d214d776783849bbd6c36d8efd3c.sol"},{"line":83,"column":9,"severity":"Warning","message":"Rule is set with explicit type [var/s: uint]","ruleId":"explicit-types","filePath":"Benchmarks/Study_SamplesSet/36a8d214d776783849bbd6c36d8efd3c.sol"},{"line":87,"column":9,"severity":"Error","message":"Avoid to use inline assembly. It is acceptable only in rare cases","ruleId":"no-inline-assembly","fix":null,"filePath":"Benchmarks/Study_SamplesSet/36a8d214d776783849bbd6c36d8efd3c.sol"},{"line":95,"column":40,"severity":"Warning","message":"Rule is set with explicit type [var/s: uint]","ruleId":"explicit-types","filePath":"Benchmarks/Study_SamplesSet/36a8d214d776783849bbd6c36d8efd3c.sol"},{"line":101,"column":18,"severity":"Warning","message":"Rule is set with explicit type [var/s: uint]","ruleId":"explicit-types","filePath":"Benchmarks/Study_SamplesSet/36a8d214d776783849bbd6c36d8efd3c.sol"},{"line":101,"column":26,"severity":"Warning","message":"Rule is set with explicit type [var/s: uint]","ruleId":"explicit-types","filePath":"Benchmarks/Study_SamplesSet/36a8d214d776783849bbd6c36d8efd3c.sol"},{"line":101,"column":55,"severity":"Warning","message":"Rule is set with explicit type [var/s: uint]","ruleId":"explicit-types","filePath":"Benchmarks/Study_SamplesSet/36a8d214d776783849bbd6c36d8efd3c.sol"},{"line":120,"column":9,"severity":"Warning","message":"Rule is set with explicit type [var/s: uint]","ruleId":"explicit-types","filePath":"Benchmarks/Study_SamplesSet/36a8d214d776783849bbd6c36d8efd3c.sol"},{"line":121,"column":9,"severity":"Warning","message":"Rule is set with explicit type [var/s: uint]","ruleId":"explicit-types","filePath":"Benchmarks/Study_SamplesSet/36a8d214d776783849bbd6c36d8efd3c.sol"},{"line":122,"column":9,"severity":"Warning","message":"Rule is set with explicit type [var/s: uint]","ruleId":"explicit-types","filePath":"Benchmarks/Study_SamplesSet/36a8d214d776783849bbd6c36d8efd3c.sol"},{"line":123,"column":9,"severity":"Error","message":"Avoid to use inline assembly. It is acceptable only in rare cases","ruleId":"no-inline-assembly","fix":null,"filePath":"Benchmarks/Study_SamplesSet/36a8d214d776783849bbd6c36d8efd3c.sol"},{"line":137,"column":13,"severity":"Error","message":"Avoid to use inline assembly. It is acceptable only in rare cases","ruleId":"no-inline-assembly","fix":null,"filePath":"Benchmarks/Study_SamplesSet/36a8d214d776783849bbd6c36d8efd3c.sol"},{"line":145,"column":9,"severity":"Warning","message":"Rule is set with explicit type [var/s: uint]","ruleId":"explicit-types","filePath":"Benchmarks/Study_SamplesSet/36a8d214d776783849bbd6c36d8efd3c.sol"},{"line":146,"column":9,"severity":"Error","message":"Avoid to use inline assembly. It is acceptable only in rare cases","ruleId":"no-inline-assembly","fix":null,"filePath":"Benchmarks/Study_SamplesSet/36a8d214d776783849bbd6c36d8efd3c.sol"},{"line":167,"column":9,"severity":"Error","message":"Avoid to use inline assembly. It is acceptable only in rare cases","ruleId":"no-inline-assembly","fix":null,"filePath":"Benchmarks/Study_SamplesSet/36a8d214d776783849bbd6c36d8efd3c.sol"},{"line":187,"column":43,"severity":"Warning","message":"Rule is set with explicit type [var/s: uint]","ruleId":"explicit-types","filePath":"Benchmarks/Study_SamplesSet/36a8d214d776783849bbd6c36d8efd3c.sol"},{"line":187,"column":54,"severity":"Warning","message":"Rule is set with explicit type [var/s: uint]","ruleId":"explicit-types","filePath":"Benchmarks/Study_SamplesSet/36a8d214d776783849bbd6c36d8efd3c.sol"},{"line":192,"column":9,"severity":"Warning","message":"Rule is set with explicit type [var/s: uint]","ruleId":"explicit-types","filePath":"Benchmarks/Study_SamplesSet/36a8d214d776783849bbd6c36d8efd3c.sol"},{"line":193,"column":9,"severity":"Error","message":"Avoid to use inline assembly. It is acceptable only in rare cases","ruleId":"no-inline-assembly","fix":null,"filePath":"Benchmarks/Study_SamplesSet/36a8d214d776783849bbd6c36d8efd3c.sol"},{"line":219,"column":64,"severity":"Warning","message":"Rule is set with explicit type [var/s: uint]","ruleId":"explicit-types","filePath":"Benchmarks/Study_SamplesSet/36a8d214d776783849bbd6c36d8efd3c.sol"},{"line":241,"column":51,"severity":"Warning","message":"Rule is set with explicit type [var/s: uint]","ruleId":"explicit-types","filePath":"Benchmarks/Study_SamplesSet/36a8d214d776783849bbd6c36d8efd3c.sol"},{"line":242,"column":25,"severity":"Error","message":"Explicitly mark all external contracts as trusted or untrusted","ruleId":"mark-callable-contracts","filePath":"Benchmarks/Study_SamplesSet/36a8d214d776783849bbd6c36d8efd3c.sol"},{"line":245,"column":50,"severity":"Warning","message":"Rule is set with explicit type [var/s: int]","ruleId":"explicit-types","filePath":"Benchmarks/Study_SamplesSet/36a8d214d776783849bbd6c36d8efd3c.sol"},{"line":247,"column":13,"severity":"Warning","message":"Rule is set with explicit type [var/s: uint]","ruleId":"explicit-types","filePath":"Benchmarks/Study_SamplesSet/36a8d214d776783849bbd6c36d8efd3c.sol"},{"line":247,"column":29,"severity":"Error","message":"Explicitly mark all external contracts as trusted or untrusted","ruleId":"mark-callable-contracts","filePath":"Benchmarks/Study_SamplesSet/36a8d214d776783849bbd6c36d8efd3c.sol"},{"line":249,"column":13,"severity":"Warning","message":"Rule is set with explicit type [var/s: uint]","ruleId":"explicit-types","filePath":"Benchmarks/Study_SamplesSet/36a8d214d776783849bbd6c36d8efd3c.sol"},{"line":249,"column":29,"severity":"Error","message":"Explicitly mark all external contracts as trusted or untrusted","ruleId":"mark-callable-contracts","filePath":"Benchmarks/Study_SamplesSet/36a8d214d776783849bbd6c36d8efd3c.sol"},{"line":254,"column":25,"severity":"Error","message":"Explicitly mark all external contracts as trusted or untrusted","ruleId":"mark-callable-contracts","filePath":"Benchmarks/Study_SamplesSet/36a8d214d776783849bbd6c36d8efd3c.sol"},{"line":259,"column":25,"severity":"Error","message":"Explicitly mark all external contracts as trusted or untrusted","ruleId":"mark-callable-contracts","filePath":"Benchmarks/Study_SamplesSet/36a8d214d776783849bbd6c36d8efd3c.sol"},{"line":264,"column":41,"severity":"Error","message":"Explicitly mark all external contracts as trusted or untrusted","ruleId":"mark-callable-contracts","filePath":"Benchmarks/Study_SamplesSet/36a8d214d776783849bbd6c36d8efd3c.sol"},{"line":268,"column":41,"severity":"Error","message":"Explicitly mark all external contracts as trusted or untrusted","ruleId":"mark-callable-contracts","filePath":"Benchmarks/Study_SamplesSet/36a8d214d776783849bbd6c36d8efd3c.sol"},{"line":272,"column":41,"severity":"Error","message":"Explicitly mark all external contracts as trusted or untrusted","ruleId":"mark-callable-contracts","filePath":"Benchmarks/Study_SamplesSet/36a8d214d776783849bbd6c36d8efd3c.sol"},{"line":280,"column":1,"severity":"Warning","message":"Contract, Structs and Enums should be in CamelCase","ruleId":"contract-name-camelcase","filePath":"Benchmarks/Study_SamplesSet/36a8d214d776783849bbd6c36d8efd3c.sol"},{"line":281,"column":5,"severity":"Error","message":"Explicitly mark visibility of state","ruleId":"state-visibility","fix":null,"filePath":"Benchmarks/Study_SamplesSet/36a8d214d776783849bbd6c36d8efd3c.sol"},{"line":281,"column":5,"severity":"Warning","message":"Rule is set with explicit type [var/s: uint]","ruleId":"explicit-types","filePath":"Benchmarks/Study_SamplesSet/36a8d214d776783849bbd6c36d8efd3c.sol"},{"line":281,"column":5,"severity":"Warning","message":"Constant name must be in capitalized SNAKE_CASE","ruleId":"const-name-snakecase","fix":null,"filePath":"Benchmarks/Study_SamplesSet/36a8d214d776783849bbd6c36d8efd3c.sol"},{"line":282,"column":5,"severity":"Error","message":"Explicitly mark visibility of state","ruleId":"state-visibility","fix":null,"filePath":"Benchmarks/Study_SamplesSet/36a8d214d776783849bbd6c36d8efd3c.sol"},{"line":282,"column":5,"severity":"Warning","message":"Rule is set with explicit type [var/s: uint]","ruleId":"explicit-types","filePath":"Benchmarks/Study_SamplesSet/36a8d214d776783849bbd6c36d8efd3c.sol"},{"line":282,"column":5,"severity":"Warning","message":"Constant name must be in capitalized SNAKE_CASE","ruleId":"const-name-snakecase","fix":null,"filePath":"Benchmarks/Study_SamplesSet/36a8d214d776783849bbd6c36d8efd3c.sol"},{"line":283,"column":5,"severity":"Error","message":"Explicitly mark visibility of state","ruleId":"state-visibility","fix":null,"filePath":"Benchmarks/Study_SamplesSet/36a8d214d776783849bbd6c36d8efd3c.sol"},{"line":283,"column":5,"severity":"Warning","message":"Rule is set with explicit type [var/s: uint]","ruleId":"explicit-types","filePath":"Benchmarks/Study_SamplesSet/36a8d214d776783849bbd6c36d8efd3c.sol"},{"line":283,"column":5,"severity":"Warning","message":"Constant name must be in capitalized SNAKE_CASE","ruleId":"const-name-snakecase","fix":null,"filePath":"Benchmarks/Study_SamplesSet/36a8d214d776783849bbd6c36d8efd3c.sol"},{"line":284,"column":5,"severity":"Error","message":"Explicitly mark visibility of state","ruleId":"state-visibility","fix":null,"filePath":"Benchmarks/Study_SamplesSet/36a8d214d776783849bbd6c36d8efd3c.sol"},{"line":284,"column":5,"severity":"Warning","message":"Constant name must be in capitalized SNAKE_CASE","ruleId":"const-name-snakecase","fix":null,"filePath":"Benchmarks/Study_SamplesSet/36a8d214d776783849bbd6c36d8efd3c.sol"},{"line":285,"column":5,"severity":"Error","message":"Explicitly mark visibility of state","ruleId":"state-visibility","fix":null,"filePath":"Benchmarks/Study_SamplesSet/36a8d214d776783849bbd6c36d8efd3c.sol"},{"line":285,"column":5,"severity":"Warning","message":"Constant name must be in capitalized SNAKE_CASE","ruleId":"const-name-snakecase","fix":null,"filePath":"Benchmarks/Study_SamplesSet/36a8d214d776783849bbd6c36d8efd3c.sol"},{"line":286,"column":5,"severity":"Error","message":"Explicitly mark visibility of state","ruleId":"state-visibility","fix":null,"filePath":"Benchmarks/Study_SamplesSet/36a8d214d776783849bbd6c36d8efd3c.sol"},{"line":286,"column":5,"severity":"Warning","message":"Constant name must be in capitalized SNAKE_CASE","ruleId":"const-name-snakecase","fix":null,"filePath":"Benchmarks/Study_SamplesSet/36a8d214d776783849bbd6c36d8efd3c.sol"},{"line":287,"column":5,"severity":"Error","message":"Explicitly mark visibility of state","ruleId":"state-visibility","fix":null,"filePath":"Benchmarks/Study_SamplesSet/36a8d214d776783849bbd6c36d8efd3c.sol"},{"line":287,"column":5,"severity":"Warning","message":"Constant name must be in capitalized SNAKE_CASE","ruleId":"const-name-snakecase","fix":null,"filePath":"Benchmarks/Study_SamplesSet/36a8d214d776783849bbd6c36d8efd3c.sol"},{"line":288,"column":5,"severity":"Error","message":"Explicitly mark visibility of state","ruleId":"state-visibility","fix":null,"filePath":"Benchmarks/Study_SamplesSet/36a8d214d776783849bbd6c36d8efd3c.sol"},{"line":288,"column":5,"severity":"Warning","message":"Constant name must be in capitalized SNAKE_CASE","ruleId":"const-name-snakecase","fix":null,"filePath":"Benchmarks/Study_SamplesSet/36a8d214d776783849bbd6c36d8efd3c.sol"},{"line":289,"column":5,"severity":"Error","message":"Explicitly mark visibility of state","ruleId":"state-visibility","fix":null,"filePath":"Benchmarks/Study_SamplesSet/36a8d214d776783849bbd6c36d8efd3c.sol"},{"line":289,"column":5,"severity":"Warning","message":"Constant name must be in capitalized SNAKE_CASE","ruleId":"const-name-snakecase","fix":null,"filePath":"Benchmarks/Study_SamplesSet/36a8d214d776783849bbd6c36d8efd3c.sol"},{"line":290,"column":5,"severity":"Error","message":"Explicitly mark visibility of state","ruleId":"state-visibility","fix":null,"filePath":"Benchmarks/Study_SamplesSet/36a8d214d776783849bbd6c36d8efd3c.sol"},{"line":290,"column":5,"severity":"Warning","message":"Constant name must be in capitalized SNAKE_CASE","ruleId":"const-name-snakecase","fix":null,"filePath":"Benchmarks/Study_SamplesSet/36a8d214d776783849bbd6c36d8efd3c.sol"},{"line":291,"column":5,"severity":"Error","message":"Explicitly mark visibility of state","ruleId":"state-visibility","fix":null,"filePath":"Benchmarks/Study_SamplesSet/36a8d214d776783849bbd6c36d8efd3c.sol"},{"line":291,"column":5,"severity":"Warning","message":"Constant name must be in capitalized SNAKE_CASE","ruleId":"const-name-snakecase","fix":null,"filePath":"Benchmarks/Study_SamplesSet/36a8d214d776783849bbd6c36d8efd3c.sol"},{"line":292,"column":5,"severity":"Error","message":"Explicitly mark visibility of state","ruleId":"state-visibility","fix":null,"filePath":"Benchmarks/Study_SamplesSet/36a8d214d776783849bbd6c36d8efd3c.sol"},{"line":292,"column":5,"severity":"Warning","message":"Constant name must be in capitalized SNAKE_CASE","ruleId":"const-name-snakecase","fix":null,"filePath":"Benchmarks/Study_SamplesSet/36a8d214d776783849bbd6c36d8efd3c.sol"},{"line":293,"column":5,"severity":"Error","message":"Explicitly mark visibility of state","ruleId":"state-visibility","fix":null,"filePath":"Benchmarks/Study_SamplesSet/36a8d214d776783849bbd6c36d8efd3c.sol"},{"line":293,"column":5,"severity":"Warning","message":"Constant name must be in capitalized SNAKE_CASE","ruleId":"const-name-snakecase","fix":null,"filePath":"Benchmarks/Study_SamplesSet/36a8d214d776783849bbd6c36d8efd3c.sol"},{"line":294,"column":5,"severity":"Error","message":"Explicitly mark visibility of state","ruleId":"state-visibility","fix":null,"filePath":"Benchmarks/Study_SamplesSet/36a8d214d776783849bbd6c36d8efd3c.sol"},{"line":294,"column":5,"severity":"Warning","message":"Constant name must be in capitalized SNAKE_CASE","ruleId":"const-name-snakecase","fix":null,"filePath":"Benchmarks/Study_SamplesSet/36a8d214d776783849bbd6c36d8efd3c.sol"},{"line":296,"column":5,"severity":"Error","message":"Explicitly mark visibility of state","ruleId":"state-visibility","fix":null,"filePath":"Benchmarks/Study_SamplesSet/36a8d214d776783849bbd6c36d8efd3c.sol"},{"line":296,"column":5,"severity":"Warning","message":"Variable name must be in mixedCase","ruleId":"var-name-mixedcase","fix":null,"filePath":"Benchmarks/Study_SamplesSet/36a8d214d776783849bbd6c36d8efd3c.sol"},{"line":298,"column":5,"severity":"Error","message":"Explicitly mark visibility of state","ruleId":"state-visibility","fix":null,"filePath":"Benchmarks/Study_SamplesSet/36a8d214d776783849bbd6c36d8efd3c.sol"},{"line":304,"column":24,"severity":"Error","message":"Explicitly mark all external contracts as trusted or untrusted","ruleId":"mark-callable-contracts","filePath":"Benchmarks/Study_SamplesSet/36a8d214d776783849bbd6c36d8efd3c.sol"},{"line":304,"column":34,"severity":"Error","message":"Explicitly mark all external contracts as trusted or untrusted","ruleId":"mark-callable-contracts","filePath":"Benchmarks/Study_SamplesSet/36a8d214d776783849bbd6c36d8efd3c.sol"},{"line":309,"column":20,"severity":"Error","message":"Explicitly mark all external contracts as trusted or untrusted","ruleId":"mark-callable-contracts","filePath":"Benchmarks/Study_SamplesSet/36a8d214d776783849bbd6c36d8efd3c.sol"},{"line":309,"column":30,"severity":"Error","message":"Explicitly mark all external contracts as trusted or untrusted","ruleId":"mark-callable-contracts","filePath":"Benchmarks/Study_SamplesSet/36a8d214d776783849bbd6c36d8efd3c.sol"},{"line":313,"column":5,"severity":"Warning","message":"Function name must be in mixedCase","ruleId":"func-name-mixedcase","fix":null,"filePath":"Benchmarks/Study_SamplesSet/36a8d214d776783849bbd6c36d8efd3c.sol"},{"line":317,"column":5,"severity":"Warning","message":"Function name must be in mixedCase","ruleId":"func-name-mixedcase","fix":null,"filePath":"Benchmarks/Study_SamplesSet/36a8d214d776783849bbd6c36d8efd3c.sol"},{"line":319,"column":13,"severity":"Error","message":"Explicitly mark all external contracts as trusted or untrusted","ruleId":"mark-callable-contracts","filePath":"Benchmarks/Study_SamplesSet/36a8d214d776783849bbd6c36d8efd3c.sol"},{"line":319,"column":19,"severity":"Error","message":"Explicitly mark all external contracts as trusted or untrusted","ruleId":"mark-callable-contracts","filePath":"Benchmarks/Study_SamplesSet/36a8d214d776783849bbd6c36d8efd3c.sol"},{"line":324,"column":13,"severity":"Error","message":"Explicitly mark all external contracts as trusted or untrusted","ruleId":"mark-callable-contracts","filePath":"Benchmarks/Study_SamplesSet/36a8d214d776783849bbd6c36d8efd3c.sol"},{"line":324,"column":19,"severity":"Error","message":"Explicitly mark all external contracts as trusted or untrusted","ruleId":"mark-callable-contracts","filePath":"Benchmarks/Study_SamplesSet/36a8d214d776783849bbd6c36d8efd3c.sol"},{"line":329,"column":13,"severity":"Error","message":"Explicitly mark all external contracts as trusted or untrusted","ruleId":"mark-callable-contracts","filePath":"Benchmarks/Study_SamplesSet/36a8d214d776783849bbd6c36d8efd3c.sol"},{"line":329,"column":19,"severity":"Error","message":"Explicitly mark all external contracts as trusted or untrusted","ruleId":"mark-callable-contracts","filePath":"Benchmarks/Study_SamplesSet/36a8d214d776783849bbd6c36d8efd3c.sol"},{"line":334,"column":13,"severity":"Error","message":"Explicitly mark all external contracts as trusted or untrusted","ruleId":"mark-callable-contracts","filePath":"Benchmarks/Study_SamplesSet/36a8d214d776783849bbd6c36d8efd3c.sol"},{"line":334,"column":19,"severity":"Error","message":"Explicitly mark all external contracts as trusted or untrusted","ruleId":"mark-callable-contracts","filePath":"Benchmarks/Study_SamplesSet/36a8d214d776783849bbd6c36d8efd3c.sol"},{"line":339,"column":13,"severity":"Error","message":"Explicitly mark all external contracts as trusted or untrusted","ruleId":"mark-callable-contracts","filePath":"Benchmarks/Study_SamplesSet/36a8d214d776783849bbd6c36d8efd3c.sol"},{"line":339,"column":19,"severity":"Error","message":"Explicitly mark all external contracts as trusted or untrusted","ruleId":"mark-callable-contracts","filePath":"Benchmarks/Study_SamplesSet/36a8d214d776783849bbd6c36d8efd3c.sol"},{"line":343,"column":13,"severity":"Error","message":"Explicitly mark all external contracts as trusted or untrusted","ruleId":"mark-callable-contracts","filePath":"Benchmarks/Study_SamplesSet/36a8d214d776783849bbd6c36d8efd3c.sol"},{"line":343,"column":19,"severity":"Error","message":"Explicitly mark all external contracts as trusted or untrusted","ruleId":"mark-callable-contracts","filePath":"Benchmarks/Study_SamplesSet/36a8d214d776783849bbd6c36d8efd3c.sol"},{"line":347,"column":13,"severity":"Error","message":"Explicitly mark all external contracts as trusted or untrusted","ruleId":"mark-callable-contracts","filePath":"Benchmarks/Study_SamplesSet/36a8d214d776783849bbd6c36d8efd3c.sol"},{"line":347,"column":19,"severity":"Error","message":"Explicitly mark all external contracts as trusted or untrusted","ruleId":"mark-callable-contracts","filePath":"Benchmarks/Study_SamplesSet/36a8d214d776783849bbd6c36d8efd3c.sol"},{"line":362,"column":18,"severity":"Error","message":"Explicitly mark all external contracts as trusted or untrusted","ruleId":"mark-callable-contracts","filePath":"Benchmarks/Study_SamplesSet/36a8d214d776783849bbd6c36d8efd3c.sol"},{"line":365,"column":5,"severity":"Warning","message":"Function name must be in mixedCase","ruleId":"func-name-mixedcase","fix":null,"filePath":"Benchmarks/Study_SamplesSet/36a8d214d776783849bbd6c36d8efd3c.sol"},{"line":365,"column":63,"severity":"Warning","message":"Visibility modifier must be first in list of modifiers","ruleId":"visibility-modifier-order","fix":null,"filePath":"Benchmarks/Study_SamplesSet/36a8d214d776783849bbd6c36d8efd3c.sol"},{"line":365,"column":81,"severity":"Warning","message":"Rule is set with explicit type [var/s: uint]","ruleId":"explicit-types","filePath":"Benchmarks/Study_SamplesSet/36a8d214d776783849bbd6c36d8efd3c.sol"},{"line":369,"column":5,"severity":"Warning","message":"Function name must be in mixedCase","ruleId":"func-name-mixedcase","fix":null,"filePath":"Benchmarks/Study_SamplesSet/36a8d214d776783849bbd6c36d8efd3c.sol"},{"line":369,"column":78,"severity":"Warning","message":"Visibility modifier must be first in list of modifiers","ruleId":"visibility-modifier-order","fix":null,"filePath":"Benchmarks/Study_SamplesSet/36a8d214d776783849bbd6c36d8efd3c.sol"},{"line":369,"column":51,"severity":"Warning","message":"Rule is set with explicit type [var/s: uint]","ruleId":"explicit-types","filePath":"Benchmarks/Study_SamplesSet/36a8d214d776783849bbd6c36d8efd3c.sol"},{"line":369,"column":96,"severity":"Warning","message":"Rule is set with explicit type [var/s: uint]","ruleId":"explicit-types","filePath":"Benchmarks/Study_SamplesSet/36a8d214d776783849bbd6c36d8efd3c.sol"},{"line":373,"column":5,"severity":"Warning","message":"Function name must be in mixedCase","ruleId":"func-name-mixedcase","fix":null,"filePath":"Benchmarks/Study_SamplesSet/36a8d214d776783849bbd6c36d8efd3c.sol"},{"line":373,"column":72,"severity":"Warning","message":"Visibility modifier must be first in list of modifiers","ruleId":"visibility-modifier-order","fix":null,"filePath":"Benchmarks/Study_SamplesSet/36a8d214d776783849bbd6c36d8efd3c.sol"},{"line":374,"column":9,"severity":"Warning","message":"Rule is set with explicit type [var/s: uint]","ruleId":"explicit-types","filePath":"Benchmarks/Study_SamplesSet/36a8d214d776783849bbd6c36d8efd3c.sol"},{"line":378,"column":5,"severity":"Warning","message":"Function name must be in mixedCase","ruleId":"func-name-mixedcase","fix":null,"filePath":"Benchmarks/Study_SamplesSet/36a8d214d776783849bbd6c36d8efd3c.sol"},{"line":378,"column":88,"severity":"Warning","message":"Visibility modifier must be first in list of modifiers","ruleId":"visibility-modifier-order","fix":null,"filePath":"Benchmarks/Study_SamplesSet/36a8d214d776783849bbd6c36d8efd3c.sol"},{"line":378,"column":29,"severity":"Warning","message":"Rule is set with explicit type [var/s: uint]","ruleId":"explicit-types","filePath":"Benchmarks/Study_SamplesSet/36a8d214d776783849bbd6c36d8efd3c.sol"},{"line":379,"column":9,"severity":"Warning","message":"Rule is set with explicit type [var/s: uint]","ruleId":"explicit-types","filePath":"Benchmarks/Study_SamplesSet/36a8d214d776783849bbd6c36d8efd3c.sol"},{"line":383,"column":5,"severity":"Warning","message":"Function name must be in mixedCase","ruleId":"func-name-mixedcase","fix":null,"filePath":"Benchmarks/Study_SamplesSet/36a8d214d776783849bbd6c36d8efd3c.sol"},{"line":383,"column":103,"severity":"Warning","message":"Visibility modifier must be first in list of modifiers","ruleId":"visibility-modifier-order","fix":null,"filePath":"Benchmarks/Study_SamplesSet/36a8d214d776783849bbd6c36d8efd3c.sol"},{"line":383,"column":29,"severity":"Warning","message":"Rule is set with explicit type [var/s: uint]","ruleId":"explicit-types","filePath":"Benchmarks/Study_SamplesSet/36a8d214d776783849bbd6c36d8efd3c.sol"},{"line":383,"column":76,"severity":"Warning","message":"Rule is set with explicit type [var/s: uint]","ruleId":"explicit-types","filePath":"Benchmarks/Study_SamplesSet/36a8d214d776783849bbd6c36d8efd3c.sol"},{"line":384,"column":9,"severity":"Warning","message":"Rule is set with explicit type [var/s: uint]","ruleId":"explicit-types","filePath":"Benchmarks/Study_SamplesSet/36a8d214d776783849bbd6c36d8efd3c.sol"},{"line":388,"column":5,"severity":"Warning","message":"Function name must be in mixedCase","ruleId":"func-name-mixedcase","fix":null,"filePath":"Benchmarks/Study_SamplesSet/36a8d214d776783849bbd6c36d8efd3c.sol"},{"line":388,"column":87,"severity":"Warning","message":"Visibility modifier must be first in list of modifiers","ruleId":"visibility-modifier-order","fix":null,"filePath":"Benchmarks/Study_SamplesSet/36a8d214d776783849bbd6c36d8efd3c.sol"},{"line":388,"column":60,"severity":"Warning","message":"Rule is set with explicit type [var/s: uint]","ruleId":"explicit-types","filePath":"Benchmarks/Study_SamplesSet/36a8d214d776783849bbd6c36d8efd3c.sol"},{"line":389,"column":9,"severity":"Warning","message":"Rule is set with explicit type [var/s: uint]","ruleId":"explicit-types","filePath":"Benchmarks/Study_SamplesSet/36a8d214d776783849bbd6c36d8efd3c.sol"},{"line":393,"column":5,"severity":"Warning","message":"Function name must be in mixedCase","ruleId":"func-name-mixedcase","fix":null,"filePath":"Benchmarks/Study_SamplesSet/36a8d214d776783849bbd6c36d8efd3c.sol"},{"line":393,"column":86,"severity":"Warning","message":"Visibility modifier must be first in list of modifiers","ruleId":"visibility-modifier-order","fix":null,"filePath":"Benchmarks/Study_SamplesSet/36a8d214d776783849bbd6c36d8efd3c.sol"},{"line":394,"column":9,"severity":"Warning","message":"Rule is set with explicit type [var/s: uint]","ruleId":"explicit-types","filePath":"Benchmarks/Study_SamplesSet/36a8d214d776783849bbd6c36d8efd3c.sol"},{"line":398,"column":5,"severity":"Warning","message":"Function name must be in mixedCase","ruleId":"func-name-mixedcase","fix":null,"filePath":"Benchmarks/Study_SamplesSet/36a8d214d776783849bbd6c36d8efd3c.sol"},{"line":398,"column":102,"severity":"Warning","message":"Visibility modifier must be first in list of modifiers","ruleId":"visibility-modifier-order","fix":null,"filePath":"Benchmarks/Study_SamplesSet/36a8d214d776783849bbd6c36d8efd3c.sol"},{"line":398,"column":29,"severity":"Warning","message":"Rule is set with explicit type [var/s: uint]","ruleId":"explicit-types","filePath":"Benchmarks/Study_SamplesSet/36a8d214d776783849bbd6c36d8efd3c.sol"},{"line":399,"column":9,"severity":"Warning","message":"Rule is set with explicit type [var/s: uint]","ruleId":"explicit-types","filePath":"Benchmarks/Study_SamplesSet/36a8d214d776783849bbd6c36d8efd3c.sol"},{"line":403,"column":5,"severity":"Warning","message":"Function name must be in mixedCase","ruleId":"func-name-mixedcase","fix":null,"filePath":"Benchmarks/Study_SamplesSet/36a8d214d776783849bbd6c36d8efd3c.sol"},{"line":403,"column":117,"severity":"Warning","message":"Visibility modifier must be first in list of modifiers","ruleId":"visibility-modifier-order","fix":null,"filePath":"Benchmarks/Study_SamplesSet/36a8d214d776783849bbd6c36d8efd3c.sol"},{"line":403,"column":29,"severity":"Warning","message":"Rule is set with explicit type [var/s: uint]","ruleId":"explicit-types","filePath":"Benchmarks/Study_SamplesSet/36a8d214d776783849bbd6c36d8efd3c.sol"},{"line":403,"column":90,"severity":"Warning","message":"Rule is set with explicit type [var/s: uint]","ruleId":"explicit-types","filePath":"Benchmarks/Study_SamplesSet/36a8d214d776783849bbd6c36d8efd3c.sol"},{"line":404,"column":9,"severity":"Warning","message":"Rule is set with explicit type [var/s: uint]","ruleId":"explicit-types","filePath":"Benchmarks/Study_SamplesSet/36a8d214d776783849bbd6c36d8efd3c.sol"},{"line":408,"column":5,"severity":"Warning","message":"Function name must be in mixedCase","ruleId":"func-name-mixedcase","fix":null,"filePath":"Benchmarks/Study_SamplesSet/36a8d214d776783849bbd6c36d8efd3c.sol"},{"line":408,"column":101,"severity":"Warning","message":"Visibility modifier must be first in list of modifiers","ruleId":"visibility-modifier-order","fix":null,"filePath":"Benchmarks/Study_SamplesSet/36a8d214d776783849bbd6c36d8efd3c.sol"},{"line":408,"column":74,"severity":"Warning","message":"Rule is set with explicit type [var/s: uint]","ruleId":"explicit-types","filePath":"Benchmarks/Study_SamplesSet/36a8d214d776783849bbd6c36d8efd3c.sol"},{"line":409,"column":9,"severity":"Warning","message":"Rule is set with explicit type [var/s: uint]","ruleId":"explicit-types","filePath":"Benchmarks/Study_SamplesSet/36a8d214d776783849bbd6c36d8efd3c.sol"},{"line":413,"column":5,"severity":"Warning","message":"Function name must be in mixedCase","ruleId":"func-name-mixedcase","fix":null,"filePath":"Benchmarks/Study_SamplesSet/36a8d214d776783849bbd6c36d8efd3c.sol"},{"line":413,"column":75,"severity":"Warning","message":"Visibility modifier must be first in list of modifiers","ruleId":"visibility-modifier-order","fix":null,"filePath":"Benchmarks/Study_SamplesSet/36a8d214d776783849bbd6c36d8efd3c.sol"},{"line":414,"column":9,"severity":"Warning","message":"Rule is set with explicit type [var/s: uint]","ruleId":"explicit-types","filePath":"Benchmarks/Study_SamplesSet/36a8d214d776783849bbd6c36d8efd3c.sol"},{"line":419,"column":5,"severity":"Warning","message":"Function name must be in mixedCase","ruleId":"func-name-mixedcase","fix":null,"filePath":"Benchmarks/Study_SamplesSet/36a8d214d776783849bbd6c36d8efd3c.sol"},{"line":419,"column":91,"severity":"Warning","message":"Visibility modifier must be first in list of modifiers","ruleId":"visibility-modifier-order","fix":null,"filePath":"Benchmarks/Study_SamplesSet/36a8d214d776783849bbd6c36d8efd3c.sol"},{"line":419,"column":29,"severity":"Warning","message":"Rule is set with explicit type [var/s: uint]","ruleId":"explicit-types","filePath":"Benchmarks/Study_SamplesSet/36a8d214d776783849bbd6c36d8efd3c.sol"},{"line":420,"column":9,"severity":"Warning","message":"Rule is set with explicit type [var/s: uint]","ruleId":"explicit-types","filePath":"Benchmarks/Study_SamplesSet/36a8d214d776783849bbd6c36d8efd3c.sol"},{"line":425,"column":5,"severity":"Warning","message":"Function name must be in mixedCase","ruleId":"func-name-mixedcase","fix":null,"filePath":"Benchmarks/Study_SamplesSet/36a8d214d776783849bbd6c36d8efd3c.sol"},{"line":425,"column":106,"severity":"Warning","message":"Visibility modifier must be first in list of modifiers","ruleId":"visibility-modifier-order","fix":null,"filePath":"Benchmarks/Study_SamplesSet/36a8d214d776783849bbd6c36d8efd3c.sol"},{"line":425,"column":29,"severity":"Warning","message":"Rule is set with explicit type [var/s: uint]","ruleId":"explicit-types","filePath":"Benchmarks/Study_SamplesSet/36a8d214d776783849bbd6c36d8efd3c.sol"},{"line":425,"column":79,"severity":"Warning","message":"Rule is set with explicit type [var/s: uint]","ruleId":"explicit-types","filePath":"Benchmarks/Study_SamplesSet/36a8d214d776783849bbd6c36d8efd3c.sol"},{"line":426,"column":9,"severity":"Warning","message":"Rule is set with explicit type [var/s: uint]","ruleId":"explicit-types","filePath":"Benchmarks/Study_SamplesSet/36a8d214d776783849bbd6c36d8efd3c.sol"},{"line":431,"column":5,"severity":"Warning","message":"Function name must be in mixedCase","ruleId":"func-name-mixedcase","fix":null,"filePath":"Benchmarks/Study_SamplesSet/36a8d214d776783849bbd6c36d8efd3c.sol"},{"line":431,"column":90,"severity":"Warning","message":"Visibility modifier must be first in list of modifiers","ruleId":"visibility-modifier-order","fix":null,"filePath":"Benchmarks/Study_SamplesSet/36a8d214d776783849bbd6c36d8efd3c.sol"},{"line":431,"column":63,"severity":"Warning","message":"Rule is set with explicit type [var/s: uint]","ruleId":"explicit-types","filePath":"Benchmarks/Study_SamplesSet/36a8d214d776783849bbd6c36d8efd3c.sol"},{"line":432,"column":9,"severity":"Warning","message":"Rule is set with explicit type [var/s: uint]","ruleId":"explicit-types","filePath":"Benchmarks/Study_SamplesSet/36a8d214d776783849bbd6c36d8efd3c.sol"},{"line":437,"column":5,"severity":"Warning","message":"Function name must be in mixedCase","ruleId":"func-name-mixedcase","fix":null,"filePath":"Benchmarks/Study_SamplesSet/36a8d214d776783849bbd6c36d8efd3c.sol"},{"line":437,"column":76,"severity":"Warning","message":"Visibility modifier must be first in list of modifiers","ruleId":"visibility-modifier-order","fix":null,"filePath":"Benchmarks/Study_SamplesSet/36a8d214d776783849bbd6c36d8efd3c.sol"},{"line":442,"column":5,"severity":"Warning","message":"Function name must be in mixedCase","ruleId":"func-name-mixedcase","fix":null,"filePath":"Benchmarks/Study_SamplesSet/36a8d214d776783849bbd6c36d8efd3c.sol"},{"line":442,"column":92,"severity":"Warning","message":"Visibility modifier must be first in list of modifiers","ruleId":"visibility-modifier-order","fix":null,"filePath":"Benchmarks/Study_SamplesSet/36a8d214d776783849bbd6c36d8efd3c.sol"},{"line":442,"column":29,"severity":"Warning","message":"Rule is set with explicit type [var/s: uint]","ruleId":"explicit-types","filePath":"Benchmarks/Study_SamplesSet/36a8d214d776783849bbd6c36d8efd3c.sol"},{"line":447,"column":5,"severity":"Warning","message":"Function name must be in mixedCase","ruleId":"func-name-mixedcase","fix":null,"filePath":"Benchmarks/Study_SamplesSet/36a8d214d776783849bbd6c36d8efd3c.sol"},{"line":447,"column":107,"severity":"Warning","message":"Visibility modifier must be first in list of modifiers","ruleId":"visibility-modifier-order","fix":null,"filePath":"Benchmarks/Study_SamplesSet/36a8d214d776783849bbd6c36d8efd3c.sol"},{"line":447,"column":29,"severity":"Warning","message":"Rule is set with explicit type [var/s: uint]","ruleId":"explicit-types","filePath":"Benchmarks/Study_SamplesSet/36a8d214d776783849bbd6c36d8efd3c.sol"},{"line":447,"column":80,"severity":"Warning","message":"Rule is set with explicit type [var/s: uint]","ruleId":"explicit-types","filePath":"Benchmarks/Study_SamplesSet/36a8d214d776783849bbd6c36d8efd3c.sol"},{"line":452,"column":5,"severity":"Warning","message":"Function name must be in mixedCase","ruleId":"func-name-mixedcase","fix":null,"filePath":"Benchmarks/Study_SamplesSet/36a8d214d776783849bbd6c36d8efd3c.sol"},{"line":452,"column":91,"severity":"Warning","message":"Visibility modifier must be first in list of modifiers","ruleId":"visibility-modifier-order","fix":null,"filePath":"Benchmarks/Study_SamplesSet/36a8d214d776783849bbd6c36d8efd3c.sol"},{"line":452,"column":64,"severity":"Warning","message":"Rule is set with explicit type [var/s: uint]","ruleId":"explicit-types","filePath":"Benchmarks/Study_SamplesSet/36a8d214d776783849bbd6c36d8efd3c.sol"},{"line":458,"column":5,"severity":"Warning","message":"Function name must be in mixedCase","ruleId":"func-name-mixedcase","fix":null,"filePath":"Benchmarks/Study_SamplesSet/36a8d214d776783849bbd6c36d8efd3c.sol"},{"line":458,"column":76,"severity":"Warning","message":"Visibility modifier must be first in list of modifiers","ruleId":"visibility-modifier-order","fix":null,"filePath":"Benchmarks/Study_SamplesSet/36a8d214d776783849bbd6c36d8efd3c.sol"},{"line":464,"column":5,"severity":"Warning","message":"Function name must be in mixedCase","ruleId":"func-name-mixedcase","fix":null,"filePath":"Benchmarks/Study_SamplesSet/36a8d214d776783849bbd6c36d8efd3c.sol"},{"line":464,"column":92,"severity":"Warning","message":"Visibility modifier must be first in list of modifiers","ruleId":"visibility-modifier-order","fix":null,"filePath":"Benchmarks/Study_SamplesSet/36a8d214d776783849bbd6c36d8efd3c.sol"},{"line":464,"column":29,"severity":"Warning","message":"Rule is set with explicit type [var/s: uint]","ruleId":"explicit-types","filePath":"Benchmarks/Study_SamplesSet/36a8d214d776783849bbd6c36d8efd3c.sol"},{"line":470,"column":5,"severity":"Warning","message":"Function name must be in mixedCase","ruleId":"func-name-mixedcase","fix":null,"filePath":"Benchmarks/Study_SamplesSet/36a8d214d776783849bbd6c36d8efd3c.sol"},{"line":470,"column":107,"severity":"Warning","message":"Visibility modifier must be first in list of modifiers","ruleId":"visibility-modifier-order","fix":null,"filePath":"Benchmarks/Study_SamplesSet/36a8d214d776783849bbd6c36d8efd3c.sol"},{"line":470,"column":29,"severity":"Warning","message":"Rule is set with explicit type [var/s: uint]","ruleId":"explicit-types","filePath":"Benchmarks/Study_SamplesSet/36a8d214d776783849bbd6c36d8efd3c.sol"},{"line":470,"column":80,"severity":"Warning","message":"Rule is set with explicit type [var/s: uint]","ruleId":"explicit-types","filePath":"Benchmarks/Study_SamplesSet/36a8d214d776783849bbd6c36d8efd3c.sol"},{"line":476,"column":5,"severity":"Warning","message":"Function name must be in mixedCase","ruleId":"func-name-mixedcase","fix":null,"filePath":"Benchmarks/Study_SamplesSet/36a8d214d776783849bbd6c36d8efd3c.sol"},{"line":476,"column":91,"severity":"Warning","message":"Visibility modifier must be first in list of modifiers","ruleId":"visibility-modifier-order","fix":null,"filePath":"Benchmarks/Study_SamplesSet/36a8d214d776783849bbd6c36d8efd3c.sol"},{"line":476,"column":64,"severity":"Warning","message":"Rule is set with explicit type [var/s: uint]","ruleId":"explicit-types","filePath":"Benchmarks/Study_SamplesSet/36a8d214d776783849bbd6c36d8efd3c.sol"},{"line":482,"column":5,"severity":"Warning","message":"Function name must be in mixedCase","ruleId":"func-name-mixedcase","fix":null,"filePath":"Benchmarks/Study_SamplesSet/36a8d214d776783849bbd6c36d8efd3c.sol"},{"line":482,"column":76,"severity":"Warning","message":"Visibility modifier must be first in list of modifiers","ruleId":"visibility-modifier-order","fix":null,"filePath":"Benchmarks/Study_SamplesSet/36a8d214d776783849bbd6c36d8efd3c.sol"},{"line":489,"column":5,"severity":"Warning","message":"Function name must be in mixedCase","ruleId":"func-name-mixedcase","fix":null,"filePath":"Benchmarks/Study_SamplesSet/36a8d214d776783849bbd6c36d8efd3c.sol"},{"line":489,"column":92,"severity":"Warning","message":"Visibility modifier must be first in list of modifiers","ruleId":"visibility-modifier-order","fix":null,"filePath":"Benchmarks/Study_SamplesSet/36a8d214d776783849bbd6c36d8efd3c.sol"},{"line":489,"column":29,"severity":"Warning","message":"Rule is set with explicit type [var/s: uint]","ruleId":"explicit-types","filePath":"Benchmarks/Study_SamplesSet/36a8d214d776783849bbd6c36d8efd3c.sol"},{"line":496,"column":5,"severity":"Warning","message":"Function name must be in mixedCase","ruleId":"func-name-mixedcase","fix":null,"filePath":"Benchmarks/Study_SamplesSet/36a8d214d776783849bbd6c36d8efd3c.sol"},{"line":496,"column":107,"severity":"Warning","message":"Visibility modifier must be first in list of modifiers","ruleId":"visibility-modifier-order","fix":null,"filePath":"Benchmarks/Study_SamplesSet/36a8d214d776783849bbd6c36d8efd3c.sol"},{"line":496,"column":29,"severity":"Warning","message":"Rule is set with explicit type [var/s: uint]","ruleId":"explicit-types","filePath":"Benchmarks/Study_SamplesSet/36a8d214d776783849bbd6c36d8efd3c.sol"},{"line":496,"column":80,"severity":"Warning","message":"Rule is set with explicit type [var/s: uint]","ruleId":"explicit-types","filePath":"Benchmarks/Study_SamplesSet/36a8d214d776783849bbd6c36d8efd3c.sol"},{"line":503,"column":5,"severity":"Warning","message":"Function name must be in mixedCase","ruleId":"func-name-mixedcase","fix":null,"filePath":"Benchmarks/Study_SamplesSet/36a8d214d776783849bbd6c36d8efd3c.sol"},{"line":503,"column":91,"severity":"Warning","message":"Visibility modifier must be first in list of modifiers","ruleId":"visibility-modifier-order","fix":null,"filePath":"Benchmarks/Study_SamplesSet/36a8d214d776783849bbd6c36d8efd3c.sol"},{"line":503,"column":64,"severity":"Warning","message":"Rule is set with explicit type [var/s: uint]","ruleId":"explicit-types","filePath":"Benchmarks/Study_SamplesSet/36a8d214d776783849bbd6c36d8efd3c.sol"},{"line":511,"column":5,"severity":"Warning","message":"Function name must be in mixedCase","ruleId":"func-name-mixedcase","fix":null,"filePath":"Benchmarks/Study_SamplesSet/36a8d214d776783849bbd6c36d8efd3c.sol"},{"line":511,"column":76,"severity":"Warning","message":"Visibility modifier must be first in list of modifiers","ruleId":"visibility-modifier-order","fix":null,"filePath":"Benchmarks/Study_SamplesSet/36a8d214d776783849bbd6c36d8efd3c.sol"},{"line":519,"column":5,"severity":"Warning","message":"Function name must be in mixedCase","ruleId":"func-name-mixedcase","fix":null,"filePath":"Benchmarks/Study_SamplesSet/36a8d214d776783849bbd6c36d8efd3c.sol"},{"line":519,"column":92,"severity":"Warning","message":"Visibility modifier must be first in list of modifiers","ruleId":"visibility-modifier-order","fix":null,"filePath":"Benchmarks/Study_SamplesSet/36a8d214d776783849bbd6c36d8efd3c.sol"},{"line":519,"column":29,"severity":"Warning","message":"Rule is set with explicit type [var/s: uint]","ruleId":"explicit-types","filePath":"Benchmarks/Study_SamplesSet/36a8d214d776783849bbd6c36d8efd3c.sol"},{"line":527,"column":5,"severity":"Warning","message":"Function name must be in mixedCase","ruleId":"func-name-mixedcase","fix":null,"filePath":"Benchmarks/Study_SamplesSet/36a8d214d776783849bbd6c36d8efd3c.sol"},{"line":527,"column":107,"severity":"Warning","message":"Visibility modifier must be first in list of modifiers","ruleId":"visibility-modifier-order","fix":null,"filePath":"Benchmarks/Study_SamplesSet/36a8d214d776783849bbd6c36d8efd3c.sol"},{"line":527,"column":29,"severity":"Warning","message":"Rule is set with explicit type [var/s: uint]","ruleId":"explicit-types","filePath":"Benchmarks/Study_SamplesSet/36a8d214d776783849bbd6c36d8efd3c.sol"},{"line":527,"column":80,"severity":"Warning","message":"Rule is set with explicit type [var/s: uint]","ruleId":"explicit-types","filePath":"Benchmarks/Study_SamplesSet/36a8d214d776783849bbd6c36d8efd3c.sol"},{"line":535,"column":5,"severity":"Warning","message":"Function name must be in mixedCase","ruleId":"func-name-mixedcase","fix":null,"filePath":"Benchmarks/Study_SamplesSet/36a8d214d776783849bbd6c36d8efd3c.sol"},{"line":535,"column":91,"severity":"Warning","message":"Visibility modifier must be first in list of modifiers","ruleId":"visibility-modifier-order","fix":null,"filePath":"Benchmarks/Study_SamplesSet/36a8d214d776783849bbd6c36d8efd3c.sol"},{"line":535,"column":64,"severity":"Warning","message":"Rule is set with explicit type [var/s: uint]","ruleId":"explicit-types","filePath":"Benchmarks/Study_SamplesSet/36a8d214d776783849bbd6c36d8efd3c.sol"},{"line":543,"column":5,"severity":"Warning","message":"Function name must be in mixedCase","ruleId":"func-name-mixedcase","fix":null,"filePath":"Benchmarks/Study_SamplesSet/36a8d214d776783849bbd6c36d8efd3c.sol"},{"line":543,"column":76,"severity":"Warning","message":"Visibility modifier must be first in list of modifiers","ruleId":"visibility-modifier-order","fix":null,"filePath":"Benchmarks/Study_SamplesSet/36a8d214d776783849bbd6c36d8efd3c.sol"},{"line":552,"column":5,"severity":"Warning","message":"Function name must be in mixedCase","ruleId":"func-name-mixedcase","fix":null,"filePath":"Benchmarks/Study_SamplesSet/36a8d214d776783849bbd6c36d8efd3c.sol"},{"line":552,"column":92,"severity":"Warning","message":"Visibility modifier must be first in list of modifiers","ruleId":"visibility-modifier-order","fix":null,"filePath":"Benchmarks/Study_SamplesSet/36a8d214d776783849bbd6c36d8efd3c.sol"},{"line":552,"column":29,"severity":"Warning","message":"Rule is set with explicit type [var/s: uint]","ruleId":"explicit-types","filePath":"Benchmarks/Study_SamplesSet/36a8d214d776783849bbd6c36d8efd3c.sol"},{"line":561,"column":5,"severity":"Warning","message":"Function name must be in mixedCase","ruleId":"func-name-mixedcase","fix":null,"filePath":"Benchmarks/Study_SamplesSet/36a8d214d776783849bbd6c36d8efd3c.sol"},{"line":561,"column":107,"severity":"Warning","message":"Visibility modifier must be first in list of modifiers","ruleId":"visibility-modifier-order","fix":null,"filePath":"Benchmarks/Study_SamplesSet/36a8d214d776783849bbd6c36d8efd3c.sol"},{"line":561,"column":29,"severity":"Warning","message":"Rule is set with explicit type [var/s: uint]","ruleId":"explicit-types","filePath":"Benchmarks/Study_SamplesSet/36a8d214d776783849bbd6c36d8efd3c.sol"},{"line":561,"column":80,"severity":"Warning","message":"Rule is set with explicit type [var/s: uint]","ruleId":"explicit-types","filePath":"Benchmarks/Study_SamplesSet/36a8d214d776783849bbd6c36d8efd3c.sol"},{"line":570,"column":5,"severity":"Warning","message":"Function name must be in mixedCase","ruleId":"func-name-mixedcase","fix":null,"filePath":"Benchmarks/Study_SamplesSet/36a8d214d776783849bbd6c36d8efd3c.sol"},{"line":570,"column":91,"severity":"Warning","message":"Visibility modifier must be first in list of modifiers","ruleId":"visibility-modifier-order","fix":null,"filePath":"Benchmarks/Study_SamplesSet/36a8d214d776783849bbd6c36d8efd3c.sol"},{"line":570,"column":64,"severity":"Warning","message":"Rule is set with explicit type [var/s: uint]","ruleId":"explicit-types","filePath":"Benchmarks/Study_SamplesSet/36a8d214d776783849bbd6c36d8efd3c.sol"},{"line":579,"column":5,"severity":"Warning","message":"Function name must be in mixedCase","ruleId":"func-name-mixedcase","fix":null,"filePath":"Benchmarks/Study_SamplesSet/36a8d214d776783849bbd6c36d8efd3c.sol"},{"line":579,"column":74,"severity":"Warning","message":"Visibility modifier must be first in list of modifiers","ruleId":"visibility-modifier-order","fix":null,"filePath":"Benchmarks/Study_SamplesSet/36a8d214d776783849bbd6c36d8efd3c.sol"},{"line":580,"column":9,"severity":"Warning","message":"Rule is set with explicit type [var/s: uint]","ruleId":"explicit-types","filePath":"Benchmarks/Study_SamplesSet/36a8d214d776783849bbd6c36d8efd3c.sol"},{"line":585,"column":5,"severity":"Warning","message":"Function name must be in mixedCase","ruleId":"func-name-mixedcase","fix":null,"filePath":"Benchmarks/Study_SamplesSet/36a8d214d776783849bbd6c36d8efd3c.sol"},{"line":585,"column":90,"severity":"Warning","message":"Visibility modifier must be first in list of modifiers","ruleId":"visibility-modifier-order","fix":null,"filePath":"Benchmarks/Study_SamplesSet/36a8d214d776783849bbd6c36d8efd3c.sol"},{"line":585,"column":29,"severity":"Warning","message":"Rule is set with explicit type [var/s: uint]","ruleId":"explicit-types","filePath":"Benchmarks/Study_SamplesSet/36a8d214d776783849bbd6c36d8efd3c.sol"},{"line":586,"column":9,"severity":"Warning","message":"Rule is set with explicit type [var/s: uint]","ruleId":"explicit-types","filePath":"Benchmarks/Study_SamplesSet/36a8d214d776783849bbd6c36d8efd3c.sol"},{"line":591,"column":5,"severity":"Warning","message":"Function name must be in mixedCase","ruleId":"func-name-mixedcase","fix":null,"filePath":"Benchmarks/Study_SamplesSet/36a8d214d776783849bbd6c36d8efd3c.sol"},{"line":591,"column":105,"severity":"Warning","message":"Visibility modifier must be first in list of modifiers","ruleId":"visibility-modifier-order","fix":null,"filePath":"Benchmarks/Study_SamplesSet/36a8d214d776783849bbd6c36d8efd3c.sol"},{"line":591,"column":29,"severity":"Warning","message":"Rule is set with explicit type [var/s: uint]","ruleId":"explicit-types","filePath":"Benchmarks/Study_SamplesSet/36a8d214d776783849bbd6c36d8efd3c.sol"},{"line":591,"column":78,"severity":"Warning","message":"Rule is set with explicit type [var/s: uint]","ruleId":"explicit-types","filePath":"Benchmarks/Study_SamplesSet/36a8d214d776783849bbd6c36d8efd3c.sol"},{"line":592,"column":9,"severity":"Warning","message":"Rule is set with explicit type [var/s: uint]","ruleId":"explicit-types","filePath":"Benchmarks/Study_SamplesSet/36a8d214d776783849bbd6c36d8efd3c.sol"},{"line":597,"column":5,"severity":"Warning","message":"Function name must be in mixedCase","ruleId":"func-name-mixedcase","fix":null,"filePath":"Benchmarks/Study_SamplesSet/36a8d214d776783849bbd6c36d8efd3c.sol"},{"line":597,"column":89,"severity":"Warning","message":"Visibility modifier must be first in list of modifiers","ruleId":"visibility-modifier-order","fix":null,"filePath":"Benchmarks/Study_SamplesSet/36a8d214d776783849bbd6c36d8efd3c.sol"},{"line":597,"column":62,"severity":"Warning","message":"Rule is set with explicit type [var/s: uint]","ruleId":"explicit-types","filePath":"Benchmarks/Study_SamplesSet/36a8d214d776783849bbd6c36d8efd3c.sol"},{"line":598,"column":9,"severity":"Warning","message":"Rule is set with explicit type [var/s: uint]","ruleId":"explicit-types","filePath":"Benchmarks/Study_SamplesSet/36a8d214d776783849bbd6c36d8efd3c.sol"},{"line":603,"column":5,"severity":"Warning","message":"Function name must be in mixedCase","ruleId":"func-name-mixedcase","fix":null,"filePath":"Benchmarks/Study_SamplesSet/36a8d214d776783849bbd6c36d8efd3c.sol"},{"line":603,"column":75,"severity":"Warning","message":"Visibility modifier must be first in list of modifiers","ruleId":"visibility-modifier-order","fix":null,"filePath":"Benchmarks/Study_SamplesSet/36a8d214d776783849bbd6c36d8efd3c.sol"},{"line":608,"column":5,"severity":"Warning","message":"Function name must be in mixedCase","ruleId":"func-name-mixedcase","fix":null,"filePath":"Benchmarks/Study_SamplesSet/36a8d214d776783849bbd6c36d8efd3c.sol"},{"line":608,"column":91,"severity":"Warning","message":"Visibility modifier must be first in list of modifiers","ruleId":"visibility-modifier-order","fix":null,"filePath":"Benchmarks/Study_SamplesSet/36a8d214d776783849bbd6c36d8efd3c.sol"},{"line":608,"column":29,"severity":"Warning","message":"Rule is set with explicit type [var/s: uint]","ruleId":"explicit-types","filePath":"Benchmarks/Study_SamplesSet/36a8d214d776783849bbd6c36d8efd3c.sol"},{"line":613,"column":5,"severity":"Warning","message":"Function name must be in mixedCase","ruleId":"func-name-mixedcase","fix":null,"filePath":"Benchmarks/Study_SamplesSet/36a8d214d776783849bbd6c36d8efd3c.sol"},{"line":613,"column":106,"severity":"Warning","message":"Visibility modifier must be first in list of modifiers","ruleId":"visibility-modifier-order","fix":null,"filePath":"Benchmarks/Study_SamplesSet/36a8d214d776783849bbd6c36d8efd3c.sol"},{"line":613,"column":29,"severity":"Warning","message":"Rule is set with explicit type [var/s: uint]","ruleId":"explicit-types","filePath":"Benchmarks/Study_SamplesSet/36a8d214d776783849bbd6c36d8efd3c.sol"},{"line":613,"column":79,"severity":"Warning","message":"Rule is set with explicit type [var/s: uint]","ruleId":"explicit-types","filePath":"Benchmarks/Study_SamplesSet/36a8d214d776783849bbd6c36d8efd3c.sol"},{"line":618,"column":5,"severity":"Warning","message":"Function name must be in mixedCase","ruleId":"func-name-mixedcase","fix":null,"filePath":"Benchmarks/Study_SamplesSet/36a8d214d776783849bbd6c36d8efd3c.sol"},{"line":618,"column":90,"severity":"Warning","message":"Visibility modifier must be first in list of modifiers","ruleId":"visibility-modifier-order","fix":null,"filePath":"Benchmarks/Study_SamplesSet/36a8d214d776783849bbd6c36d8efd3c.sol"},{"line":618,"column":63,"severity":"Warning","message":"Rule is set with explicit type [var/s: uint]","ruleId":"explicit-types","filePath":"Benchmarks/Study_SamplesSet/36a8d214d776783849bbd6c36d8efd3c.sol"},{"line":624,"column":5,"severity":"Warning","message":"Function name must be in mixedCase","ruleId":"func-name-mixedcase","fix":null,"filePath":"Benchmarks/Study_SamplesSet/36a8d214d776783849bbd6c36d8efd3c.sol"},{"line":624,"column":75,"severity":"Warning","message":"Visibility modifier must be first in list of modifiers","ruleId":"visibility-modifier-order","fix":null,"filePath":"Benchmarks/Study_SamplesSet/36a8d214d776783849bbd6c36d8efd3c.sol"},{"line":630,"column":5,"severity":"Warning","message":"Function name must be in mixedCase","ruleId":"func-name-mixedcase","fix":null,"filePath":"Benchmarks/Study_SamplesSet/36a8d214d776783849bbd6c36d8efd3c.sol"},{"line":630,"column":91,"severity":"Warning","message":"Visibility modifier must be first in list of modifiers","ruleId":"visibility-modifier-order","fix":null,"filePath":"Benchmarks/Study_SamplesSet/36a8d214d776783849bbd6c36d8efd3c.sol"},{"line":630,"column":29,"severity":"Warning","message":"Rule is set with explicit type [var/s: uint]","ruleId":"explicit-types","filePath":"Benchmarks/Study_SamplesSet/36a8d214d776783849bbd6c36d8efd3c.sol"},{"line":636,"column":5,"severity":"Warning","message":"Function name must be in mixedCase","ruleId":"func-name-mixedcase","fix":null,"filePath":"Benchmarks/Study_SamplesSet/36a8d214d776783849bbd6c36d8efd3c.sol"},{"line":636,"column":106,"severity":"Warning","message":"Visibility modifier must be first in list of modifiers","ruleId":"visibility-modifier-order","fix":null,"filePath":"Benchmarks/Study_SamplesSet/36a8d214d776783849bbd6c36d8efd3c.sol"},{"line":636,"column":29,"severity":"Warning","message":"Rule is set with explicit type [var/s: uint]","ruleId":"explicit-types","filePath":"Benchmarks/Study_SamplesSet/36a8d214d776783849bbd6c36d8efd3c.sol"},{"line":636,"column":79,"severity":"Warning","message":"Rule is set with explicit type [var/s: uint]","ruleId":"explicit-types","filePath":"Benchmarks/Study_SamplesSet/36a8d214d776783849bbd6c36d8efd3c.sol"},{"line":642,"column":5,"severity":"Warning","message":"Function name must be in mixedCase","ruleId":"func-name-mixedcase","fix":null,"filePath":"Benchmarks/Study_SamplesSet/36a8d214d776783849bbd6c36d8efd3c.sol"},{"line":642,"column":90,"severity":"Warning","message":"Visibility modifier must be first in list of modifiers","ruleId":"visibility-modifier-order","fix":null,"filePath":"Benchmarks/Study_SamplesSet/36a8d214d776783849bbd6c36d8efd3c.sol"},{"line":642,"column":63,"severity":"Warning","message":"Rule is set with explicit type [var/s: uint]","ruleId":"explicit-types","filePath":"Benchmarks/Study_SamplesSet/36a8d214d776783849bbd6c36d8efd3c.sol"},{"line":648,"column":5,"severity":"Warning","message":"Function name must be in mixedCase","ruleId":"func-name-mixedcase","fix":null,"filePath":"Benchmarks/Study_SamplesSet/36a8d214d776783849bbd6c36d8efd3c.sol"},{"line":648,"column":75,"severity":"Warning","message":"Visibility modifier must be first in list of modifiers","ruleId":"visibility-modifier-order","fix":null,"filePath":"Benchmarks/Study_SamplesSet/36a8d214d776783849bbd6c36d8efd3c.sol"},{"line":655,"column":5,"severity":"Warning","message":"Function name must be in mixedCase","ruleId":"func-name-mixedcase","fix":null,"filePath":"Benchmarks/Study_SamplesSet/36a8d214d776783849bbd6c36d8efd3c.sol"},{"line":655,"column":91,"severity":"Warning","message":"Visibility modifier must be first in list of modifiers","ruleId":"visibility-modifier-order","fix":null,"filePath":"Benchmarks/Study_SamplesSet/36a8d214d776783849bbd6c36d8efd3c.sol"},{"line":655,"column":29,"severity":"Warning","message":"Rule is set with explicit type [var/s: uint]","ruleId":"explicit-types","filePath":"Benchmarks/Study_SamplesSet/36a8d214d776783849bbd6c36d8efd3c.sol"},{"line":662,"column":5,"severity":"Warning","message":"Function name must be in mixedCase","ruleId":"func-name-mixedcase","fix":null,"filePath":"Benchmarks/Study_SamplesSet/36a8d214d776783849bbd6c36d8efd3c.sol"},{"line":662,"column":106,"severity":"Warning","message":"Visibility modifier must be first in list of modifiers","ruleId":"visibility-modifier-order","fix":null,"filePath":"Benchmarks/Study_SamplesSet/36a8d214d776783849bbd6c36d8efd3c.sol"},{"line":662,"column":29,"severity":"Warning","message":"Rule is set with explicit type [var/s: uint]","ruleId":"explicit-types","filePath":"Benchmarks/Study_SamplesSet/36a8d214d776783849bbd6c36d8efd3c.sol"},{"line":662,"column":79,"severity":"Warning","message":"Rule is set with explicit type [var/s: uint]","ruleId":"explicit-types","filePath":"Benchmarks/Study_SamplesSet/36a8d214d776783849bbd6c36d8efd3c.sol"},{"line":669,"column":5,"severity":"Warning","message":"Function name must be in mixedCase","ruleId":"func-name-mixedcase","fix":null,"filePath":"Benchmarks/Study_SamplesSet/36a8d214d776783849bbd6c36d8efd3c.sol"},{"line":669,"column":90,"severity":"Warning","message":"Visibility modifier must be first in list of modifiers","ruleId":"visibility-modifier-order","fix":null,"filePath":"Benchmarks/Study_SamplesSet/36a8d214d776783849bbd6c36d8efd3c.sol"},{"line":669,"column":63,"severity":"Warning","message":"Rule is set with explicit type [var/s: uint]","ruleId":"explicit-types","filePath":"Benchmarks/Study_SamplesSet/36a8d214d776783849bbd6c36d8efd3c.sol"},{"line":677,"column":5,"severity":"Warning","message":"Function name must be in mixedCase","ruleId":"func-name-mixedcase","fix":null,"filePath":"Benchmarks/Study_SamplesSet/36a8d214d776783849bbd6c36d8efd3c.sol"},{"line":677,"column":75,"severity":"Warning","message":"Visibility modifier must be first in list of modifiers","ruleId":"visibility-modifier-order","fix":null,"filePath":"Benchmarks/Study_SamplesSet/36a8d214d776783849bbd6c36d8efd3c.sol"},{"line":685,"column":5,"severity":"Warning","message":"Function name must be in mixedCase","ruleId":"func-name-mixedcase","fix":null,"filePath":"Benchmarks/Study_SamplesSet/36a8d214d776783849bbd6c36d8efd3c.sol"},{"line":685,"column":91,"severity":"Warning","message":"Visibility modifier must be first in list of modifiers","ruleId":"visibility-modifier-order","fix":null,"filePath":"Benchmarks/Study_SamplesSet/36a8d214d776783849bbd6c36d8efd3c.sol"},{"line":685,"column":29,"severity":"Warning","message":"Rule is set with explicit type [var/s: uint]","ruleId":"explicit-types","filePath":"Benchmarks/Study_SamplesSet/36a8d214d776783849bbd6c36d8efd3c.sol"},{"line":693,"column":5,"severity":"Warning","message":"Function name must be in mixedCase","ruleId":"func-name-mixedcase","fix":null,"filePath":"Benchmarks/Study_SamplesSet/36a8d214d776783849bbd6c36d8efd3c.sol"},{"line":693,"column":106,"severity":"Warning","message":"Visibility modifier must be first in list of modifiers","ruleId":"visibility-modifier-order","fix":null,"filePath":"Benchmarks/Study_SamplesSet/36a8d214d776783849bbd6c36d8efd3c.sol"},{"line":693,"column":29,"severity":"Warning","message":"Rule is set with explicit type [var/s: uint]","ruleId":"explicit-types","filePath":"Benchmarks/Study_SamplesSet/36a8d214d776783849bbd6c36d8efd3c.sol"},{"line":693,"column":79,"severity":"Warning","message":"Rule is set with explicit type [var/s: uint]","ruleId":"explicit-types","filePath":"Benchmarks/Study_SamplesSet/36a8d214d776783849bbd6c36d8efd3c.sol"},{"line":701,"column":5,"severity":"Warning","message":"Function name must be in mixedCase","ruleId":"func-name-mixedcase","fix":null,"filePath":"Benchmarks/Study_SamplesSet/36a8d214d776783849bbd6c36d8efd3c.sol"},{"line":701,"column":90,"severity":"Warning","message":"Visibility modifier must be first in list of modifiers","ruleId":"visibility-modifier-order","fix":null,"filePath":"Benchmarks/Study_SamplesSet/36a8d214d776783849bbd6c36d8efd3c.sol"},{"line":701,"column":63,"severity":"Warning","message":"Rule is set with explicit type [var/s: uint]","ruleId":"explicit-types","filePath":"Benchmarks/Study_SamplesSet/36a8d214d776783849bbd6c36d8efd3c.sol"},{"line":709,"column":5,"severity":"Warning","message":"Function name must be in mixedCase","ruleId":"func-name-mixedcase","fix":null,"filePath":"Benchmarks/Study_SamplesSet/36a8d214d776783849bbd6c36d8efd3c.sol"},{"line":709,"column":75,"severity":"Warning","message":"Visibility modifier must be first in list of modifiers","ruleId":"visibility-modifier-order","fix":null,"filePath":"Benchmarks/Study_SamplesSet/36a8d214d776783849bbd6c36d8efd3c.sol"},{"line":718,"column":5,"severity":"Warning","message":"Function name must be in mixedCase","ruleId":"func-name-mixedcase","fix":null,"filePath":"Benchmarks/Study_SamplesSet/36a8d214d776783849bbd6c36d8efd3c.sol"},{"line":718,"column":91,"severity":"Warning","message":"Visibility modifier must be first in list of modifiers","ruleId":"visibility-modifier-order","fix":null,"filePath":"Benchmarks/Study_SamplesSet/36a8d214d776783849bbd6c36d8efd3c.sol"},{"line":718,"column":29,"severity":"Warning","message":"Rule is set with explicit type [var/s: uint]","ruleId":"explicit-types","filePath":"Benchmarks/Study_SamplesSet/36a8d214d776783849bbd6c36d8efd3c.sol"},{"line":727,"column":5,"severity":"Warning","message":"Function name must be in mixedCase","ruleId":"func-name-mixedcase","fix":null,"filePath":"Benchmarks/Study_SamplesSet/36a8d214d776783849bbd6c36d8efd3c.sol"},{"line":727,"column":106,"severity":"Warning","message":"Visibility modifier must be first in list of modifiers","ruleId":"visibility-modifier-order","fix":null,"filePath":"Benchmarks/Study_SamplesSet/36a8d214d776783849bbd6c36d8efd3c.sol"},{"line":727,"column":29,"severity":"Warning","message":"Rule is set with explicit type [var/s: uint]","ruleId":"explicit-types","filePath":"Benchmarks/Study_SamplesSet/36a8d214d776783849bbd6c36d8efd3c.sol"},{"line":727,"column":79,"severity":"Warning","message":"Rule is set with explicit type [var/s: uint]","ruleId":"explicit-types","filePath":"Benchmarks/Study_SamplesSet/36a8d214d776783849bbd6c36d8efd3c.sol"},{"line":736,"column":5,"severity":"Warning","message":"Function name must be in mixedCase","ruleId":"func-name-mixedcase","fix":null,"filePath":"Benchmarks/Study_SamplesSet/36a8d214d776783849bbd6c36d8efd3c.sol"},{"line":736,"column":90,"severity":"Warning","message":"Visibility modifier must be first in list of modifiers","ruleId":"visibility-modifier-order","fix":null,"filePath":"Benchmarks/Study_SamplesSet/36a8d214d776783849bbd6c36d8efd3c.sol"},{"line":736,"column":63,"severity":"Warning","message":"Rule is set with explicit type [var/s: uint]","ruleId":"explicit-types","filePath":"Benchmarks/Study_SamplesSet/36a8d214d776783849bbd6c36d8efd3c.sol"},{"line":746,"column":5,"severity":"Warning","message":"Function name must be in mixedCase","ruleId":"func-name-mixedcase","fix":null,"filePath":"Benchmarks/Study_SamplesSet/36a8d214d776783849bbd6c36d8efd3c.sol"},{"line":746,"column":47,"severity":"Warning","message":"Visibility modifier must be first in list of modifiers","ruleId":"visibility-modifier-order","fix":null,"filePath":"Benchmarks/Study_SamplesSet/36a8d214d776783849bbd6c36d8efd3c.sol"},{"line":749,"column":5,"severity":"Warning","message":"Function name must be in mixedCase","ruleId":"func-name-mixedcase","fix":null,"filePath":"Benchmarks/Study_SamplesSet/36a8d214d776783849bbd6c36d8efd3c.sol"},{"line":749,"column":57,"severity":"Warning","message":"Visibility modifier must be first in list of modifiers","ruleId":"visibility-modifier-order","fix":null,"filePath":"Benchmarks/Study_SamplesSet/36a8d214d776783849bbd6c36d8efd3c.sol"},{"line":752,"column":5,"severity":"Warning","message":"Function name must be in mixedCase","ruleId":"func-name-mixedcase","fix":null,"filePath":"Benchmarks/Study_SamplesSet/36a8d214d776783849bbd6c36d8efd3c.sol"},{"line":752,"column":68,"severity":"Warning","message":"Visibility modifier must be first in list of modifiers","ruleId":"visibility-modifier-order","fix":null,"filePath":"Benchmarks/Study_SamplesSet/36a8d214d776783849bbd6c36d8efd3c.sol"},{"line":752,"column":41,"severity":"Warning","message":"Rule is set with explicit type [var/s: uint]","ruleId":"explicit-types","filePath":"Benchmarks/Study_SamplesSet/36a8d214d776783849bbd6c36d8efd3c.sol"},{"line":756,"column":5,"severity":"Warning","message":"Function name must be in mixedCase","ruleId":"func-name-mixedcase","fix":null,"filePath":"Benchmarks/Study_SamplesSet/36a8d214d776783849bbd6c36d8efd3c.sol"},{"line":756,"column":67,"severity":"Warning","message":"Visibility modifier must be first in list of modifiers","ruleId":"visibility-modifier-order","fix":null,"filePath":"Benchmarks/Study_SamplesSet/36a8d214d776783849bbd6c36d8efd3c.sol"},{"line":760,"column":46,"severity":"Warning","message":"Visibility modifier must be first in list of modifiers","ruleId":"visibility-modifier-order","fix":null,"filePath":"Benchmarks/Study_SamplesSet/36a8d214d776783849bbd6c36d8efd3c.sol"},{"line":760,"column":63,"severity":"Warning","message":"Rule is set with explicit type [var/s: uint]","ruleId":"explicit-types","filePath":"Benchmarks/Study_SamplesSet/36a8d214d776783849bbd6c36d8efd3c.sol"},{"line":761,"column":9,"severity":"Error","message":"Avoid to use inline assembly. It is acceptable only in rare cases","ruleId":"no-inline-assembly","fix":null,"filePath":"Benchmarks/Study_SamplesSet/36a8d214d776783849bbd6c36d8efd3c.sol"},{"line":771,"column":14,"severity":"Warning","message":"Rule is set with explicit type [var/s: uint]","ruleId":"explicit-types","filePath":"Benchmarks/Study_SamplesSet/36a8d214d776783849bbd6c36d8efd3c.sol"},{"line":786,"column":70,"severity":"Warning","message":"Rule is set with explicit type [var/s: int]","ruleId":"explicit-types","filePath":"Benchmarks/Study_SamplesSet/36a8d214d776783849bbd6c36d8efd3c.sol"},{"line":789,"column":9,"severity":"Warning","message":"Rule is set with explicit type [var/s: uint]","ruleId":"explicit-types","filePath":"Benchmarks/Study_SamplesSet/36a8d214d776783849bbd6c36d8efd3c.sol"},{"line":791,"column":14,"severity":"Warning","message":"Rule is set with explicit type [var/s: uint]","ruleId":"explicit-types","filePath":"Benchmarks/Study_SamplesSet/36a8d214d776783849bbd6c36d8efd3c.sol"},{"line":804,"column":79,"severity":"Warning","message":"Rule is set with explicit type [var/s: int]","ruleId":"explicit-types","filePath":"Benchmarks/Study_SamplesSet/36a8d214d776783849bbd6c36d8efd3c.sol"},{"line":813,"column":13,"severity":"Warning","message":"Rule is set with explicit type [var/s: uint]","ruleId":"explicit-types","filePath":"Benchmarks/Study_SamplesSet/36a8d214d776783849bbd6c36d8efd3c.sol"},{"line":814,"column":18,"severity":"Warning","message":"Rule is set with explicit type [var/s: uint]","ruleId":"explicit-types","filePath":"Benchmarks/Study_SamplesSet/36a8d214d776783849bbd6c36d8efd3c.sol"},{"line":839,"column":9,"severity":"Warning","message":"Rule is set with explicit type [var/s: uint]","ruleId":"explicit-types","filePath":"Benchmarks/Study_SamplesSet/36a8d214d776783849bbd6c36d8efd3c.sol"},{"line":840,"column":14,"severity":"Warning","message":"Rule is set with explicit type [var/s: uint]","ruleId":"explicit-types","filePath":"Benchmarks/Study_SamplesSet/36a8d214d776783849bbd6c36d8efd3c.sol"},{"line":861,"column":57,"severity":"Warning","message":"Rule is set with explicit type [var/s: uint]","ruleId":"explicit-types","filePath":"Benchmarks/Study_SamplesSet/36a8d214d776783849bbd6c36d8efd3c.sol"},{"line":866,"column":34,"severity":"Warning","message":"Rule is set with explicit type [var/s: uint]","ruleId":"explicit-types","filePath":"Benchmarks/Study_SamplesSet/36a8d214d776783849bbd6c36d8efd3c.sol"},{"line":866,"column":66,"severity":"Warning","message":"Rule is set with explicit type [var/s: uint]","ruleId":"explicit-types","filePath":"Benchmarks/Study_SamplesSet/36a8d214d776783849bbd6c36d8efd3c.sol"},{"line":868,"column":9,"severity":"Warning","message":"Rule is set with explicit type [var/s: uint]","ruleId":"explicit-types","filePath":"Benchmarks/Study_SamplesSet/36a8d214d776783849bbd6c36d8efd3c.sol"},{"line":870,"column":14,"severity":"Warning","message":"Rule is set with explicit type [var/s: uint]","ruleId":"explicit-types","filePath":"Benchmarks/Study_SamplesSet/36a8d214d776783849bbd6c36d8efd3c.sol"},{"line":877,"column":17,"severity":"Warning","message":"Rule is set with explicit type [var/s: uint]","ruleId":"explicit-types","filePath":"Benchmarks/Study_SamplesSet/36a8d214d776783849bbd6c36d8efd3c.sol"},{"line":884,"column":23,"severity":"Warning","message":"Rule is set with explicit type [var/s: uint]","ruleId":"explicit-types","filePath":"Benchmarks/Study_SamplesSet/36a8d214d776783849bbd6c36d8efd3c.sol"},{"line":886,"column":9,"severity":"Warning","message":"Rule is set with explicit type [var/s: uint]","ruleId":"explicit-types","filePath":"Benchmarks/Study_SamplesSet/36a8d214d776783849bbd6c36d8efd3c.sol"},{"line":887,"column":9,"severity":"Warning","message":"Rule is set with explicit type [var/s: uint]","ruleId":"explicit-types","filePath":"Benchmarks/Study_SamplesSet/36a8d214d776783849bbd6c36d8efd3c.sol"},{"line":893,"column":9,"severity":"Warning","message":"Rule is set with explicit type [var/s: uint]","ruleId":"explicit-types","filePath":"Benchmarks/Study_SamplesSet/36a8d214d776783849bbd6c36d8efd3c.sol"},{"line":905,"column":9,"severity":"Error","message":"Explicitly mark all external contracts as trusted or untrusted","ruleId":"mark-callable-contracts","filePath":"Benchmarks/Study_SamplesSet/36a8d214d776783849bbd6c36d8efd3c.sol"},{"line":907,"column":14,"severity":"Warning","message":"Rule is set with explicit type [var/s: uint]","ruleId":"explicit-types","filePath":"Benchmarks/Study_SamplesSet/36a8d214d776783849bbd6c36d8efd3c.sol"},{"line":917,"column":9,"severity":"Error","message":"Explicitly mark all external contracts as trusted or untrusted","ruleId":"mark-callable-contracts","filePath":"Benchmarks/Study_SamplesSet/36a8d214d776783849bbd6c36d8efd3c.sol"},{"line":919,"column":14,"severity":"Warning","message":"Rule is set with explicit type [var/s: uint]","ruleId":"explicit-types","filePath":"Benchmarks/Study_SamplesSet/36a8d214d776783849bbd6c36d8efd3c.sol"},{"line":926,"column":5,"severity":"Error","message":"Explicitly mark visibility of state","ruleId":"state-visibility","fix":null,"filePath":"Benchmarks/Study_SamplesSet/36a8d214d776783849bbd6c36d8efd3c.sol"},{"line":926,"column":5,"severity":"Warning","message":"Variable name must be in mixedCase","ruleId":"var-name-mixedcase","fix":null,"filePath":"Benchmarks/Study_SamplesSet/36a8d214d776783849bbd6c36d8efd3c.sol"},{"line":927,"column":5,"severity":"Warning","message":"Function name must be in mixedCase","ruleId":"func-name-mixedcase","fix":null,"filePath":"Benchmarks/Study_SamplesSet/36a8d214d776783849bbd6c36d8efd3c.sol"},{"line":927,"column":38,"severity":"Warning","message":"Variable name must be in mixedCase","ruleId":"var-name-mixedcase","fix":null,"filePath":"Benchmarks/Study_SamplesSet/36a8d214d776783849bbd6c36d8efd3c.sol"},{"line":931,"column":5,"severity":"Warning","message":"Function name must be in mixedCase","ruleId":"func-name-mixedcase","fix":null,"filePath":"Benchmarks/Study_SamplesSet/36a8d214d776783849bbd6c36d8efd3c.sol"},{"line":935,"column":5,"severity":"Warning","message":"Function name must be in mixedCase","ruleId":"func-name-mixedcase","fix":null,"filePath":"Benchmarks/Study_SamplesSet/36a8d214d776783849bbd6c36d8efd3c.sol"},{"line":935,"column":40,"severity":"Warning","message":"Rule is set with explicit type [var/s: uint]","ruleId":"explicit-types","filePath":"Benchmarks/Study_SamplesSet/36a8d214d776783849bbd6c36d8efd3c.sol"},{"line":935,"column":53,"severity":"Warning","message":"Rule is set with explicit type [var/s: uint]","ruleId":"explicit-types","filePath":"Benchmarks/Study_SamplesSet/36a8d214d776783849bbd6c36d8efd3c.sol"},{"line":935,"column":67,"severity":"Warning","message":"Rule is set with explicit type [var/s: uint]","ruleId":"explicit-types","filePath":"Benchmarks/Study_SamplesSet/36a8d214d776783849bbd6c36d8efd3c.sol"},{"line":936,"column":9,"severity":"Warning","message":"Provide an error message for require","ruleId":"reason-string","fix":null,"filePath":"Benchmarks/Study_SamplesSet/36a8d214d776783849bbd6c36d8efd3c.sol"},{"line":936,"column":9,"severity":"Warning","message":"Use Custom Errors instead of require statements","ruleId":"custom-errors","fix":null,"filePath":"Benchmarks/Study_SamplesSet/36a8d214d776783849bbd6c36d8efd3c.sol"},{"line":943,"column":9,"severity":"Warning","message":"Variable name must be in mixedCase","ruleId":"var-name-mixedcase","fix":null,"filePath":"Benchmarks/Study_SamplesSet/36a8d214d776783849bbd6c36d8efd3c.sol"},{"line":944,"column":9,"severity":"Error","message":"Avoid to use inline assembly. It is acceptable only in rare cases","ruleId":"no-inline-assembly","fix":null,"filePath":"Benchmarks/Study_SamplesSet/36a8d214d776783849bbd6c36d8efd3c.sol"},{"line":954,"column":9,"severity":"Error","message":"Avoid to use inline assembly. It is acceptable only in rare cases","ruleId":"no-inline-assembly","fix":null,"filePath":"Benchmarks/Study_SamplesSet/36a8d214d776783849bbd6c36d8efd3c.sol"},{"line":958,"column":9,"severity":"Warning","message":"Variable name must be in mixedCase","ruleId":"var-name-mixedcase","fix":null,"filePath":"Benchmarks/Study_SamplesSet/36a8d214d776783849bbd6c36d8efd3c.sol"},{"line":964,"column":9,"severity":"Warning","message":"Variable name must be in mixedCase","ruleId":"var-name-mixedcase","fix":null,"filePath":"Benchmarks/Study_SamplesSet/36a8d214d776783849bbd6c36d8efd3c.sol"},{"line":966,"column":9,"severity":"Error","message":"Avoid to use inline assembly. It is acceptable only in rare cases","ruleId":"no-inline-assembly","fix":null,"filePath":"Benchmarks/Study_SamplesSet/36a8d214d776783849bbd6c36d8efd3c.sol"},{"line":983,"column":5,"severity":"Warning","message":"Function name must be in mixedCase","ruleId":"func-name-mixedcase","fix":null,"filePath":"Benchmarks/Study_SamplesSet/36a8d214d776783849bbd6c36d8efd3c.sol"},{"line":987,"column":5,"severity":"Error","message":"Explicitly mark visibility of state","ruleId":"state-visibility","fix":null,"filePath":"Benchmarks/Study_SamplesSet/36a8d214d776783849bbd6c36d8efd3c.sol"},{"line":987,"column":5,"severity":"Warning","message":"Variable name must be in mixedCase","ruleId":"var-name-mixedcase","fix":null,"filePath":"Benchmarks/Study_SamplesSet/36a8d214d776783849bbd6c36d8efd3c.sol"},{"line":988,"column":5,"severity":"Error","message":"Explicitly mark visibility of state","ruleId":"state-visibility","fix":null,"filePath":"Benchmarks/Study_SamplesSet/36a8d214d776783849bbd6c36d8efd3c.sol"},{"line":988,"column":5,"severity":"Warning","message":"Variable name must be in mixedCase","ruleId":"var-name-mixedcase","fix":null,"filePath":"Benchmarks/Study_SamplesSet/36a8d214d776783849bbd6c36d8efd3c.sol"},{"line":998,"column":23,"severity":"Warning","message":"Rule is set with explicit type [var/s: uint]","ruleId":"explicit-types","filePath":"Benchmarks/Study_SamplesSet/36a8d214d776783849bbd6c36d8efd3c.sol"},{"line":998,"column":9,"severity":"Warning","message":"Rule is set with explicit type [var/s: uint]","ruleId":"explicit-types","filePath":"Benchmarks/Study_SamplesSet/36a8d214d776783849bbd6c36d8efd3c.sol"},{"line":1002,"column":9,"severity":"Warning","message":"Rule is set with explicit type [var/s: uint]","ruleId":"explicit-types","filePath":"Benchmarks/Study_SamplesSet/36a8d214d776783849bbd6c36d8efd3c.sol"},{"line":1004,"column":9,"severity":"Error","message":"Avoid to use inline assembly. It is acceptable only in rare cases","ruleId":"no-inline-assembly","fix":null,"filePath":"Benchmarks/Study_SamplesSet/36a8d214d776783849bbd6c36d8efd3c.sol"},{"line":1018,"column":5,"severity":"Warning","message":"Function name must be in mixedCase","ruleId":"func-name-mixedcase","fix":null,"filePath":"Benchmarks/Study_SamplesSet/36a8d214d776783849bbd6c36d8efd3c.sol"},{"line":1018,"column":77,"severity":"Warning","message":"Rule is set with explicit type [var/s: uint]","ruleId":"explicit-types","filePath":"Benchmarks/Study_SamplesSet/36a8d214d776783849bbd6c36d8efd3c.sol"},{"line":1022,"column":29,"severity":"Warning","message":"Rule is set with explicit type [var/s: uint]","ruleId":"explicit-types","filePath":"Benchmarks/Study_SamplesSet/36a8d214d776783849bbd6c36d8efd3c.sol"},{"line":1025,"column":9,"severity":"Warning","message":"Variable name must be in mixedCase","ruleId":"var-name-mixedcase","fix":null,"filePath":"Benchmarks/Study_SamplesSet/36a8d214d776783849bbd6c36d8efd3c.sol"},{"line":1031,"column":9,"severity":"Warning","message":"Variable name must be in mixedCase","ruleId":"var-name-mixedcase","fix":null,"filePath":"Benchmarks/Study_SamplesSet/36a8d214d776783849bbd6c36d8efd3c.sol"},{"line":1032,"column":19,"severity":"Error","message":"Explicitly mark all external contracts as trusted or untrusted","ruleId":"mark-callable-contracts","filePath":"Benchmarks/Study_SamplesSet/36a8d214d776783849bbd6c36d8efd3c.sol"},{"line":1039,"column":9,"severity":"Warning","message":"Variable name must be in mixedCase","ruleId":"var-name-mixedcase","fix":null,"filePath":"Benchmarks/Study_SamplesSet/36a8d214d776783849bbd6c36d8efd3c.sol"},{"line":1045,"column":29,"severity":"Warning","message":"Rule is set with explicit type [var/s: uint]","ruleId":"explicit-types","filePath":"Benchmarks/Study_SamplesSet/36a8d214d776783849bbd6c36d8efd3c.sol"},{"line":1048,"column":50,"severity":"Error","message":"Explicitly mark all external contracts as trusted or untrusted","ruleId":"mark-callable-contracts","filePath":"Benchmarks/Study_SamplesSet/36a8d214d776783849bbd6c36d8efd3c.sol"},{"line":1055,"column":9,"severity":"Warning","message":"Provide an error message for require","ruleId":"reason-string","fix":null,"filePath":"Benchmarks/Study_SamplesSet/36a8d214d776783849bbd6c36d8efd3c.sol"},{"line":1055,"column":9,"severity":"Warning","message":"Use Custom Errors instead of require statements","ruleId":"custom-errors","fix":null,"filePath":"Benchmarks/Study_SamplesSet/36a8d214d776783849bbd6c36d8efd3c.sol"},{"line":1058,"column":9,"severity":"Warning","message":"Provide an error message for require","ruleId":"reason-string","fix":null,"filePath":"Benchmarks/Study_SamplesSet/36a8d214d776783849bbd6c36d8efd3c.sol"},{"line":1058,"column":9,"severity":"Warning","message":"Use Custom Errors instead of require statements","ruleId":"custom-errors","fix":null,"filePath":"Benchmarks/Study_SamplesSet/36a8d214d776783849bbd6c36d8efd3c.sol"},{"line":1063,"column":5,"severity":"Warning","message":"Function name must be in mixedCase","ruleId":"func-name-mixedcase","fix":null,"filePath":"Benchmarks/Study_SamplesSet/36a8d214d776783849bbd6c36d8efd3c.sol"},{"line":1073,"column":64,"severity":"Warning","message":"Rule is set with explicit type [var/s: uint]","ruleId":"explicit-types","filePath":"Benchmarks/Study_SamplesSet/36a8d214d776783849bbd6c36d8efd3c.sol"},{"line":1073,"column":64,"severity":"Warning","message":"Variable name must be in mixedCase","ruleId":"var-name-mixedcase","fix":null,"filePath":"Benchmarks/Study_SamplesSet/36a8d214d776783849bbd6c36d8efd3c.sol"},{"line":1076,"column":9,"severity":"Warning","message":"Provide an error message for require","ruleId":"reason-string","fix":null,"filePath":"Benchmarks/Study_SamplesSet/36a8d214d776783849bbd6c36d8efd3c.sol"},{"line":1076,"column":9,"severity":"Warning","message":"Use Custom Errors instead of require statements","ruleId":"custom-errors","fix":null,"filePath":"Benchmarks/Study_SamplesSet/36a8d214d776783849bbd6c36d8efd3c.sol"},{"line":1085,"column":5,"severity":"Warning","message":"Function name must be in mixedCase","ruleId":"func-name-mixedcase","fix":null,"filePath":"Benchmarks/Study_SamplesSet/36a8d214d776783849bbd6c36d8efd3c.sol"},{"line":1085,"column":94,"severity":"Warning","message":"Variable name must be in mixedCase","ruleId":"var-name-mixedcase","fix":null,"filePath":"Benchmarks/Study_SamplesSet/36a8d214d776783849bbd6c36d8efd3c.sol"},{"line":1088,"column":34,"severity":"Warning","message":"Rule is set with explicit type [var/s: uint]","ruleId":"explicit-types","filePath":"Benchmarks/Study_SamplesSet/36a8d214d776783849bbd6c36d8efd3c.sol"},{"line":1088,"column":9,"severity":"Warning","message":"Rule is set with explicit type [var/s: uint]","ruleId":"explicit-types","filePath":"Benchmarks/Study_SamplesSet/36a8d214d776783849bbd6c36d8efd3c.sol"},{"line":1093,"column":29,"severity":"Warning","message":"Rule is set with explicit type [var/s: uint]","ruleId":"explicit-types","filePath":"Benchmarks/Study_SamplesSet/36a8d214d776783849bbd6c36d8efd3c.sol"},{"line":1105,"column":9,"severity":"Warning","message":"Rule is set with explicit type [var/s: uint]","ruleId":"explicit-types","filePath":"Benchmarks/Study_SamplesSet/36a8d214d776783849bbd6c36d8efd3c.sol"},{"line":1128,"column":36,"severity":"Warning","message":"Rule is set with explicit type [var/s: uint]","ruleId":"explicit-types","filePath":"Benchmarks/Study_SamplesSet/36a8d214d776783849bbd6c36d8efd3c.sol"},{"line":1128,"column":53,"severity":"Warning","message":"Rule is set with explicit type [var/s: uint]","ruleId":"explicit-types","filePath":"Benchmarks/Study_SamplesSet/36a8d214d776783849bbd6c36d8efd3c.sol"},{"line":1128,"column":76,"severity":"Warning","message":"Rule is set with explicit type [var/s: uint]","ruleId":"explicit-types","filePath":"Benchmarks/Study_SamplesSet/36a8d214d776783849bbd6c36d8efd3c.sol"},{"line":1129,"column":9,"severity":"Warning","message":"Rule is set with explicit type [var/s: uint]","ruleId":"explicit-types","filePath":"Benchmarks/Study_SamplesSet/36a8d214d776783849bbd6c36d8efd3c.sol"},{"line":1132,"column":9,"severity":"Warning","message":"Provide an error message for require","ruleId":"reason-string","fix":null,"filePath":"Benchmarks/Study_SamplesSet/36a8d214d776783849bbd6c36d8efd3c.sol"},{"line":1132,"column":9,"severity":"Warning","message":"Use Custom Errors instead of require statements","ruleId":"custom-errors","fix":null,"filePath":"Benchmarks/Study_SamplesSet/36a8d214d776783849bbd6c36d8efd3c.sol"},{"line":1135,"column":9,"severity":"Warning","message":"Rule is set with explicit type [var/s: uint]","ruleId":"explicit-types","filePath":"Benchmarks/Study_SamplesSet/36a8d214d776783849bbd6c36d8efd3c.sol"},{"line":1136,"column":9,"severity":"Warning","message":"Rule is set with explicit type [var/s: uint]","ruleId":"explicit-types","filePath":"Benchmarks/Study_SamplesSet/36a8d214d776783849bbd6c36d8efd3c.sol"},{"line":1139,"column":13,"severity":"Error","message":"Avoid to use inline assembly. It is acceptable only in rare cases","ruleId":"no-inline-assembly","fix":null,"filePath":"Benchmarks/Study_SamplesSet/36a8d214d776783849bbd6c36d8efd3c.sol"},{"line":1152,"column":5,"severity":"Warning","message":"Function name must be in mixedCase","ruleId":"func-name-mixedcase","fix":null,"filePath":"Benchmarks/Study_SamplesSet/36a8d214d776783849bbd6c36d8efd3c.sol"},{"line":1163,"column":9,"severity":"Error","message":"Avoid to use inline assembly. It is acceptable only in rare cases","ruleId":"no-inline-assembly","fix":null,"filePath":"Benchmarks/Study_SamplesSet/36a8d214d776783849bbd6c36d8efd3c.sol"},{"line":1191,"column":9,"severity":"Error","message":"Avoid to use inline assembly. It is acceptable only in rare cases","ruleId":"no-inline-assembly","fix":null,"filePath":"Benchmarks/Study_SamplesSet/36a8d214d776783849bbd6c36d8efd3c.sol"},{"line":1221,"column":9,"severity":"Error","message":"Avoid to use inline assembly. It is acceptable only in rare cases","ruleId":"no-inline-assembly","fix":null,"filePath":"Benchmarks/Study_SamplesSet/36a8d214d776783849bbd6c36d8efd3c.sol"},{"line":1236,"column":5,"severity":"Error","message":"Explicitly mark visibility of state","ruleId":"state-visibility","fix":null,"filePath":"Benchmarks/Study_SamplesSet/36a8d214d776783849bbd6c36d8efd3c.sol"},{"line":1237,"column":2,"severity":"Error","message":"Explicitly mark visibility of state","ruleId":"state-visibility","fix":null,"filePath":"Benchmarks/Study_SamplesSet/36a8d214d776783849bbd6c36d8efd3c.sol"},{"line":1238,"column":2,"severity":"Error","message":"Explicitly mark visibility of state","ruleId":"state-visibility","fix":null,"filePath":"Benchmarks/Study_SamplesSet/36a8d214d776783849bbd6c36d8efd3c.sol"},{"line":1238,"column":2,"severity":"Warning","message":"Rule is set with explicit type [var/s: uint]","ruleId":"explicit-types","filePath":"Benchmarks/Study_SamplesSet/36a8d214d776783849bbd6c36d8efd3c.sol"},{"line":1239,"column":2,"severity":"Error","message":"Explicitly mark visibility of state","ruleId":"state-visibility","fix":null,"filePath":"Benchmarks/Study_SamplesSet/36a8d214d776783849bbd6c36d8efd3c.sol"},{"line":1239,"column":2,"severity":"Warning","message":"Rule is set with explicit type [var/s: uint]","ruleId":"explicit-types","filePath":"Benchmarks/Study_SamplesSet/36a8d214d776783849bbd6c36d8efd3c.sol"},{"line":1243,"column":9,"severity":"Warning","message":"Provide an error message for require","ruleId":"reason-string","fix":null,"filePath":"Benchmarks/Study_SamplesSet/36a8d214d776783849bbd6c36d8efd3c.sol"},{"line":1243,"column":9,"severity":"Warning","message":"Use Custom Errors instead of require statements","ruleId":"custom-errors","fix":null,"filePath":"Benchmarks/Study_SamplesSet/36a8d214d776783849bbd6c36d8efd3c.sol"},{"line":1262,"column":9,"severity":"Warning","message":"Provide an error message for require","ruleId":"reason-string","fix":null,"filePath":"Benchmarks/Study_SamplesSet/36a8d214d776783849bbd6c36d8efd3c.sol"},{"line":1262,"column":9,"severity":"Warning","message":"Use Custom Errors instead of require statements","ruleId":"custom-errors","fix":null,"filePath":"Benchmarks/Study_SamplesSet/36a8d214d776783849bbd6c36d8efd3c.sol"},{"line":1268,"column":13,"severity":"Warning","message":"Rule is set with explicit type [var/s: uint]","ruleId":"explicit-types","filePath":"Benchmarks/Study_SamplesSet/36a8d214d776783849bbd6c36d8efd3c.sol"},{"line":1269,"column":33,"severity":"Warning","message":"Rule is set with explicit type [var/s: uint]","ruleId":"explicit-types","filePath":"Benchmarks/Study_SamplesSet/36a8d214d776783849bbd6c36d8efd3c.sol"},{"line":1269,"column":13,"severity":"Warning","message":"Rule is set with explicit type [var/s: uint]","ruleId":"explicit-types","filePath":"Benchmarks/Study_SamplesSet/36a8d214d776783849bbd6c36d8efd3c.sol"},{"line":1273,"column":14,"severity":"Error","message":"Explicitly mark all external contracts as trusted or untrusted","ruleId":"mark-callable-contracts","filePath":"Benchmarks/Study_SamplesSet/36a8d214d776783849bbd6c36d8efd3c.sol"},{"line":1275,"column":4,"severity":"Warning","message":"Provide an error message for require","ruleId":"reason-string","fix":null,"filePath":"Benchmarks/Study_SamplesSet/36a8d214d776783849bbd6c36d8efd3c.sol"},{"line":1275,"column":4,"severity":"Warning","message":"Use Custom Errors instead of require statements","ruleId":"custom-errors","fix":null,"filePath":"Benchmarks/Study_SamplesSet/36a8d214d776783849bbd6c36d8efd3c.sol"},{"line":1279,"column":38,"severity":"Warning","message":"Visibility modifier must be first in list of modifiers","ruleId":"visibility-modifier-order","fix":null,"filePath":"Benchmarks/Study_SamplesSet/36a8d214d776783849bbd6c36d8efd3c.sol"},{"line":1280,"column":3,"severity":"Warning","message":"Provide an error message for require","ruleId":"reason-string","fix":null,"filePath":"Benchmarks/Study_SamplesSet/36a8d214d776783849bbd6c36d8efd3c.sol"},{"line":1280,"column":3,"severity":"Warning","message":"Use Custom Errors instead of require statements","ruleId":"custom-errors","fix":null,"filePath":"Benchmarks/Study_SamplesSet/36a8d214d776783849bbd6c36d8efd3c.sol"},{"line":1282,"column":9,"severity":"Warning","message":"Rule is set with explicit type [var/s: uint]","ruleId":"explicit-types","filePath":"Benchmarks/Study_SamplesSet/36a8d214d776783849bbd6c36d8efd3c.sol"},{"line":1282,"column":9,"severity":"Warning","message":"Variable name must be in mixedCase","ruleId":"var-name-mixedcase","fix":null,"filePath":"Benchmarks/Study_SamplesSet/36a8d214d776783849bbd6c36d8efd3c.sol"},{"line":1283,"column":9,"severity":"Warning","message":"Rule is set with explicit type [var/s: uint]","ruleId":"explicit-types","filePath":"Benchmarks/Study_SamplesSet/36a8d214d776783849bbd6c36d8efd3c.sol"},{"line":1284,"column":9,"severity":"Warning","message":"Rule is set with explicit type [var/s: uint]","ruleId":"explicit-types","filePath":"Benchmarks/Study_SamplesSet/36a8d214d776783849bbd6c36d8efd3c.sol"},{"line":1291,"column":6,"severity":"Warning","message":"Provide an error message for require","ruleId":"reason-string","fix":null,"filePath":"Benchmarks/Study_SamplesSet/36a8d214d776783849bbd6c36d8efd3c.sol"},{"line":1291,"column":6,"severity":"Warning","message":"Use Custom Errors instead of require statements","ruleId":"custom-errors","fix":null,"filePath":"Benchmarks/Study_SamplesSet/36a8d214d776783849bbd6c36d8efd3c.sol"},{"line":1295,"column":24,"severity":"Warning","message":"Rule is set with explicit type [var/s: uint]","ruleId":"explicit-types","filePath":"Benchmarks/Study_SamplesSet/36a8d214d776783849bbd6c36d8efd3c.sol"},{"line":1296,"column":3,"severity":"Warning","message":"Provide an error message for require","ruleId":"reason-string","fix":null,"filePath":"Benchmarks/Study_SamplesSet/36a8d214d776783849bbd6c36d8efd3c.sol"},{"line":1296,"column":3,"severity":"Warning","message":"Use Custom Errors instead of require statements","ruleId":"custom-errors","fix":null,"filePath":"Benchmarks/Study_SamplesSet/36a8d214d776783849bbd6c36d8efd3c.sol"},{"conclusion":"426 problem/s (71 error/s, 355 warning/s)"}]
