[{"line":1,"column":1,"severity":"Warning","message":"Found more than One contract per file. 5 contracts found!","ruleId":"one-contract-per-file","fix":null,"filePath":"Benchmarks/Study_SamplesSet/38457d3a2f1e4678d1c2282958fa34c1.sol"},{"line":1,"column":1,"severity":"Error","message":"Compiler version ^0.4.19 does not satisfy the ^0.8.0 semver requirement","ruleId":"compiler-version","fix":null,"filePath":"Benchmarks/Study_SamplesSet/38457d3a2f1e4678d1c2282958fa34c1.sol"},{"line":28,"column":49,"severity":"Warning","message":"Visibility modifier must be first in list of modifiers","ruleId":"visibility-modifier-order","fix":null,"filePath":"Benchmarks/Study_SamplesSet/38457d3a2f1e4678d1c2282958fa34c1.sol"},{"line":48,"column":37,"severity":"Warning","message":"Visibility modifier must be first in list of modifiers","ruleId":"visibility-modifier-order","fix":null,"filePath":"Benchmarks/Study_SamplesSet/38457d3a2f1e4678d1c2282958fa34c1.sol"},{"line":49,"column":49,"severity":"Warning","message":"Visibility modifier must be first in list of modifiers","ruleId":"visibility-modifier-order","fix":null,"filePath":"Benchmarks/Study_SamplesSet/38457d3a2f1e4678d1c2282958fa34c1.sol"},{"line":55,"column":5,"severity":"Error","message":"Explicitly mark visibility of state","ruleId":"state-visibility","fix":null,"filePath":"Benchmarks/Study_SamplesSet/38457d3a2f1e4678d1c2282958fa34c1.sol"},{"line":57,"column":5,"severity":"Error","message":"Explicitly mark visibility of state","ruleId":"state-visibility","fix":null,"filePath":"Benchmarks/Study_SamplesSet/38457d3a2f1e4678d1c2282958fa34c1.sol"},{"line":58,"column":5,"severity":"Error","message":"Explicitly mark visibility of state","ruleId":"state-visibility","fix":null,"filePath":"Benchmarks/Study_SamplesSet/38457d3a2f1e4678d1c2282958fa34c1.sol"},{"line":61,"column":5,"severity":"Warning","message":"Constant name must be in capitalized SNAKE_CASE","ruleId":"const-name-snakecase","fix":null,"filePath":"Benchmarks/Study_SamplesSet/38457d3a2f1e4678d1c2282958fa34c1.sol"},{"line":62,"column":5,"severity":"Warning","message":"Constant name must be in capitalized SNAKE_CASE","ruleId":"const-name-snakecase","fix":null,"filePath":"Benchmarks/Study_SamplesSet/38457d3a2f1e4678d1c2282958fa34c1.sol"},{"line":63,"column":5,"severity":"Warning","message":"Rule is set with explicit type [var/s: uint]","ruleId":"explicit-types","filePath":"Benchmarks/Study_SamplesSet/38457d3a2f1e4678d1c2282958fa34c1.sol"},{"line":63,"column":5,"severity":"Warning","message":"Constant name must be in capitalized SNAKE_CASE","ruleId":"const-name-snakecase","fix":null,"filePath":"Benchmarks/Study_SamplesSet/38457d3a2f1e4678d1c2282958fa34c1.sol"},{"line":81,"column":9,"severity":"Warning","message":"Provide an error message for require","ruleId":"reason-string","fix":null,"filePath":"Benchmarks/Study_SamplesSet/38457d3a2f1e4678d1c2282958fa34c1.sol"},{"line":81,"column":9,"severity":"Warning","message":"Use Custom Errors instead of require statements","ruleId":"custom-errors","fix":null,"filePath":"Benchmarks/Study_SamplesSet/38457d3a2f1e4678d1c2282958fa34c1.sol"},{"line":86,"column":9,"severity":"Warning","message":"Provide an error message for require","ruleId":"reason-string","fix":null,"filePath":"Benchmarks/Study_SamplesSet/38457d3a2f1e4678d1c2282958fa34c1.sol"},{"line":86,"column":9,"severity":"Warning","message":"Use Custom Errors instead of require statements","ruleId":"custom-errors","fix":null,"filePath":"Benchmarks/Study_SamplesSet/38457d3a2f1e4678d1c2282958fa34c1.sol"},{"line":91,"column":9,"severity":"Warning","message":"Provide an error message for require","ruleId":"reason-string","fix":null,"filePath":"Benchmarks/Study_SamplesSet/38457d3a2f1e4678d1c2282958fa34c1.sol"},{"line":91,"column":9,"severity":"Warning","message":"Use Custom Errors instead of require statements","ruleId":"custom-errors","fix":null,"filePath":"Benchmarks/Study_SamplesSet/38457d3a2f1e4678d1c2282958fa34c1.sol"},{"line":101,"column":60,"severity":"Warning","message":"Visibility modifier must be first in list of modifiers","ruleId":"visibility-modifier-order","fix":null,"filePath":"Benchmarks/Study_SamplesSet/38457d3a2f1e4678d1c2282958fa34c1.sol"},{"line":107,"column":61,"severity":"Warning","message":"Visibility modifier must be first in list of modifiers","ruleId":"visibility-modifier-order","fix":null,"filePath":"Benchmarks/Study_SamplesSet/38457d3a2f1e4678d1c2282958fa34c1.sol"},{"line":108,"column":14,"severity":"Warning","message":"Rule is set with explicit type [var/s: uint]","ruleId":"explicit-types","filePath":"Benchmarks/Study_SamplesSet/38457d3a2f1e4678d1c2282958fa34c1.sol"},{"line":113,"column":62,"severity":"Warning","message":"Visibility modifier must be first in list of modifiers","ruleId":"visibility-modifier-order","fix":null,"filePath":"Benchmarks/Study_SamplesSet/38457d3a2f1e4678d1c2282958fa34c1.sol"},{"line":114,"column":14,"severity":"Warning","message":"Rule is set with explicit type [var/s: uint]","ruleId":"explicit-types","filePath":"Benchmarks/Study_SamplesSet/38457d3a2f1e4678d1c2282958fa34c1.sol"},{"line":119,"column":54,"severity":"Warning","message":"Visibility modifier must be first in list of modifiers","ruleId":"visibility-modifier-order","fix":null,"filePath":"Benchmarks/Study_SamplesSet/38457d3a2f1e4678d1c2282958fa34c1.sol"},{"line":121,"column":9,"severity":"Error","message":"Explicitly mark all external contracts as trusted or untrusted","ruleId":"mark-callable-contracts","filePath":"Benchmarks/Study_SamplesSet/38457d3a2f1e4678d1c2282958fa34c1.sol"},{"line":125,"column":59,"severity":"Warning","message":"Visibility modifier must be first in list of modifiers","ruleId":"visibility-modifier-order","fix":null,"filePath":"Benchmarks/Study_SamplesSet/38457d3a2f1e4678d1c2282958fa34c1.sol"},{"line":129,"column":9,"severity":"Error","message":"Explicitly mark all external contracts as trusted or untrusted","ruleId":"mark-callable-contracts","filePath":"Benchmarks/Study_SamplesSet/38457d3a2f1e4678d1c2282958fa34c1.sol"},{"line":130,"column":9,"severity":"Error","message":"Explicitly mark all external contracts as trusted or untrusted","ruleId":"mark-callable-contracts","filePath":"Benchmarks/Study_SamplesSet/38457d3a2f1e4678d1c2282958fa34c1.sol"},{"line":138,"column":62,"severity":"Warning","message":"Visibility modifier must be first in list of modifiers","ruleId":"visibility-modifier-order","fix":null,"filePath":"Benchmarks/Study_SamplesSet/38457d3a2f1e4678d1c2282958fa34c1.sol"},{"line":140,"column":9,"severity":"Warning","message":"Provide an error message for require","ruleId":"reason-string","fix":null,"filePath":"Benchmarks/Study_SamplesSet/38457d3a2f1e4678d1c2282958fa34c1.sol"},{"line":140,"column":9,"severity":"Warning","message":"Use Custom Errors instead of require statements","ruleId":"custom-errors","fix":null,"filePath":"Benchmarks/Study_SamplesSet/38457d3a2f1e4678d1c2282958fa34c1.sol"},{"line":141,"column":9,"severity":"Warning","message":"Provide an error message for require","ruleId":"reason-string","fix":null,"filePath":"Benchmarks/Study_SamplesSet/38457d3a2f1e4678d1c2282958fa34c1.sol"},{"line":141,"column":9,"severity":"Warning","message":"Use Custom Errors instead of require statements","ruleId":"custom-errors","fix":null,"filePath":"Benchmarks/Study_SamplesSet/38457d3a2f1e4678d1c2282958fa34c1.sol"},{"line":143,"column":14,"severity":"Warning","message":"Rule is set with explicit type [var/s: uint]","ruleId":"explicit-types","filePath":"Benchmarks/Study_SamplesSet/38457d3a2f1e4678d1c2282958fa34c1.sol"},{"line":144,"column":13,"severity":"Warning","message":"Provide an error message for require","ruleId":"reason-string","fix":null,"filePath":"Benchmarks/Study_SamplesSet/38457d3a2f1e4678d1c2282958fa34c1.sol"},{"line":144,"column":13,"severity":"Warning","message":"Use Custom Errors instead of require statements","ruleId":"custom-errors","fix":null,"filePath":"Benchmarks/Study_SamplesSet/38457d3a2f1e4678d1c2282958fa34c1.sol"},{"line":153,"column":83,"severity":"Warning","message":"Visibility modifier must be first in list of modifiers","ruleId":"visibility-modifier-order","fix":null,"filePath":"Benchmarks/Study_SamplesSet/38457d3a2f1e4678d1c2282958fa34c1.sol"},{"line":155,"column":9,"severity":"Warning","message":"Provide an error message for require","ruleId":"reason-string","fix":null,"filePath":"Benchmarks/Study_SamplesSet/38457d3a2f1e4678d1c2282958fa34c1.sol"},{"line":155,"column":9,"severity":"Warning","message":"Use Custom Errors instead of require statements","ruleId":"custom-errors","fix":null,"filePath":"Benchmarks/Study_SamplesSet/38457d3a2f1e4678d1c2282958fa34c1.sol"},{"line":156,"column":9,"severity":"Warning","message":"Provide an error message for require","ruleId":"reason-string","fix":null,"filePath":"Benchmarks/Study_SamplesSet/38457d3a2f1e4678d1c2282958fa34c1.sol"},{"line":156,"column":9,"severity":"Warning","message":"Use Custom Errors instead of require statements","ruleId":"custom-errors","fix":null,"filePath":"Benchmarks/Study_SamplesSet/38457d3a2f1e4678d1c2282958fa34c1.sol"},{"line":158,"column":14,"severity":"Warning","message":"Rule is set with explicit type [var/s: uint]","ruleId":"explicit-types","filePath":"Benchmarks/Study_SamplesSet/38457d3a2f1e4678d1c2282958fa34c1.sol"},{"line":159,"column":13,"severity":"Warning","message":"Provide an error message for require","ruleId":"reason-string","fix":null,"filePath":"Benchmarks/Study_SamplesSet/38457d3a2f1e4678d1c2282958fa34c1.sol"},{"line":159,"column":13,"severity":"Warning","message":"Use Custom Errors instead of require statements","ruleId":"custom-errors","fix":null,"filePath":"Benchmarks/Study_SamplesSet/38457d3a2f1e4678d1c2282958fa34c1.sol"},{"line":168,"column":91,"severity":"Warning","message":"Visibility modifier must be first in list of modifiers","ruleId":"visibility-modifier-order","fix":null,"filePath":"Benchmarks/Study_SamplesSet/38457d3a2f1e4678d1c2282958fa34c1.sol"},{"line":170,"column":9,"severity":"Warning","message":"Provide an error message for require","ruleId":"reason-string","fix":null,"filePath":"Benchmarks/Study_SamplesSet/38457d3a2f1e4678d1c2282958fa34c1.sol"},{"line":170,"column":9,"severity":"Warning","message":"Use Custom Errors instead of require statements","ruleId":"custom-errors","fix":null,"filePath":"Benchmarks/Study_SamplesSet/38457d3a2f1e4678d1c2282958fa34c1.sol"},{"line":171,"column":9,"severity":"Warning","message":"Provide an error message for require","ruleId":"reason-string","fix":null,"filePath":"Benchmarks/Study_SamplesSet/38457d3a2f1e4678d1c2282958fa34c1.sol"},{"line":171,"column":9,"severity":"Warning","message":"Use Custom Errors instead of require statements","ruleId":"custom-errors","fix":null,"filePath":"Benchmarks/Study_SamplesSet/38457d3a2f1e4678d1c2282958fa34c1.sol"},{"line":174,"column":13,"severity":"Warning","message":"Provide an error message for require","ruleId":"reason-string","fix":null,"filePath":"Benchmarks/Study_SamplesSet/38457d3a2f1e4678d1c2282958fa34c1.sol"},{"line":174,"column":13,"severity":"Warning","message":"Use Custom Errors instead of require statements","ruleId":"custom-errors","fix":null,"filePath":"Benchmarks/Study_SamplesSet/38457d3a2f1e4678d1c2282958fa34c1.sol"},{"line":187,"column":57,"severity":"Warning","message":"Visibility modifier must be first in list of modifiers","ruleId":"visibility-modifier-order","fix":null,"filePath":"Benchmarks/Study_SamplesSet/38457d3a2f1e4678d1c2282958fa34c1.sol"},{"line":193,"column":9,"severity":"Warning","message":"Provide an error message for require","ruleId":"reason-string","fix":null,"filePath":"Benchmarks/Study_SamplesSet/38457d3a2f1e4678d1c2282958fa34c1.sol"},{"line":193,"column":9,"severity":"Warning","message":"Use Custom Errors instead of require statements","ruleId":"custom-errors","fix":null,"filePath":"Benchmarks/Study_SamplesSet/38457d3a2f1e4678d1c2282958fa34c1.sol"},{"line":211,"column":49,"severity":"Warning","message":"Visibility modifier must be first in list of modifiers","ruleId":"visibility-modifier-order","fix":null,"filePath":"Benchmarks/Study_SamplesSet/38457d3a2f1e4678d1c2282958fa34c1.sol"},{"line":216,"column":30,"severity":"Warning","message":"Rule is set with explicit type [var/s: uint]","ruleId":"explicit-types","filePath":"Benchmarks/Study_SamplesSet/38457d3a2f1e4678d1c2282958fa34c1.sol"},{"line":221,"column":77,"severity":"Warning","message":"Visibility modifier must be first in list of modifiers","ruleId":"visibility-modifier-order","fix":null,"filePath":"Benchmarks/Study_SamplesSet/38457d3a2f1e4678d1c2282958fa34c1.sol"},{"line":223,"column":9,"severity":"Warning","message":"Provide an error message for require","ruleId":"reason-string","fix":null,"filePath":"Benchmarks/Study_SamplesSet/38457d3a2f1e4678d1c2282958fa34c1.sol"},{"line":223,"column":9,"severity":"Warning","message":"Use Custom Errors instead of require statements","ruleId":"custom-errors","fix":null,"filePath":"Benchmarks/Study_SamplesSet/38457d3a2f1e4678d1c2282958fa34c1.sol"},{"line":224,"column":9,"severity":"Warning","message":"Provide an error message for require","ruleId":"reason-string","fix":null,"filePath":"Benchmarks/Study_SamplesSet/38457d3a2f1e4678d1c2282958fa34c1.sol"},{"line":224,"column":9,"severity":"Warning","message":"Use Custom Errors instead of require statements","ruleId":"custom-errors","fix":null,"filePath":"Benchmarks/Study_SamplesSet/38457d3a2f1e4678d1c2282958fa34c1.sol"},{"line":228,"column":9,"severity":"Error","message":"Explicitly mark all external contracts as trusted or untrusted","ruleId":"mark-callable-contracts","filePath":"Benchmarks/Study_SamplesSet/38457d3a2f1e4678d1c2282958fa34c1.sol"},{"line":232,"column":96,"severity":"Warning","message":"Visibility modifier must be first in list of modifiers","ruleId":"visibility-modifier-order","fix":null,"filePath":"Benchmarks/Study_SamplesSet/38457d3a2f1e4678d1c2282958fa34c1.sol"},{"line":234,"column":9,"severity":"Warning","message":"Provide an error message for require","ruleId":"reason-string","fix":null,"filePath":"Benchmarks/Study_SamplesSet/38457d3a2f1e4678d1c2282958fa34c1.sol"},{"line":234,"column":9,"severity":"Warning","message":"Use Custom Errors instead of require statements","ruleId":"custom-errors","fix":null,"filePath":"Benchmarks/Study_SamplesSet/38457d3a2f1e4678d1c2282958fa34c1.sol"},{"line":235,"column":9,"severity":"Warning","message":"Provide an error message for require","ruleId":"reason-string","fix":null,"filePath":"Benchmarks/Study_SamplesSet/38457d3a2f1e4678d1c2282958fa34c1.sol"},{"line":235,"column":9,"severity":"Warning","message":"Use Custom Errors instead of require statements","ruleId":"custom-errors","fix":null,"filePath":"Benchmarks/Study_SamplesSet/38457d3a2f1e4678d1c2282958fa34c1.sol"},{"line":236,"column":9,"severity":"Warning","message":"Provide an error message for require","ruleId":"reason-string","fix":null,"filePath":"Benchmarks/Study_SamplesSet/38457d3a2f1e4678d1c2282958fa34c1.sol"},{"line":236,"column":9,"severity":"Warning","message":"Use Custom Errors instead of require statements","ruleId":"custom-errors","fix":null,"filePath":"Benchmarks/Study_SamplesSet/38457d3a2f1e4678d1c2282958fa34c1.sol"},{"line":241,"column":9,"severity":"Error","message":"Explicitly mark all external contracts as trusted or untrusted","ruleId":"mark-callable-contracts","filePath":"Benchmarks/Study_SamplesSet/38457d3a2f1e4678d1c2282958fa34c1.sol"},{"line":249,"column":9,"severity":"Error","message":"Explicitly mark all external contracts as trusted or untrusted","ruleId":"mark-callable-contracts","filePath":"Benchmarks/Study_SamplesSet/38457d3a2f1e4678d1c2282958fa34c1.sol"},{"line":253,"column":67,"severity":"Warning","message":"Visibility modifier must be first in list of modifiers","ruleId":"visibility-modifier-order","fix":null,"filePath":"Benchmarks/Study_SamplesSet/38457d3a2f1e4678d1c2282958fa34c1.sol"},{"line":257,"column":74,"severity":"Warning","message":"Visibility modifier must be first in list of modifiers","ruleId":"visibility-modifier-order","fix":null,"filePath":"Benchmarks/Study_SamplesSet/38457d3a2f1e4678d1c2282958fa34c1.sol"},{"line":257,"column":90,"severity":"Warning","message":"Rule is set with explicit type [var/s: uint]","ruleId":"explicit-types","filePath":"Benchmarks/Study_SamplesSet/38457d3a2f1e4678d1c2282958fa34c1.sol"},{"line":259,"column":9,"severity":"Warning","message":"Rule is set with explicit type [var/s: uint]","ruleId":"explicit-types","filePath":"Benchmarks/Study_SamplesSet/38457d3a2f1e4678d1c2282958fa34c1.sol"},{"line":263,"column":35,"severity":"Warning","message":"Visibility modifier must be first in list of modifiers","ruleId":"visibility-modifier-order","fix":null,"filePath":"Benchmarks/Study_SamplesSet/38457d3a2f1e4678d1c2282958fa34c1.sol"},{"line":268,"column":45,"severity":"Warning","message":"Visibility modifier must be first in list of modifiers","ruleId":"visibility-modifier-order","fix":null,"filePath":"Benchmarks/Study_SamplesSet/38457d3a2f1e4678d1c2282958fa34c1.sol"},{"line":269,"column":9,"severity":"Warning","message":"Provide an error message for require","ruleId":"reason-string","fix":null,"filePath":"Benchmarks/Study_SamplesSet/38457d3a2f1e4678d1c2282958fa34c1.sol"},{"line":269,"column":9,"severity":"Warning","message":"Use Custom Errors instead of require statements","ruleId":"custom-errors","fix":null,"filePath":"Benchmarks/Study_SamplesSet/38457d3a2f1e4678d1c2282958fa34c1.sol"},{"line":277,"column":9,"severity":"Error","message":"Explicitly mark all external contracts as trusted or untrusted","ruleId":"mark-callable-contracts","filePath":"Benchmarks/Study_SamplesSet/38457d3a2f1e4678d1c2282958fa34c1.sol"},{"line":280,"column":70,"severity":"Warning","message":"Visibility modifier must be first in list of modifiers","ruleId":"visibility-modifier-order","fix":null,"filePath":"Benchmarks/Study_SamplesSet/38457d3a2f1e4678d1c2282958fa34c1.sol"},{"conclusion":"81 problem/s (11 error/s, 70 warning/s)"}]
