[{"line":1,"column":1,"severity":"Warning","message":"Found more than One contract per file. 3 contracts found!","ruleId":"one-contract-per-file","fix":null,"filePath":"Benchmarks/Study_SamplesSet/388fe69f627cff7367fe3b55f75c286d.sol"},{"line":1,"column":1,"severity":"Error","message":"Compiler version ^0.4.11 does not satisfy the ^0.8.0 semver requirement","ruleId":"compiler-version","fix":null,"filePath":"Benchmarks/Study_SamplesSet/388fe69f627cff7367fe3b55f75c286d.sol"},{"line":41,"column":1,"severity":"Warning","message":"Contract, Structs and Enums should be in CamelCase","ruleId":"contract-name-camelcase","filePath":"Benchmarks/Study_SamplesSet/388fe69f627cff7367fe3b55f75c286d.sol"},{"line":41,"column":18,"severity":"Error","message":"Explicitly mark visibility in function","ruleId":"func-visibility","fix":null,"filePath":"Benchmarks/Study_SamplesSet/388fe69f627cff7367fe3b55f75c286d.sol"},{"line":41,"column":54,"severity":"Warning","message":"Rule is set with explicit type [var/s: uint]","ruleId":"explicit-types","filePath":"Benchmarks/Study_SamplesSet/388fe69f627cff7367fe3b55f75c286d.sol"},{"line":41,"column":66,"severity":"Warning","message":"Code contains empty blocks","ruleId":"no-empty-blocks","fix":null,"filePath":"Benchmarks/Study_SamplesSet/388fe69f627cff7367fe3b55f75c286d.sol"},{"line":53,"column":3,"severity":"Error","message":"Explicitly mark visibility of state","ruleId":"state-visibility","fix":null,"filePath":"Benchmarks/Study_SamplesSet/388fe69f627cff7367fe3b55f75c286d.sol"},{"line":75,"column":3,"severity":"Error","message":"Explicitly mark visibility in function (Set ignoreConstructors to true if using solidity >=0.7.0)","ruleId":"func-visibility","fix":null,"filePath":"Benchmarks/Study_SamplesSet/388fe69f627cff7367fe3b55f75c286d.sol"},{"line":88,"column":3,"severity":"Error","message":"Explicitly mark visibility in function","ruleId":"func-visibility","fix":null,"filePath":"Benchmarks/Study_SamplesSet/388fe69f627cff7367fe3b55f75c286d.sol"},{"line":89,"column":31,"severity":"Error","message":"\"throw\" is deprecated, avoid to use it","ruleId":"avoid-throw","filePath":"Benchmarks/Study_SamplesSet/388fe69f627cff7367fe3b55f75c286d.sol"},{"line":93,"column":3,"severity":"Error","message":"Explicitly mark visibility in function","ruleId":"func-visibility","fix":null,"filePath":"Benchmarks/Study_SamplesSet/388fe69f627cff7367fe3b55f75c286d.sol"},{"line":94,"column":30,"severity":"Error","message":"\"throw\" is deprecated, avoid to use it","ruleId":"avoid-throw","filePath":"Benchmarks/Study_SamplesSet/388fe69f627cff7367fe3b55f75c286d.sol"},{"line":98,"column":3,"severity":"Error","message":"Explicitly mark visibility in function","ruleId":"func-visibility","fix":null,"filePath":"Benchmarks/Study_SamplesSet/388fe69f627cff7367fe3b55f75c286d.sol"},{"line":99,"column":30,"severity":"Error","message":"\"throw\" is deprecated, avoid to use it","ruleId":"avoid-throw","filePath":"Benchmarks/Study_SamplesSet/388fe69f627cff7367fe3b55f75c286d.sol"},{"line":102,"column":3,"severity":"Error","message":"Explicitly mark visibility in function","ruleId":"func-visibility","fix":null,"filePath":"Benchmarks/Study_SamplesSet/388fe69f627cff7367fe3b55f75c286d.sol"},{"line":103,"column":29,"severity":"Error","message":"\"throw\" is deprecated, avoid to use it","ruleId":"avoid-throw","filePath":"Benchmarks/Study_SamplesSet/388fe69f627cff7367fe3b55f75c286d.sol"},{"line":108,"column":3,"severity":"Error","message":"Explicitly mark visibility in function","ruleId":"func-visibility","fix":null,"filePath":"Benchmarks/Study_SamplesSet/388fe69f627cff7367fe3b55f75c286d.sol"},{"line":113,"column":3,"severity":"Error","message":"Explicitly mark visibility in function","ruleId":"func-visibility","fix":null,"filePath":"Benchmarks/Study_SamplesSet/388fe69f627cff7367fe3b55f75c286d.sol"},{"line":114,"column":5,"severity":"Warning","message":"Provide an error message for require","ruleId":"reason-string","fix":null,"filePath":"Benchmarks/Study_SamplesSet/388fe69f627cff7367fe3b55f75c286d.sol"},{"line":114,"column":5,"severity":"Warning","message":"Use Custom Errors instead of require statements","ruleId":"custom-errors","fix":null,"filePath":"Benchmarks/Study_SamplesSet/388fe69f627cff7367fe3b55f75c286d.sol"},{"line":115,"column":5,"severity":"Warning","message":"Provide an error message for require","ruleId":"reason-string","fix":null,"filePath":"Benchmarks/Study_SamplesSet/388fe69f627cff7367fe3b55f75c286d.sol"},{"line":115,"column":5,"severity":"Warning","message":"Use Custom Errors instead of require statements","ruleId":"custom-errors","fix":null,"filePath":"Benchmarks/Study_SamplesSet/388fe69f627cff7367fe3b55f75c286d.sol"},{"line":129,"column":5,"severity":"Error","message":"Explicitly mark all external contracts as trusted or untrusted","ruleId":"mark-callable-contracts","filePath":"Benchmarks/Study_SamplesSet/388fe69f627cff7367fe3b55f75c286d.sol"},{"line":138,"column":7,"severity":"Error","message":"\"throw\" is deprecated, avoid to use it","ruleId":"avoid-throw","filePath":"Benchmarks/Study_SamplesSet/388fe69f627cff7367fe3b55f75c286d.sol"},{"line":149,"column":3,"severity":"Error","message":"Explicitly mark visibility in function","ruleId":"func-visibility","fix":null,"filePath":"Benchmarks/Study_SamplesSet/388fe69f627cff7367fe3b55f75c286d.sol"},{"line":150,"column":28,"severity":"Error","message":"\"throw\" is deprecated, avoid to use it","ruleId":"avoid-throw","filePath":"Benchmarks/Study_SamplesSet/388fe69f627cff7367fe3b55f75c286d.sol"},{"conclusion":"26 problem/s (18 error/s, 8 warning/s)"}]
