[{"line":1,"column":1,"severity":"Error","message":"Compiler version ^0.4.19 does not satisfy the ^0.8.0 semver requirement","ruleId":"compiler-version","fix":null,"filePath":"Benchmarks/Study_SamplesSet/3a2ed5b89a493350ceb4433b4acbeb25.sol"},{"line":3,"column":1,"severity":"Warning","message":"Contract, Structs and Enums should be in CamelCase","ruleId":"contract-name-camelcase","filePath":"Benchmarks/Study_SamplesSet/3a2ed5b89a493350ceb4433b4acbeb25.sol"},{"line":5,"column":5,"severity":"Warning","message":"Function name must be in mixedCase","ruleId":"func-name-mixedcase","fix":null,"filePath":"Benchmarks/Study_SamplesSet/3a2ed5b89a493350ceb4433b4acbeb25.sol"},{"line":5,"column":33,"severity":"Warning","message":"Rule is set with explicit type [var/s: uint]","ruleId":"explicit-types","filePath":"Benchmarks/Study_SamplesSet/3a2ed5b89a493350ceb4433b4acbeb25.sol"},{"line":11,"column":26,"severity":"Error","message":"Avoid making time-based decisions in your business logic","ruleId":"not-rely-on-time","fix":null,"filePath":"Benchmarks/Study_SamplesSet/3a2ed5b89a493350ceb4433b4acbeb25.sol"},{"line":16,"column":5,"severity":"Warning","message":"Function name must be in mixedCase","ruleId":"func-name-mixedcase","fix":null,"filePath":"Benchmarks/Study_SamplesSet/3a2ed5b89a493350ceb4433b4acbeb25.sol"},{"line":20,"column":44,"severity":"Error","message":"Avoid making time-based decisions in your business logic","ruleId":"not-rely-on-time","fix":null,"filePath":"Benchmarks/Study_SamplesSet/3a2ed5b89a493350ceb4433b4acbeb25.sol"},{"line":20,"column":74,"severity":"Error","message":"Avoid to use tx.origin","ruleId":"avoid-tx-origin","fix":null,"filePath":"Benchmarks/Study_SamplesSet/3a2ed5b89a493350ceb4433b4acbeb25.sol"},{"line":27,"column":5,"severity":"Warning","message":"Rule is set with explicit type [var/s: uint]","ruleId":"explicit-types","filePath":"Benchmarks/Study_SamplesSet/3a2ed5b89a493350ceb4433b4acbeb25.sol"},{"line":29,"column":5,"severity":"Warning","message":"Function name must be in mixedCase","ruleId":"func-name-mixedcase","fix":null,"filePath":"Benchmarks/Study_SamplesSet/3a2ed5b89a493350ceb4433b4acbeb25.sol"},{"conclusion":"10 problem/s (4 error/s, 6 warning/s)"}]
