[{"line":9,"column":1,"severity":"Warning","message":"Found more than One contract per file. 4 contracts found!","ruleId":"one-contract-per-file","fix":null,"filePath":"Benchmarks/Study_SamplesSet/3ab6356a5eb2c3c14897fc21ed6ebbcb.sol"},{"line":9,"column":1,"severity":"Error","message":"Compiler version ^0.5.11 does not satisfy the ^0.8.0 semver requirement","ruleId":"compiler-version","fix":null,"filePath":"Benchmarks/Study_SamplesSet/3ab6356a5eb2c3c14897fc21ed6ebbcb.sol"},{"line":19,"column":18,"severity":"Warning","message":"Rule is set with explicit type [var/s: uint]","ruleId":"explicit-types","filePath":"Benchmarks/Study_SamplesSet/3ab6356a5eb2c3c14897fc21ed6ebbcb.sol"},{"line":19,"column":26,"severity":"Warning","message":"Rule is set with explicit type [var/s: uint]","ruleId":"explicit-types","filePath":"Benchmarks/Study_SamplesSet/3ab6356a5eb2c3c14897fc21ed6ebbcb.sol"},{"line":19,"column":57,"severity":"Warning","message":"Rule is set with explicit type [var/s: uint]","ruleId":"explicit-types","filePath":"Benchmarks/Study_SamplesSet/3ab6356a5eb2c3c14897fc21ed6ebbcb.sol"},{"line":21,"column":9,"severity":"Warning","message":"Provide an error message for require","ruleId":"reason-string","fix":null,"filePath":"Benchmarks/Study_SamplesSet/3ab6356a5eb2c3c14897fc21ed6ebbcb.sol"},{"line":21,"column":9,"severity":"Warning","message":"Use Custom Errors instead of require statements","ruleId":"custom-errors","fix":null,"filePath":"Benchmarks/Study_SamplesSet/3ab6356a5eb2c3c14897fc21ed6ebbcb.sol"},{"line":27,"column":17,"severity":"Warning","message":"Rule is set with explicit type [var/s: uint]","ruleId":"explicit-types","filePath":"Benchmarks/Study_SamplesSet/3ab6356a5eb2c3c14897fc21ed6ebbcb.sol"},{"line":27,"column":25,"severity":"Warning","message":"Rule is set with explicit type [var/s: uint]","ruleId":"explicit-types","filePath":"Benchmarks/Study_SamplesSet/3ab6356a5eb2c3c14897fc21ed6ebbcb.sol"},{"line":27,"column":56,"severity":"Warning","message":"Rule is set with explicit type [var/s: uint]","ruleId":"explicit-types","filePath":"Benchmarks/Study_SamplesSet/3ab6356a5eb2c3c14897fc21ed6ebbcb.sol"},{"line":28,"column":9,"severity":"Warning","message":"Provide an error message for require","ruleId":"reason-string","fix":null,"filePath":"Benchmarks/Study_SamplesSet/3ab6356a5eb2c3c14897fc21ed6ebbcb.sol"},{"line":28,"column":9,"severity":"Warning","message":"Use Custom Errors instead of require statements","ruleId":"custom-errors","fix":null,"filePath":"Benchmarks/Study_SamplesSet/3ab6356a5eb2c3c14897fc21ed6ebbcb.sol"},{"line":35,"column":18,"severity":"Warning","message":"Rule is set with explicit type [var/s: uint]","ruleId":"explicit-types","filePath":"Benchmarks/Study_SamplesSet/3ab6356a5eb2c3c14897fc21ed6ebbcb.sol"},{"line":35,"column":26,"severity":"Warning","message":"Rule is set with explicit type [var/s: uint]","ruleId":"explicit-types","filePath":"Benchmarks/Study_SamplesSet/3ab6356a5eb2c3c14897fc21ed6ebbcb.sol"},{"line":35,"column":57,"severity":"Warning","message":"Rule is set with explicit type [var/s: uint]","ruleId":"explicit-types","filePath":"Benchmarks/Study_SamplesSet/3ab6356a5eb2c3c14897fc21ed6ebbcb.sol"},{"line":36,"column":9,"severity":"Warning","message":"Provide an error message for require","ruleId":"reason-string","fix":null,"filePath":"Benchmarks/Study_SamplesSet/3ab6356a5eb2c3c14897fc21ed6ebbcb.sol"},{"line":36,"column":9,"severity":"Warning","message":"Use Custom Errors instead of require statements","ruleId":"custom-errors","fix":null,"filePath":"Benchmarks/Study_SamplesSet/3ab6356a5eb2c3c14897fc21ed6ebbcb.sol"},{"line":43,"column":18,"severity":"Warning","message":"Rule is set with explicit type [var/s: uint]","ruleId":"explicit-types","filePath":"Benchmarks/Study_SamplesSet/3ab6356a5eb2c3c14897fc21ed6ebbcb.sol"},{"line":43,"column":26,"severity":"Warning","message":"Rule is set with explicit type [var/s: uint]","ruleId":"explicit-types","filePath":"Benchmarks/Study_SamplesSet/3ab6356a5eb2c3c14897fc21ed6ebbcb.sol"},{"line":43,"column":57,"severity":"Warning","message":"Rule is set with explicit type [var/s: uint]","ruleId":"explicit-types","filePath":"Benchmarks/Study_SamplesSet/3ab6356a5eb2c3c14897fc21ed6ebbcb.sol"},{"line":45,"column":9,"severity":"Warning","message":"Provide an error message for require","ruleId":"reason-string","fix":null,"filePath":"Benchmarks/Study_SamplesSet/3ab6356a5eb2c3c14897fc21ed6ebbcb.sol"},{"line":45,"column":9,"severity":"Warning","message":"Use Custom Errors instead of require statements","ruleId":"custom-errors","fix":null,"filePath":"Benchmarks/Study_SamplesSet/3ab6356a5eb2c3c14897fc21ed6ebbcb.sol"},{"line":52,"column":1,"severity":"Error","message":"Explicitly mark visibility of state","ruleId":"state-visibility","fix":null,"filePath":"Benchmarks/Study_SamplesSet/3ab6356a5eb2c3c14897fc21ed6ebbcb.sol"},{"line":52,"column":1,"severity":"Warning","message":"Variable name must be in mixedCase","ruleId":"var-name-mixedcase","fix":null,"filePath":"Benchmarks/Study_SamplesSet/3ab6356a5eb2c3c14897fc21ed6ebbcb.sol"},{"line":53,"column":1,"severity":"Warning","message":"Function name must be in mixedCase","ruleId":"func-name-mixedcase","fix":null,"filePath":"Benchmarks/Study_SamplesSet/3ab6356a5eb2c3c14897fc21ed6ebbcb.sol"},{"line":54,"column":9,"severity":"Warning","message":"Provide an error message for require","ruleId":"reason-string","fix":null,"filePath":"Benchmarks/Study_SamplesSet/3ab6356a5eb2c3c14897fc21ed6ebbcb.sol"},{"line":54,"column":9,"severity":"Warning","message":"Use Custom Errors instead of require statements","ruleId":"custom-errors","fix":null,"filePath":"Benchmarks/Study_SamplesSet/3ab6356a5eb2c3c14897fc21ed6ebbcb.sol"},{"line":56,"column":13,"severity":"Warning","message":"Provide an error message for revert","ruleId":"reason-string","fix":null,"filePath":"Benchmarks/Study_SamplesSet/3ab6356a5eb2c3c14897fc21ed6ebbcb.sol"},{"line":56,"column":13,"severity":"Warning","message":"Use Custom Errors instead of revert statements","ruleId":"custom-errors","fix":null,"filePath":"Benchmarks/Study_SamplesSet/3ab6356a5eb2c3c14897fc21ed6ebbcb.sol"},{"line":58,"column":9,"severity":"Error","message":"Possible reentrancy vulnerabilities. Avoid state changes after transfer.","ruleId":"reentrancy","fix":null,"filePath":"Benchmarks/Study_SamplesSet/3ab6356a5eb2c3c14897fc21ed6ebbcb.sol"},{"line":61,"column":1,"severity":"Error","message":"Explicitly mark visibility of state","ruleId":"state-visibility","fix":null,"filePath":"Benchmarks/Study_SamplesSet/3ab6356a5eb2c3c14897fc21ed6ebbcb.sol"},{"line":61,"column":1,"severity":"Warning","message":"Rule is set with explicit type [var/s: uint]","ruleId":"explicit-types","filePath":"Benchmarks/Study_SamplesSet/3ab6356a5eb2c3c14897fc21ed6ebbcb.sol"},{"line":61,"column":1,"severity":"Warning","message":"Variable name must be in mixedCase","ruleId":"var-name-mixedcase","fix":null,"filePath":"Benchmarks/Study_SamplesSet/3ab6356a5eb2c3c14897fc21ed6ebbcb.sol"},{"line":62,"column":1,"severity":"Warning","message":"Function name must be in mixedCase","ruleId":"func-name-mixedcase","fix":null,"filePath":"Benchmarks/Study_SamplesSet/3ab6356a5eb2c3c14897fc21ed6ebbcb.sol"},{"line":63,"column":9,"severity":"Warning","message":"Provide an error message for require","ruleId":"reason-string","fix":null,"filePath":"Benchmarks/Study_SamplesSet/3ab6356a5eb2c3c14897fc21ed6ebbcb.sol"},{"line":63,"column":9,"severity":"Warning","message":"Use Custom Errors instead of require statements","ruleId":"custom-errors","fix":null,"filePath":"Benchmarks/Study_SamplesSet/3ab6356a5eb2c3c14897fc21ed6ebbcb.sol"},{"line":65,"column":9,"severity":"Warning","message":"Provide an error message for require","ruleId":"reason-string","fix":null,"filePath":"Benchmarks/Study_SamplesSet/3ab6356a5eb2c3c14897fc21ed6ebbcb.sol"},{"line":65,"column":9,"severity":"Warning","message":"Use Custom Errors instead of require statements","ruleId":"custom-errors","fix":null,"filePath":"Benchmarks/Study_SamplesSet/3ab6356a5eb2c3c14897fc21ed6ebbcb.sol"},{"line":66,"column":9,"severity":"Error","message":"Possible reentrancy vulnerabilities. Avoid state changes after transfer.","ruleId":"reentrancy","fix":null,"filePath":"Benchmarks/Study_SamplesSet/3ab6356a5eb2c3c14897fc21ed6ebbcb.sol"},{"line":69,"column":1,"severity":"Error","message":"Explicitly mark visibility of state","ruleId":"state-visibility","fix":null,"filePath":"Benchmarks/Study_SamplesSet/3ab6356a5eb2c3c14897fc21ed6ebbcb.sol"},{"line":69,"column":1,"severity":"Warning","message":"Rule is set with explicit type [var/s: uint]","ruleId":"explicit-types","filePath":"Benchmarks/Study_SamplesSet/3ab6356a5eb2c3c14897fc21ed6ebbcb.sol"},{"line":69,"column":1,"severity":"Warning","message":"Variable name must be in mixedCase","ruleId":"var-name-mixedcase","fix":null,"filePath":"Benchmarks/Study_SamplesSet/3ab6356a5eb2c3c14897fc21ed6ebbcb.sol"},{"line":70,"column":5,"severity":"Warning","message":"Function name must be in mixedCase","ruleId":"func-name-mixedcase","fix":null,"filePath":"Benchmarks/Study_SamplesSet/3ab6356a5eb2c3c14897fc21ed6ebbcb.sol"},{"line":71,"column":25,"severity":"Error","message":"Avoid to use low level calls.","ruleId":"avoid-low-level-calls","fix":null,"filePath":"Benchmarks/Study_SamplesSet/3ab6356a5eb2c3c14897fc21ed6ebbcb.sol"},{"line":71,"column":25,"severity":"Error","message":"Avoid to use \".call.value()()\"","ruleId":"avoid-call-value","fix":null,"filePath":"Benchmarks/Study_SamplesSet/3ab6356a5eb2c3c14897fc21ed6ebbcb.sol"},{"line":76,"column":1,"severity":"Error","message":"Explicitly mark visibility of state","ruleId":"state-visibility","fix":null,"filePath":"Benchmarks/Study_SamplesSet/3ab6356a5eb2c3c14897fc21ed6ebbcb.sol"},{"line":76,"column":1,"severity":"Warning","message":"Rule is set with explicit type [var/s: uint]","ruleId":"explicit-types","filePath":"Benchmarks/Study_SamplesSet/3ab6356a5eb2c3c14897fc21ed6ebbcb.sol"},{"line":76,"column":1,"severity":"Warning","message":"Variable name must be in mixedCase","ruleId":"var-name-mixedcase","fix":null,"filePath":"Benchmarks/Study_SamplesSet/3ab6356a5eb2c3c14897fc21ed6ebbcb.sol"},{"line":77,"column":1,"severity":"Warning","message":"Function name must be in mixedCase","ruleId":"func-name-mixedcase","fix":null,"filePath":"Benchmarks/Study_SamplesSet/3ab6356a5eb2c3c14897fc21ed6ebbcb.sol"},{"line":81,"column":13,"severity":"Warning","message":"Provide an error message for revert","ruleId":"reason-string","fix":null,"filePath":"Benchmarks/Study_SamplesSet/3ab6356a5eb2c3c14897fc21ed6ebbcb.sol"},{"line":81,"column":13,"severity":"Warning","message":"Use Custom Errors instead of revert statements","ruleId":"custom-errors","fix":null,"filePath":"Benchmarks/Study_SamplesSet/3ab6356a5eb2c3c14897fc21ed6ebbcb.sol"},{"line":83,"column":9,"severity":"Error","message":"Possible reentrancy vulnerabilities. Avoid state changes after transfer.","ruleId":"reentrancy","fix":null,"filePath":"Benchmarks/Study_SamplesSet/3ab6356a5eb2c3c14897fc21ed6ebbcb.sol"},{"line":86,"column":1,"severity":"Error","message":"Explicitly mark visibility of state","ruleId":"state-visibility","fix":null,"filePath":"Benchmarks/Study_SamplesSet/3ab6356a5eb2c3c14897fc21ed6ebbcb.sol"},{"line":86,"column":1,"severity":"Warning","message":"Rule is set with explicit type [var/s: uint]","ruleId":"explicit-types","filePath":"Benchmarks/Study_SamplesSet/3ab6356a5eb2c3c14897fc21ed6ebbcb.sol"},{"line":86,"column":1,"severity":"Warning","message":"Variable name must be in mixedCase","ruleId":"var-name-mixedcase","fix":null,"filePath":"Benchmarks/Study_SamplesSet/3ab6356a5eb2c3c14897fc21ed6ebbcb.sol"},{"line":87,"column":1,"severity":"Warning","message":"Function name must be in mixedCase","ruleId":"func-name-mixedcase","fix":null,"filePath":"Benchmarks/Study_SamplesSet/3ab6356a5eb2c3c14897fc21ed6ebbcb.sol"},{"line":89,"column":9,"severity":"Warning","message":"Provide an error message for require","ruleId":"reason-string","fix":null,"filePath":"Benchmarks/Study_SamplesSet/3ab6356a5eb2c3c14897fc21ed6ebbcb.sol"},{"line":89,"column":9,"severity":"Warning","message":"Use Custom Errors instead of require statements","ruleId":"custom-errors","fix":null,"filePath":"Benchmarks/Study_SamplesSet/3ab6356a5eb2c3c14897fc21ed6ebbcb.sol"},{"line":90,"column":9,"severity":"Warning","message":"Rule is set with explicit type [var/s: uint]","ruleId":"explicit-types","filePath":"Benchmarks/Study_SamplesSet/3ab6356a5eb2c3c14897fc21ed6ebbcb.sol"},{"line":90,"column":9,"severity":"Warning","message":"Variable name must be in mixedCase","ruleId":"var-name-mixedcase","fix":null,"filePath":"Benchmarks/Study_SamplesSet/3ab6356a5eb2c3c14897fc21ed6ebbcb.sol"},{"line":92,"column":9,"severity":"Error","message":"Possible reentrancy vulnerabilities. Avoid state changes after transfer.","ruleId":"reentrancy","fix":null,"filePath":"Benchmarks/Study_SamplesSet/3ab6356a5eb2c3c14897fc21ed6ebbcb.sol"},{"line":95,"column":1,"severity":"Error","message":"Explicitly mark visibility of state","ruleId":"state-visibility","fix":null,"filePath":"Benchmarks/Study_SamplesSet/3ab6356a5eb2c3c14897fc21ed6ebbcb.sol"},{"line":95,"column":1,"severity":"Warning","message":"Rule is set with explicit type [var/s: uint]","ruleId":"explicit-types","filePath":"Benchmarks/Study_SamplesSet/3ab6356a5eb2c3c14897fc21ed6ebbcb.sol"},{"line":95,"column":1,"severity":"Warning","message":"Variable name must be in mixedCase","ruleId":"var-name-mixedcase","fix":null,"filePath":"Benchmarks/Study_SamplesSet/3ab6356a5eb2c3c14897fc21ed6ebbcb.sol"},{"line":96,"column":5,"severity":"Warning","message":"Function name must be in mixedCase","ruleId":"func-name-mixedcase","fix":null,"filePath":"Benchmarks/Study_SamplesSet/3ab6356a5eb2c3c14897fc21ed6ebbcb.sol"},{"line":97,"column":25,"severity":"Error","message":"Avoid to use low level calls.","ruleId":"avoid-low-level-calls","fix":null,"filePath":"Benchmarks/Study_SamplesSet/3ab6356a5eb2c3c14897fc21ed6ebbcb.sol"},{"line":97,"column":25,"severity":"Error","message":"Avoid to use \".call.value()()\"","ruleId":"avoid-call-value","fix":null,"filePath":"Benchmarks/Study_SamplesSet/3ab6356a5eb2c3c14897fc21ed6ebbcb.sol"},{"line":102,"column":3,"severity":"Error","message":"Explicitly mark visibility of state","ruleId":"state-visibility","fix":null,"filePath":"Benchmarks/Study_SamplesSet/3ab6356a5eb2c3c14897fc21ed6ebbcb.sol"},{"line":102,"column":3,"severity":"Warning","message":"Variable name must be in mixedCase","ruleId":"var-name-mixedcase","fix":null,"filePath":"Benchmarks/Study_SamplesSet/3ab6356a5eb2c3c14897fc21ed6ebbcb.sol"},{"line":103,"column":1,"severity":"Warning","message":"Function name must be in mixedCase","ruleId":"func-name-mixedcase","fix":null,"filePath":"Benchmarks/Study_SamplesSet/3ab6356a5eb2c3c14897fc21ed6ebbcb.sol"},{"line":104,"column":9,"severity":"Warning","message":"Provide an error message for require","ruleId":"reason-string","fix":null,"filePath":"Benchmarks/Study_SamplesSet/3ab6356a5eb2c3c14897fc21ed6ebbcb.sol"},{"line":104,"column":9,"severity":"Warning","message":"Use Custom Errors instead of require statements","ruleId":"custom-errors","fix":null,"filePath":"Benchmarks/Study_SamplesSet/3ab6356a5eb2c3c14897fc21ed6ebbcb.sol"},{"line":106,"column":13,"severity":"Warning","message":"Provide an error message for revert","ruleId":"reason-string","fix":null,"filePath":"Benchmarks/Study_SamplesSet/3ab6356a5eb2c3c14897fc21ed6ebbcb.sol"},{"line":106,"column":13,"severity":"Warning","message":"Use Custom Errors instead of revert statements","ruleId":"custom-errors","fix":null,"filePath":"Benchmarks/Study_SamplesSet/3ab6356a5eb2c3c14897fc21ed6ebbcb.sol"},{"line":108,"column":9,"severity":"Error","message":"Possible reentrancy vulnerabilities. Avoid state changes after transfer.","ruleId":"reentrancy","fix":null,"filePath":"Benchmarks/Study_SamplesSet/3ab6356a5eb2c3c14897fc21ed6ebbcb.sol"},{"line":111,"column":3,"severity":"Error","message":"Explicitly mark visibility of state","ruleId":"state-visibility","fix":null,"filePath":"Benchmarks/Study_SamplesSet/3ab6356a5eb2c3c14897fc21ed6ebbcb.sol"},{"line":111,"column":3,"severity":"Warning","message":"Rule is set with explicit type [var/s: uint]","ruleId":"explicit-types","filePath":"Benchmarks/Study_SamplesSet/3ab6356a5eb2c3c14897fc21ed6ebbcb.sol"},{"line":111,"column":3,"severity":"Warning","message":"Variable name must be in mixedCase","ruleId":"var-name-mixedcase","fix":null,"filePath":"Benchmarks/Study_SamplesSet/3ab6356a5eb2c3c14897fc21ed6ebbcb.sol"},{"line":112,"column":1,"severity":"Warning","message":"Function name must be in mixedCase","ruleId":"func-name-mixedcase","fix":null,"filePath":"Benchmarks/Study_SamplesSet/3ab6356a5eb2c3c14897fc21ed6ebbcb.sol"},{"line":115,"column":25,"severity":"Error","message":"Avoid to use low level calls.","ruleId":"avoid-low-level-calls","fix":null,"filePath":"Benchmarks/Study_SamplesSet/3ab6356a5eb2c3c14897fc21ed6ebbcb.sol"},{"line":115,"column":25,"severity":"Error","message":"Avoid to use \".call.value()()\"","ruleId":"avoid-call-value","fix":null,"filePath":"Benchmarks/Study_SamplesSet/3ab6356a5eb2c3c14897fc21ed6ebbcb.sol"},{"line":117,"column":13,"severity":"Warning","message":"Provide an error message for revert","ruleId":"reason-string","fix":null,"filePath":"Benchmarks/Study_SamplesSet/3ab6356a5eb2c3c14897fc21ed6ebbcb.sol"},{"line":117,"column":13,"severity":"Warning","message":"Use Custom Errors instead of revert statements","ruleId":"custom-errors","fix":null,"filePath":"Benchmarks/Study_SamplesSet/3ab6356a5eb2c3c14897fc21ed6ebbcb.sol"},{"line":126,"column":3,"severity":"Error","message":"Explicitly mark visibility of state","ruleId":"state-visibility","fix":null,"filePath":"Benchmarks/Study_SamplesSet/3ab6356a5eb2c3c14897fc21ed6ebbcb.sol"},{"line":126,"column":3,"severity":"Warning","message":"Rule is set with explicit type [var/s: uint]","ruleId":"explicit-types","filePath":"Benchmarks/Study_SamplesSet/3ab6356a5eb2c3c14897fc21ed6ebbcb.sol"},{"line":126,"column":3,"severity":"Warning","message":"Variable name must be in mixedCase","ruleId":"var-name-mixedcase","fix":null,"filePath":"Benchmarks/Study_SamplesSet/3ab6356a5eb2c3c14897fc21ed6ebbcb.sol"},{"line":127,"column":1,"severity":"Warning","message":"Function name must be in mixedCase","ruleId":"func-name-mixedcase","fix":null,"filePath":"Benchmarks/Study_SamplesSet/3ab6356a5eb2c3c14897fc21ed6ebbcb.sol"},{"line":129,"column":9,"severity":"Warning","message":"Provide an error message for require","ruleId":"reason-string","fix":null,"filePath":"Benchmarks/Study_SamplesSet/3ab6356a5eb2c3c14897fc21ed6ebbcb.sol"},{"line":129,"column":9,"severity":"Warning","message":"Use Custom Errors instead of require statements","ruleId":"custom-errors","fix":null,"filePath":"Benchmarks/Study_SamplesSet/3ab6356a5eb2c3c14897fc21ed6ebbcb.sol"},{"line":130,"column":9,"severity":"Warning","message":"Rule is set with explicit type [var/s: uint]","ruleId":"explicit-types","filePath":"Benchmarks/Study_SamplesSet/3ab6356a5eb2c3c14897fc21ed6ebbcb.sol"},{"line":130,"column":9,"severity":"Warning","message":"Variable name must be in mixedCase","ruleId":"var-name-mixedcase","fix":null,"filePath":"Benchmarks/Study_SamplesSet/3ab6356a5eb2c3c14897fc21ed6ebbcb.sol"},{"line":132,"column":9,"severity":"Error","message":"Possible reentrancy vulnerabilities. Avoid state changes after transfer.","ruleId":"reentrancy","fix":null,"filePath":"Benchmarks/Study_SamplesSet/3ab6356a5eb2c3c14897fc21ed6ebbcb.sol"},{"line":135,"column":3,"severity":"Error","message":"Explicitly mark visibility of state","ruleId":"state-visibility","fix":null,"filePath":"Benchmarks/Study_SamplesSet/3ab6356a5eb2c3c14897fc21ed6ebbcb.sol"},{"line":135,"column":3,"severity":"Warning","message":"Rule is set with explicit type [var/s: uint]","ruleId":"explicit-types","filePath":"Benchmarks/Study_SamplesSet/3ab6356a5eb2c3c14897fc21ed6ebbcb.sol"},{"line":135,"column":3,"severity":"Warning","message":"Variable name must be in mixedCase","ruleId":"var-name-mixedcase","fix":null,"filePath":"Benchmarks/Study_SamplesSet/3ab6356a5eb2c3c14897fc21ed6ebbcb.sol"},{"line":136,"column":1,"severity":"Warning","message":"Function name must be in mixedCase","ruleId":"func-name-mixedcase","fix":null,"filePath":"Benchmarks/Study_SamplesSet/3ab6356a5eb2c3c14897fc21ed6ebbcb.sol"},{"line":139,"column":26,"severity":"Error","message":"Avoid to use low level calls.","ruleId":"avoid-low-level-calls","fix":null,"filePath":"Benchmarks/Study_SamplesSet/3ab6356a5eb2c3c14897fc21ed6ebbcb.sol"},{"line":139,"column":26,"severity":"Error","message":"Avoid to use \".call.value()()\"","ruleId":"avoid-call-value","fix":null,"filePath":"Benchmarks/Study_SamplesSet/3ab6356a5eb2c3c14897fc21ed6ebbcb.sol"},{"line":141,"column":13,"severity":"Warning","message":"Provide an error message for revert","ruleId":"reason-string","fix":null,"filePath":"Benchmarks/Study_SamplesSet/3ab6356a5eb2c3c14897fc21ed6ebbcb.sol"},{"line":141,"column":13,"severity":"Warning","message":"Use Custom Errors instead of revert statements","ruleId":"custom-errors","fix":null,"filePath":"Benchmarks/Study_SamplesSet/3ab6356a5eb2c3c14897fc21ed6ebbcb.sol"},{"line":154,"column":1,"severity":"Error","message":"Explicitly mark visibility of state","ruleId":"state-visibility","fix":null,"filePath":"Benchmarks/Study_SamplesSet/3ab6356a5eb2c3c14897fc21ed6ebbcb.sol"},{"line":154,"column":1,"severity":"Warning","message":"Variable name must be in mixedCase","ruleId":"var-name-mixedcase","fix":null,"filePath":"Benchmarks/Study_SamplesSet/3ab6356a5eb2c3c14897fc21ed6ebbcb.sol"},{"line":155,"column":1,"severity":"Warning","message":"Function name must be in mixedCase","ruleId":"func-name-mixedcase","fix":null,"filePath":"Benchmarks/Study_SamplesSet/3ab6356a5eb2c3c14897fc21ed6ebbcb.sol"},{"line":156,"column":9,"severity":"Warning","message":"Provide an error message for require","ruleId":"reason-string","fix":null,"filePath":"Benchmarks/Study_SamplesSet/3ab6356a5eb2c3c14897fc21ed6ebbcb.sol"},{"line":156,"column":9,"severity":"Warning","message":"Use Custom Errors instead of require statements","ruleId":"custom-errors","fix":null,"filePath":"Benchmarks/Study_SamplesSet/3ab6356a5eb2c3c14897fc21ed6ebbcb.sol"},{"line":158,"column":13,"severity":"Warning","message":"Provide an error message for revert","ruleId":"reason-string","fix":null,"filePath":"Benchmarks/Study_SamplesSet/3ab6356a5eb2c3c14897fc21ed6ebbcb.sol"},{"line":158,"column":13,"severity":"Warning","message":"Use Custom Errors instead of revert statements","ruleId":"custom-errors","fix":null,"filePath":"Benchmarks/Study_SamplesSet/3ab6356a5eb2c3c14897fc21ed6ebbcb.sol"},{"line":160,"column":9,"severity":"Error","message":"Possible reentrancy vulnerabilities. Avoid state changes after transfer.","ruleId":"reentrancy","fix":null,"filePath":"Benchmarks/Study_SamplesSet/3ab6356a5eb2c3c14897fc21ed6ebbcb.sol"},{"line":167,"column":9,"severity":"Warning","message":"Provide an error message for require","ruleId":"reason-string","fix":null,"filePath":"Benchmarks/Study_SamplesSet/3ab6356a5eb2c3c14897fc21ed6ebbcb.sol"},{"line":167,"column":9,"severity":"Warning","message":"Use Custom Errors instead of require statements","ruleId":"custom-errors","fix":null,"filePath":"Benchmarks/Study_SamplesSet/3ab6356a5eb2c3c14897fc21ed6ebbcb.sol"},{"line":176,"column":9,"severity":"Warning","message":"Provide an error message for require","ruleId":"reason-string","fix":null,"filePath":"Benchmarks/Study_SamplesSet/3ab6356a5eb2c3c14897fc21ed6ebbcb.sol"},{"line":176,"column":9,"severity":"Warning","message":"Use Custom Errors instead of require statements","ruleId":"custom-errors","fix":null,"filePath":"Benchmarks/Study_SamplesSet/3ab6356a5eb2c3c14897fc21ed6ebbcb.sol"},{"line":180,"column":1,"severity":"Error","message":"Explicitly mark visibility of state","ruleId":"state-visibility","fix":null,"filePath":"Benchmarks/Study_SamplesSet/3ab6356a5eb2c3c14897fc21ed6ebbcb.sol"},{"line":180,"column":1,"severity":"Warning","message":"Variable name must be in mixedCase","ruleId":"var-name-mixedcase","fix":null,"filePath":"Benchmarks/Study_SamplesSet/3ab6356a5eb2c3c14897fc21ed6ebbcb.sol"},{"line":181,"column":1,"severity":"Warning","message":"Function name must be in mixedCase","ruleId":"func-name-mixedcase","fix":null,"filePath":"Benchmarks/Study_SamplesSet/3ab6356a5eb2c3c14897fc21ed6ebbcb.sol"},{"line":182,"column":9,"severity":"Warning","message":"Provide an error message for require","ruleId":"reason-string","fix":null,"filePath":"Benchmarks/Study_SamplesSet/3ab6356a5eb2c3c14897fc21ed6ebbcb.sol"},{"line":182,"column":9,"severity":"Warning","message":"Use Custom Errors instead of require statements","ruleId":"custom-errors","fix":null,"filePath":"Benchmarks/Study_SamplesSet/3ab6356a5eb2c3c14897fc21ed6ebbcb.sol"},{"line":184,"column":13,"severity":"Warning","message":"Provide an error message for revert","ruleId":"reason-string","fix":null,"filePath":"Benchmarks/Study_SamplesSet/3ab6356a5eb2c3c14897fc21ed6ebbcb.sol"},{"line":184,"column":13,"severity":"Warning","message":"Use Custom Errors instead of revert statements","ruleId":"custom-errors","fix":null,"filePath":"Benchmarks/Study_SamplesSet/3ab6356a5eb2c3c14897fc21ed6ebbcb.sol"},{"line":186,"column":9,"severity":"Error","message":"Possible reentrancy vulnerabilities. Avoid state changes after transfer.","ruleId":"reentrancy","fix":null,"filePath":"Benchmarks/Study_SamplesSet/3ab6356a5eb2c3c14897fc21ed6ebbcb.sol"},{"line":191,"column":1,"severity":"Warning","message":"Contract has 45 states declarations but allowed no more than 15","ruleId":"max-states-count","fix":null,"filePath":"Benchmarks/Study_SamplesSet/3ab6356a5eb2c3c14897fc21ed6ebbcb.sol"},{"line":195,"column":3,"severity":"Error","message":"Explicitly mark visibility of state","ruleId":"state-visibility","fix":null,"filePath":"Benchmarks/Study_SamplesSet/3ab6356a5eb2c3c14897fc21ed6ebbcb.sol"},{"line":195,"column":3,"severity":"Warning","message":"Rule is set with explicit type [var/s: uint]","ruleId":"explicit-types","filePath":"Benchmarks/Study_SamplesSet/3ab6356a5eb2c3c14897fc21ed6ebbcb.sol"},{"line":195,"column":3,"severity":"Warning","message":"Variable name must be in mixedCase","ruleId":"var-name-mixedcase","fix":null,"filePath":"Benchmarks/Study_SamplesSet/3ab6356a5eb2c3c14897fc21ed6ebbcb.sol"},{"line":196,"column":5,"severity":"Warning","message":"Function name must be in mixedCase","ruleId":"func-name-mixedcase","fix":null,"filePath":"Benchmarks/Study_SamplesSet/3ab6356a5eb2c3c14897fc21ed6ebbcb.sol"},{"line":198,"column":11,"severity":"Error","message":"Possible reentrancy vulnerabilities. Avoid state changes after transfer.","ruleId":"reentrancy","fix":null,"filePath":"Benchmarks/Study_SamplesSet/3ab6356a5eb2c3c14897fc21ed6ebbcb.sol"},{"line":200,"column":3,"severity":"Error","message":"Explicitly mark visibility of state","ruleId":"state-visibility","fix":null,"filePath":"Benchmarks/Study_SamplesSet/3ab6356a5eb2c3c14897fc21ed6ebbcb.sol"},{"line":201,"column":3,"severity":"Error","message":"Explicitly mark visibility of state","ruleId":"state-visibility","fix":null,"filePath":"Benchmarks/Study_SamplesSet/3ab6356a5eb2c3c14897fc21ed6ebbcb.sol"},{"line":201,"column":3,"severity":"Warning","message":"Variable name must be in mixedCase","ruleId":"var-name-mixedcase","fix":null,"filePath":"Benchmarks/Study_SamplesSet/3ab6356a5eb2c3c14897fc21ed6ebbcb.sol"},{"line":202,"column":1,"severity":"Warning","message":"Function name must be in mixedCase","ruleId":"func-name-mixedcase","fix":null,"filePath":"Benchmarks/Study_SamplesSet/3ab6356a5eb2c3c14897fc21ed6ebbcb.sol"},{"line":203,"column":9,"severity":"Warning","message":"Provide an error message for require","ruleId":"reason-string","fix":null,"filePath":"Benchmarks/Study_SamplesSet/3ab6356a5eb2c3c14897fc21ed6ebbcb.sol"},{"line":203,"column":9,"severity":"Warning","message":"Use Custom Errors instead of require statements","ruleId":"custom-errors","fix":null,"filePath":"Benchmarks/Study_SamplesSet/3ab6356a5eb2c3c14897fc21ed6ebbcb.sol"},{"line":205,"column":13,"severity":"Warning","message":"Provide an error message for revert","ruleId":"reason-string","fix":null,"filePath":"Benchmarks/Study_SamplesSet/3ab6356a5eb2c3c14897fc21ed6ebbcb.sol"},{"line":205,"column":13,"severity":"Warning","message":"Use Custom Errors instead of revert statements","ruleId":"custom-errors","fix":null,"filePath":"Benchmarks/Study_SamplesSet/3ab6356a5eb2c3c14897fc21ed6ebbcb.sol"},{"line":207,"column":9,"severity":"Error","message":"Possible reentrancy vulnerabilities. Avoid state changes after transfer.","ruleId":"reentrancy","fix":null,"filePath":"Benchmarks/Study_SamplesSet/3ab6356a5eb2c3c14897fc21ed6ebbcb.sol"},{"line":209,"column":3,"severity":"Error","message":"Explicitly mark visibility of state","ruleId":"state-visibility","fix":null,"filePath":"Benchmarks/Study_SamplesSet/3ab6356a5eb2c3c14897fc21ed6ebbcb.sol"},{"line":211,"column":3,"severity":"Error","message":"Explicitly mark visibility of state","ruleId":"state-visibility","fix":null,"filePath":"Benchmarks/Study_SamplesSet/3ab6356a5eb2c3c14897fc21ed6ebbcb.sol"},{"line":211,"column":3,"severity":"Warning","message":"Variable name must be in mixedCase","ruleId":"var-name-mixedcase","fix":null,"filePath":"Benchmarks/Study_SamplesSet/3ab6356a5eb2c3c14897fc21ed6ebbcb.sol"},{"line":212,"column":7,"severity":"Error","message":"Explicitly mark visibility of state","ruleId":"state-visibility","fix":null,"filePath":"Benchmarks/Study_SamplesSet/3ab6356a5eb2c3c14897fc21ed6ebbcb.sol"},{"line":212,"column":7,"severity":"Warning","message":"Rule is set with explicit type [var/s: uint]","ruleId":"explicit-types","filePath":"Benchmarks/Study_SamplesSet/3ab6356a5eb2c3c14897fc21ed6ebbcb.sol"},{"line":212,"column":7,"severity":"Warning","message":"Variable name must be in mixedCase","ruleId":"var-name-mixedcase","fix":null,"filePath":"Benchmarks/Study_SamplesSet/3ab6356a5eb2c3c14897fc21ed6ebbcb.sol"},{"line":213,"column":4,"severity":"Warning","message":"Function name must be in mixedCase","ruleId":"func-name-mixedcase","fix":null,"filePath":"Benchmarks/Study_SamplesSet/3ab6356a5eb2c3c14897fc21ed6ebbcb.sol"},{"line":215,"column":9,"severity":"Warning","message":"Provide an error message for revert","ruleId":"reason-string","fix":null,"filePath":"Benchmarks/Study_SamplesSet/3ab6356a5eb2c3c14897fc21ed6ebbcb.sol"},{"line":215,"column":9,"severity":"Warning","message":"Use Custom Errors instead of revert statements","ruleId":"custom-errors","fix":null,"filePath":"Benchmarks/Study_SamplesSet/3ab6356a5eb2c3c14897fc21ed6ebbcb.sol"},{"line":216,"column":7,"severity":"Error","message":"Possible reentrancy vulnerabilities. Avoid state changes after transfer.","ruleId":"reentrancy","fix":null,"filePath":"Benchmarks/Study_SamplesSet/3ab6356a5eb2c3c14897fc21ed6ebbcb.sol"},{"line":217,"column":7,"severity":"Error","message":"Possible reentrancy vulnerabilities. Avoid state changes after transfer.","ruleId":"reentrancy","fix":null,"filePath":"Benchmarks/Study_SamplesSet/3ab6356a5eb2c3c14897fc21ed6ebbcb.sol"},{"line":220,"column":3,"severity":"Error","message":"Explicitly mark visibility of state","ruleId":"state-visibility","fix":null,"filePath":"Benchmarks/Study_SamplesSet/3ab6356a5eb2c3c14897fc21ed6ebbcb.sol"},{"line":220,"column":3,"severity":"Warning","message":"Rule is set with explicit type [var/s: uint]","ruleId":"explicit-types","filePath":"Benchmarks/Study_SamplesSet/3ab6356a5eb2c3c14897fc21ed6ebbcb.sol"},{"line":220,"column":3,"severity":"Warning","message":"Variable name must be in mixedCase","ruleId":"var-name-mixedcase","fix":null,"filePath":"Benchmarks/Study_SamplesSet/3ab6356a5eb2c3c14897fc21ed6ebbcb.sol"},{"line":221,"column":1,"severity":"Warning","message":"Function name must be in mixedCase","ruleId":"func-name-mixedcase","fix":null,"filePath":"Benchmarks/Study_SamplesSet/3ab6356a5eb2c3c14897fc21ed6ebbcb.sol"},{"line":222,"column":9,"severity":"Warning","message":"Provide an error message for require","ruleId":"reason-string","fix":null,"filePath":"Benchmarks/Study_SamplesSet/3ab6356a5eb2c3c14897fc21ed6ebbcb.sol"},{"line":222,"column":9,"severity":"Warning","message":"Use Custom Errors instead of require statements","ruleId":"custom-errors","fix":null,"filePath":"Benchmarks/Study_SamplesSet/3ab6356a5eb2c3c14897fc21ed6ebbcb.sol"},{"line":224,"column":9,"severity":"Warning","message":"Provide an error message for require","ruleId":"reason-string","fix":null,"filePath":"Benchmarks/Study_SamplesSet/3ab6356a5eb2c3c14897fc21ed6ebbcb.sol"},{"line":224,"column":9,"severity":"Warning","message":"Use Custom Errors instead of require statements","ruleId":"custom-errors","fix":null,"filePath":"Benchmarks/Study_SamplesSet/3ab6356a5eb2c3c14897fc21ed6ebbcb.sol"},{"line":225,"column":9,"severity":"Error","message":"Possible reentrancy vulnerabilities. Avoid state changes after transfer.","ruleId":"reentrancy","fix":null,"filePath":"Benchmarks/Study_SamplesSet/3ab6356a5eb2c3c14897fc21ed6ebbcb.sol"},{"line":228,"column":3,"severity":"Error","message":"Explicitly mark visibility of state","ruleId":"state-visibility","fix":null,"filePath":"Benchmarks/Study_SamplesSet/3ab6356a5eb2c3c14897fc21ed6ebbcb.sol"},{"line":228,"column":3,"severity":"Warning","message":"Rule is set with explicit type [var/s: uint]","ruleId":"explicit-types","filePath":"Benchmarks/Study_SamplesSet/3ab6356a5eb2c3c14897fc21ed6ebbcb.sol"},{"line":228,"column":3,"severity":"Warning","message":"Variable name must be in mixedCase","ruleId":"var-name-mixedcase","fix":null,"filePath":"Benchmarks/Study_SamplesSet/3ab6356a5eb2c3c14897fc21ed6ebbcb.sol"},{"line":229,"column":1,"severity":"Warning","message":"Function name must be in mixedCase","ruleId":"func-name-mixedcase","fix":null,"filePath":"Benchmarks/Study_SamplesSet/3ab6356a5eb2c3c14897fc21ed6ebbcb.sol"},{"line":233,"column":13,"severity":"Warning","message":"Provide an error message for revert","ruleId":"reason-string","fix":null,"filePath":"Benchmarks/Study_SamplesSet/3ab6356a5eb2c3c14897fc21ed6ebbcb.sol"},{"line":233,"column":13,"severity":"Warning","message":"Use Custom Errors instead of revert statements","ruleId":"custom-errors","fix":null,"filePath":"Benchmarks/Study_SamplesSet/3ab6356a5eb2c3c14897fc21ed6ebbcb.sol"},{"line":235,"column":9,"severity":"Error","message":"Possible reentrancy vulnerabilities. Avoid state changes after transfer.","ruleId":"reentrancy","fix":null,"filePath":"Benchmarks/Study_SamplesSet/3ab6356a5eb2c3c14897fc21ed6ebbcb.sol"},{"line":238,"column":3,"severity":"Error","message":"Explicitly mark visibility of state","ruleId":"state-visibility","fix":null,"filePath":"Benchmarks/Study_SamplesSet/3ab6356a5eb2c3c14897fc21ed6ebbcb.sol"},{"line":238,"column":3,"severity":"Warning","message":"Rule is set with explicit type [var/s: uint]","ruleId":"explicit-types","filePath":"Benchmarks/Study_SamplesSet/3ab6356a5eb2c3c14897fc21ed6ebbcb.sol"},{"line":238,"column":3,"severity":"Warning","message":"Variable name must be in mixedCase","ruleId":"var-name-mixedcase","fix":null,"filePath":"Benchmarks/Study_SamplesSet/3ab6356a5eb2c3c14897fc21ed6ebbcb.sol"},{"line":239,"column":5,"severity":"Warning","message":"Function name must be in mixedCase","ruleId":"func-name-mixedcase","fix":null,"filePath":"Benchmarks/Study_SamplesSet/3ab6356a5eb2c3c14897fc21ed6ebbcb.sol"},{"line":241,"column":11,"severity":"Error","message":"Possible reentrancy vulnerabilities. Avoid state changes after transfer.","ruleId":"reentrancy","fix":null,"filePath":"Benchmarks/Study_SamplesSet/3ab6356a5eb2c3c14897fc21ed6ebbcb.sol"},{"line":245,"column":3,"severity":"Error","message":"Explicitly mark visibility of state","ruleId":"state-visibility","fix":null,"filePath":"Benchmarks/Study_SamplesSet/3ab6356a5eb2c3c14897fc21ed6ebbcb.sol"},{"line":245,"column":3,"severity":"Warning","message":"Variable name must be in mixedCase","ruleId":"var-name-mixedcase","fix":null,"filePath":"Benchmarks/Study_SamplesSet/3ab6356a5eb2c3c14897fc21ed6ebbcb.sol"},{"line":246,"column":1,"severity":"Warning","message":"Function name must be in mixedCase","ruleId":"func-name-mixedcase","fix":null,"filePath":"Benchmarks/Study_SamplesSet/3ab6356a5eb2c3c14897fc21ed6ebbcb.sol"},{"line":247,"column":9,"severity":"Warning","message":"Provide an error message for require","ruleId":"reason-string","fix":null,"filePath":"Benchmarks/Study_SamplesSet/3ab6356a5eb2c3c14897fc21ed6ebbcb.sol"},{"line":247,"column":9,"severity":"Warning","message":"Use Custom Errors instead of require statements","ruleId":"custom-errors","fix":null,"filePath":"Benchmarks/Study_SamplesSet/3ab6356a5eb2c3c14897fc21ed6ebbcb.sol"},{"line":249,"column":13,"severity":"Warning","message":"Provide an error message for revert","ruleId":"reason-string","fix":null,"filePath":"Benchmarks/Study_SamplesSet/3ab6356a5eb2c3c14897fc21ed6ebbcb.sol"},{"line":249,"column":13,"severity":"Warning","message":"Use Custom Errors instead of revert statements","ruleId":"custom-errors","fix":null,"filePath":"Benchmarks/Study_SamplesSet/3ab6356a5eb2c3c14897fc21ed6ebbcb.sol"},{"line":251,"column":9,"severity":"Error","message":"Possible reentrancy vulnerabilities. Avoid state changes after transfer.","ruleId":"reentrancy","fix":null,"filePath":"Benchmarks/Study_SamplesSet/3ab6356a5eb2c3c14897fc21ed6ebbcb.sol"},{"line":253,"column":3,"severity":"Warning","message":"Variable name must be in mixedCase","ruleId":"var-name-mixedcase","fix":null,"filePath":"Benchmarks/Study_SamplesSet/3ab6356a5eb2c3c14897fc21ed6ebbcb.sol"},{"line":255,"column":3,"severity":"Error","message":"Explicitly mark visibility of state","ruleId":"state-visibility","fix":null,"filePath":"Benchmarks/Study_SamplesSet/3ab6356a5eb2c3c14897fc21ed6ebbcb.sol"},{"line":255,"column":3,"severity":"Warning","message":"Variable name must be in mixedCase","ruleId":"var-name-mixedcase","fix":null,"filePath":"Benchmarks/Study_SamplesSet/3ab6356a5eb2c3c14897fc21ed6ebbcb.sol"},{"line":256,"column":1,"severity":"Warning","message":"Function name must be in mixedCase","ruleId":"func-name-mixedcase","fix":null,"filePath":"Benchmarks/Study_SamplesSet/3ab6356a5eb2c3c14897fc21ed6ebbcb.sol"},{"line":257,"column":9,"severity":"Warning","message":"Provide an error message for require","ruleId":"reason-string","fix":null,"filePath":"Benchmarks/Study_SamplesSet/3ab6356a5eb2c3c14897fc21ed6ebbcb.sol"},{"line":257,"column":9,"severity":"Warning","message":"Use Custom Errors instead of require statements","ruleId":"custom-errors","fix":null,"filePath":"Benchmarks/Study_SamplesSet/3ab6356a5eb2c3c14897fc21ed6ebbcb.sol"},{"line":259,"column":13,"severity":"Warning","message":"Provide an error message for revert","ruleId":"reason-string","fix":null,"filePath":"Benchmarks/Study_SamplesSet/3ab6356a5eb2c3c14897fc21ed6ebbcb.sol"},{"line":259,"column":13,"severity":"Warning","message":"Use Custom Errors instead of revert statements","ruleId":"custom-errors","fix":null,"filePath":"Benchmarks/Study_SamplesSet/3ab6356a5eb2c3c14897fc21ed6ebbcb.sol"},{"line":261,"column":9,"severity":"Error","message":"Possible reentrancy vulnerabilities. Avoid state changes after transfer.","ruleId":"reentrancy","fix":null,"filePath":"Benchmarks/Study_SamplesSet/3ab6356a5eb2c3c14897fc21ed6ebbcb.sol"},{"line":267,"column":30,"severity":"Warning","message":"Rule is set with explicit type [var/s: uint]","ruleId":"explicit-types","filePath":"Benchmarks/Study_SamplesSet/3ab6356a5eb2c3c14897fc21ed6ebbcb.sol"},{"line":277,"column":1,"severity":"Error","message":"Explicitly mark visibility of state","ruleId":"state-visibility","fix":null,"filePath":"Benchmarks/Study_SamplesSet/3ab6356a5eb2c3c14897fc21ed6ebbcb.sol"},{"line":277,"column":1,"severity":"Warning","message":"Variable name must be in mixedCase","ruleId":"var-name-mixedcase","fix":null,"filePath":"Benchmarks/Study_SamplesSet/3ab6356a5eb2c3c14897fc21ed6ebbcb.sol"},{"line":278,"column":7,"severity":"Error","message":"Explicitly mark visibility of state","ruleId":"state-visibility","fix":null,"filePath":"Benchmarks/Study_SamplesSet/3ab6356a5eb2c3c14897fc21ed6ebbcb.sol"},{"line":278,"column":7,"severity":"Warning","message":"Rule is set with explicit type [var/s: uint]","ruleId":"explicit-types","filePath":"Benchmarks/Study_SamplesSet/3ab6356a5eb2c3c14897fc21ed6ebbcb.sol"},{"line":278,"column":7,"severity":"Warning","message":"Variable name must be in mixedCase","ruleId":"var-name-mixedcase","fix":null,"filePath":"Benchmarks/Study_SamplesSet/3ab6356a5eb2c3c14897fc21ed6ebbcb.sol"},{"line":279,"column":4,"severity":"Warning","message":"Function name must be in mixedCase","ruleId":"func-name-mixedcase","fix":null,"filePath":"Benchmarks/Study_SamplesSet/3ab6356a5eb2c3c14897fc21ed6ebbcb.sol"},{"line":281,"column":9,"severity":"Warning","message":"Provide an error message for revert","ruleId":"reason-string","fix":null,"filePath":"Benchmarks/Study_SamplesSet/3ab6356a5eb2c3c14897fc21ed6ebbcb.sol"},{"line":281,"column":9,"severity":"Warning","message":"Use Custom Errors instead of revert statements","ruleId":"custom-errors","fix":null,"filePath":"Benchmarks/Study_SamplesSet/3ab6356a5eb2c3c14897fc21ed6ebbcb.sol"},{"line":282,"column":7,"severity":"Error","message":"Possible reentrancy vulnerabilities. Avoid state changes after transfer.","ruleId":"reentrancy","fix":null,"filePath":"Benchmarks/Study_SamplesSet/3ab6356a5eb2c3c14897fc21ed6ebbcb.sol"},{"line":283,"column":7,"severity":"Error","message":"Possible reentrancy vulnerabilities. Avoid state changes after transfer.","ruleId":"reentrancy","fix":null,"filePath":"Benchmarks/Study_SamplesSet/3ab6356a5eb2c3c14897fc21ed6ebbcb.sol"},{"line":289,"column":1,"severity":"Error","message":"Explicitly mark visibility of state","ruleId":"state-visibility","fix":null,"filePath":"Benchmarks/Study_SamplesSet/3ab6356a5eb2c3c14897fc21ed6ebbcb.sol"},{"line":289,"column":1,"severity":"Warning","message":"Rule is set with explicit type [var/s: uint]","ruleId":"explicit-types","filePath":"Benchmarks/Study_SamplesSet/3ab6356a5eb2c3c14897fc21ed6ebbcb.sol"},{"line":289,"column":1,"severity":"Warning","message":"Variable name must be in mixedCase","ruleId":"var-name-mixedcase","fix":null,"filePath":"Benchmarks/Study_SamplesSet/3ab6356a5eb2c3c14897fc21ed6ebbcb.sol"},{"line":290,"column":1,"severity":"Warning","message":"Function name must be in mixedCase","ruleId":"func-name-mixedcase","fix":null,"filePath":"Benchmarks/Study_SamplesSet/3ab6356a5eb2c3c14897fc21ed6ebbcb.sol"},{"line":291,"column":9,"severity":"Warning","message":"Provide an error message for require","ruleId":"reason-string","fix":null,"filePath":"Benchmarks/Study_SamplesSet/3ab6356a5eb2c3c14897fc21ed6ebbcb.sol"},{"line":291,"column":9,"severity":"Warning","message":"Use Custom Errors instead of require statements","ruleId":"custom-errors","fix":null,"filePath":"Benchmarks/Study_SamplesSet/3ab6356a5eb2c3c14897fc21ed6ebbcb.sol"},{"line":293,"column":25,"severity":"Error","message":"Avoid to use low level calls.","ruleId":"avoid-low-level-calls","fix":null,"filePath":"Benchmarks/Study_SamplesSet/3ab6356a5eb2c3c14897fc21ed6ebbcb.sol"},{"line":293,"column":25,"severity":"Error","message":"Avoid to use \".call.value()()\"","ruleId":"avoid-call-value","fix":null,"filePath":"Benchmarks/Study_SamplesSet/3ab6356a5eb2c3c14897fc21ed6ebbcb.sol"},{"line":294,"column":9,"severity":"Warning","message":"Provide an error message for require","ruleId":"reason-string","fix":null,"filePath":"Benchmarks/Study_SamplesSet/3ab6356a5eb2c3c14897fc21ed6ebbcb.sol"},{"line":294,"column":9,"severity":"Warning","message":"Use Custom Errors instead of require statements","ruleId":"custom-errors","fix":null,"filePath":"Benchmarks/Study_SamplesSet/3ab6356a5eb2c3c14897fc21ed6ebbcb.sol"},{"line":298,"column":32,"severity":"Warning","message":"Rule is set with explicit type [var/s: uint]","ruleId":"explicit-types","filePath":"Benchmarks/Study_SamplesSet/3ab6356a5eb2c3c14897fc21ed6ebbcb.sol"},{"line":298,"column":32,"severity":"Warning","message":"Variable name must be in mixedCase","ruleId":"var-name-mixedcase","fix":null,"filePath":"Benchmarks/Study_SamplesSet/3ab6356a5eb2c3c14897fc21ed6ebbcb.sol"},{"line":300,"column":9,"severity":"Error","message":"Explicitly mark all external contracts as trusted or untrusted","ruleId":"mark-callable-contracts","filePath":"Benchmarks/Study_SamplesSet/3ab6356a5eb2c3c14897fc21ed6ebbcb.sol"},{"line":302,"column":1,"severity":"Error","message":"Explicitly mark visibility of state","ruleId":"state-visibility","fix":null,"filePath":"Benchmarks/Study_SamplesSet/3ab6356a5eb2c3c14897fc21ed6ebbcb.sol"},{"line":302,"column":1,"severity":"Warning","message":"Variable name must be in mixedCase","ruleId":"var-name-mixedcase","fix":null,"filePath":"Benchmarks/Study_SamplesSet/3ab6356a5eb2c3c14897fc21ed6ebbcb.sol"},{"line":303,"column":7,"severity":"Error","message":"Explicitly mark visibility of state","ruleId":"state-visibility","fix":null,"filePath":"Benchmarks/Study_SamplesSet/3ab6356a5eb2c3c14897fc21ed6ebbcb.sol"},{"line":303,"column":7,"severity":"Warning","message":"Rule is set with explicit type [var/s: uint]","ruleId":"explicit-types","filePath":"Benchmarks/Study_SamplesSet/3ab6356a5eb2c3c14897fc21ed6ebbcb.sol"},{"line":303,"column":7,"severity":"Warning","message":"Variable name must be in mixedCase","ruleId":"var-name-mixedcase","fix":null,"filePath":"Benchmarks/Study_SamplesSet/3ab6356a5eb2c3c14897fc21ed6ebbcb.sol"},{"line":304,"column":4,"severity":"Warning","message":"Function name must be in mixedCase","ruleId":"func-name-mixedcase","fix":null,"filePath":"Benchmarks/Study_SamplesSet/3ab6356a5eb2c3c14897fc21ed6ebbcb.sol"},{"line":306,"column":9,"severity":"Warning","message":"Provide an error message for revert","ruleId":"reason-string","fix":null,"filePath":"Benchmarks/Study_SamplesSet/3ab6356a5eb2c3c14897fc21ed6ebbcb.sol"},{"line":306,"column":9,"severity":"Warning","message":"Use Custom Errors instead of revert statements","ruleId":"custom-errors","fix":null,"filePath":"Benchmarks/Study_SamplesSet/3ab6356a5eb2c3c14897fc21ed6ebbcb.sol"},{"line":307,"column":7,"severity":"Error","message":"Possible reentrancy vulnerabilities. Avoid state changes after transfer.","ruleId":"reentrancy","fix":null,"filePath":"Benchmarks/Study_SamplesSet/3ab6356a5eb2c3c14897fc21ed6ebbcb.sol"},{"line":308,"column":7,"severity":"Error","message":"Possible reentrancy vulnerabilities. Avoid state changes after transfer.","ruleId":"reentrancy","fix":null,"filePath":"Benchmarks/Study_SamplesSet/3ab6356a5eb2c3c14897fc21ed6ebbcb.sol"},{"line":314,"column":1,"severity":"Error","message":"Explicitly mark visibility of state","ruleId":"state-visibility","fix":null,"filePath":"Benchmarks/Study_SamplesSet/3ab6356a5eb2c3c14897fc21ed6ebbcb.sol"},{"line":314,"column":1,"severity":"Warning","message":"Rule is set with explicit type [var/s: uint]","ruleId":"explicit-types","filePath":"Benchmarks/Study_SamplesSet/3ab6356a5eb2c3c14897fc21ed6ebbcb.sol"},{"line":314,"column":1,"severity":"Warning","message":"Variable name must be in mixedCase","ruleId":"var-name-mixedcase","fix":null,"filePath":"Benchmarks/Study_SamplesSet/3ab6356a5eb2c3c14897fc21ed6ebbcb.sol"},{"line":315,"column":1,"severity":"Warning","message":"Function name must be in mixedCase","ruleId":"func-name-mixedcase","fix":null,"filePath":"Benchmarks/Study_SamplesSet/3ab6356a5eb2c3c14897fc21ed6ebbcb.sol"},{"line":316,"column":9,"severity":"Warning","message":"Provide an error message for require","ruleId":"reason-string","fix":null,"filePath":"Benchmarks/Study_SamplesSet/3ab6356a5eb2c3c14897fc21ed6ebbcb.sol"},{"line":316,"column":9,"severity":"Warning","message":"Use Custom Errors instead of require statements","ruleId":"custom-errors","fix":null,"filePath":"Benchmarks/Study_SamplesSet/3ab6356a5eb2c3c14897fc21ed6ebbcb.sol"},{"line":318,"column":19,"severity":"Error","message":"Avoid to use low level calls.","ruleId":"avoid-low-level-calls","fix":null,"filePath":"Benchmarks/Study_SamplesSet/3ab6356a5eb2c3c14897fc21ed6ebbcb.sol"},{"line":318,"column":19,"severity":"Error","message":"Avoid to use \".call.value()()\"","ruleId":"avoid-call-value","fix":null,"filePath":"Benchmarks/Study_SamplesSet/3ab6356a5eb2c3c14897fc21ed6ebbcb.sol"},{"line":319,"column":9,"severity":"Warning","message":"Provide an error message for require","ruleId":"reason-string","fix":null,"filePath":"Benchmarks/Study_SamplesSet/3ab6356a5eb2c3c14897fc21ed6ebbcb.sol"},{"line":319,"column":9,"severity":"Warning","message":"Use Custom Errors instead of require statements","ruleId":"custom-errors","fix":null,"filePath":"Benchmarks/Study_SamplesSet/3ab6356a5eb2c3c14897fc21ed6ebbcb.sol"},{"line":337,"column":1,"severity":"Error","message":"Explicitly mark visibility of state","ruleId":"state-visibility","fix":null,"filePath":"Benchmarks/Study_SamplesSet/3ab6356a5eb2c3c14897fc21ed6ebbcb.sol"},{"line":337,"column":1,"severity":"Warning","message":"Variable name must be in mixedCase","ruleId":"var-name-mixedcase","fix":null,"filePath":"Benchmarks/Study_SamplesSet/3ab6356a5eb2c3c14897fc21ed6ebbcb.sol"},{"line":338,"column":7,"severity":"Error","message":"Explicitly mark visibility of state","ruleId":"state-visibility","fix":null,"filePath":"Benchmarks/Study_SamplesSet/3ab6356a5eb2c3c14897fc21ed6ebbcb.sol"},{"line":338,"column":7,"severity":"Warning","message":"Rule is set with explicit type [var/s: uint]","ruleId":"explicit-types","filePath":"Benchmarks/Study_SamplesSet/3ab6356a5eb2c3c14897fc21ed6ebbcb.sol"},{"line":338,"column":7,"severity":"Warning","message":"Variable name must be in mixedCase","ruleId":"var-name-mixedcase","fix":null,"filePath":"Benchmarks/Study_SamplesSet/3ab6356a5eb2c3c14897fc21ed6ebbcb.sol"},{"line":339,"column":4,"severity":"Warning","message":"Function name must be in mixedCase","ruleId":"func-name-mixedcase","fix":null,"filePath":"Benchmarks/Study_SamplesSet/3ab6356a5eb2c3c14897fc21ed6ebbcb.sol"},{"line":340,"column":24,"severity":"Error","message":"Avoid to use low level calls.","ruleId":"avoid-low-level-calls","fix":null,"filePath":"Benchmarks/Study_SamplesSet/3ab6356a5eb2c3c14897fc21ed6ebbcb.sol"},{"line":340,"column":24,"severity":"Error","message":"Avoid to use \".call.value()()\"","ruleId":"avoid-call-value","fix":null,"filePath":"Benchmarks/Study_SamplesSet/3ab6356a5eb2c3c14897fc21ed6ebbcb.sol"},{"line":342,"column":10,"severity":"Warning","message":"Provide an error message for revert","ruleId":"reason-string","fix":null,"filePath":"Benchmarks/Study_SamplesSet/3ab6356a5eb2c3c14897fc21ed6ebbcb.sol"},{"line":342,"column":10,"severity":"Warning","message":"Use Custom Errors instead of revert statements","ruleId":"custom-errors","fix":null,"filePath":"Benchmarks/Study_SamplesSet/3ab6356a5eb2c3c14897fc21ed6ebbcb.sol"},{"line":347,"column":25,"severity":"Warning","message":"Visibility modifier must be first in list of modifiers","ruleId":"visibility-modifier-order","fix":null,"filePath":"Benchmarks/Study_SamplesSet/3ab6356a5eb2c3c14897fc21ed6ebbcb.sol"},{"line":347,"column":5,"severity":"Error","message":"Fallback function must be simple","ruleId":"no-complex-fallback","fix":null,"filePath":"Benchmarks/Study_SamplesSet/3ab6356a5eb2c3c14897fc21ed6ebbcb.sol"},{"line":348,"column":9,"severity":"Warning","message":"Provide an error message for require","ruleId":"reason-string","fix":null,"filePath":"Benchmarks/Study_SamplesSet/3ab6356a5eb2c3c14897fc21ed6ebbcb.sol"},{"line":348,"column":9,"severity":"Warning","message":"Use Custom Errors instead of require statements","ruleId":"custom-errors","fix":null,"filePath":"Benchmarks/Study_SamplesSet/3ab6356a5eb2c3c14897fc21ed6ebbcb.sol"},{"line":355,"column":1,"severity":"Error","message":"Explicitly mark visibility of state","ruleId":"state-visibility","fix":null,"filePath":"Benchmarks/Study_SamplesSet/3ab6356a5eb2c3c14897fc21ed6ebbcb.sol"},{"line":355,"column":1,"severity":"Warning","message":"Rule is set with explicit type [var/s: uint]","ruleId":"explicit-types","filePath":"Benchmarks/Study_SamplesSet/3ab6356a5eb2c3c14897fc21ed6ebbcb.sol"},{"line":355,"column":1,"severity":"Warning","message":"Variable name must be in mixedCase","ruleId":"var-name-mixedcase","fix":null,"filePath":"Benchmarks/Study_SamplesSet/3ab6356a5eb2c3c14897fc21ed6ebbcb.sol"},{"line":356,"column":1,"severity":"Warning","message":"Function name must be in mixedCase","ruleId":"func-name-mixedcase","fix":null,"filePath":"Benchmarks/Study_SamplesSet/3ab6356a5eb2c3c14897fc21ed6ebbcb.sol"},{"line":358,"column":9,"severity":"Warning","message":"Provide an error message for require","ruleId":"reason-string","fix":null,"filePath":"Benchmarks/Study_SamplesSet/3ab6356a5eb2c3c14897fc21ed6ebbcb.sol"},{"line":358,"column":9,"severity":"Warning","message":"Use Custom Errors instead of require statements","ruleId":"custom-errors","fix":null,"filePath":"Benchmarks/Study_SamplesSet/3ab6356a5eb2c3c14897fc21ed6ebbcb.sol"},{"line":359,"column":9,"severity":"Warning","message":"Rule is set with explicit type [var/s: uint]","ruleId":"explicit-types","filePath":"Benchmarks/Study_SamplesSet/3ab6356a5eb2c3c14897fc21ed6ebbcb.sol"},{"line":359,"column":9,"severity":"Warning","message":"Variable name must be in mixedCase","ruleId":"var-name-mixedcase","fix":null,"filePath":"Benchmarks/Study_SamplesSet/3ab6356a5eb2c3c14897fc21ed6ebbcb.sol"},{"line":361,"column":9,"severity":"Error","message":"Possible reentrancy vulnerabilities. Avoid state changes after transfer.","ruleId":"reentrancy","fix":null,"filePath":"Benchmarks/Study_SamplesSet/3ab6356a5eb2c3c14897fc21ed6ebbcb.sol"},{"line":365,"column":14,"severity":"Warning","message":"Rule is set with explicit type [var/s: uint]","ruleId":"explicit-types","filePath":"Benchmarks/Study_SamplesSet/3ab6356a5eb2c3c14897fc21ed6ebbcb.sol"},{"line":367,"column":1,"severity":"Error","message":"Explicitly mark visibility of state","ruleId":"state-visibility","fix":null,"filePath":"Benchmarks/Study_SamplesSet/3ab6356a5eb2c3c14897fc21ed6ebbcb.sol"},{"line":367,"column":1,"severity":"Warning","message":"Rule is set with explicit type [var/s: uint]","ruleId":"explicit-types","filePath":"Benchmarks/Study_SamplesSet/3ab6356a5eb2c3c14897fc21ed6ebbcb.sol"},{"line":367,"column":1,"severity":"Warning","message":"Variable name must be in mixedCase","ruleId":"var-name-mixedcase","fix":null,"filePath":"Benchmarks/Study_SamplesSet/3ab6356a5eb2c3c14897fc21ed6ebbcb.sol"},{"line":368,"column":1,"severity":"Warning","message":"Function name must be in mixedCase","ruleId":"func-name-mixedcase","fix":null,"filePath":"Benchmarks/Study_SamplesSet/3ab6356a5eb2c3c14897fc21ed6ebbcb.sol"},{"line":372,"column":13,"severity":"Warning","message":"Provide an error message for revert","ruleId":"reason-string","fix":null,"filePath":"Benchmarks/Study_SamplesSet/3ab6356a5eb2c3c14897fc21ed6ebbcb.sol"},{"line":372,"column":13,"severity":"Warning","message":"Use Custom Errors instead of revert statements","ruleId":"custom-errors","fix":null,"filePath":"Benchmarks/Study_SamplesSet/3ab6356a5eb2c3c14897fc21ed6ebbcb.sol"},{"line":374,"column":9,"severity":"Error","message":"Possible reentrancy vulnerabilities. Avoid state changes after transfer.","ruleId":"reentrancy","fix":null,"filePath":"Benchmarks/Study_SamplesSet/3ab6356a5eb2c3c14897fc21ed6ebbcb.sol"},{"line":378,"column":9,"severity":"Warning","message":"Provide an error message for require","ruleId":"reason-string","fix":null,"filePath":"Benchmarks/Study_SamplesSet/3ab6356a5eb2c3c14897fc21ed6ebbcb.sol"},{"line":378,"column":9,"severity":"Warning","message":"Use Custom Errors instead of require statements","ruleId":"custom-errors","fix":null,"filePath":"Benchmarks/Study_SamplesSet/3ab6356a5eb2c3c14897fc21ed6ebbcb.sol"},{"line":379,"column":14,"severity":"Warning","message":"Rule is set with explicit type [var/s: uint]","ruleId":"explicit-types","filePath":"Benchmarks/Study_SamplesSet/3ab6356a5eb2c3c14897fc21ed6ebbcb.sol"},{"line":381,"column":1,"severity":"Error","message":"Explicitly mark visibility of state","ruleId":"state-visibility","fix":null,"filePath":"Benchmarks/Study_SamplesSet/3ab6356a5eb2c3c14897fc21ed6ebbcb.sol"},{"line":381,"column":1,"severity":"Warning","message":"Rule is set with explicit type [var/s: uint]","ruleId":"explicit-types","filePath":"Benchmarks/Study_SamplesSet/3ab6356a5eb2c3c14897fc21ed6ebbcb.sol"},{"line":381,"column":1,"severity":"Warning","message":"Variable name must be in mixedCase","ruleId":"var-name-mixedcase","fix":null,"filePath":"Benchmarks/Study_SamplesSet/3ab6356a5eb2c3c14897fc21ed6ebbcb.sol"},{"line":382,"column":1,"severity":"Warning","message":"Function name must be in mixedCase","ruleId":"func-name-mixedcase","fix":null,"filePath":"Benchmarks/Study_SamplesSet/3ab6356a5eb2c3c14897fc21ed6ebbcb.sol"},{"line":385,"column":26,"severity":"Error","message":"Avoid to use low level calls.","ruleId":"avoid-low-level-calls","fix":null,"filePath":"Benchmarks/Study_SamplesSet/3ab6356a5eb2c3c14897fc21ed6ebbcb.sol"},{"line":385,"column":26,"severity":"Error","message":"Avoid to use \".call.value()()\"","ruleId":"avoid-call-value","fix":null,"filePath":"Benchmarks/Study_SamplesSet/3ab6356a5eb2c3c14897fc21ed6ebbcb.sol"},{"line":387,"column":13,"severity":"Warning","message":"Provide an error message for revert","ruleId":"reason-string","fix":null,"filePath":"Benchmarks/Study_SamplesSet/3ab6356a5eb2c3c14897fc21ed6ebbcb.sol"},{"line":387,"column":13,"severity":"Warning","message":"Use Custom Errors instead of revert statements","ruleId":"custom-errors","fix":null,"filePath":"Benchmarks/Study_SamplesSet/3ab6356a5eb2c3c14897fc21ed6ebbcb.sol"},{"line":397,"column":53,"severity":"Warning","message":"Rule is set with explicit type [var/s: uint]","ruleId":"explicit-types","filePath":"Benchmarks/Study_SamplesSet/3ab6356a5eb2c3c14897fc21ed6ebbcb.sol"},{"line":399,"column":9,"severity":"Warning","message":"Provide an error message for require","ruleId":"reason-string","fix":null,"filePath":"Benchmarks/Study_SamplesSet/3ab6356a5eb2c3c14897fc21ed6ebbcb.sol"},{"line":399,"column":9,"severity":"Warning","message":"Use Custom Errors instead of require statements","ruleId":"custom-errors","fix":null,"filePath":"Benchmarks/Study_SamplesSet/3ab6356a5eb2c3c14897fc21ed6ebbcb.sol"},{"line":400,"column":9,"severity":"Warning","message":"Provide an error message for require","ruleId":"reason-string","fix":null,"filePath":"Benchmarks/Study_SamplesSet/3ab6356a5eb2c3c14897fc21ed6ebbcb.sol"},{"line":400,"column":9,"severity":"Warning","message":"Use Custom Errors instead of require statements","ruleId":"custom-errors","fix":null,"filePath":"Benchmarks/Study_SamplesSet/3ab6356a5eb2c3c14897fc21ed6ebbcb.sol"},{"line":405,"column":1,"severity":"Error","message":"Explicitly mark visibility of state","ruleId":"state-visibility","fix":null,"filePath":"Benchmarks/Study_SamplesSet/3ab6356a5eb2c3c14897fc21ed6ebbcb.sol"},{"line":405,"column":1,"severity":"Warning","message":"Variable name must be in mixedCase","ruleId":"var-name-mixedcase","fix":null,"filePath":"Benchmarks/Study_SamplesSet/3ab6356a5eb2c3c14897fc21ed6ebbcb.sol"},{"line":406,"column":1,"severity":"Warning","message":"Function name must be in mixedCase","ruleId":"func-name-mixedcase","fix":null,"filePath":"Benchmarks/Study_SamplesSet/3ab6356a5eb2c3c14897fc21ed6ebbcb.sol"},{"line":407,"column":9,"severity":"Warning","message":"Provide an error message for require","ruleId":"reason-string","fix":null,"filePath":"Benchmarks/Study_SamplesSet/3ab6356a5eb2c3c14897fc21ed6ebbcb.sol"},{"line":407,"column":9,"severity":"Warning","message":"Use Custom Errors instead of require statements","ruleId":"custom-errors","fix":null,"filePath":"Benchmarks/Study_SamplesSet/3ab6356a5eb2c3c14897fc21ed6ebbcb.sol"},{"line":409,"column":13,"severity":"Warning","message":"Provide an error message for revert","ruleId":"reason-string","fix":null,"filePath":"Benchmarks/Study_SamplesSet/3ab6356a5eb2c3c14897fc21ed6ebbcb.sol"},{"line":409,"column":13,"severity":"Warning","message":"Use Custom Errors instead of revert statements","ruleId":"custom-errors","fix":null,"filePath":"Benchmarks/Study_SamplesSet/3ab6356a5eb2c3c14897fc21ed6ebbcb.sol"},{"line":411,"column":9,"severity":"Error","message":"Possible reentrancy vulnerabilities. Avoid state changes after transfer.","ruleId":"reentrancy","fix":null,"filePath":"Benchmarks/Study_SamplesSet/3ab6356a5eb2c3c14897fc21ed6ebbcb.sol"},{"line":414,"column":45,"severity":"Warning","message":"Visibility modifier must be first in list of modifiers","ruleId":"visibility-modifier-order","fix":null,"filePath":"Benchmarks/Study_SamplesSet/3ab6356a5eb2c3c14897fc21ed6ebbcb.sol"},{"line":417,"column":1,"severity":"Error","message":"Explicitly mark visibility of state","ruleId":"state-visibility","fix":null,"filePath":"Benchmarks/Study_SamplesSet/3ab6356a5eb2c3c14897fc21ed6ebbcb.sol"},{"line":417,"column":1,"severity":"Warning","message":"Rule is set with explicit type [var/s: uint]","ruleId":"explicit-types","filePath":"Benchmarks/Study_SamplesSet/3ab6356a5eb2c3c14897fc21ed6ebbcb.sol"},{"line":417,"column":1,"severity":"Warning","message":"Variable name must be in mixedCase","ruleId":"var-name-mixedcase","fix":null,"filePath":"Benchmarks/Study_SamplesSet/3ab6356a5eb2c3c14897fc21ed6ebbcb.sol"},{"line":418,"column":1,"severity":"Warning","message":"Function name must be in mixedCase","ruleId":"func-name-mixedcase","fix":null,"filePath":"Benchmarks/Study_SamplesSet/3ab6356a5eb2c3c14897fc21ed6ebbcb.sol"},{"line":420,"column":9,"severity":"Warning","message":"Provide an error message for require","ruleId":"reason-string","fix":null,"filePath":"Benchmarks/Study_SamplesSet/3ab6356a5eb2c3c14897fc21ed6ebbcb.sol"},{"line":420,"column":9,"severity":"Warning","message":"Use Custom Errors instead of require statements","ruleId":"custom-errors","fix":null,"filePath":"Benchmarks/Study_SamplesSet/3ab6356a5eb2c3c14897fc21ed6ebbcb.sol"},{"line":421,"column":9,"severity":"Warning","message":"Rule is set with explicit type [var/s: uint]","ruleId":"explicit-types","filePath":"Benchmarks/Study_SamplesSet/3ab6356a5eb2c3c14897fc21ed6ebbcb.sol"},{"line":421,"column":9,"severity":"Warning","message":"Variable name must be in mixedCase","ruleId":"var-name-mixedcase","fix":null,"filePath":"Benchmarks/Study_SamplesSet/3ab6356a5eb2c3c14897fc21ed6ebbcb.sol"},{"line":423,"column":9,"severity":"Error","message":"Possible reentrancy vulnerabilities. Avoid state changes after transfer.","ruleId":"reentrancy","fix":null,"filePath":"Benchmarks/Study_SamplesSet/3ab6356a5eb2c3c14897fc21ed6ebbcb.sol"},{"line":426,"column":77,"severity":"Warning","message":"Visibility modifier must be first in list of modifiers","ruleId":"visibility-modifier-order","fix":null,"filePath":"Benchmarks/Study_SamplesSet/3ab6356a5eb2c3c14897fc21ed6ebbcb.sol"},{"line":430,"column":1,"severity":"Error","message":"Explicitly mark visibility of state","ruleId":"state-visibility","fix":null,"filePath":"Benchmarks/Study_SamplesSet/3ab6356a5eb2c3c14897fc21ed6ebbcb.sol"},{"line":430,"column":1,"severity":"Warning","message":"Rule is set with explicit type [var/s: uint]","ruleId":"explicit-types","filePath":"Benchmarks/Study_SamplesSet/3ab6356a5eb2c3c14897fc21ed6ebbcb.sol"},{"line":430,"column":1,"severity":"Warning","message":"Variable name must be in mixedCase","ruleId":"var-name-mixedcase","fix":null,"filePath":"Benchmarks/Study_SamplesSet/3ab6356a5eb2c3c14897fc21ed6ebbcb.sol"},{"line":431,"column":1,"severity":"Warning","message":"Function name must be in mixedCase","ruleId":"func-name-mixedcase","fix":null,"filePath":"Benchmarks/Study_SamplesSet/3ab6356a5eb2c3c14897fc21ed6ebbcb.sol"},{"line":432,"column":9,"severity":"Warning","message":"Provide an error message for require","ruleId":"reason-string","fix":null,"filePath":"Benchmarks/Study_SamplesSet/3ab6356a5eb2c3c14897fc21ed6ebbcb.sol"},{"line":432,"column":9,"severity":"Warning","message":"Use Custom Errors instead of require statements","ruleId":"custom-errors","fix":null,"filePath":"Benchmarks/Study_SamplesSet/3ab6356a5eb2c3c14897fc21ed6ebbcb.sol"},{"line":434,"column":9,"severity":"Warning","message":"Provide an error message for require","ruleId":"reason-string","fix":null,"filePath":"Benchmarks/Study_SamplesSet/3ab6356a5eb2c3c14897fc21ed6ebbcb.sol"},{"line":434,"column":9,"severity":"Warning","message":"Use Custom Errors instead of require statements","ruleId":"custom-errors","fix":null,"filePath":"Benchmarks/Study_SamplesSet/3ab6356a5eb2c3c14897fc21ed6ebbcb.sol"},{"line":435,"column":9,"severity":"Error","message":"Possible reentrancy vulnerabilities. Avoid state changes after transfer.","ruleId":"reentrancy","fix":null,"filePath":"Benchmarks/Study_SamplesSet/3ab6356a5eb2c3c14897fc21ed6ebbcb.sol"},{"line":438,"column":96,"severity":"Warning","message":"Visibility modifier must be first in list of modifiers","ruleId":"visibility-modifier-order","fix":null,"filePath":"Benchmarks/Study_SamplesSet/3ab6356a5eb2c3c14897fc21ed6ebbcb.sol"},{"line":439,"column":9,"severity":"Warning","message":"Provide an error message for require","ruleId":"reason-string","fix":null,"filePath":"Benchmarks/Study_SamplesSet/3ab6356a5eb2c3c14897fc21ed6ebbcb.sol"},{"line":439,"column":9,"severity":"Warning","message":"Use Custom Errors instead of require statements","ruleId":"custom-errors","fix":null,"filePath":"Benchmarks/Study_SamplesSet/3ab6356a5eb2c3c14897fc21ed6ebbcb.sol"},{"line":444,"column":1,"severity":"Error","message":"Explicitly mark visibility of state","ruleId":"state-visibility","fix":null,"filePath":"Benchmarks/Study_SamplesSet/3ab6356a5eb2c3c14897fc21ed6ebbcb.sol"},{"line":444,"column":1,"severity":"Warning","message":"Rule is set with explicit type [var/s: uint]","ruleId":"explicit-types","filePath":"Benchmarks/Study_SamplesSet/3ab6356a5eb2c3c14897fc21ed6ebbcb.sol"},{"line":444,"column":1,"severity":"Warning","message":"Variable name must be in mixedCase","ruleId":"var-name-mixedcase","fix":null,"filePath":"Benchmarks/Study_SamplesSet/3ab6356a5eb2c3c14897fc21ed6ebbcb.sol"},{"line":445,"column":1,"severity":"Warning","message":"Function name must be in mixedCase","ruleId":"func-name-mixedcase","fix":null,"filePath":"Benchmarks/Study_SamplesSet/3ab6356a5eb2c3c14897fc21ed6ebbcb.sol"},{"line":447,"column":9,"severity":"Warning","message":"Provide an error message for require","ruleId":"reason-string","fix":null,"filePath":"Benchmarks/Study_SamplesSet/3ab6356a5eb2c3c14897fc21ed6ebbcb.sol"},{"line":447,"column":9,"severity":"Warning","message":"Use Custom Errors instead of require statements","ruleId":"custom-errors","fix":null,"filePath":"Benchmarks/Study_SamplesSet/3ab6356a5eb2c3c14897fc21ed6ebbcb.sol"},{"line":448,"column":9,"severity":"Warning","message":"Rule is set with explicit type [var/s: uint]","ruleId":"explicit-types","filePath":"Benchmarks/Study_SamplesSet/3ab6356a5eb2c3c14897fc21ed6ebbcb.sol"},{"line":448,"column":9,"severity":"Warning","message":"Variable name must be in mixedCase","ruleId":"var-name-mixedcase","fix":null,"filePath":"Benchmarks/Study_SamplesSet/3ab6356a5eb2c3c14897fc21ed6ebbcb.sol"},{"line":450,"column":9,"severity":"Error","message":"Possible reentrancy vulnerabilities. Avoid state changes after transfer.","ruleId":"reentrancy","fix":null,"filePath":"Benchmarks/Study_SamplesSet/3ab6356a5eb2c3c14897fc21ed6ebbcb.sol"},{"line":463,"column":9,"severity":"Warning","message":"Provide an error message for require","ruleId":"reason-string","fix":null,"filePath":"Benchmarks/Study_SamplesSet/3ab6356a5eb2c3c14897fc21ed6ebbcb.sol"},{"line":463,"column":9,"severity":"Warning","message":"Use Custom Errors instead of require statements","ruleId":"custom-errors","fix":null,"filePath":"Benchmarks/Study_SamplesSet/3ab6356a5eb2c3c14897fc21ed6ebbcb.sol"},{"line":468,"column":1,"severity":"Error","message":"Explicitly mark visibility of state","ruleId":"state-visibility","fix":null,"filePath":"Benchmarks/Study_SamplesSet/3ab6356a5eb2c3c14897fc21ed6ebbcb.sol"},{"line":468,"column":1,"severity":"Warning","message":"Variable name must be in mixedCase","ruleId":"var-name-mixedcase","fix":null,"filePath":"Benchmarks/Study_SamplesSet/3ab6356a5eb2c3c14897fc21ed6ebbcb.sol"},{"line":469,"column":1,"severity":"Warning","message":"Function name must be in mixedCase","ruleId":"func-name-mixedcase","fix":null,"filePath":"Benchmarks/Study_SamplesSet/3ab6356a5eb2c3c14897fc21ed6ebbcb.sol"},{"line":470,"column":9,"severity":"Warning","message":"Provide an error message for require","ruleId":"reason-string","fix":null,"filePath":"Benchmarks/Study_SamplesSet/3ab6356a5eb2c3c14897fc21ed6ebbcb.sol"},{"line":470,"column":9,"severity":"Warning","message":"Use Custom Errors instead of require statements","ruleId":"custom-errors","fix":null,"filePath":"Benchmarks/Study_SamplesSet/3ab6356a5eb2c3c14897fc21ed6ebbcb.sol"},{"line":472,"column":13,"severity":"Warning","message":"Provide an error message for revert","ruleId":"reason-string","fix":null,"filePath":"Benchmarks/Study_SamplesSet/3ab6356a5eb2c3c14897fc21ed6ebbcb.sol"},{"line":472,"column":13,"severity":"Warning","message":"Use Custom Errors instead of revert statements","ruleId":"custom-errors","fix":null,"filePath":"Benchmarks/Study_SamplesSet/3ab6356a5eb2c3c14897fc21ed6ebbcb.sol"},{"line":474,"column":9,"severity":"Error","message":"Possible reentrancy vulnerabilities. Avoid state changes after transfer.","ruleId":"reentrancy","fix":null,"filePath":"Benchmarks/Study_SamplesSet/3ab6356a5eb2c3c14897fc21ed6ebbcb.sol"},{"line":477,"column":63,"severity":"Warning","message":"Visibility modifier must be first in list of modifiers","ruleId":"visibility-modifier-order","fix":null,"filePath":"Benchmarks/Study_SamplesSet/3ab6356a5eb2c3c14897fc21ed6ebbcb.sol"},{"line":480,"column":1,"severity":"Error","message":"Explicitly mark visibility of state","ruleId":"state-visibility","fix":null,"filePath":"Benchmarks/Study_SamplesSet/3ab6356a5eb2c3c14897fc21ed6ebbcb.sol"},{"line":480,"column":1,"severity":"Warning","message":"Variable name must be in mixedCase","ruleId":"var-name-mixedcase","fix":null,"filePath":"Benchmarks/Study_SamplesSet/3ab6356a5eb2c3c14897fc21ed6ebbcb.sol"},{"line":481,"column":7,"severity":"Error","message":"Explicitly mark visibility of state","ruleId":"state-visibility","fix":null,"filePath":"Benchmarks/Study_SamplesSet/3ab6356a5eb2c3c14897fc21ed6ebbcb.sol"},{"line":481,"column":7,"severity":"Warning","message":"Rule is set with explicit type [var/s: uint]","ruleId":"explicit-types","filePath":"Benchmarks/Study_SamplesSet/3ab6356a5eb2c3c14897fc21ed6ebbcb.sol"},{"line":481,"column":7,"severity":"Warning","message":"Variable name must be in mixedCase","ruleId":"var-name-mixedcase","fix":null,"filePath":"Benchmarks/Study_SamplesSet/3ab6356a5eb2c3c14897fc21ed6ebbcb.sol"},{"line":482,"column":4,"severity":"Warning","message":"Function name must be in mixedCase","ruleId":"func-name-mixedcase","fix":null,"filePath":"Benchmarks/Study_SamplesSet/3ab6356a5eb2c3c14897fc21ed6ebbcb.sol"},{"line":484,"column":9,"severity":"Warning","message":"Provide an error message for revert","ruleId":"reason-string","fix":null,"filePath":"Benchmarks/Study_SamplesSet/3ab6356a5eb2c3c14897fc21ed6ebbcb.sol"},{"line":484,"column":9,"severity":"Warning","message":"Use Custom Errors instead of revert statements","ruleId":"custom-errors","fix":null,"filePath":"Benchmarks/Study_SamplesSet/3ab6356a5eb2c3c14897fc21ed6ebbcb.sol"},{"line":485,"column":7,"severity":"Error","message":"Possible reentrancy vulnerabilities. Avoid state changes after transfer.","ruleId":"reentrancy","fix":null,"filePath":"Benchmarks/Study_SamplesSet/3ab6356a5eb2c3c14897fc21ed6ebbcb.sol"},{"line":486,"column":7,"severity":"Error","message":"Possible reentrancy vulnerabilities. Avoid state changes after transfer.","ruleId":"reentrancy","fix":null,"filePath":"Benchmarks/Study_SamplesSet/3ab6356a5eb2c3c14897fc21ed6ebbcb.sol"},{"line":490,"column":9,"severity":"Warning","message":"Provide an error message for require","ruleId":"reason-string","fix":null,"filePath":"Benchmarks/Study_SamplesSet/3ab6356a5eb2c3c14897fc21ed6ebbcb.sol"},{"line":490,"column":9,"severity":"Warning","message":"Use Custom Errors instead of require statements","ruleId":"custom-errors","fix":null,"filePath":"Benchmarks/Study_SamplesSet/3ab6356a5eb2c3c14897fc21ed6ebbcb.sol"},{"line":494,"column":1,"severity":"Error","message":"Explicitly mark visibility of state","ruleId":"state-visibility","fix":null,"filePath":"Benchmarks/Study_SamplesSet/3ab6356a5eb2c3c14897fc21ed6ebbcb.sol"},{"line":494,"column":1,"severity":"Warning","message":"Variable name must be in mixedCase","ruleId":"var-name-mixedcase","fix":null,"filePath":"Benchmarks/Study_SamplesSet/3ab6356a5eb2c3c14897fc21ed6ebbcb.sol"},{"line":495,"column":1,"severity":"Warning","message":"Function name must be in mixedCase","ruleId":"func-name-mixedcase","fix":null,"filePath":"Benchmarks/Study_SamplesSet/3ab6356a5eb2c3c14897fc21ed6ebbcb.sol"},{"line":496,"column":9,"severity":"Warning","message":"Provide an error message for require","ruleId":"reason-string","fix":null,"filePath":"Benchmarks/Study_SamplesSet/3ab6356a5eb2c3c14897fc21ed6ebbcb.sol"},{"line":496,"column":9,"severity":"Warning","message":"Use Custom Errors instead of require statements","ruleId":"custom-errors","fix":null,"filePath":"Benchmarks/Study_SamplesSet/3ab6356a5eb2c3c14897fc21ed6ebbcb.sol"},{"line":498,"column":13,"severity":"Warning","message":"Provide an error message for revert","ruleId":"reason-string","fix":null,"filePath":"Benchmarks/Study_SamplesSet/3ab6356a5eb2c3c14897fc21ed6ebbcb.sol"},{"line":498,"column":13,"severity":"Warning","message":"Use Custom Errors instead of revert statements","ruleId":"custom-errors","fix":null,"filePath":"Benchmarks/Study_SamplesSet/3ab6356a5eb2c3c14897fc21ed6ebbcb.sol"},{"line":500,"column":9,"severity":"Error","message":"Possible reentrancy vulnerabilities. Avoid state changes after transfer.","ruleId":"reentrancy","fix":null,"filePath":"Benchmarks/Study_SamplesSet/3ab6356a5eb2c3c14897fc21ed6ebbcb.sol"},{"line":503,"column":39,"severity":"Warning","message":"Visibility modifier must be first in list of modifiers","ruleId":"visibility-modifier-order","fix":null,"filePath":"Benchmarks/Study_SamplesSet/3ab6356a5eb2c3c14897fc21ed6ebbcb.sol"},{"line":507,"column":1,"severity":"Error","message":"Explicitly mark visibility of state","ruleId":"state-visibility","fix":null,"filePath":"Benchmarks/Study_SamplesSet/3ab6356a5eb2c3c14897fc21ed6ebbcb.sol"},{"line":507,"column":1,"severity":"Warning","message":"Variable name must be in mixedCase","ruleId":"var-name-mixedcase","fix":null,"filePath":"Benchmarks/Study_SamplesSet/3ab6356a5eb2c3c14897fc21ed6ebbcb.sol"},{"line":508,"column":7,"severity":"Error","message":"Explicitly mark visibility of state","ruleId":"state-visibility","fix":null,"filePath":"Benchmarks/Study_SamplesSet/3ab6356a5eb2c3c14897fc21ed6ebbcb.sol"},{"line":508,"column":7,"severity":"Warning","message":"Rule is set with explicit type [var/s: uint]","ruleId":"explicit-types","filePath":"Benchmarks/Study_SamplesSet/3ab6356a5eb2c3c14897fc21ed6ebbcb.sol"},{"line":508,"column":7,"severity":"Warning","message":"Variable name must be in mixedCase","ruleId":"var-name-mixedcase","fix":null,"filePath":"Benchmarks/Study_SamplesSet/3ab6356a5eb2c3c14897fc21ed6ebbcb.sol"},{"line":509,"column":4,"severity":"Warning","message":"Function name must be in mixedCase","ruleId":"func-name-mixedcase","fix":null,"filePath":"Benchmarks/Study_SamplesSet/3ab6356a5eb2c3c14897fc21ed6ebbcb.sol"},{"line":511,"column":9,"severity":"Warning","message":"Provide an error message for revert","ruleId":"reason-string","fix":null,"filePath":"Benchmarks/Study_SamplesSet/3ab6356a5eb2c3c14897fc21ed6ebbcb.sol"},{"line":511,"column":9,"severity":"Warning","message":"Use Custom Errors instead of revert statements","ruleId":"custom-errors","fix":null,"filePath":"Benchmarks/Study_SamplesSet/3ab6356a5eb2c3c14897fc21ed6ebbcb.sol"},{"line":512,"column":7,"severity":"Error","message":"Possible reentrancy vulnerabilities. Avoid state changes after transfer.","ruleId":"reentrancy","fix":null,"filePath":"Benchmarks/Study_SamplesSet/3ab6356a5eb2c3c14897fc21ed6ebbcb.sol"},{"line":513,"column":7,"severity":"Error","message":"Possible reentrancy vulnerabilities. Avoid state changes after transfer.","ruleId":"reentrancy","fix":null,"filePath":"Benchmarks/Study_SamplesSet/3ab6356a5eb2c3c14897fc21ed6ebbcb.sol"},{"line":516,"column":45,"severity":"Warning","message":"Visibility modifier must be first in list of modifiers","ruleId":"visibility-modifier-order","fix":null,"filePath":"Benchmarks/Study_SamplesSet/3ab6356a5eb2c3c14897fc21ed6ebbcb.sol"},{"line":517,"column":9,"severity":"Warning","message":"Provide an error message for require","ruleId":"reason-string","fix":null,"filePath":"Benchmarks/Study_SamplesSet/3ab6356a5eb2c3c14897fc21ed6ebbcb.sol"},{"line":517,"column":9,"severity":"Warning","message":"Use Custom Errors instead of require statements","ruleId":"custom-errors","fix":null,"filePath":"Benchmarks/Study_SamplesSet/3ab6356a5eb2c3c14897fc21ed6ebbcb.sol"},{"line":523,"column":1,"severity":"Error","message":"Explicitly mark visibility of state","ruleId":"state-visibility","fix":null,"filePath":"Benchmarks/Study_SamplesSet/3ab6356a5eb2c3c14897fc21ed6ebbcb.sol"},{"line":523,"column":1,"severity":"Warning","message":"Rule is set with explicit type [var/s: uint]","ruleId":"explicit-types","filePath":"Benchmarks/Study_SamplesSet/3ab6356a5eb2c3c14897fc21ed6ebbcb.sol"},{"line":523,"column":1,"severity":"Warning","message":"Variable name must be in mixedCase","ruleId":"var-name-mixedcase","fix":null,"filePath":"Benchmarks/Study_SamplesSet/3ab6356a5eb2c3c14897fc21ed6ebbcb.sol"},{"line":524,"column":5,"severity":"Warning","message":"Function name must be in mixedCase","ruleId":"func-name-mixedcase","fix":null,"filePath":"Benchmarks/Study_SamplesSet/3ab6356a5eb2c3c14897fc21ed6ebbcb.sol"},{"line":525,"column":26,"severity":"Error","message":"Avoid to use low level calls.","ruleId":"avoid-low-level-calls","fix":null,"filePath":"Benchmarks/Study_SamplesSet/3ab6356a5eb2c3c14897fc21ed6ebbcb.sol"},{"line":525,"column":26,"severity":"Error","message":"Avoid to use \".call.value()()\"","ruleId":"avoid-call-value","fix":null,"filePath":"Benchmarks/Study_SamplesSet/3ab6356a5eb2c3c14897fc21ed6ebbcb.sol"},{"line":531,"column":77,"severity":"Warning","message":"Visibility modifier must be first in list of modifiers","ruleId":"visibility-modifier-order","fix":null,"filePath":"Benchmarks/Study_SamplesSet/3ab6356a5eb2c3c14897fc21ed6ebbcb.sol"},{"line":531,"column":93,"severity":"Warning","message":"Rule is set with explicit type [var/s: uint]","ruleId":"explicit-types","filePath":"Benchmarks/Study_SamplesSet/3ab6356a5eb2c3c14897fc21ed6ebbcb.sol"},{"line":533,"column":9,"severity":"Warning","message":"Rule is set with explicit type [var/s: uint]","ruleId":"explicit-types","filePath":"Benchmarks/Study_SamplesSet/3ab6356a5eb2c3c14897fc21ed6ebbcb.sol"},{"line":536,"column":1,"severity":"Error","message":"Explicitly mark visibility of state","ruleId":"state-visibility","fix":null,"filePath":"Benchmarks/Study_SamplesSet/3ab6356a5eb2c3c14897fc21ed6ebbcb.sol"},{"line":536,"column":1,"severity":"Warning","message":"Rule is set with explicit type [var/s: uint]","ruleId":"explicit-types","filePath":"Benchmarks/Study_SamplesSet/3ab6356a5eb2c3c14897fc21ed6ebbcb.sol"},{"line":536,"column":1,"severity":"Warning","message":"Variable name must be in mixedCase","ruleId":"var-name-mixedcase","fix":null,"filePath":"Benchmarks/Study_SamplesSet/3ab6356a5eb2c3c14897fc21ed6ebbcb.sol"},{"line":537,"column":1,"severity":"Warning","message":"Function name must be in mixedCase","ruleId":"func-name-mixedcase","fix":null,"filePath":"Benchmarks/Study_SamplesSet/3ab6356a5eb2c3c14897fc21ed6ebbcb.sol"},{"line":539,"column":9,"severity":"Warning","message":"Provide an error message for require","ruleId":"reason-string","fix":null,"filePath":"Benchmarks/Study_SamplesSet/3ab6356a5eb2c3c14897fc21ed6ebbcb.sol"},{"line":539,"column":9,"severity":"Warning","message":"Use Custom Errors instead of require statements","ruleId":"custom-errors","fix":null,"filePath":"Benchmarks/Study_SamplesSet/3ab6356a5eb2c3c14897fc21ed6ebbcb.sol"},{"line":540,"column":9,"severity":"Warning","message":"Rule is set with explicit type [var/s: uint]","ruleId":"explicit-types","filePath":"Benchmarks/Study_SamplesSet/3ab6356a5eb2c3c14897fc21ed6ebbcb.sol"},{"line":540,"column":9,"severity":"Warning","message":"Variable name must be in mixedCase","ruleId":"var-name-mixedcase","fix":null,"filePath":"Benchmarks/Study_SamplesSet/3ab6356a5eb2c3c14897fc21ed6ebbcb.sol"},{"line":542,"column":9,"severity":"Error","message":"Possible reentrancy vulnerabilities. Avoid state changes after transfer.","ruleId":"reentrancy","fix":null,"filePath":"Benchmarks/Study_SamplesSet/3ab6356a5eb2c3c14897fc21ed6ebbcb.sol"},{"line":545,"column":68,"severity":"Warning","message":"Visibility modifier must be first in list of modifiers","ruleId":"visibility-modifier-order","fix":null,"filePath":"Benchmarks/Study_SamplesSet/3ab6356a5eb2c3c14897fc21ed6ebbcb.sol"},{"line":550,"column":1,"severity":"Error","message":"Explicitly mark visibility of state","ruleId":"state-visibility","fix":null,"filePath":"Benchmarks/Study_SamplesSet/3ab6356a5eb2c3c14897fc21ed6ebbcb.sol"},{"line":550,"column":1,"severity":"Warning","message":"Rule is set with explicit type [var/s: uint]","ruleId":"explicit-types","filePath":"Benchmarks/Study_SamplesSet/3ab6356a5eb2c3c14897fc21ed6ebbcb.sol"},{"line":550,"column":1,"severity":"Warning","message":"Variable name must be in mixedCase","ruleId":"var-name-mixedcase","fix":null,"filePath":"Benchmarks/Study_SamplesSet/3ab6356a5eb2c3c14897fc21ed6ebbcb.sol"},{"line":551,"column":5,"severity":"Warning","message":"Function name must be in mixedCase","ruleId":"func-name-mixedcase","fix":null,"filePath":"Benchmarks/Study_SamplesSet/3ab6356a5eb2c3c14897fc21ed6ebbcb.sol"},{"line":553,"column":11,"severity":"Error","message":"Possible reentrancy vulnerabilities. Avoid state changes after transfer.","ruleId":"reentrancy","fix":null,"filePath":"Benchmarks/Study_SamplesSet/3ab6356a5eb2c3c14897fc21ed6ebbcb.sol"},{"line":556,"column":3,"severity":"Error","message":"Explicitly mark visibility of state","ruleId":"state-visibility","fix":null,"filePath":"Benchmarks/Study_SamplesSet/3ab6356a5eb2c3c14897fc21ed6ebbcb.sol"},{"line":556,"column":3,"severity":"Warning","message":"Variable name must be in mixedCase","ruleId":"var-name-mixedcase","fix":null,"filePath":"Benchmarks/Study_SamplesSet/3ab6356a5eb2c3c14897fc21ed6ebbcb.sol"},{"line":557,"column":1,"severity":"Warning","message":"Function name must be in mixedCase","ruleId":"func-name-mixedcase","fix":null,"filePath":"Benchmarks/Study_SamplesSet/3ab6356a5eb2c3c14897fc21ed6ebbcb.sol"},{"line":558,"column":9,"severity":"Warning","message":"Provide an error message for require","ruleId":"reason-string","fix":null,"filePath":"Benchmarks/Study_SamplesSet/3ab6356a5eb2c3c14897fc21ed6ebbcb.sol"},{"line":558,"column":9,"severity":"Warning","message":"Use Custom Errors instead of require statements","ruleId":"custom-errors","fix":null,"filePath":"Benchmarks/Study_SamplesSet/3ab6356a5eb2c3c14897fc21ed6ebbcb.sol"},{"line":560,"column":13,"severity":"Warning","message":"Provide an error message for revert","ruleId":"reason-string","fix":null,"filePath":"Benchmarks/Study_SamplesSet/3ab6356a5eb2c3c14897fc21ed6ebbcb.sol"},{"line":560,"column":13,"severity":"Warning","message":"Use Custom Errors instead of revert statements","ruleId":"custom-errors","fix":null,"filePath":"Benchmarks/Study_SamplesSet/3ab6356a5eb2c3c14897fc21ed6ebbcb.sol"},{"line":562,"column":9,"severity":"Error","message":"Possible reentrancy vulnerabilities. Avoid state changes after transfer.","ruleId":"reentrancy","fix":null,"filePath":"Benchmarks/Study_SamplesSet/3ab6356a5eb2c3c14897fc21ed6ebbcb.sol"},{"line":565,"column":3,"severity":"Error","message":"Explicitly mark visibility of state","ruleId":"state-visibility","fix":null,"filePath":"Benchmarks/Study_SamplesSet/3ab6356a5eb2c3c14897fc21ed6ebbcb.sol"},{"line":565,"column":3,"severity":"Warning","message":"Rule is set with explicit type [var/s: uint]","ruleId":"explicit-types","filePath":"Benchmarks/Study_SamplesSet/3ab6356a5eb2c3c14897fc21ed6ebbcb.sol"},{"line":565,"column":3,"severity":"Warning","message":"Variable name must be in mixedCase","ruleId":"var-name-mixedcase","fix":null,"filePath":"Benchmarks/Study_SamplesSet/3ab6356a5eb2c3c14897fc21ed6ebbcb.sol"},{"line":566,"column":1,"severity":"Warning","message":"Function name must be in mixedCase","ruleId":"func-name-mixedcase","fix":null,"filePath":"Benchmarks/Study_SamplesSet/3ab6356a5eb2c3c14897fc21ed6ebbcb.sol"},{"line":567,"column":9,"severity":"Warning","message":"Provide an error message for require","ruleId":"reason-string","fix":null,"filePath":"Benchmarks/Study_SamplesSet/3ab6356a5eb2c3c14897fc21ed6ebbcb.sol"},{"line":567,"column":9,"severity":"Warning","message":"Use Custom Errors instead of require statements","ruleId":"custom-errors","fix":null,"filePath":"Benchmarks/Study_SamplesSet/3ab6356a5eb2c3c14897fc21ed6ebbcb.sol"},{"line":569,"column":9,"severity":"Warning","message":"Provide an error message for require","ruleId":"reason-string","fix":null,"filePath":"Benchmarks/Study_SamplesSet/3ab6356a5eb2c3c14897fc21ed6ebbcb.sol"},{"line":569,"column":9,"severity":"Warning","message":"Use Custom Errors instead of require statements","ruleId":"custom-errors","fix":null,"filePath":"Benchmarks/Study_SamplesSet/3ab6356a5eb2c3c14897fc21ed6ebbcb.sol"},{"line":570,"column":9,"severity":"Error","message":"Possible reentrancy vulnerabilities. Avoid state changes after transfer.","ruleId":"reentrancy","fix":null,"filePath":"Benchmarks/Study_SamplesSet/3ab6356a5eb2c3c14897fc21ed6ebbcb.sol"},{"line":573,"column":3,"severity":"Error","message":"Explicitly mark visibility of state","ruleId":"state-visibility","fix":null,"filePath":"Benchmarks/Study_SamplesSet/3ab6356a5eb2c3c14897fc21ed6ebbcb.sol"},{"line":573,"column":3,"severity":"Warning","message":"Variable name must be in mixedCase","ruleId":"var-name-mixedcase","fix":null,"filePath":"Benchmarks/Study_SamplesSet/3ab6356a5eb2c3c14897fc21ed6ebbcb.sol"},{"line":574,"column":1,"severity":"Warning","message":"Function name must be in mixedCase","ruleId":"func-name-mixedcase","fix":null,"filePath":"Benchmarks/Study_SamplesSet/3ab6356a5eb2c3c14897fc21ed6ebbcb.sol"},{"line":575,"column":9,"severity":"Warning","message":"Provide an error message for require","ruleId":"reason-string","fix":null,"filePath":"Benchmarks/Study_SamplesSet/3ab6356a5eb2c3c14897fc21ed6ebbcb.sol"},{"line":575,"column":9,"severity":"Warning","message":"Use Custom Errors instead of require statements","ruleId":"custom-errors","fix":null,"filePath":"Benchmarks/Study_SamplesSet/3ab6356a5eb2c3c14897fc21ed6ebbcb.sol"},{"line":576,"column":25,"severity":"Error","message":"Avoid to use low level calls.","ruleId":"avoid-low-level-calls","fix":null,"filePath":"Benchmarks/Study_SamplesSet/3ab6356a5eb2c3c14897fc21ed6ebbcb.sol"},{"line":576,"column":25,"severity":"Error","message":"Avoid to use \".call.value()()\"","ruleId":"avoid-call-value","fix":null,"filePath":"Benchmarks/Study_SamplesSet/3ab6356a5eb2c3c14897fc21ed6ebbcb.sol"},{"line":578,"column":13,"severity":"Warning","message":"Provide an error message for revert","ruleId":"reason-string","fix":null,"filePath":"Benchmarks/Study_SamplesSet/3ab6356a5eb2c3c14897fc21ed6ebbcb.sol"},{"line":578,"column":13,"severity":"Warning","message":"Use Custom Errors instead of revert statements","ruleId":"custom-errors","fix":null,"filePath":"Benchmarks/Study_SamplesSet/3ab6356a5eb2c3c14897fc21ed6ebbcb.sol"},{"conclusion":"410 problem/s (110 error/s, 300 warning/s)"}]
