[{"line":1,"column":1,"severity":"Error","message":"Compiler version 0.4.26 does not satisfy the ^0.8.0 semver requirement","ruleId":"compiler-version","fix":null,"filePath":"Benchmarks/Study_SamplesSet/3b9d14aa628910698c544f9ae3162922.sol"},{"line":4,"column":1,"severity":"Warning","message":"Contract, Structs and Enums should be in CamelCase","ruleId":"contract-name-camelcase","filePath":"Benchmarks/Study_SamplesSet/3b9d14aa628910698c544f9ae3162922.sol"},{"line":14,"column":9,"severity":"Warning","message":"Provide an error message for require","ruleId":"reason-string","fix":null,"filePath":"Benchmarks/Study_SamplesSet/3b9d14aa628910698c544f9ae3162922.sol"},{"line":14,"column":9,"severity":"Warning","message":"Use Custom Errors instead of require statements","ruleId":"custom-errors","fix":null,"filePath":"Benchmarks/Study_SamplesSet/3b9d14aa628910698c544f9ae3162922.sol"},{"line":22,"column":9,"severity":"Warning","message":"Provide an error message for require","ruleId":"reason-string","fix":null,"filePath":"Benchmarks/Study_SamplesSet/3b9d14aa628910698c544f9ae3162922.sol"},{"line":22,"column":9,"severity":"Warning","message":"Use Custom Errors instead of require statements","ruleId":"custom-errors","fix":null,"filePath":"Benchmarks/Study_SamplesSet/3b9d14aa628910698c544f9ae3162922.sol"},{"line":26,"column":25,"severity":"Error","message":"Check result of \"send\" call","ruleId":"check-send-result","fix":null,"filePath":"Benchmarks/Study_SamplesSet/3b9d14aa628910698c544f9ae3162922.sol"},{"line":26,"column":25,"severity":"Error","message":"Avoid multiple calls of \"send\" method in single transaction","ruleId":"multiple-sends","fix":null,"filePath":"Benchmarks/Study_SamplesSet/3b9d14aa628910698c544f9ae3162922.sol"},{"line":28,"column":17,"severity":"Error","message":"Possible reentrancy vulnerabilities. Avoid state changes after transfer.","ruleId":"reentrancy","fix":null,"filePath":"Benchmarks/Study_SamplesSet/3b9d14aa628910698c544f9ae3162922.sol"},{"conclusion":"9 problem/s (4 error/s, 5 warning/s)"}]
