[{"line":1,"column":1,"severity":"Warning","message":"Found more than One contract per file. 7 contracts found!","ruleId":"one-contract-per-file","fix":null,"filePath":"Benchmarks/Study_SamplesSet/3de2fba1fb4c173089352b777e78ad0c.sol"},{"line":1,"column":1,"severity":"Error","message":"Compiler version ^0.4.15 does not satisfy the ^0.8.0 semver requirement","ruleId":"compiler-version","fix":null,"filePath":"Benchmarks/Study_SamplesSet/3de2fba1fb4c173089352b777e78ad0c.sol"},{"line":65,"column":3,"severity":"Error","message":"Explicitly mark visibility of state","ruleId":"state-visibility","fix":null,"filePath":"Benchmarks/Study_SamplesSet/3de2fba1fb4c173089352b777e78ad0c.sol"},{"line":73,"column":5,"severity":"Warning","message":"Provide an error message for require","ruleId":"reason-string","fix":null,"filePath":"Benchmarks/Study_SamplesSet/3de2fba1fb4c173089352b777e78ad0c.sol"},{"line":73,"column":5,"severity":"Warning","message":"Use Custom Errors instead of require statements","ruleId":"custom-errors","fix":null,"filePath":"Benchmarks/Study_SamplesSet/3de2fba1fb4c173089352b777e78ad0c.sol"},{"line":78,"column":5,"severity":"Error","message":"Explicitly mark all external contracts as trusted or untrusted","ruleId":"mark-callable-contracts","filePath":"Benchmarks/Study_SamplesSet/3de2fba1fb4c173089352b777e78ad0c.sol"},{"line":103,"column":3,"severity":"Error","message":"Explicitly mark visibility of state","ruleId":"state-visibility","fix":null,"filePath":"Benchmarks/Study_SamplesSet/3de2fba1fb4c173089352b777e78ad0c.sol"},{"line":113,"column":5,"severity":"Warning","message":"Provide an error message for require","ruleId":"reason-string","fix":null,"filePath":"Benchmarks/Study_SamplesSet/3de2fba1fb4c173089352b777e78ad0c.sol"},{"line":113,"column":5,"severity":"Warning","message":"Use Custom Errors instead of require statements","ruleId":"custom-errors","fix":null,"filePath":"Benchmarks/Study_SamplesSet/3de2fba1fb4c173089352b777e78ad0c.sol"},{"line":123,"column":5,"severity":"Error","message":"Explicitly mark all external contracts as trusted or untrusted","ruleId":"mark-callable-contracts","filePath":"Benchmarks/Study_SamplesSet/3de2fba1fb4c173089352b777e78ad0c.sol"},{"line":139,"column":5,"severity":"Error","message":"Explicitly mark all external contracts as trusted or untrusted","ruleId":"mark-callable-contracts","filePath":"Benchmarks/Study_SamplesSet/3de2fba1fb4c173089352b777e78ad0c.sol"},{"line":159,"column":3,"severity":"Error","message":"Explicitly mark visibility in function","ruleId":"func-visibility","fix":null,"filePath":"Benchmarks/Study_SamplesSet/3de2fba1fb4c173089352b777e78ad0c.sol"},{"line":159,"column":48,"severity":"Warning","message":"Rule is set with explicit type [var/s: uint]","ruleId":"explicit-types","filePath":"Benchmarks/Study_SamplesSet/3de2fba1fb4c173089352b777e78ad0c.sol"},{"line":162,"column":5,"severity":"Error","message":"Explicitly mark all external contracts as trusted or untrusted","ruleId":"mark-callable-contracts","filePath":"Benchmarks/Study_SamplesSet/3de2fba1fb4c173089352b777e78ad0c.sol"},{"line":166,"column":3,"severity":"Error","message":"Explicitly mark visibility in function","ruleId":"func-visibility","fix":null,"filePath":"Benchmarks/Study_SamplesSet/3de2fba1fb4c173089352b777e78ad0c.sol"},{"line":166,"column":48,"severity":"Warning","message":"Rule is set with explicit type [var/s: uint]","ruleId":"explicit-types","filePath":"Benchmarks/Study_SamplesSet/3de2fba1fb4c173089352b777e78ad0c.sol"},{"line":168,"column":5,"severity":"Warning","message":"Rule is set with explicit type [var/s: uint]","ruleId":"explicit-types","filePath":"Benchmarks/Study_SamplesSet/3de2fba1fb4c173089352b777e78ad0c.sol"},{"line":174,"column":5,"severity":"Error","message":"Explicitly mark all external contracts as trusted or untrusted","ruleId":"mark-callable-contracts","filePath":"Benchmarks/Study_SamplesSet/3de2fba1fb4c173089352b777e78ad0c.sol"},{"line":193,"column":3,"severity":"Error","message":"Explicitly mark visibility in function (Set ignoreConstructors to true if using solidity >=0.7.0)","ruleId":"func-visibility","fix":null,"filePath":"Benchmarks/Study_SamplesSet/3de2fba1fb4c173089352b777e78ad0c.sol"},{"line":201,"column":5,"severity":"Warning","message":"Provide an error message for require","ruleId":"reason-string","fix":null,"filePath":"Benchmarks/Study_SamplesSet/3de2fba1fb4c173089352b777e78ad0c.sol"},{"line":201,"column":5,"severity":"Warning","message":"Use Custom Errors instead of require statements","ruleId":"custom-errors","fix":null,"filePath":"Benchmarks/Study_SamplesSet/3de2fba1fb4c173089352b777e78ad0c.sol"},{"line":209,"column":3,"severity":"Error","message":"Explicitly mark visibility in function","ruleId":"func-visibility","fix":null,"filePath":"Benchmarks/Study_SamplesSet/3de2fba1fb4c173089352b777e78ad0c.sol"},{"line":210,"column":5,"severity":"Warning","message":"Provide an error message for require","ruleId":"reason-string","fix":null,"filePath":"Benchmarks/Study_SamplesSet/3de2fba1fb4c173089352b777e78ad0c.sol"},{"line":210,"column":5,"severity":"Warning","message":"Use Custom Errors instead of require statements","ruleId":"custom-errors","fix":null,"filePath":"Benchmarks/Study_SamplesSet/3de2fba1fb4c173089352b777e78ad0c.sol"},{"line":220,"column":1,"severity":"Warning","message":"Contract has 21 states declarations but allowed no more than 15","ruleId":"max-states-count","fix":null,"filePath":"Benchmarks/Study_SamplesSet/3de2fba1fb4c173089352b777e78ad0c.sol"},{"line":225,"column":3,"severity":"Warning","message":"Rule is set with explicit type [var/s: uint]","ruleId":"explicit-types","filePath":"Benchmarks/Study_SamplesSet/3de2fba1fb4c173089352b777e78ad0c.sol"},{"line":229,"column":3,"severity":"Error","message":"Explicitly mark visibility of state","ruleId":"state-visibility","fix":null,"filePath":"Benchmarks/Study_SamplesSet/3de2fba1fb4c173089352b777e78ad0c.sol"},{"line":229,"column":3,"severity":"Warning","message":"Rule is set with explicit type [var/s: uint]","ruleId":"explicit-types","filePath":"Benchmarks/Study_SamplesSet/3de2fba1fb4c173089352b777e78ad0c.sol"},{"line":229,"column":3,"severity":"Warning","message":"Variable name must be in mixedCase","ruleId":"var-name-mixedcase","fix":null,"filePath":"Benchmarks/Study_SamplesSet/3de2fba1fb4c173089352b777e78ad0c.sol"},{"line":232,"column":5,"severity":"Warning","message":"Rule is set with explicit type [var/s: uint]","ruleId":"explicit-types","filePath":"Benchmarks/Study_SamplesSet/3de2fba1fb4c173089352b777e78ad0c.sol"},{"line":233,"column":5,"severity":"Warning","message":"Rule is set with explicit type [var/s: uint]","ruleId":"explicit-types","filePath":"Benchmarks/Study_SamplesSet/3de2fba1fb4c173089352b777e78ad0c.sol"},{"line":236,"column":3,"severity":"Error","message":"Explicitly mark visibility in function (Set ignoreConstructors to true if using solidity >=0.7.0)","ruleId":"func-visibility","fix":null,"filePath":"Benchmarks/Study_SamplesSet/3de2fba1fb4c173089352b777e78ad0c.sol"},{"line":241,"column":3,"severity":"Error","message":"Explicitly mark visibility of state","ruleId":"state-visibility","fix":null,"filePath":"Benchmarks/Study_SamplesSet/3de2fba1fb4c173089352b777e78ad0c.sol"},{"line":241,"column":3,"severity":"Warning","message":"Rule is set with explicit type [var/s: uint]","ruleId":"explicit-types","filePath":"Benchmarks/Study_SamplesSet/3de2fba1fb4c173089352b777e78ad0c.sol"},{"line":242,"column":3,"severity":"Error","message":"Explicitly mark visibility of state","ruleId":"state-visibility","fix":null,"filePath":"Benchmarks/Study_SamplesSet/3de2fba1fb4c173089352b777e78ad0c.sol"},{"line":242,"column":3,"severity":"Warning","message":"Rule is set with explicit type [var/s: uint]","ruleId":"explicit-types","filePath":"Benchmarks/Study_SamplesSet/3de2fba1fb4c173089352b777e78ad0c.sol"},{"line":245,"column":3,"severity":"Warning","message":"Contract, Structs and Enums should be in CamelCase","ruleId":"contract-name-camelcase","filePath":"Benchmarks/Study_SamplesSet/3de2fba1fb4c173089352b777e78ad0c.sol"},{"line":247,"column":26,"severity":"Warning","message":"Rule is set with explicit type [var/s: uint]","ruleId":"explicit-types","filePath":"Benchmarks/Study_SamplesSet/3de2fba1fb4c173089352b777e78ad0c.sol"},{"line":248,"column":24,"severity":"Warning","message":"Rule is set with explicit type [var/s: uint]","ruleId":"explicit-types","filePath":"Benchmarks/Study_SamplesSet/3de2fba1fb4c173089352b777e78ad0c.sol"},{"line":249,"column":37,"severity":"Warning","message":"Rule is set with explicit type [var/s: uint]","ruleId":"explicit-types","filePath":"Benchmarks/Study_SamplesSet/3de2fba1fb4c173089352b777e78ad0c.sol"},{"line":250,"column":23,"severity":"Warning","message":"Rule is set with explicit type [var/s: uint]","ruleId":"explicit-types","filePath":"Benchmarks/Study_SamplesSet/3de2fba1fb4c173089352b777e78ad0c.sol"},{"line":251,"column":23,"severity":"Warning","message":"Rule is set with explicit type [var/s: uint]","ruleId":"explicit-types","filePath":"Benchmarks/Study_SamplesSet/3de2fba1fb4c173089352b777e78ad0c.sol"},{"line":253,"column":3,"severity":"Warning","message":"Rule is set with explicit type [var/s: uint]","ruleId":"explicit-types","filePath":"Benchmarks/Study_SamplesSet/3de2fba1fb4c173089352b777e78ad0c.sol"},{"line":255,"column":3,"severity":"Warning","message":"Rule is set with explicit type [var/s: uint]","ruleId":"explicit-types","filePath":"Benchmarks/Study_SamplesSet/3de2fba1fb4c173089352b777e78ad0c.sol"},{"line":257,"column":3,"severity":"Warning","message":"Rule is set with explicit type [var/s: uint]","ruleId":"explicit-types","filePath":"Benchmarks/Study_SamplesSet/3de2fba1fb4c173089352b777e78ad0c.sol"},{"line":258,"column":3,"severity":"Warning","message":"Rule is set with explicit type [var/s: uint]","ruleId":"explicit-types","filePath":"Benchmarks/Study_SamplesSet/3de2fba1fb4c173089352b777e78ad0c.sol"},{"line":259,"column":3,"severity":"Warning","message":"Rule is set with explicit type [var/s: uint]","ruleId":"explicit-types","filePath":"Benchmarks/Study_SamplesSet/3de2fba1fb4c173089352b777e78ad0c.sol"},{"line":260,"column":3,"severity":"Warning","message":"Rule is set with explicit type [var/s: uint]","ruleId":"explicit-types","filePath":"Benchmarks/Study_SamplesSet/3de2fba1fb4c173089352b777e78ad0c.sol"},{"line":262,"column":3,"severity":"Error","message":"Explicitly mark visibility of state","ruleId":"state-visibility","fix":null,"filePath":"Benchmarks/Study_SamplesSet/3de2fba1fb4c173089352b777e78ad0c.sol"},{"line":262,"column":3,"severity":"Warning","message":"Rule is set with explicit type [var/s: uint]","ruleId":"explicit-types","filePath":"Benchmarks/Study_SamplesSet/3de2fba1fb4c173089352b777e78ad0c.sol"},{"line":263,"column":3,"severity":"Error","message":"Explicitly mark visibility of state","ruleId":"state-visibility","fix":null,"filePath":"Benchmarks/Study_SamplesSet/3de2fba1fb4c173089352b777e78ad0c.sol"},{"line":263,"column":3,"severity":"Warning","message":"Rule is set with explicit type [var/s: uint]","ruleId":"explicit-types","filePath":"Benchmarks/Study_SamplesSet/3de2fba1fb4c173089352b777e78ad0c.sol"},{"line":264,"column":3,"severity":"Error","message":"Explicitly mark visibility of state","ruleId":"state-visibility","fix":null,"filePath":"Benchmarks/Study_SamplesSet/3de2fba1fb4c173089352b777e78ad0c.sol"},{"line":264,"column":3,"severity":"Warning","message":"Rule is set with explicit type [var/s: uint]","ruleId":"explicit-types","filePath":"Benchmarks/Study_SamplesSet/3de2fba1fb4c173089352b777e78ad0c.sol"},{"line":266,"column":3,"severity":"Error","message":"Explicitly mark visibility of state","ruleId":"state-visibility","fix":null,"filePath":"Benchmarks/Study_SamplesSet/3de2fba1fb4c173089352b777e78ad0c.sol"},{"line":267,"column":3,"severity":"Error","message":"Explicitly mark visibility of state","ruleId":"state-visibility","fix":null,"filePath":"Benchmarks/Study_SamplesSet/3de2fba1fb4c173089352b777e78ad0c.sol"},{"line":269,"column":3,"severity":"Error","message":"Explicitly mark visibility of state","ruleId":"state-visibility","fix":null,"filePath":"Benchmarks/Study_SamplesSet/3de2fba1fb4c173089352b777e78ad0c.sol"},{"line":269,"column":3,"severity":"Warning","message":"Rule is set with explicit type [var/s: uint]","ruleId":"explicit-types","filePath":"Benchmarks/Study_SamplesSet/3de2fba1fb4c173089352b777e78ad0c.sol"},{"line":270,"column":3,"severity":"Error","message":"Explicitly mark visibility of state","ruleId":"state-visibility","fix":null,"filePath":"Benchmarks/Study_SamplesSet/3de2fba1fb4c173089352b777e78ad0c.sol"},{"line":272,"column":3,"severity":"Error","message":"Explicitly mark visibility in function","ruleId":"func-visibility","fix":null,"filePath":"Benchmarks/Study_SamplesSet/3de2fba1fb4c173089352b777e78ad0c.sol"},{"line":272,"column":3,"severity":"Error","message":"Fallback function must be simple","ruleId":"no-complex-fallback","fix":null,"filePath":"Benchmarks/Study_SamplesSet/3de2fba1fb4c173089352b777e78ad0c.sol"},{"line":273,"column":3,"severity":"Warning","message":"Provide an error message for require","ruleId":"reason-string","fix":null,"filePath":"Benchmarks/Study_SamplesSet/3de2fba1fb4c173089352b777e78ad0c.sol"},{"line":273,"column":3,"severity":"Warning","message":"Use Custom Errors instead of require statements","ruleId":"custom-errors","fix":null,"filePath":"Benchmarks/Study_SamplesSet/3de2fba1fb4c173089352b777e78ad0c.sol"},{"line":274,"column":3,"severity":"Warning","message":"Provide an error message for require","ruleId":"reason-string","fix":null,"filePath":"Benchmarks/Study_SamplesSet/3de2fba1fb4c173089352b777e78ad0c.sol"},{"line":274,"column":3,"severity":"Warning","message":"Use Custom Errors instead of require statements","ruleId":"custom-errors","fix":null,"filePath":"Benchmarks/Study_SamplesSet/3de2fba1fb4c173089352b777e78ad0c.sol"},{"line":291,"column":7,"severity":"Error","message":"Explicitly mark all external contracts as trusted or untrusted","ruleId":"mark-callable-contracts","filePath":"Benchmarks/Study_SamplesSet/3de2fba1fb4c173089352b777e78ad0c.sol"},{"line":295,"column":8,"severity":"Error","message":"Avoid making time-based decisions in your business logic","ruleId":"not-rely-on-time","fix":null,"filePath":"Benchmarks/Study_SamplesSet/3de2fba1fb4c173089352b777e78ad0c.sol"},{"line":297,"column":7,"severity":"Error","message":"Explicitly mark all external contracts as trusted or untrusted","ruleId":"mark-callable-contracts","filePath":"Benchmarks/Study_SamplesSet/3de2fba1fb4c173089352b777e78ad0c.sol"},{"line":301,"column":8,"severity":"Error","message":"Avoid making time-based decisions in your business logic","ruleId":"not-rely-on-time","fix":null,"filePath":"Benchmarks/Study_SamplesSet/3de2fba1fb4c173089352b777e78ad0c.sol"},{"line":301,"column":29,"severity":"Error","message":"Avoid making time-based decisions in your business logic","ruleId":"not-rely-on-time","fix":null,"filePath":"Benchmarks/Study_SamplesSet/3de2fba1fb4c173089352b777e78ad0c.sol"},{"line":304,"column":9,"severity":"Error","message":"Explicitly mark all external contracts as trusted or untrusted","ruleId":"mark-callable-contracts","filePath":"Benchmarks/Study_SamplesSet/3de2fba1fb4c173089352b777e78ad0c.sol"},{"line":319,"column":7,"severity":"Warning","message":"Provide an error message for revert","ruleId":"reason-string","fix":null,"filePath":"Benchmarks/Study_SamplesSet/3de2fba1fb4c173089352b777e78ad0c.sol"},{"line":319,"column":7,"severity":"Warning","message":"Use Custom Errors instead of revert statements","ruleId":"custom-errors","fix":null,"filePath":"Benchmarks/Study_SamplesSet/3de2fba1fb4c173089352b777e78ad0c.sol"},{"line":323,"column":3,"severity":"Error","message":"Explicitly mark visibility in function","ruleId":"func-visibility","fix":null,"filePath":"Benchmarks/Study_SamplesSet/3de2fba1fb4c173089352b777e78ad0c.sol"},{"line":325,"column":5,"severity":"Warning","message":"Rule is set with explicit type [var/s: uint]","ruleId":"explicit-types","filePath":"Benchmarks/Study_SamplesSet/3de2fba1fb4c173089352b777e78ad0c.sol"},{"line":327,"column":5,"severity":"Warning","message":"Rule is set with explicit type [var/s: uint]","ruleId":"explicit-types","filePath":"Benchmarks/Study_SamplesSet/3de2fba1fb4c173089352b777e78ad0c.sol"},{"line":328,"column":5,"severity":"Warning","message":"Rule is set with explicit type [var/s: uint]","ruleId":"explicit-types","filePath":"Benchmarks/Study_SamplesSet/3de2fba1fb4c173089352b777e78ad0c.sol"},{"line":336,"column":7,"severity":"Error","message":"Explicitly mark all external contracts as trusted or untrusted","ruleId":"mark-callable-contracts","filePath":"Benchmarks/Study_SamplesSet/3de2fba1fb4c173089352b777e78ad0c.sol"},{"line":340,"column":7,"severity":"Error","message":"Explicitly mark all external contracts as trusted or untrusted","ruleId":"mark-callable-contracts","filePath":"Benchmarks/Study_SamplesSet/3de2fba1fb4c173089352b777e78ad0c.sol"},{"line":358,"column":9,"severity":"Warning","message":"Provide an error message for revert","ruleId":"reason-string","fix":null,"filePath":"Benchmarks/Study_SamplesSet/3de2fba1fb4c173089352b777e78ad0c.sol"},{"line":358,"column":9,"severity":"Warning","message":"Use Custom Errors instead of revert statements","ruleId":"custom-errors","fix":null,"filePath":"Benchmarks/Study_SamplesSet/3de2fba1fb4c173089352b777e78ad0c.sol"},{"line":363,"column":5,"severity":"Error","message":"Explicitly mark visibility in function","ruleId":"func-visibility","fix":null,"filePath":"Benchmarks/Study_SamplesSet/3de2fba1fb4c173089352b777e78ad0c.sol"},{"line":368,"column":3,"severity":"Error","message":"Explicitly mark visibility in function","ruleId":"func-visibility","fix":null,"filePath":"Benchmarks/Study_SamplesSet/3de2fba1fb4c173089352b777e78ad0c.sol"},{"line":368,"column":36,"severity":"Warning","message":"Rule is set with explicit type [var/s: uint]","ruleId":"explicit-types","filePath":"Benchmarks/Study_SamplesSet/3de2fba1fb4c173089352b777e78ad0c.sol"},{"line":370,"column":5,"severity":"Warning","message":"Rule is set with explicit type [var/s: uint]","ruleId":"explicit-types","filePath":"Benchmarks/Study_SamplesSet/3de2fba1fb4c173089352b777e78ad0c.sol"},{"line":371,"column":5,"severity":"Warning","message":"Rule is set with explicit type [var/s: uint]","ruleId":"explicit-types","filePath":"Benchmarks/Study_SamplesSet/3de2fba1fb4c173089352b777e78ad0c.sol"},{"line":381,"column":3,"severity":"Error","message":"Explicitly mark visibility in function","ruleId":"func-visibility","fix":null,"filePath":"Benchmarks/Study_SamplesSet/3de2fba1fb4c173089352b777e78ad0c.sol"},{"line":381,"column":26,"severity":"Warning","message":"Rule is set with explicit type [var/s: uint]","ruleId":"explicit-types","filePath":"Benchmarks/Study_SamplesSet/3de2fba1fb4c173089352b777e78ad0c.sol"},{"line":381,"column":43,"severity":"Warning","message":"Rule is set with explicit type [var/s: uint]","ruleId":"explicit-types","filePath":"Benchmarks/Study_SamplesSet/3de2fba1fb4c173089352b777e78ad0c.sol"},{"line":381,"column":74,"severity":"Warning","message":"Rule is set with explicit type [var/s: uint]","ruleId":"explicit-types","filePath":"Benchmarks/Study_SamplesSet/3de2fba1fb4c173089352b777e78ad0c.sol"},{"line":382,"column":5,"severity":"Warning","message":"Rule is set with explicit type [var/s: uint]","ruleId":"explicit-types","filePath":"Benchmarks/Study_SamplesSet/3de2fba1fb4c173089352b777e78ad0c.sol"},{"line":393,"column":3,"severity":"Error","message":"Explicitly mark visibility in function","ruleId":"func-visibility","fix":null,"filePath":"Benchmarks/Study_SamplesSet/3de2fba1fb4c173089352b777e78ad0c.sol"},{"line":393,"column":27,"severity":"Warning","message":"Rule is set with explicit type [var/s: uint]","ruleId":"explicit-types","filePath":"Benchmarks/Study_SamplesSet/3de2fba1fb4c173089352b777e78ad0c.sol"},{"line":393,"column":38,"severity":"Warning","message":"Rule is set with explicit type [var/s: uint]","ruleId":"explicit-types","filePath":"Benchmarks/Study_SamplesSet/3de2fba1fb4c173089352b777e78ad0c.sol"},{"line":393,"column":69,"severity":"Warning","message":"Rule is set with explicit type [var/s: uint]","ruleId":"explicit-types","filePath":"Benchmarks/Study_SamplesSet/3de2fba1fb4c173089352b777e78ad0c.sol"},{"line":394,"column":5,"severity":"Warning","message":"Rule is set with explicit type [var/s: uint]","ruleId":"explicit-types","filePath":"Benchmarks/Study_SamplesSet/3de2fba1fb4c173089352b777e78ad0c.sol"},{"line":421,"column":3,"severity":"Error","message":"Explicitly mark visibility in function","ruleId":"func-visibility","fix":null,"filePath":"Benchmarks/Study_SamplesSet/3de2fba1fb4c173089352b777e78ad0c.sol"},{"line":421,"column":41,"severity":"Warning","message":"Rule is set with explicit type [var/s: uint]","ruleId":"explicit-types","filePath":"Benchmarks/Study_SamplesSet/3de2fba1fb4c173089352b777e78ad0c.sol"},{"line":428,"column":3,"severity":"Error","message":"Explicitly mark visibility in function","ruleId":"func-visibility","fix":null,"filePath":"Benchmarks/Study_SamplesSet/3de2fba1fb4c173089352b777e78ad0c.sol"},{"line":428,"column":35,"severity":"Warning","message":"Rule is set with explicit type [var/s: uint]","ruleId":"explicit-types","filePath":"Benchmarks/Study_SamplesSet/3de2fba1fb4c173089352b777e78ad0c.sol"},{"line":429,"column":5,"severity":"Warning","message":"Provide an error message for require","ruleId":"reason-string","fix":null,"filePath":"Benchmarks/Study_SamplesSet/3de2fba1fb4c173089352b777e78ad0c.sol"},{"line":429,"column":5,"severity":"Warning","message":"Use Custom Errors instead of require statements","ruleId":"custom-errors","fix":null,"filePath":"Benchmarks/Study_SamplesSet/3de2fba1fb4c173089352b777e78ad0c.sol"},{"line":430,"column":5,"severity":"Warning","message":"Provide an error message for require","ruleId":"reason-string","fix":null,"filePath":"Benchmarks/Study_SamplesSet/3de2fba1fb4c173089352b777e78ad0c.sol"},{"line":430,"column":5,"severity":"Warning","message":"Use Custom Errors instead of require statements","ruleId":"custom-errors","fix":null,"filePath":"Benchmarks/Study_SamplesSet/3de2fba1fb4c173089352b777e78ad0c.sol"},{"line":432,"column":5,"severity":"Warning","message":"Rule is set with explicit type [var/s: uint]","ruleId":"explicit-types","filePath":"Benchmarks/Study_SamplesSet/3de2fba1fb4c173089352b777e78ad0c.sol"},{"line":433,"column":10,"severity":"Warning","message":"Rule is set with explicit type [var/s: uint]","ruleId":"explicit-types","filePath":"Benchmarks/Study_SamplesSet/3de2fba1fb4c173089352b777e78ad0c.sol"},{"line":440,"column":14,"severity":"Error","message":"Avoid multiple calls of \"send\" method in single transaction","ruleId":"multiple-sends","fix":null,"filePath":"Benchmarks/Study_SamplesSet/3de2fba1fb4c173089352b777e78ad0c.sol"},{"line":441,"column":11,"severity":"Error","message":"Explicitly mark all external contracts as trusted or untrusted","ruleId":"mark-callable-contracts","filePath":"Benchmarks/Study_SamplesSet/3de2fba1fb4c173089352b777e78ad0c.sol"},{"line":444,"column":7,"severity":"Error","message":"Possible reentrancy vulnerabilities. Avoid state changes after transfer.","ruleId":"reentrancy","fix":null,"filePath":"Benchmarks/Study_SamplesSet/3de2fba1fb4c173089352b777e78ad0c.sol"},{"line":451,"column":3,"severity":"Error","message":"Explicitly mark visibility in function","ruleId":"func-visibility","fix":null,"filePath":"Benchmarks/Study_SamplesSet/3de2fba1fb4c173089352b777e78ad0c.sol"},{"conclusion":"110 problem/s (44 error/s, 66 warning/s)"}]
