[{"line":1,"column":1,"severity":"Error","message":"Compiler version ^0.4.2 does not satisfy the ^0.8.0 semver requirement","ruleId":"compiler-version","fix":null,"filePath":"Benchmarks/Study_SamplesSet/45180feebe0c5be0bc8e0cf76f5eb5b1.sol"},{"line":11,"column":3,"severity":"Error","message":"Explicitly mark visibility in function (Set ignoreConstructors to true if using solidity >=0.7.0)","ruleId":"func-visibility","fix":null,"filePath":"Benchmarks/Study_SamplesSet/45180feebe0c5be0bc8e0cf76f5eb5b1.sol"},{"line":15,"column":3,"severity":"Error","message":"Explicitly mark visibility in function","ruleId":"func-visibility","fix":null,"filePath":"Benchmarks/Study_SamplesSet/45180feebe0c5be0bc8e0cf76f5eb5b1.sol"},{"line":16,"column":31,"severity":"Error","message":"\"throw\" is deprecated, avoid to use it","ruleId":"avoid-throw","filePath":"Benchmarks/Study_SamplesSet/45180feebe0c5be0bc8e0cf76f5eb5b1.sol"},{"line":17,"column":10,"severity":"Warning","message":"Rule is set with explicit type [var/s: uint]","ruleId":"explicit-types","filePath":"Benchmarks/Study_SamplesSet/45180feebe0c5be0bc8e0cf76f5eb5b1.sol"},{"line":19,"column":9,"severity":"Error","message":"\"throw\" is deprecated, avoid to use it","ruleId":"avoid-throw","filePath":"Benchmarks/Study_SamplesSet/45180feebe0c5be0bc8e0cf76f5eb5b1.sol"},{"line":24,"column":5,"severity":"Error","message":"Explicitly mark all external contracts as trusted or untrusted","ruleId":"mark-callable-contracts","filePath":"Benchmarks/Study_SamplesSet/45180feebe0c5be0bc8e0cf76f5eb5b1.sol"},{"line":25,"column":5,"severity":"Error","message":"Explicitly mark all external contracts as trusted or untrusted","ruleId":"mark-callable-contracts","filePath":"Benchmarks/Study_SamplesSet/45180feebe0c5be0bc8e0cf76f5eb5b1.sol"},{"line":28,"column":3,"severity":"Error","message":"Explicitly mark visibility in function","ruleId":"func-visibility","fix":null,"filePath":"Benchmarks/Study_SamplesSet/45180feebe0c5be0bc8e0cf76f5eb5b1.sol"},{"line":30,"column":7,"severity":"Error","message":"\"throw\" is deprecated, avoid to use it","ruleId":"avoid-throw","filePath":"Benchmarks/Study_SamplesSet/45180feebe0c5be0bc8e0cf76f5eb5b1.sol"},{"line":33,"column":7,"severity":"Error","message":"\"throw\" is deprecated, avoid to use it","ruleId":"avoid-throw","filePath":"Benchmarks/Study_SamplesSet/45180feebe0c5be0bc8e0cf76f5eb5b1.sol"},{"line":34,"column":10,"severity":"Warning","message":"Rule is set with explicit type [var/s: uint]","ruleId":"explicit-types","filePath":"Benchmarks/Study_SamplesSet/45180feebe0c5be0bc8e0cf76f5eb5b1.sol"},{"line":36,"column":9,"severity":"Error","message":"\"throw\" is deprecated, avoid to use it","ruleId":"avoid-throw","filePath":"Benchmarks/Study_SamplesSet/45180feebe0c5be0bc8e0cf76f5eb5b1.sol"},{"line":40,"column":5,"severity":"Error","message":"Explicitly mark all external contracts as trusted or untrusted","ruleId":"mark-callable-contracts","filePath":"Benchmarks/Study_SamplesSet/45180feebe0c5be0bc8e0cf76f5eb5b1.sol"},{"conclusion":"14 problem/s (12 error/s, 2 warning/s)"}]
