[{"line":1,"column":1,"severity":"Warning","message":"Found more than One contract per file. 6 contracts found!","ruleId":"one-contract-per-file","fix":null,"filePath":"Benchmarks/Study_SamplesSet/4925cd92b72643f5e249aab8a93d9f0b.sol"},{"line":1,"column":1,"severity":"Error","message":"Compiler version ^0.4.18 does not satisfy the ^0.8.0 semver requirement","ruleId":"compiler-version","fix":null,"filePath":"Benchmarks/Study_SamplesSet/4925cd92b72643f5e249aab8a93d9f0b.sol"},{"line":90,"column":5,"severity":"Error","message":"Explicitly mark visibility of state","ruleId":"state-visibility","fix":null,"filePath":"Benchmarks/Study_SamplesSet/4925cd92b72643f5e249aab8a93d9f0b.sol"},{"line":95,"column":30,"severity":"Warning","message":"Rule is set with explicit type [var/s: uint]","ruleId":"explicit-types","filePath":"Benchmarks/Study_SamplesSet/4925cd92b72643f5e249aab8a93d9f0b.sol"},{"line":107,"column":9,"severity":"Warning","message":"Provide an error message for require","ruleId":"reason-string","fix":null,"filePath":"Benchmarks/Study_SamplesSet/4925cd92b72643f5e249aab8a93d9f0b.sol"},{"line":107,"column":9,"severity":"Warning","message":"Use Custom Errors instead of require statements","ruleId":"custom-errors","fix":null,"filePath":"Benchmarks/Study_SamplesSet/4925cd92b72643f5e249aab8a93d9f0b.sol"},{"line":108,"column":9,"severity":"Warning","message":"Provide an error message for require","ruleId":"reason-string","fix":null,"filePath":"Benchmarks/Study_SamplesSet/4925cd92b72643f5e249aab8a93d9f0b.sol"},{"line":108,"column":9,"severity":"Warning","message":"Use Custom Errors instead of require statements","ruleId":"custom-errors","fix":null,"filePath":"Benchmarks/Study_SamplesSet/4925cd92b72643f5e249aab8a93d9f0b.sol"},{"line":109,"column":9,"severity":"Warning","message":"Provide an error message for require","ruleId":"reason-string","fix":null,"filePath":"Benchmarks/Study_SamplesSet/4925cd92b72643f5e249aab8a93d9f0b.sol"},{"line":109,"column":9,"severity":"Warning","message":"Use Custom Errors instead of require statements","ruleId":"custom-errors","fix":null,"filePath":"Benchmarks/Study_SamplesSet/4925cd92b72643f5e249aab8a93d9f0b.sol"},{"line":114,"column":9,"severity":"Error","message":"Explicitly mark all external contracts as trusted or untrusted","ruleId":"mark-callable-contracts","filePath":"Benchmarks/Study_SamplesSet/4925cd92b72643f5e249aab8a93d9f0b.sol"},{"line":140,"column":9,"severity":"Warning","message":"Provide an error message for require","ruleId":"reason-string","fix":null,"filePath":"Benchmarks/Study_SamplesSet/4925cd92b72643f5e249aab8a93d9f0b.sol"},{"line":140,"column":9,"severity":"Warning","message":"Use Custom Errors instead of require statements","ruleId":"custom-errors","fix":null,"filePath":"Benchmarks/Study_SamplesSet/4925cd92b72643f5e249aab8a93d9f0b.sol"},{"line":141,"column":9,"severity":"Warning","message":"Provide an error message for require","ruleId":"reason-string","fix":null,"filePath":"Benchmarks/Study_SamplesSet/4925cd92b72643f5e249aab8a93d9f0b.sol"},{"line":141,"column":9,"severity":"Warning","message":"Use Custom Errors instead of require statements","ruleId":"custom-errors","fix":null,"filePath":"Benchmarks/Study_SamplesSet/4925cd92b72643f5e249aab8a93d9f0b.sol"},{"line":142,"column":9,"severity":"Warning","message":"Provide an error message for require","ruleId":"reason-string","fix":null,"filePath":"Benchmarks/Study_SamplesSet/4925cd92b72643f5e249aab8a93d9f0b.sol"},{"line":142,"column":9,"severity":"Warning","message":"Use Custom Errors instead of require statements","ruleId":"custom-errors","fix":null,"filePath":"Benchmarks/Study_SamplesSet/4925cd92b72643f5e249aab8a93d9f0b.sol"},{"line":143,"column":9,"severity":"Warning","message":"Provide an error message for require","ruleId":"reason-string","fix":null,"filePath":"Benchmarks/Study_SamplesSet/4925cd92b72643f5e249aab8a93d9f0b.sol"},{"line":143,"column":9,"severity":"Warning","message":"Use Custom Errors instead of require statements","ruleId":"custom-errors","fix":null,"filePath":"Benchmarks/Study_SamplesSet/4925cd92b72643f5e249aab8a93d9f0b.sol"},{"line":148,"column":9,"severity":"Error","message":"Explicitly mark all external contracts as trusted or untrusted","ruleId":"mark-callable-contracts","filePath":"Benchmarks/Study_SamplesSet/4925cd92b72643f5e249aab8a93d9f0b.sol"},{"line":164,"column":9,"severity":"Error","message":"Explicitly mark all external contracts as trusted or untrusted","ruleId":"mark-callable-contracts","filePath":"Benchmarks/Study_SamplesSet/4925cd92b72643f5e249aab8a93d9f0b.sol"},{"line":184,"column":49,"severity":"Warning","message":"Rule is set with explicit type [var/s: uint]","ruleId":"explicit-types","filePath":"Benchmarks/Study_SamplesSet/4925cd92b72643f5e249aab8a93d9f0b.sol"},{"line":186,"column":9,"severity":"Error","message":"Explicitly mark all external contracts as trusted or untrusted","ruleId":"mark-callable-contracts","filePath":"Benchmarks/Study_SamplesSet/4925cd92b72643f5e249aab8a93d9f0b.sol"},{"line":190,"column":49,"severity":"Warning","message":"Rule is set with explicit type [var/s: uint]","ruleId":"explicit-types","filePath":"Benchmarks/Study_SamplesSet/4925cd92b72643f5e249aab8a93d9f0b.sol"},{"line":191,"column":9,"severity":"Warning","message":"Rule is set with explicit type [var/s: uint]","ruleId":"explicit-types","filePath":"Benchmarks/Study_SamplesSet/4925cd92b72643f5e249aab8a93d9f0b.sol"},{"line":197,"column":9,"severity":"Error","message":"Explicitly mark all external contracts as trusted or untrusted","ruleId":"mark-callable-contracts","filePath":"Benchmarks/Study_SamplesSet/4925cd92b72643f5e249aab8a93d9f0b.sol"},{"line":205,"column":5,"severity":"Warning","message":"Constant name must be in capitalized SNAKE_CASE","ruleId":"const-name-snakecase","fix":null,"filePath":"Benchmarks/Study_SamplesSet/4925cd92b72643f5e249aab8a93d9f0b.sol"},{"line":206,"column":5,"severity":"Warning","message":"Constant name must be in capitalized SNAKE_CASE","ruleId":"const-name-snakecase","fix":null,"filePath":"Benchmarks/Study_SamplesSet/4925cd92b72643f5e249aab8a93d9f0b.sol"},{"line":207,"column":5,"severity":"Warning","message":"Constant name must be in capitalized SNAKE_CASE","ruleId":"const-name-snakecase","fix":null,"filePath":"Benchmarks/Study_SamplesSet/4925cd92b72643f5e249aab8a93d9f0b.sol"},{"line":220,"column":23,"severity":"Error","message":"Explicitly mark all external contracts as trusted or untrusted","ruleId":"mark-callable-contracts","filePath":"Benchmarks/Study_SamplesSet/4925cd92b72643f5e249aab8a93d9f0b.sol"},{"line":223,"column":27,"severity":"Error","message":"Explicitly mark all external contracts as trusted or untrusted","ruleId":"mark-callable-contracts","filePath":"Benchmarks/Study_SamplesSet/4925cd92b72643f5e249aab8a93d9f0b.sol"},{"line":229,"column":24,"severity":"Warning","message":"Visibility modifier must be first in list of modifiers","ruleId":"visibility-modifier-order","fix":null,"filePath":"Benchmarks/Study_SamplesSet/4925cd92b72643f5e249aab8a93d9f0b.sol"},{"line":234,"column":9,"severity":"Warning","message":"Provide an error message for require","ruleId":"reason-string","fix":null,"filePath":"Benchmarks/Study_SamplesSet/4925cd92b72643f5e249aab8a93d9f0b.sol"},{"line":234,"column":9,"severity":"Warning","message":"Use Custom Errors instead of require statements","ruleId":"custom-errors","fix":null,"filePath":"Benchmarks/Study_SamplesSet/4925cd92b72643f5e249aab8a93d9f0b.sol"},{"line":235,"column":9,"severity":"Warning","message":"Provide an error message for require","ruleId":"reason-string","fix":null,"filePath":"Benchmarks/Study_SamplesSet/4925cd92b72643f5e249aab8a93d9f0b.sol"},{"line":235,"column":9,"severity":"Warning","message":"Use Custom Errors instead of require statements","ruleId":"custom-errors","fix":null,"filePath":"Benchmarks/Study_SamplesSet/4925cd92b72643f5e249aab8a93d9f0b.sol"},{"line":239,"column":27,"severity":"Warning","message":"Provide an error message for revert","ruleId":"reason-string","fix":null,"filePath":"Benchmarks/Study_SamplesSet/4925cd92b72643f5e249aab8a93d9f0b.sol"},{"line":239,"column":27,"severity":"Warning","message":"Use Custom Errors instead of revert statements","ruleId":"custom-errors","fix":null,"filePath":"Benchmarks/Study_SamplesSet/4925cd92b72643f5e249aab8a93d9f0b.sol"},{"line":244,"column":9,"severity":"Error","message":"Explicitly mark all external contracts as trusted or untrusted","ruleId":"mark-callable-contracts","filePath":"Benchmarks/Study_SamplesSet/4925cd92b72643f5e249aab8a93d9f0b.sol"},{"line":252,"column":13,"severity":"Error","message":"Explicitly mark all external contracts as trusted or untrusted","ruleId":"mark-callable-contracts","filePath":"Benchmarks/Study_SamplesSet/4925cd92b72643f5e249aab8a93d9f0b.sol"},{"line":360,"column":9,"severity":"Warning","message":"Provide an error message for require","ruleId":"reason-string","fix":null,"filePath":"Benchmarks/Study_SamplesSet/4925cd92b72643f5e249aab8a93d9f0b.sol"},{"line":360,"column":9,"severity":"Warning","message":"Use Custom Errors instead of require statements","ruleId":"custom-errors","fix":null,"filePath":"Benchmarks/Study_SamplesSet/4925cd92b72643f5e249aab8a93d9f0b.sol"},{"line":361,"column":9,"severity":"Warning","message":"Provide an error message for require","ruleId":"reason-string","fix":null,"filePath":"Benchmarks/Study_SamplesSet/4925cd92b72643f5e249aab8a93d9f0b.sol"},{"line":361,"column":9,"severity":"Warning","message":"Use Custom Errors instead of require statements","ruleId":"custom-errors","fix":null,"filePath":"Benchmarks/Study_SamplesSet/4925cd92b72643f5e249aab8a93d9f0b.sol"},{"line":365,"column":9,"severity":"Error","message":"Explicitly mark all external contracts as trusted or untrusted","ruleId":"mark-callable-contracts","filePath":"Benchmarks/Study_SamplesSet/4925cd92b72643f5e249aab8a93d9f0b.sol"},{"line":370,"column":9,"severity":"Warning","message":"Provide an error message for require","ruleId":"reason-string","fix":null,"filePath":"Benchmarks/Study_SamplesSet/4925cd92b72643f5e249aab8a93d9f0b.sol"},{"line":370,"column":9,"severity":"Warning","message":"Use Custom Errors instead of require statements","ruleId":"custom-errors","fix":null,"filePath":"Benchmarks/Study_SamplesSet/4925cd92b72643f5e249aab8a93d9f0b.sol"},{"line":374,"column":55,"severity":"Warning","message":"Visibility modifier must be first in list of modifiers","ruleId":"visibility-modifier-order","fix":null,"filePath":"Benchmarks/Study_SamplesSet/4925cd92b72643f5e249aab8a93d9f0b.sol"},{"line":375,"column":9,"severity":"Warning","message":"Provide an error message for require","ruleId":"reason-string","fix":null,"filePath":"Benchmarks/Study_SamplesSet/4925cd92b72643f5e249aab8a93d9f0b.sol"},{"line":375,"column":9,"severity":"Warning","message":"Use Custom Errors instead of require statements","ruleId":"custom-errors","fix":null,"filePath":"Benchmarks/Study_SamplesSet/4925cd92b72643f5e249aab8a93d9f0b.sol"},{"line":376,"column":9,"severity":"Error","message":"Explicitly mark all external contracts as trusted or untrusted","ruleId":"mark-callable-contracts","filePath":"Benchmarks/Study_SamplesSet/4925cd92b72643f5e249aab8a93d9f0b.sol"},{"line":389,"column":64,"severity":"Warning","message":"Visibility modifier must be first in list of modifiers","ruleId":"visibility-modifier-order","fix":null,"filePath":"Benchmarks/Study_SamplesSet/4925cd92b72643f5e249aab8a93d9f0b.sol"},{"line":401,"column":9,"severity":"Error","message":"Explicitly mark all external contracts as trusted or untrusted","ruleId":"mark-callable-contracts","filePath":"Benchmarks/Study_SamplesSet/4925cd92b72643f5e249aab8a93d9f0b.sol"},{"conclusion":"53 problem/s (14 error/s, 39 warning/s)"}]
