[{"line":1,"column":1,"severity":"Error","message":"Compiler version ^0.4.0 does not satisfy the ^0.8.0 semver requirement","ruleId":"compiler-version","fix":null,"filePath":"Benchmarks/Study_SamplesSet/4f085887b8c5b4b4a258a1000f470109.sol"},{"line":9,"column":9,"severity":"Warning","message":"Rule is set with explicit type [var/s: uint]","ruleId":"explicit-types","filePath":"Benchmarks/Study_SamplesSet/4f085887b8c5b4b4a258a1000f470109.sol"},{"line":10,"column":9,"severity":"Warning","message":"Rule is set with explicit type [var/s: uint]","ruleId":"explicit-types","filePath":"Benchmarks/Study_SamplesSet/4f085887b8c5b4b4a258a1000f470109.sol"},{"line":15,"column":4,"severity":"Warning","message":"Rule is set with explicit type [var/s: uint]","ruleId":"explicit-types","filePath":"Benchmarks/Study_SamplesSet/4f085887b8c5b4b4a258a1000f470109.sol"},{"line":18,"column":4,"severity":"Warning","message":"Event name must be in CamelCase","ruleId":"event-name-camelcase","filePath":"Benchmarks/Study_SamplesSet/4f085887b8c5b4b4a258a1000f470109.sol"},{"line":18,"column":37,"severity":"Warning","message":"Rule is set with explicit type [var/s: uint]","ruleId":"explicit-types","filePath":"Benchmarks/Study_SamplesSet/4f085887b8c5b4b4a258a1000f470109.sol"},{"line":22,"column":5,"severity":"Error","message":"Explicitly mark visibility in function (Set ignoreConstructors to true if using solidity >=0.7.0)","ruleId":"func-visibility","fix":null,"filePath":"Benchmarks/Study_SamplesSet/4f085887b8c5b4b4a258a1000f470109.sol"},{"line":30,"column":5,"severity":"Error","message":"Explicitly mark visibility in function","ruleId":"func-visibility","fix":null,"filePath":"Benchmarks/Study_SamplesSet/4f085887b8c5b4b4a258a1000f470109.sol"},{"line":30,"column":52,"severity":"Warning","message":"Rule is set with explicit type [var/s: uint]","ruleId":"explicit-types","filePath":"Benchmarks/Study_SamplesSet/4f085887b8c5b4b4a258a1000f470109.sol"},{"line":30,"column":67,"severity":"Warning","message":"Rule is set with explicit type [var/s: uint]","ruleId":"explicit-types","filePath":"Benchmarks/Study_SamplesSet/4f085887b8c5b4b4a258a1000f470109.sol"},{"line":32,"column":27,"severity":"Warning","message":"Rule is set with explicit type [var/s: int]","ruleId":"explicit-types","filePath":"Benchmarks/Study_SamplesSet/4f085887b8c5b4b4a258a1000f470109.sol"},{"line":32,"column":27,"severity":"Warning","message":"Rule is set with explicit type [var/s: int]","ruleId":"explicit-types","filePath":"Benchmarks/Study_SamplesSet/4f085887b8c5b4b4a258a1000f470109.sol"},{"line":32,"column":9,"severity":"Warning","message":"Rule is set with explicit type [var/s: int]","ruleId":"explicit-types","filePath":"Benchmarks/Study_SamplesSet/4f085887b8c5b4b4a258a1000f470109.sol"},{"line":52,"column":6,"severity":"Error","message":"Explicitly mark visibility in function","ruleId":"func-visibility","fix":null,"filePath":"Benchmarks/Study_SamplesSet/4f085887b8c5b4b4a258a1000f470109.sol"},{"line":58,"column":6,"severity":"Error","message":"Explicitly mark visibility in function","ruleId":"func-visibility","fix":null,"filePath":"Benchmarks/Study_SamplesSet/4f085887b8c5b4b4a258a1000f470109.sol"},{"line":58,"column":40,"severity":"Warning","message":"Rule is set with explicit type [var/s: uint]","ruleId":"explicit-types","filePath":"Benchmarks/Study_SamplesSet/4f085887b8c5b4b4a258a1000f470109.sol"},{"line":62,"column":6,"severity":"Error","message":"Explicitly mark visibility in function","ruleId":"func-visibility","fix":null,"filePath":"Benchmarks/Study_SamplesSet/4f085887b8c5b4b4a258a1000f470109.sol"},{"line":62,"column":43,"severity":"Warning","message":"Rule is set with explicit type [var/s: uint]","ruleId":"explicit-types","filePath":"Benchmarks/Study_SamplesSet/4f085887b8c5b4b4a258a1000f470109.sol"},{"line":66,"column":6,"severity":"Error","message":"Explicitly mark visibility in function","ruleId":"func-visibility","fix":null,"filePath":"Benchmarks/Study_SamplesSet/4f085887b8c5b4b4a258a1000f470109.sol"},{"line":66,"column":26,"severity":"Warning","message":"Rule is set with explicit type [var/s: uint]","ruleId":"explicit-types","filePath":"Benchmarks/Study_SamplesSet/4f085887b8c5b4b4a258a1000f470109.sol"},{"line":66,"column":58,"severity":"Warning","message":"Rule is set with explicit type [var/s: uint]","ruleId":"explicit-types","filePath":"Benchmarks/Study_SamplesSet/4f085887b8c5b4b4a258a1000f470109.sol"},{"line":66,"column":63,"severity":"Warning","message":"Rule is set with explicit type [var/s: uint]","ruleId":"explicit-types","filePath":"Benchmarks/Study_SamplesSet/4f085887b8c5b4b4a258a1000f470109.sol"},{"line":67,"column":10,"severity":"Warning","message":"Rule is set with explicit type [var/s: uint]","ruleId":"explicit-types","filePath":"Benchmarks/Study_SamplesSet/4f085887b8c5b4b4a258a1000f470109.sol"},{"conclusion":"23 problem/s (7 error/s, 16 warning/s)"}]
