[{"line":1,"column":1,"severity":"Error","message":"Compiler version 0.4.24 does not satisfy the ^0.8.0 semver requirement","ruleId":"compiler-version","fix":null,"filePath":"Benchmarks/Study_SamplesSet/526bb275d8a973307fcfeed06f88643f.sol"},{"line":4,"column":5,"severity":"Error","message":"Explicitly mark visibility of state","ruleId":"state-visibility","fix":null,"filePath":"Benchmarks/Study_SamplesSet/526bb275d8a973307fcfeed06f88643f.sol"},{"line":4,"column":5,"severity":"Warning","message":"Rule is set with explicit type [var/s: uint]","ruleId":"explicit-types","filePath":"Benchmarks/Study_SamplesSet/526bb275d8a973307fcfeed06f88643f.sol"},{"line":5,"column":5,"severity":"Error","message":"Explicitly mark visibility of state","ruleId":"state-visibility","fix":null,"filePath":"Benchmarks/Study_SamplesSet/526bb275d8a973307fcfeed06f88643f.sol"},{"line":5,"column":5,"severity":"Warning","message":"Rule is set with explicit type [var/s: uint]","ruleId":"explicit-types","filePath":"Benchmarks/Study_SamplesSet/526bb275d8a973307fcfeed06f88643f.sol"},{"line":7,"column":5,"severity":"Error","message":"Explicitly mark visibility in function","ruleId":"func-visibility","fix":null,"filePath":"Benchmarks/Study_SamplesSet/526bb275d8a973307fcfeed06f88643f.sol"},{"line":7,"column":40,"severity":"Warning","message":"Rule is set with explicit type [var/s: uint]","ruleId":"explicit-types","filePath":"Benchmarks/Study_SamplesSet/526bb275d8a973307fcfeed06f88643f.sol"},{"line":11,"column":5,"severity":"Error","message":"Explicitly mark visibility in function","ruleId":"func-visibility","fix":null,"filePath":"Benchmarks/Study_SamplesSet/526bb275d8a973307fcfeed06f88643f.sol"},{"line":11,"column":40,"severity":"Warning","message":"Rule is set with explicit type [var/s: uint]","ruleId":"explicit-types","filePath":"Benchmarks/Study_SamplesSet/526bb275d8a973307fcfeed06f88643f.sol"},{"line":16,"column":5,"severity":"Error","message":"Explicitly mark visibility in function","ruleId":"func-visibility","fix":null,"filePath":"Benchmarks/Study_SamplesSet/526bb275d8a973307fcfeed06f88643f.sol"},{"line":16,"column":40,"severity":"Warning","message":"Rule is set with explicit type [var/s: uint]","ruleId":"explicit-types","filePath":"Benchmarks/Study_SamplesSet/526bb275d8a973307fcfeed06f88643f.sol"},{"line":17,"column":9,"severity":"Warning","message":"Rule is set with explicit type [var/s: uint]","ruleId":"explicit-types","filePath":"Benchmarks/Study_SamplesSet/526bb275d8a973307fcfeed06f88643f.sol"},{"conclusion":"12 problem/s (6 error/s, 6 warning/s)"}]
