[{"line":1,"column":1,"severity":"Warning","message":"Found more than One contract per file. 3 contracts found!","ruleId":"one-contract-per-file","fix":null,"filePath":"Benchmarks/Study_SamplesSet/52d62e4bf3e67582db8cdea0a5fab378.sol"},{"line":1,"column":1,"severity":"Error","message":"Compiler version ^0.4.4 does not satisfy the ^0.8.0 semver requirement","ruleId":"compiler-version","fix":null,"filePath":"Benchmarks/Study_SamplesSet/52d62e4bf3e67582db8cdea0a5fab378.sol"},{"line":6,"column":5,"severity":"Error","message":"Explicitly mark visibility in function","ruleId":"func-visibility","fix":null,"filePath":"Benchmarks/Study_SamplesSet/52d62e4bf3e67582db8cdea0a5fab378.sol"},{"line":6,"column":62,"severity":"Warning","message":"Code contains empty blocks","ruleId":"no-empty-blocks","fix":null,"filePath":"Benchmarks/Study_SamplesSet/52d62e4bf3e67582db8cdea0a5fab378.sol"},{"line":10,"column":5,"severity":"Error","message":"Explicitly mark visibility in function","ruleId":"func-visibility","fix":null,"filePath":"Benchmarks/Study_SamplesSet/52d62e4bf3e67582db8cdea0a5fab378.sol"},{"line":10,"column":75,"severity":"Warning","message":"Code contains empty blocks","ruleId":"no-empty-blocks","fix":null,"filePath":"Benchmarks/Study_SamplesSet/52d62e4bf3e67582db8cdea0a5fab378.sol"},{"line":16,"column":5,"severity":"Error","message":"Explicitly mark visibility in function","ruleId":"func-visibility","fix":null,"filePath":"Benchmarks/Study_SamplesSet/52d62e4bf3e67582db8cdea0a5fab378.sol"},{"line":16,"column":75,"severity":"Warning","message":"Code contains empty blocks","ruleId":"no-empty-blocks","fix":null,"filePath":"Benchmarks/Study_SamplesSet/52d62e4bf3e67582db8cdea0a5fab378.sol"},{"line":23,"column":5,"severity":"Error","message":"Explicitly mark visibility in function","ruleId":"func-visibility","fix":null,"filePath":"Benchmarks/Study_SamplesSet/52d62e4bf3e67582db8cdea0a5fab378.sol"},{"line":23,"column":94,"severity":"Warning","message":"Code contains empty blocks","ruleId":"no-empty-blocks","fix":null,"filePath":"Benchmarks/Study_SamplesSet/52d62e4bf3e67582db8cdea0a5fab378.sol"},{"line":29,"column":5,"severity":"Error","message":"Explicitly mark visibility in function","ruleId":"func-visibility","fix":null,"filePath":"Benchmarks/Study_SamplesSet/52d62e4bf3e67582db8cdea0a5fab378.sol"},{"line":29,"column":79,"severity":"Warning","message":"Code contains empty blocks","ruleId":"no-empty-blocks","fix":null,"filePath":"Benchmarks/Study_SamplesSet/52d62e4bf3e67582db8cdea0a5fab378.sol"},{"line":34,"column":5,"severity":"Error","message":"Explicitly mark visibility in function","ruleId":"func-visibility","fix":null,"filePath":"Benchmarks/Study_SamplesSet/52d62e4bf3e67582db8cdea0a5fab378.sol"},{"line":34,"column":95,"severity":"Warning","message":"Code contains empty blocks","ruleId":"no-empty-blocks","fix":null,"filePath":"Benchmarks/Study_SamplesSet/52d62e4bf3e67582db8cdea0a5fab378.sol"},{"line":45,"column":5,"severity":"Error","message":"Explicitly mark visibility in function","ruleId":"func-visibility","fix":null,"filePath":"Benchmarks/Study_SamplesSet/52d62e4bf3e67582db8cdea0a5fab378.sol"},{"line":53,"column":13,"severity":"Error","message":"Explicitly mark all external contracts as trusted or untrusted","ruleId":"mark-callable-contracts","filePath":"Benchmarks/Study_SamplesSet/52d62e4bf3e67582db8cdea0a5fab378.sol"},{"line":58,"column":5,"severity":"Error","message":"Explicitly mark visibility in function","ruleId":"func-visibility","fix":null,"filePath":"Benchmarks/Study_SamplesSet/52d62e4bf3e67582db8cdea0a5fab378.sol"},{"line":65,"column":13,"severity":"Error","message":"Explicitly mark all external contracts as trusted or untrusted","ruleId":"mark-callable-contracts","filePath":"Benchmarks/Study_SamplesSet/52d62e4bf3e67582db8cdea0a5fab378.sol"},{"line":70,"column":5,"severity":"Error","message":"Explicitly mark visibility in function","ruleId":"func-visibility","fix":null,"filePath":"Benchmarks/Study_SamplesSet/52d62e4bf3e67582db8cdea0a5fab378.sol"},{"line":71,"column":11,"severity":"Warning","message":"Rule is set with explicit type [var/s: uint]","ruleId":"explicit-types","filePath":"Benchmarks/Study_SamplesSet/52d62e4bf3e67582db8cdea0a5fab378.sol"},{"line":74,"column":10,"severity":"Error","message":"Explicitly mark all external contracts as trusted or untrusted","ruleId":"mark-callable-contracts","filePath":"Benchmarks/Study_SamplesSet/52d62e4bf3e67582db8cdea0a5fab378.sol"},{"line":78,"column":5,"severity":"Error","message":"Explicitly mark visibility in function","ruleId":"func-visibility","fix":null,"filePath":"Benchmarks/Study_SamplesSet/52d62e4bf3e67582db8cdea0a5fab378.sol"},{"line":82,"column":5,"severity":"Error","message":"Explicitly mark visibility in function","ruleId":"func-visibility","fix":null,"filePath":"Benchmarks/Study_SamplesSet/52d62e4bf3e67582db8cdea0a5fab378.sol"},{"line":84,"column":9,"severity":"Error","message":"Explicitly mark all external contracts as trusted or untrusted","ruleId":"mark-callable-contracts","filePath":"Benchmarks/Study_SamplesSet/52d62e4bf3e67582db8cdea0a5fab378.sol"},{"line":88,"column":5,"severity":"Error","message":"Explicitly mark visibility in function","ruleId":"func-visibility","fix":null,"filePath":"Benchmarks/Study_SamplesSet/52d62e4bf3e67582db8cdea0a5fab378.sol"},{"line":92,"column":5,"severity":"Error","message":"Explicitly mark visibility of state","ruleId":"state-visibility","fix":null,"filePath":"Benchmarks/Study_SamplesSet/52d62e4bf3e67582db8cdea0a5fab378.sol"},{"line":93,"column":5,"severity":"Error","message":"Explicitly mark visibility of state","ruleId":"state-visibility","fix":null,"filePath":"Benchmarks/Study_SamplesSet/52d62e4bf3e67582db8cdea0a5fab378.sol"},{"line":101,"column":5,"severity":"Warning","message":"Fallback should be external and payable to accept native currency","ruleId":"payable-fallback","filePath":"Benchmarks/Study_SamplesSet/52d62e4bf3e67582db8cdea0a5fab378.sol"},{"line":101,"column":5,"severity":"Error","message":"Explicitly mark visibility in function","ruleId":"func-visibility","fix":null,"filePath":"Benchmarks/Study_SamplesSet/52d62e4bf3e67582db8cdea0a5fab378.sol"},{"line":103,"column":9,"severity":"Error","message":"\"throw\" is deprecated, avoid to use it","ruleId":"avoid-throw","filePath":"Benchmarks/Study_SamplesSet/52d62e4bf3e67582db8cdea0a5fab378.sol"},{"line":117,"column":29,"severity":"Error","message":"Use double quotes for string literals","ruleId":"quotes","filePath":"Benchmarks/Study_SamplesSet/52d62e4bf3e67582db8cdea0a5fab378.sol"},{"line":125,"column":5,"severity":"Error","message":"Explicitly mark visibility in function (Set ignoreConstructors to true if using solidity >=0.7.0)","ruleId":"func-visibility","fix":null,"filePath":"Benchmarks/Study_SamplesSet/52d62e4bf3e67582db8cdea0a5fab378.sol"},{"line":135,"column":5,"severity":"Error","message":"Explicitly mark visibility in function","ruleId":"func-visibility","fix":null,"filePath":"Benchmarks/Study_SamplesSet/52d62e4bf3e67582db8cdea0a5fab378.sol"},{"line":137,"column":9,"severity":"Error","message":"Explicitly mark all external contracts as trusted or untrusted","ruleId":"mark-callable-contracts","filePath":"Benchmarks/Study_SamplesSet/52d62e4bf3e67582db8cdea0a5fab378.sol"},{"line":142,"column":13,"severity":"Error","message":"Avoid to use low level calls.","ruleId":"avoid-low-level-calls","fix":null,"filePath":"Benchmarks/Study_SamplesSet/52d62e4bf3e67582db8cdea0a5fab378.sol"},{"line":142,"column":42,"severity":"Error","message":"Use \"keccak256\" instead of deprecated \"sha3\"","ruleId":"avoid-sha3","filePath":"Benchmarks/Study_SamplesSet/52d62e4bf3e67582db8cdea0a5fab378.sol"},{"line":142,"column":141,"severity":"Error","message":"\"throw\" is deprecated, avoid to use it","ruleId":"avoid-throw","filePath":"Benchmarks/Study_SamplesSet/52d62e4bf3e67582db8cdea0a5fab378.sol"},{"conclusion":"37 problem/s (28 error/s, 9 warning/s)"}]
