[{"line":1,"column":1,"severity":"Warning","message":"Found more than One contract per file. 2 contracts found!","ruleId":"one-contract-per-file","fix":null,"filePath":"Benchmarks/Study_SamplesSet/535508e9c04b204d62cb85d1a13a80e8.sol"},{"line":1,"column":1,"severity":"Error","message":"Compiler version ^0.4.19 does not satisfy the ^0.8.0 semver requirement","ruleId":"compiler-version","fix":null,"filePath":"Benchmarks/Study_SamplesSet/535508e9c04b204d62cb85d1a13a80e8.sol"},{"line":57,"column":5,"severity":"Error","message":"Explicitly mark visibility of state","ruleId":"state-visibility","fix":null,"filePath":"Benchmarks/Study_SamplesSet/535508e9c04b204d62cb85d1a13a80e8.sol"},{"line":68,"column":5,"severity":"Error","message":"Fallback function must be simple","ruleId":"no-complex-fallback","fix":null,"filePath":"Benchmarks/Study_SamplesSet/535508e9c04b204d62cb85d1a13a80e8.sol"},{"line":69,"column":9,"severity":"Warning","message":"Provide an error message for require","ruleId":"reason-string","fix":null,"filePath":"Benchmarks/Study_SamplesSet/535508e9c04b204d62cb85d1a13a80e8.sol"},{"line":69,"column":9,"severity":"Warning","message":"Use Custom Errors instead of require statements","ruleId":"custom-errors","fix":null,"filePath":"Benchmarks/Study_SamplesSet/535508e9c04b204d62cb85d1a13a80e8.sol"},{"line":75,"column":24,"severity":"Error","message":"Avoid making time-based decisions in your business logic","ruleId":"not-rely-on-time","fix":null,"filePath":"Benchmarks/Study_SamplesSet/535508e9c04b204d62cb85d1a13a80e8.sol"},{"line":80,"column":32,"severity":"Error","message":"Explicitly mark all external contracts as trusted or untrusted","ruleId":"mark-callable-contracts","filePath":"Benchmarks/Study_SamplesSet/535508e9c04b204d62cb85d1a13a80e8.sol"},{"line":80,"column":45,"severity":"Error","message":"Explicitly mark all external contracts as trusted or untrusted","ruleId":"mark-callable-contracts","filePath":"Benchmarks/Study_SamplesSet/535508e9c04b204d62cb85d1a13a80e8.sol"},{"line":85,"column":9,"severity":"Warning","message":"Provide an error message for require","ruleId":"reason-string","fix":null,"filePath":"Benchmarks/Study_SamplesSet/535508e9c04b204d62cb85d1a13a80e8.sol"},{"line":85,"column":9,"severity":"Warning","message":"Use Custom Errors instead of require statements","ruleId":"custom-errors","fix":null,"filePath":"Benchmarks/Study_SamplesSet/535508e9c04b204d62cb85d1a13a80e8.sol"},{"line":85,"column":17,"severity":"Error","message":"Avoid making time-based decisions in your business logic","ruleId":"not-rely-on-time","fix":null,"filePath":"Benchmarks/Study_SamplesSet/535508e9c04b204d62cb85d1a13a80e8.sol"},{"line":94,"column":24,"severity":"Error","message":"Explicitly mark all external contracts as trusted or untrusted","ruleId":"mark-callable-contracts","filePath":"Benchmarks/Study_SamplesSet/535508e9c04b204d62cb85d1a13a80e8.sol"},{"line":94,"column":37,"severity":"Error","message":"Explicitly mark all external contracts as trusted or untrusted","ruleId":"mark-callable-contracts","filePath":"Benchmarks/Study_SamplesSet/535508e9c04b204d62cb85d1a13a80e8.sol"},{"conclusion":"14 problem/s (9 error/s, 5 warning/s)"}]
