[{"line":3,"column":1,"severity":"Warning","message":"Found more than One contract per file. 2 contracts found!","ruleId":"one-contract-per-file","fix":null,"filePath":"Benchmarks/Study_SamplesSet/553e36a737b05e3a38d005c34c9f1c51.sol"},{"line":3,"column":1,"severity":"Error","message":"Compiler version ^0.4.13 does not satisfy the ^0.8.0 semver requirement","ruleId":"compiler-version","fix":null,"filePath":"Benchmarks/Study_SamplesSet/553e36a737b05e3a38d005c34c9f1c51.sol"},{"line":7,"column":3,"severity":"Error","message":"Explicitly mark visibility in function","ruleId":"func-visibility","fix":null,"filePath":"Benchmarks/Study_SamplesSet/553e36a737b05e3a38d005c34c9f1c51.sol"},{"line":8,"column":3,"severity":"Error","message":"Explicitly mark visibility in function","ruleId":"func-visibility","fix":null,"filePath":"Benchmarks/Study_SamplesSet/553e36a737b05e3a38d005c34c9f1c51.sol"},{"line":15,"column":3,"severity":"Warning","message":"Variable name must be in mixedCase","ruleId":"var-name-mixedcase","fix":null,"filePath":"Benchmarks/Study_SamplesSet/553e36a737b05e3a38d005c34c9f1c51.sol"},{"line":17,"column":3,"severity":"Warning","message":"Variable name must be in mixedCase","ruleId":"var-name-mixedcase","fix":null,"filePath":"Benchmarks/Study_SamplesSet/553e36a737b05e3a38d005c34c9f1c51.sol"},{"line":19,"column":3,"severity":"Warning","message":"Constant name must be in capitalized SNAKE_CASE","ruleId":"const-name-snakecase","fix":null,"filePath":"Benchmarks/Study_SamplesSet/553e36a737b05e3a38d005c34c9f1c51.sol"},{"line":20,"column":3,"severity":"Warning","message":"Constant name must be in capitalized SNAKE_CASE","ruleId":"const-name-snakecase","fix":null,"filePath":"Benchmarks/Study_SamplesSet/553e36a737b05e3a38d005c34c9f1c51.sol"},{"line":21,"column":3,"severity":"Error","message":"Explicitly mark visibility of state","ruleId":"state-visibility","fix":null,"filePath":"Benchmarks/Study_SamplesSet/553e36a737b05e3a38d005c34c9f1c51.sol"},{"line":21,"column":3,"severity":"Warning","message":"Variable name must be in mixedCase","ruleId":"var-name-mixedcase","fix":null,"filePath":"Benchmarks/Study_SamplesSet/553e36a737b05e3a38d005c34c9f1c51.sol"},{"line":26,"column":3,"severity":"Warning","message":"Constant name must be in capitalized SNAKE_CASE","ruleId":"const-name-snakecase","fix":null,"filePath":"Benchmarks/Study_SamplesSet/553e36a737b05e3a38d005c34c9f1c51.sol"},{"line":27,"column":3,"severity":"Warning","message":"Variable name must be in mixedCase","ruleId":"var-name-mixedcase","fix":null,"filePath":"Benchmarks/Study_SamplesSet/553e36a737b05e3a38d005c34c9f1c51.sol"},{"line":28,"column":3,"severity":"Warning","message":"Variable name must be in mixedCase","ruleId":"var-name-mixedcase","fix":null,"filePath":"Benchmarks/Study_SamplesSet/553e36a737b05e3a38d005c34c9f1c51.sol"},{"line":31,"column":3,"severity":"Error","message":"Explicitly mark visibility in function","ruleId":"func-visibility","fix":null,"filePath":"Benchmarks/Study_SamplesSet/553e36a737b05e3a38d005c34c9f1c51.sol"},{"line":33,"column":5,"severity":"Warning","message":"Provide an error message for require","ruleId":"reason-string","fix":null,"filePath":"Benchmarks/Study_SamplesSet/553e36a737b05e3a38d005c34c9f1c51.sol"},{"line":33,"column":5,"severity":"Warning","message":"Use Custom Errors instead of require statements","ruleId":"custom-errors","fix":null,"filePath":"Benchmarks/Study_SamplesSet/553e36a737b05e3a38d005c34c9f1c51.sol"},{"line":34,"column":5,"severity":"Warning","message":"Provide an error message for require","ruleId":"reason-string","fix":null,"filePath":"Benchmarks/Study_SamplesSet/553e36a737b05e3a38d005c34c9f1c51.sol"},{"line":34,"column":5,"severity":"Warning","message":"Use Custom Errors instead of require statements","ruleId":"custom-errors","fix":null,"filePath":"Benchmarks/Study_SamplesSet/553e36a737b05e3a38d005c34c9f1c51.sol"},{"line":35,"column":5,"severity":"Warning","message":"Variable name must be in mixedCase","ruleId":"var-name-mixedcase","fix":null,"filePath":"Benchmarks/Study_SamplesSet/553e36a737b05e3a38d005c34c9f1c51.sol"},{"line":37,"column":5,"severity":"Warning","message":"Provide an error message for require","ruleId":"reason-string","fix":null,"filePath":"Benchmarks/Study_SamplesSet/553e36a737b05e3a38d005c34c9f1c51.sol"},{"line":37,"column":5,"severity":"Warning","message":"Use Custom Errors instead of require statements","ruleId":"custom-errors","fix":null,"filePath":"Benchmarks/Study_SamplesSet/553e36a737b05e3a38d005c34c9f1c51.sol"},{"line":39,"column":5,"severity":"Warning","message":"Variable name must be in mixedCase","ruleId":"var-name-mixedcase","fix":null,"filePath":"Benchmarks/Study_SamplesSet/553e36a737b05e3a38d005c34c9f1c51.sol"},{"line":46,"column":5,"severity":"Warning","message":"Provide an error message for require","ruleId":"reason-string","fix":null,"filePath":"Benchmarks/Study_SamplesSet/553e36a737b05e3a38d005c34c9f1c51.sol"},{"line":46,"column":5,"severity":"Warning","message":"Use Custom Errors instead of require statements","ruleId":"custom-errors","fix":null,"filePath":"Benchmarks/Study_SamplesSet/553e36a737b05e3a38d005c34c9f1c51.sol"},{"line":48,"column":5,"severity":"Warning","message":"Provide an error message for require","ruleId":"reason-string","fix":null,"filePath":"Benchmarks/Study_SamplesSet/553e36a737b05e3a38d005c34c9f1c51.sol"},{"line":48,"column":5,"severity":"Warning","message":"Use Custom Errors instead of require statements","ruleId":"custom-errors","fix":null,"filePath":"Benchmarks/Study_SamplesSet/553e36a737b05e3a38d005c34c9f1c51.sol"},{"line":52,"column":3,"severity":"Warning","message":"Function name must be in mixedCase","ruleId":"func-name-mixedcase","fix":null,"filePath":"Benchmarks/Study_SamplesSet/553e36a737b05e3a38d005c34c9f1c51.sol"},{"line":52,"column":3,"severity":"Error","message":"Explicitly mark visibility in function","ruleId":"func-visibility","fix":null,"filePath":"Benchmarks/Study_SamplesSet/553e36a737b05e3a38d005c34c9f1c51.sol"},{"line":53,"column":5,"severity":"Warning","message":"Provide an error message for require","ruleId":"reason-string","fix":null,"filePath":"Benchmarks/Study_SamplesSet/553e36a737b05e3a38d005c34c9f1c51.sol"},{"line":53,"column":5,"severity":"Warning","message":"Use Custom Errors instead of require statements","ruleId":"custom-errors","fix":null,"filePath":"Benchmarks/Study_SamplesSet/553e36a737b05e3a38d005c34c9f1c51.sol"},{"line":55,"column":5,"severity":"Warning","message":"Variable name must be in mixedCase","ruleId":"var-name-mixedcase","fix":null,"filePath":"Benchmarks/Study_SamplesSet/553e36a737b05e3a38d005c34c9f1c51.sol"},{"line":63,"column":3,"severity":"Warning","message":"Function name must be in mixedCase","ruleId":"func-name-mixedcase","fix":null,"filePath":"Benchmarks/Study_SamplesSet/553e36a737b05e3a38d005c34c9f1c51.sol"},{"line":63,"column":3,"severity":"Error","message":"Explicitly mark visibility in function","ruleId":"func-visibility","fix":null,"filePath":"Benchmarks/Study_SamplesSet/553e36a737b05e3a38d005c34c9f1c51.sol"},{"line":64,"column":5,"severity":"Warning","message":"Provide an error message for require","ruleId":"reason-string","fix":null,"filePath":"Benchmarks/Study_SamplesSet/553e36a737b05e3a38d005c34c9f1c51.sol"},{"line":64,"column":5,"severity":"Warning","message":"Use Custom Errors instead of require statements","ruleId":"custom-errors","fix":null,"filePath":"Benchmarks/Study_SamplesSet/553e36a737b05e3a38d005c34c9f1c51.sol"},{"line":65,"column":5,"severity":"Warning","message":"Provide an error message for require","ruleId":"reason-string","fix":null,"filePath":"Benchmarks/Study_SamplesSet/553e36a737b05e3a38d005c34c9f1c51.sol"},{"line":65,"column":5,"severity":"Warning","message":"Use Custom Errors instead of require statements","ruleId":"custom-errors","fix":null,"filePath":"Benchmarks/Study_SamplesSet/553e36a737b05e3a38d005c34c9f1c51.sol"},{"line":66,"column":5,"severity":"Warning","message":"Provide an error message for require","ruleId":"reason-string","fix":null,"filePath":"Benchmarks/Study_SamplesSet/553e36a737b05e3a38d005c34c9f1c51.sol"},{"line":66,"column":5,"severity":"Warning","message":"Use Custom Errors instead of require statements","ruleId":"custom-errors","fix":null,"filePath":"Benchmarks/Study_SamplesSet/553e36a737b05e3a38d005c34c9f1c51.sol"},{"line":67,"column":5,"severity":"Warning","message":"Provide an error message for require","ruleId":"reason-string","fix":null,"filePath":"Benchmarks/Study_SamplesSet/553e36a737b05e3a38d005c34c9f1c51.sol"},{"line":67,"column":5,"severity":"Warning","message":"Use Custom Errors instead of require statements","ruleId":"custom-errors","fix":null,"filePath":"Benchmarks/Study_SamplesSet/553e36a737b05e3a38d005c34c9f1c51.sol"},{"line":78,"column":3,"severity":"Warning","message":"Function name must be in mixedCase","ruleId":"func-name-mixedcase","fix":null,"filePath":"Benchmarks/Study_SamplesSet/553e36a737b05e3a38d005c34c9f1c51.sol"},{"line":78,"column":3,"severity":"Error","message":"Explicitly mark visibility in function","ruleId":"func-visibility","fix":null,"filePath":"Benchmarks/Study_SamplesSet/553e36a737b05e3a38d005c34c9f1c51.sol"},{"line":80,"column":5,"severity":"Warning","message":"Provide an error message for require","ruleId":"reason-string","fix":null,"filePath":"Benchmarks/Study_SamplesSet/553e36a737b05e3a38d005c34c9f1c51.sol"},{"line":80,"column":5,"severity":"Warning","message":"Use Custom Errors instead of require statements","ruleId":"custom-errors","fix":null,"filePath":"Benchmarks/Study_SamplesSet/553e36a737b05e3a38d005c34c9f1c51.sol"},{"line":81,"column":5,"severity":"Warning","message":"Provide an error message for require","ruleId":"reason-string","fix":null,"filePath":"Benchmarks/Study_SamplesSet/553e36a737b05e3a38d005c34c9f1c51.sol"},{"line":81,"column":5,"severity":"Warning","message":"Use Custom Errors instead of require statements","ruleId":"custom-errors","fix":null,"filePath":"Benchmarks/Study_SamplesSet/553e36a737b05e3a38d005c34c9f1c51.sol"},{"line":82,"column":5,"severity":"Warning","message":"Provide an error message for require","ruleId":"reason-string","fix":null,"filePath":"Benchmarks/Study_SamplesSet/553e36a737b05e3a38d005c34c9f1c51.sol"},{"line":82,"column":5,"severity":"Warning","message":"Use Custom Errors instead of require statements","ruleId":"custom-errors","fix":null,"filePath":"Benchmarks/Study_SamplesSet/553e36a737b05e3a38d005c34c9f1c51.sol"},{"line":86,"column":3,"severity":"Warning","message":"Function name must be in mixedCase","ruleId":"func-name-mixedcase","fix":null,"filePath":"Benchmarks/Study_SamplesSet/553e36a737b05e3a38d005c34c9f1c51.sol"},{"line":86,"column":3,"severity":"Error","message":"Explicitly mark visibility in function","ruleId":"func-visibility","fix":null,"filePath":"Benchmarks/Study_SamplesSet/553e36a737b05e3a38d005c34c9f1c51.sol"},{"line":87,"column":5,"severity":"Warning","message":"Provide an error message for require","ruleId":"reason-string","fix":null,"filePath":"Benchmarks/Study_SamplesSet/553e36a737b05e3a38d005c34c9f1c51.sol"},{"line":87,"column":5,"severity":"Warning","message":"Use Custom Errors instead of require statements","ruleId":"custom-errors","fix":null,"filePath":"Benchmarks/Study_SamplesSet/553e36a737b05e3a38d005c34c9f1c51.sol"},{"line":88,"column":13,"severity":"Error","message":"Explicitly mark all external contracts as trusted or untrusted","ruleId":"mark-callable-contracts","filePath":"Benchmarks/Study_SamplesSet/553e36a737b05e3a38d005c34c9f1c51.sol"},{"line":91,"column":3,"severity":"Warning","message":"Function name must be in mixedCase","ruleId":"func-name-mixedcase","fix":null,"filePath":"Benchmarks/Study_SamplesSet/553e36a737b05e3a38d005c34c9f1c51.sol"},{"line":91,"column":3,"severity":"Error","message":"Explicitly mark visibility in function","ruleId":"func-visibility","fix":null,"filePath":"Benchmarks/Study_SamplesSet/553e36a737b05e3a38d005c34c9f1c51.sol"},{"line":95,"column":5,"severity":"Warning","message":"Provide an error message for require","ruleId":"reason-string","fix":null,"filePath":"Benchmarks/Study_SamplesSet/553e36a737b05e3a38d005c34c9f1c51.sol"},{"line":95,"column":5,"severity":"Warning","message":"Use Custom Errors instead of require statements","ruleId":"custom-errors","fix":null,"filePath":"Benchmarks/Study_SamplesSet/553e36a737b05e3a38d005c34c9f1c51.sol"},{"line":97,"column":5,"severity":"Warning","message":"Variable name must be in mixedCase","ruleId":"var-name-mixedcase","fix":null,"filePath":"Benchmarks/Study_SamplesSet/553e36a737b05e3a38d005c34c9f1c51.sol"},{"line":98,"column":5,"severity":"Warning","message":"Provide an error message for require","ruleId":"reason-string","fix":null,"filePath":"Benchmarks/Study_SamplesSet/553e36a737b05e3a38d005c34c9f1c51.sol"},{"line":98,"column":5,"severity":"Warning","message":"Use Custom Errors instead of require statements","ruleId":"custom-errors","fix":null,"filePath":"Benchmarks/Study_SamplesSet/553e36a737b05e3a38d005c34c9f1c51.sol"},{"line":102,"column":5,"severity":"Warning","message":"Provide an error message for require","ruleId":"reason-string","fix":null,"filePath":"Benchmarks/Study_SamplesSet/553e36a737b05e3a38d005c34c9f1c51.sol"},{"line":102,"column":5,"severity":"Warning","message":"Use Custom Errors instead of require statements","ruleId":"custom-errors","fix":null,"filePath":"Benchmarks/Study_SamplesSet/553e36a737b05e3a38d005c34c9f1c51.sol"},{"line":106,"column":3,"severity":"Error","message":"Explicitly mark visibility in function","ruleId":"func-visibility","fix":null,"filePath":"Benchmarks/Study_SamplesSet/553e36a737b05e3a38d005c34c9f1c51.sol"},{"line":106,"column":3,"severity":"Error","message":"Fallback function must be simple","ruleId":"no-complex-fallback","fix":null,"filePath":"Benchmarks/Study_SamplesSet/553e36a737b05e3a38d005c34c9f1c51.sol"},{"line":107,"column":5,"severity":"Warning","message":"Provide an error message for require","ruleId":"reason-string","fix":null,"filePath":"Benchmarks/Study_SamplesSet/553e36a737b05e3a38d005c34c9f1c51.sol"},{"line":107,"column":5,"severity":"Warning","message":"Use Custom Errors instead of require statements","ruleId":"custom-errors","fix":null,"filePath":"Benchmarks/Study_SamplesSet/553e36a737b05e3a38d005c34c9f1c51.sol"},{"line":108,"column":5,"severity":"Warning","message":"Provide an error message for require","ruleId":"reason-string","fix":null,"filePath":"Benchmarks/Study_SamplesSet/553e36a737b05e3a38d005c34c9f1c51.sol"},{"line":108,"column":5,"severity":"Warning","message":"Use Custom Errors instead of require statements","ruleId":"custom-errors","fix":null,"filePath":"Benchmarks/Study_SamplesSet/553e36a737b05e3a38d005c34c9f1c51.sol"},{"conclusion":"69 problem/s (13 error/s, 56 warning/s)"}]
