[{"line":6,"column":1,"severity":"Error","message":"Compiler version ^0.4.25 does not satisfy the ^0.8.0 semver requirement","ruleId":"compiler-version","fix":null,"filePath":"Benchmarks/Study_SamplesSet/564597f346421e0ae96e92266374d8c5.sol"},{"line":10,"column":36,"severity":"Warning","message":"Provide an error message for require","ruleId":"reason-string","fix":null,"filePath":"Benchmarks/Study_SamplesSet/564597f346421e0ae96e92266374d8c5.sol"},{"line":10,"column":36,"severity":"Warning","message":"Use Custom Errors instead of require statements","ruleId":"custom-errors","fix":null,"filePath":"Benchmarks/Study_SamplesSet/564597f346421e0ae96e92266374d8c5.sol"},{"line":13,"column":9,"severity":"Warning","message":"Use Custom Errors instead of require statements","ruleId":"custom-errors","fix":null,"filePath":"Benchmarks/Study_SamplesSet/564597f346421e0ae96e92266374d8c5.sol"},{"line":13,"column":33,"severity":"Error","message":"Use double quotes for string literals","ruleId":"quotes","filePath":"Benchmarks/Study_SamplesSet/564597f346421e0ae96e92266374d8c5.sol"},{"line":23,"column":9,"severity":"Warning","message":"Use Custom Errors instead of require statements","ruleId":"custom-errors","fix":null,"filePath":"Benchmarks/Study_SamplesSet/564597f346421e0ae96e92266374d8c5.sol"},{"line":23,"column":33,"severity":"Error","message":"Use double quotes for string literals","ruleId":"quotes","filePath":"Benchmarks/Study_SamplesSet/564597f346421e0ae96e92266374d8c5.sol"},{"line":26,"column":9,"severity":"Error","message":"Avoid to use inline assembly. It is acceptable only in rare cases","ruleId":"no-inline-assembly","fix":null,"filePath":"Benchmarks/Study_SamplesSet/564597f346421e0ae96e92266374d8c5.sol"},{"conclusion":"8 problem/s (4 error/s, 4 warning/s)"}]
