[{"line":1,"column":1,"severity":"Warning","message":"Found more than One contract per file. 2 contracts found!","ruleId":"one-contract-per-file","fix":null,"filePath":"Benchmarks/Study_SamplesSet/56d37edcdbad29a19c64d906e452b2e5.sol"},{"line":1,"column":1,"severity":"Error","message":"Compiler version ^0.4.13 does not satisfy the ^0.8.0 semver requirement","ruleId":"compiler-version","fix":null,"filePath":"Benchmarks/Study_SamplesSet/56d37edcdbad29a19c64d906e452b2e5.sol"},{"line":15,"column":3,"severity":"Error","message":"Explicitly mark visibility in function","ruleId":"func-visibility","fix":null,"filePath":"Benchmarks/Study_SamplesSet/56d37edcdbad29a19c64d906e452b2e5.sol"},{"line":16,"column":3,"severity":"Error","message":"Explicitly mark visibility in function","ruleId":"func-visibility","fix":null,"filePath":"Benchmarks/Study_SamplesSet/56d37edcdbad29a19c64d906e452b2e5.sol"},{"line":25,"column":3,"severity":"Warning","message":"Variable name must be in mixedCase","ruleId":"var-name-mixedcase","fix":null,"filePath":"Benchmarks/Study_SamplesSet/56d37edcdbad29a19c64d906e452b2e5.sol"},{"line":27,"column":3,"severity":"Warning","message":"Variable name must be in mixedCase","ruleId":"var-name-mixedcase","fix":null,"filePath":"Benchmarks/Study_SamplesSet/56d37edcdbad29a19c64d906e452b2e5.sol"},{"line":29,"column":3,"severity":"Warning","message":"Variable name must be in mixedCase","ruleId":"var-name-mixedcase","fix":null,"filePath":"Benchmarks/Study_SamplesSet/56d37edcdbad29a19c64d906e452b2e5.sol"},{"line":31,"column":3,"severity":"Warning","message":"Variable name must be in mixedCase","ruleId":"var-name-mixedcase","fix":null,"filePath":"Benchmarks/Study_SamplesSet/56d37edcdbad29a19c64d906e452b2e5.sol"},{"line":34,"column":3,"severity":"Error","message":"Explicitly mark visibility of state","ruleId":"state-visibility","fix":null,"filePath":"Benchmarks/Study_SamplesSet/56d37edcdbad29a19c64d906e452b2e5.sol"},{"line":34,"column":3,"severity":"Warning","message":"Variable name must be in mixedCase","ruleId":"var-name-mixedcase","fix":null,"filePath":"Benchmarks/Study_SamplesSet/56d37edcdbad29a19c64d906e452b2e5.sol"},{"line":36,"column":3,"severity":"Error","message":"Explicitly mark visibility of state","ruleId":"state-visibility","fix":null,"filePath":"Benchmarks/Study_SamplesSet/56d37edcdbad29a19c64d906e452b2e5.sol"},{"line":36,"column":3,"severity":"Warning","message":"Variable name must be in mixedCase","ruleId":"var-name-mixedcase","fix":null,"filePath":"Benchmarks/Study_SamplesSet/56d37edcdbad29a19c64d906e452b2e5.sol"},{"line":38,"column":3,"severity":"Error","message":"Explicitly mark visibility of state","ruleId":"state-visibility","fix":null,"filePath":"Benchmarks/Study_SamplesSet/56d37edcdbad29a19c64d906e452b2e5.sol"},{"line":45,"column":3,"severity":"Warning","message":"Function name must be in mixedCase","ruleId":"func-name-mixedcase","fix":null,"filePath":"Benchmarks/Study_SamplesSet/56d37edcdbad29a19c64d906e452b2e5.sol"},{"line":45,"column":3,"severity":"Error","message":"Explicitly mark visibility in function","ruleId":"func-visibility","fix":null,"filePath":"Benchmarks/Study_SamplesSet/56d37edcdbad29a19c64d906e452b2e5.sol"},{"line":47,"column":36,"severity":"Error","message":"Use \"keccak256\" instead of deprecated \"sha3\"","ruleId":"avoid-sha3","filePath":"Benchmarks/Study_SamplesSet/56d37edcdbad29a19c64d906e452b2e5.sol"},{"line":47,"column":69,"severity":"Error","message":"\"throw\" is deprecated, avoid to use it","ruleId":"avoid-throw","filePath":"Benchmarks/Study_SamplesSet/56d37edcdbad29a19c64d906e452b2e5.sol"},{"line":49,"column":5,"severity":"Warning","message":"Variable name must be in mixedCase","ruleId":"var-name-mixedcase","fix":null,"filePath":"Benchmarks/Study_SamplesSet/56d37edcdbad29a19c64d906e452b2e5.sol"},{"line":60,"column":35,"severity":"Warning","message":"Variable name must be in mixedCase","ruleId":"var-name-mixedcase","fix":null,"filePath":"Benchmarks/Study_SamplesSet/56d37edcdbad29a19c64d906e452b2e5.sol"},{"line":64,"column":7,"severity":"Warning","message":"Variable name must be in mixedCase","ruleId":"var-name-mixedcase","fix":null,"filePath":"Benchmarks/Study_SamplesSet/56d37edcdbad29a19c64d906e452b2e5.sol"},{"line":73,"column":7,"severity":"Warning","message":"Variable name must be in mixedCase","ruleId":"var-name-mixedcase","fix":null,"filePath":"Benchmarks/Study_SamplesSet/56d37edcdbad29a19c64d906e452b2e5.sol"},{"line":75,"column":40,"severity":"Error","message":"\"throw\" is deprecated, avoid to use it","ruleId":"avoid-throw","filePath":"Benchmarks/Study_SamplesSet/56d37edcdbad29a19c64d906e452b2e5.sol"},{"line":77,"column":7,"severity":"Warning","message":"Variable name must be in mixedCase","ruleId":"var-name-mixedcase","fix":null,"filePath":"Benchmarks/Study_SamplesSet/56d37edcdbad29a19c64d906e452b2e5.sol"},{"line":79,"column":7,"severity":"Error","message":"Possible reentrancy vulnerabilities. Avoid state changes after transfer.","ruleId":"reentrancy","fix":null,"filePath":"Benchmarks/Study_SamplesSet/56d37edcdbad29a19c64d906e452b2e5.sol"},{"line":81,"column":7,"severity":"Error","message":"Possible reentrancy vulnerabilities. Avoid state changes after transfer.","ruleId":"reentrancy","fix":null,"filePath":"Benchmarks/Study_SamplesSet/56d37edcdbad29a19c64d906e452b2e5.sol"},{"line":88,"column":45,"severity":"Error","message":"\"throw\" is deprecated, avoid to use it","ruleId":"avoid-throw","filePath":"Benchmarks/Study_SamplesSet/56d37edcdbad29a19c64d906e452b2e5.sol"},{"line":91,"column":59,"severity":"Error","message":"\"throw\" is deprecated, avoid to use it","ruleId":"avoid-throw","filePath":"Benchmarks/Study_SamplesSet/56d37edcdbad29a19c64d906e452b2e5.sol"},{"line":96,"column":3,"severity":"Warning","message":"Function name must be in mixedCase","ruleId":"func-name-mixedcase","fix":null,"filePath":"Benchmarks/Study_SamplesSet/56d37edcdbad29a19c64d906e452b2e5.sol"},{"line":96,"column":3,"severity":"Error","message":"Explicitly mark visibility in function","ruleId":"func-visibility","fix":null,"filePath":"Benchmarks/Study_SamplesSet/56d37edcdbad29a19c64d906e452b2e5.sol"},{"line":98,"column":27,"severity":"Error","message":"Avoid making time-based decisions in your business logic","ruleId":"not-rely-on-time","fix":null,"filePath":"Benchmarks/Study_SamplesSet/56d37edcdbad29a19c64d906e452b2e5.sol"},{"line":98,"column":56,"severity":"Error","message":"\"throw\" is deprecated, avoid to use it","ruleId":"avoid-throw","filePath":"Benchmarks/Study_SamplesSet/56d37edcdbad29a19c64d906e452b2e5.sol"},{"line":104,"column":3,"severity":"Warning","message":"Function name must be in mixedCase","ruleId":"func-name-mixedcase","fix":null,"filePath":"Benchmarks/Study_SamplesSet/56d37edcdbad29a19c64d906e452b2e5.sol"},{"line":104,"column":3,"severity":"Error","message":"Explicitly mark visibility in function","ruleId":"func-visibility","fix":null,"filePath":"Benchmarks/Study_SamplesSet/56d37edcdbad29a19c64d906e452b2e5.sol"},{"line":106,"column":34,"severity":"Error","message":"\"throw\" is deprecated, avoid to use it","ruleId":"avoid-throw","filePath":"Benchmarks/Study_SamplesSet/56d37edcdbad29a19c64d906e452b2e5.sol"},{"line":108,"column":22,"severity":"Error","message":"\"throw\" is deprecated, avoid to use it","ruleId":"avoid-throw","filePath":"Benchmarks/Study_SamplesSet/56d37edcdbad29a19c64d906e452b2e5.sol"},{"line":110,"column":24,"severity":"Error","message":"\"throw\" is deprecated, avoid to use it","ruleId":"avoid-throw","filePath":"Benchmarks/Study_SamplesSet/56d37edcdbad29a19c64d906e452b2e5.sol"},{"line":116,"column":3,"severity":"Warning","message":"Function name must be in mixedCase","ruleId":"func-name-mixedcase","fix":null,"filePath":"Benchmarks/Study_SamplesSet/56d37edcdbad29a19c64d906e452b2e5.sol"},{"line":116,"column":3,"severity":"Error","message":"Explicitly mark visibility in function","ruleId":"func-visibility","fix":null,"filePath":"Benchmarks/Study_SamplesSet/56d37edcdbad29a19c64d906e452b2e5.sol"},{"line":126,"column":19,"severity":"Error","message":"Avoid making time-based decisions in your business logic","ruleId":"not-rely-on-time","fix":null,"filePath":"Benchmarks/Study_SamplesSet/56d37edcdbad29a19c64d906e452b2e5.sol"},{"line":128,"column":5,"severity":"Warning","message":"Variable name must be in mixedCase","ruleId":"var-name-mixedcase","fix":null,"filePath":"Benchmarks/Study_SamplesSet/56d37edcdbad29a19c64d906e452b2e5.sol"},{"line":136,"column":9,"severity":"Error","message":"Avoid to use low level calls.","ruleId":"avoid-low-level-calls","fix":null,"filePath":"Benchmarks/Study_SamplesSet/56d37edcdbad29a19c64d906e452b2e5.sol"},{"line":136,"column":9,"severity":"Error","message":"Avoid to use \".call.value()()\"","ruleId":"avoid-call-value","fix":null,"filePath":"Benchmarks/Study_SamplesSet/56d37edcdbad29a19c64d906e452b2e5.sol"},{"line":136,"column":48,"severity":"Error","message":"\"throw\" is deprecated, avoid to use it","ruleId":"avoid-throw","filePath":"Benchmarks/Study_SamplesSet/56d37edcdbad29a19c64d906e452b2e5.sol"},{"line":142,"column":3,"severity":"Warning","message":"Function name must be in mixedCase","ruleId":"func-name-mixedcase","fix":null,"filePath":"Benchmarks/Study_SamplesSet/56d37edcdbad29a19c64d906e452b2e5.sol"},{"line":142,"column":3,"severity":"Error","message":"Explicitly mark visibility in function","ruleId":"func-visibility","fix":null,"filePath":"Benchmarks/Study_SamplesSet/56d37edcdbad29a19c64d906e452b2e5.sol"},{"line":151,"column":24,"severity":"Error","message":"\"throw\" is deprecated, avoid to use it","ruleId":"avoid-throw","filePath":"Benchmarks/Study_SamplesSet/56d37edcdbad29a19c64d906e452b2e5.sol"},{"line":153,"column":26,"severity":"Error","message":"\"throw\" is deprecated, avoid to use it","ruleId":"avoid-throw","filePath":"Benchmarks/Study_SamplesSet/56d37edcdbad29a19c64d906e452b2e5.sol"},{"line":160,"column":3,"severity":"Error","message":"Explicitly mark visibility in function","ruleId":"func-visibility","fix":null,"filePath":"Benchmarks/Study_SamplesSet/56d37edcdbad29a19c64d906e452b2e5.sol"},{"line":160,"column":3,"severity":"Error","message":"Fallback function must be simple","ruleId":"no-complex-fallback","fix":null,"filePath":"Benchmarks/Study_SamplesSet/56d37edcdbad29a19c64d906e452b2e5.sol"},{"line":162,"column":38,"severity":"Error","message":"\"throw\" is deprecated, avoid to use it","ruleId":"avoid-throw","filePath":"Benchmarks/Study_SamplesSet/56d37edcdbad29a19c64d906e452b2e5.sol"},{"conclusion":"50 problem/s (32 error/s, 18 warning/s)"}]
