[{"line":1,"column":1,"severity":"Error","message":"Compiler version ^0.4.24 does not satisfy the ^0.8.0 semver requirement","ruleId":"compiler-version","fix":null,"filePath":"Benchmarks/Study_SamplesSet/56f2869b2219a217fa7f0523a3c738f1.sol"},{"line":9,"column":9,"severity":"Error","message":"Avoid to use low level calls.","ruleId":"avoid-low-level-calls","fix":null,"filePath":"Benchmarks/Study_SamplesSet/56f2869b2219a217fa7f0523a3c738f1.sol"},{"line":9,"column":9,"severity":"Error","message":"Avoid to use \".call.value()()\"","ruleId":"avoid-call-value","fix":null,"filePath":"Benchmarks/Study_SamplesSet/56f2869b2219a217fa7f0523a3c738f1.sol"},{"conclusion":"3 problem/s (3 error/s)"}]
