[{"line":5,"column":1,"severity":"Warning","message":"Found more than One contract per file. 2 contracts found!","ruleId":"one-contract-per-file","fix":null,"filePath":"Benchmarks/Study_SamplesSet/598fbce8da121878121b1235aff55132.sol"},{"line":5,"column":1,"severity":"Error","message":"Compiler version ^0.4.19 does not satisfy the ^0.8.0 semver requirement","ruleId":"compiler-version","fix":null,"filePath":"Benchmarks/Study_SamplesSet/598fbce8da121878121b1235aff55132.sol"},{"line":9,"column":5,"severity":"Error","message":"Explicitly mark visibility in function","ruleId":"func-visibility","fix":null,"filePath":"Benchmarks/Study_SamplesSet/598fbce8da121878121b1235aff55132.sol"},{"line":10,"column":16,"severity":"Error","message":"Explicitly mark all external contracts as trusted or untrusted","ruleId":"mark-callable-contracts","filePath":"Benchmarks/Study_SamplesSet/598fbce8da121878121b1235aff55132.sol"},{"line":16,"column":5,"severity":"Error","message":"Explicitly mark visibility in function","ruleId":"func-visibility","fix":null,"filePath":"Benchmarks/Study_SamplesSet/598fbce8da121878121b1235aff55132.sol"},{"line":16,"column":28,"severity":"Warning","message":"Rule is set with explicit type [var/s: uint]","ruleId":"explicit-types","filePath":"Benchmarks/Study_SamplesSet/598fbce8da121878121b1235aff55132.sol"},{"conclusion":"6 problem/s (4 error/s, 2 warning/s)"}]
