[{"line":1,"column":1,"severity":"Error","message":"Compiler version ^0.4.4 does not satisfy the ^0.8.0 semver requirement","ruleId":"compiler-version","fix":null,"filePath":"Benchmarks/Study_SamplesSet/5b302107176fc736747dc8f4a649b8ed.sol"},{"line":3,"column":1,"severity":"Warning","message":"Contract, Structs and Enums should be in CamelCase","ruleId":"contract-name-camelcase","filePath":"Benchmarks/Study_SamplesSet/5b302107176fc736747dc8f4a649b8ed.sol"},{"line":5,"column":5,"severity":"Error","message":"Explicitly mark visibility of state","ruleId":"state-visibility","fix":null,"filePath":"Benchmarks/Study_SamplesSet/5b302107176fc736747dc8f4a649b8ed.sol"},{"line":7,"column":5,"severity":"Warning","message":"Contract, Structs and Enums should be in CamelCase","ruleId":"contract-name-camelcase","filePath":"Benchmarks/Study_SamplesSet/5b302107176fc736747dc8f4a649b8ed.sol"},{"line":10,"column":9,"severity":"Warning","message":"Rule is set with explicit type [var/s: uint]","ruleId":"explicit-types","filePath":"Benchmarks/Study_SamplesSet/5b302107176fc736747dc8f4a649b8ed.sol"},{"line":11,"column":9,"severity":"Warning","message":"Rule is set with explicit type [var/s: uint]","ruleId":"explicit-types","filePath":"Benchmarks/Study_SamplesSet/5b302107176fc736747dc8f4a649b8ed.sol"},{"line":14,"column":61,"severity":"Warning","message":"Rule is set with explicit type [var/s: uint]","ruleId":"explicit-types","filePath":"Benchmarks/Study_SamplesSet/5b302107176fc736747dc8f4a649b8ed.sol"},{"line":16,"column":5,"severity":"Error","message":"Explicitly mark visibility of state","ruleId":"state-visibility","fix":null,"filePath":"Benchmarks/Study_SamplesSet/5b302107176fc736747dc8f4a649b8ed.sol"},{"line":17,"column":5,"severity":"Error","message":"Explicitly mark visibility of state","ruleId":"state-visibility","fix":null,"filePath":"Benchmarks/Study_SamplesSet/5b302107176fc736747dc8f4a649b8ed.sol"},{"line":20,"column":5,"severity":"Error","message":"Explicitly mark visibility in function (Set ignoreConstructors to true if using solidity >=0.7.0)","ruleId":"func-visibility","fix":null,"filePath":"Benchmarks/Study_SamplesSet/5b302107176fc736747dc8f4a649b8ed.sol"},{"line":27,"column":12,"severity":"Warning","message":"Provide an error message for revert","ruleId":"reason-string","fix":null,"filePath":"Benchmarks/Study_SamplesSet/5b302107176fc736747dc8f4a649b8ed.sol"},{"line":27,"column":12,"severity":"Warning","message":"Use Custom Errors instead of revert statements","ruleId":"custom-errors","fix":null,"filePath":"Benchmarks/Study_SamplesSet/5b302107176fc736747dc8f4a649b8ed.sol"},{"line":33,"column":5,"severity":"Error","message":"Explicitly mark visibility in function","ruleId":"func-visibility","fix":null,"filePath":"Benchmarks/Study_SamplesSet/5b302107176fc736747dc8f4a649b8ed.sol"},{"line":33,"column":47,"severity":"Warning","message":"Rule is set with explicit type [var/s: uint]","ruleId":"explicit-types","filePath":"Benchmarks/Study_SamplesSet/5b302107176fc736747dc8f4a649b8ed.sol"},{"line":42,"column":5,"severity":"Error","message":"Explicitly mark visibility in function","ruleId":"func-visibility","fix":null,"filePath":"Benchmarks/Study_SamplesSet/5b302107176fc736747dc8f4a649b8ed.sol"},{"line":47,"column":5,"severity":"Error","message":"Explicitly mark visibility in function","ruleId":"func-visibility","fix":null,"filePath":"Benchmarks/Study_SamplesSet/5b302107176fc736747dc8f4a649b8ed.sol"},{"line":47,"column":45,"severity":"Warning","message":"Rule is set with explicit type [var/s: uint]","ruleId":"explicit-types","filePath":"Benchmarks/Study_SamplesSet/5b302107176fc736747dc8f4a649b8ed.sol"},{"line":51,"column":5,"severity":"Error","message":"Explicitly mark visibility in function","ruleId":"func-visibility","fix":null,"filePath":"Benchmarks/Study_SamplesSet/5b302107176fc736747dc8f4a649b8ed.sol"},{"line":56,"column":5,"severity":"Error","message":"Explicitly mark visibility in function","ruleId":"func-visibility","fix":null,"filePath":"Benchmarks/Study_SamplesSet/5b302107176fc736747dc8f4a649b8ed.sol"},{"line":56,"column":53,"severity":"Warning","message":"Code contains empty blocks","ruleId":"no-empty-blocks","fix":null,"filePath":"Benchmarks/Study_SamplesSet/5b302107176fc736747dc8f4a649b8ed.sol"},{"line":60,"column":5,"severity":"Error","message":"Explicitly mark visibility in function","ruleId":"func-visibility","fix":null,"filePath":"Benchmarks/Study_SamplesSet/5b302107176fc736747dc8f4a649b8ed.sol"},{"line":60,"column":57,"severity":"Warning","message":"Rule is set with explicit type [var/s: uint]","ruleId":"explicit-types","filePath":"Benchmarks/Study_SamplesSet/5b302107176fc736747dc8f4a649b8ed.sol"},{"line":65,"column":5,"severity":"Error","message":"Explicitly mark visibility in function","ruleId":"func-visibility","fix":null,"filePath":"Benchmarks/Study_SamplesSet/5b302107176fc736747dc8f4a649b8ed.sol"},{"line":82,"column":9,"severity":"Error","message":"Explicitly mark all external contracts as trusted or untrusted","ruleId":"mark-callable-contracts","filePath":"Benchmarks/Study_SamplesSet/5b302107176fc736747dc8f4a649b8ed.sol"},{"line":86,"column":5,"severity":"Error","message":"Explicitly mark visibility in function","ruleId":"func-visibility","fix":null,"filePath":"Benchmarks/Study_SamplesSet/5b302107176fc736747dc8f4a649b8ed.sol"},{"line":93,"column":63,"severity":"Warning","message":"Rule is set with explicit type [var/s: uint]","ruleId":"explicit-types","filePath":"Benchmarks/Study_SamplesSet/5b302107176fc736747dc8f4a649b8ed.sol"},{"conclusion":"26 problem/s (14 error/s, 12 warning/s)"}]
