[{"line":7,"column":1,"severity":"Error","message":"Compiler version ^0.4.2 does not satisfy the ^0.8.0 semver requirement","ruleId":"compiler-version","fix":null,"filePath":"Benchmarks/Study_SamplesSet/5bedf6bbf39fbf476429737541632f60.sol"},{"line":10,"column":3,"severity":"Warning","message":"Rule is set with explicit type [var/s: uint]","ruleId":"explicit-types","filePath":"Benchmarks/Study_SamplesSet/5bedf6bbf39fbf476429737541632f60.sol"},{"line":12,"column":3,"severity":"Error","message":"Explicitly mark visibility in function","ruleId":"func-visibility","fix":null,"filePath":"Benchmarks/Study_SamplesSet/5bedf6bbf39fbf476429737541632f60.sol"},{"line":16,"column":3,"severity":"Error","message":"Explicitly mark visibility in function","ruleId":"func-visibility","fix":null,"filePath":"Benchmarks/Study_SamplesSet/5bedf6bbf39fbf476429737541632f60.sol"},{"line":16,"column":21,"severity":"Warning","message":"Rule is set with explicit type [var/s: uint]","ruleId":"explicit-types","filePath":"Benchmarks/Study_SamplesSet/5bedf6bbf39fbf476429737541632f60.sol"},{"line":19,"column":18,"severity":"Error","message":"Avoid to use low level calls.","ruleId":"avoid-low-level-calls","fix":null,"filePath":"Benchmarks/Study_SamplesSet/5bedf6bbf39fbf476429737541632f60.sol"},{"line":19,"column":18,"severity":"Error","message":"Avoid to use \".call.value()()\"","ruleId":"avoid-call-value","fix":null,"filePath":"Benchmarks/Study_SamplesSet/5bedf6bbf39fbf476429737541632f60.sol"},{"line":19,"column":7,"severity":"Warning","message":"Variable \"res\" is unused","ruleId":"no-unused-vars","fix":null,"filePath":"Benchmarks/Study_SamplesSet/5bedf6bbf39fbf476429737541632f60.sol"},{"line":24,"column":3,"severity":"Error","message":"Explicitly mark visibility in function","ruleId":"func-visibility","fix":null,"filePath":"Benchmarks/Study_SamplesSet/5bedf6bbf39fbf476429737541632f60.sol"},{"line":24,"column":45,"severity":"Warning","message":"Rule is set with explicit type [var/s: uint]","ruleId":"explicit-types","filePath":"Benchmarks/Study_SamplesSet/5bedf6bbf39fbf476429737541632f60.sol"},{"conclusion":"10 problem/s (6 error/s, 4 warning/s)"}]
