[{"line":10,"column":1,"severity":"Error","message":"Compiler version ^0.4.7 does not satisfy the ^0.8.0 semver requirement","ruleId":"compiler-version","fix":null,"filePath":"Benchmarks/Study_SamplesSet/5d4326f837776f6e3533e2201815e48c.sol"},{"line":11,"column":1,"severity":"Warning","message":"Contract has 22 states declarations but allowed no more than 15","ruleId":"max-states-count","fix":null,"filePath":"Benchmarks/Study_SamplesSet/5d4326f837776f6e3533e2201815e48c.sol"},{"line":13,"column":1,"severity":"Warning","message":"Rule is set with explicit type [var/s: uint]","ruleId":"explicit-types","filePath":"Benchmarks/Study_SamplesSet/5d4326f837776f6e3533e2201815e48c.sol"},{"line":15,"column":1,"severity":"Error","message":"Explicitly mark visibility of state","ruleId":"state-visibility","fix":null,"filePath":"Benchmarks/Study_SamplesSet/5d4326f837776f6e3533e2201815e48c.sol"},{"line":29,"column":1,"severity":"Warning","message":"Rule is set with explicit type [var/s: uint]","ruleId":"explicit-types","filePath":"Benchmarks/Study_SamplesSet/5d4326f837776f6e3533e2201815e48c.sol"},{"line":35,"column":1,"severity":"Warning","message":"Rule is set with explicit type [var/s: uint]","ruleId":"explicit-types","filePath":"Benchmarks/Study_SamplesSet/5d4326f837776f6e3533e2201815e48c.sol"},{"line":39,"column":1,"severity":"Warning","message":"Rule is set with explicit type [var/s: uint]","ruleId":"explicit-types","filePath":"Benchmarks/Study_SamplesSet/5d4326f837776f6e3533e2201815e48c.sol"},{"line":41,"column":1,"severity":"Warning","message":"Rule is set with explicit type [var/s: uint]","ruleId":"explicit-types","filePath":"Benchmarks/Study_SamplesSet/5d4326f837776f6e3533e2201815e48c.sol"},{"line":56,"column":21,"severity":"Warning","message":"Rule is set with explicit type [var/s: uint]","ruleId":"explicit-types","filePath":"Benchmarks/Study_SamplesSet/5d4326f837776f6e3533e2201815e48c.sol"},{"line":59,"column":1,"severity":"Error","message":"Explicitly mark visibility in function (Set ignoreConstructors to true if using solidity >=0.7.0)","ruleId":"func-visibility","fix":null,"filePath":"Benchmarks/Study_SamplesSet/5d4326f837776f6e3533e2201815e48c.sol"},{"line":75,"column":5,"severity":"Warning","message":"Rule is set with explicit type [var/s: uint]","ruleId":"explicit-types","filePath":"Benchmarks/Study_SamplesSet/5d4326f837776f6e3533e2201815e48c.sol"},{"line":79,"column":1,"severity":"Error","message":"\"throw\" is deprecated, avoid to use it","ruleId":"avoid-throw","filePath":"Benchmarks/Study_SamplesSet/5d4326f837776f6e3533e2201815e48c.sol"},{"line":81,"column":1,"severity":"Error","message":"\"throw\" is deprecated, avoid to use it","ruleId":"avoid-throw","filePath":"Benchmarks/Study_SamplesSet/5d4326f837776f6e3533e2201815e48c.sol"},{"line":87,"column":5,"severity":"Error","message":"Explicitly mark visibility in function","ruleId":"func-visibility","fix":null,"filePath":"Benchmarks/Study_SamplesSet/5d4326f837776f6e3533e2201815e48c.sol"},{"line":89,"column":13,"severity":"Error","message":"\"throw\" is deprecated, avoid to use it","ruleId":"avoid-throw","filePath":"Benchmarks/Study_SamplesSet/5d4326f837776f6e3533e2201815e48c.sol"},{"line":90,"column":18,"severity":"Error","message":"Avoid making time-based decisions in your business logic","ruleId":"not-rely-on-time","fix":null,"filePath":"Benchmarks/Study_SamplesSet/5d4326f837776f6e3533e2201815e48c.sol"},{"line":91,"column":13,"severity":"Error","message":"\"throw\" is deprecated, avoid to use it","ruleId":"avoid-throw","filePath":"Benchmarks/Study_SamplesSet/5d4326f837776f6e3533e2201815e48c.sol"},{"line":93,"column":13,"severity":"Error","message":"\"throw\" is deprecated, avoid to use it","ruleId":"avoid-throw","filePath":"Benchmarks/Study_SamplesSet/5d4326f837776f6e3533e2201815e48c.sol"},{"line":105,"column":5,"severity":"Error","message":"Explicitly mark visibility in function","ruleId":"func-visibility","fix":null,"filePath":"Benchmarks/Study_SamplesSet/5d4326f837776f6e3533e2201815e48c.sol"},{"line":107,"column":13,"severity":"Error","message":"\"throw\" is deprecated, avoid to use it","ruleId":"avoid-throw","filePath":"Benchmarks/Study_SamplesSet/5d4326f837776f6e3533e2201815e48c.sol"},{"line":108,"column":17,"severity":"Error","message":"Avoid making time-based decisions in your business logic","ruleId":"not-rely-on-time","fix":null,"filePath":"Benchmarks/Study_SamplesSet/5d4326f837776f6e3533e2201815e48c.sol"},{"line":108,"column":46,"severity":"Error","message":"Avoid making time-based decisions in your business logic","ruleId":"not-rely-on-time","fix":null,"filePath":"Benchmarks/Study_SamplesSet/5d4326f837776f6e3533e2201815e48c.sol"},{"line":109,"column":13,"severity":"Error","message":"\"throw\" is deprecated, avoid to use it","ruleId":"avoid-throw","filePath":"Benchmarks/Study_SamplesSet/5d4326f837776f6e3533e2201815e48c.sol"},{"line":111,"column":13,"severity":"Error","message":"\"throw\" is deprecated, avoid to use it","ruleId":"avoid-throw","filePath":"Benchmarks/Study_SamplesSet/5d4326f837776f6e3533e2201815e48c.sol"},{"line":132,"column":52,"severity":"Warning","message":"Rule is set with explicit type [var/s: uint]","ruleId":"explicit-types","filePath":"Benchmarks/Study_SamplesSet/5d4326f837776f6e3533e2201815e48c.sol"},{"line":132,"column":87,"severity":"Warning","message":"Rule is set with explicit type [var/s: uint]","ruleId":"explicit-types","filePath":"Benchmarks/Study_SamplesSet/5d4326f837776f6e3533e2201815e48c.sol"},{"line":133,"column":9,"severity":"Warning","message":"Rule is set with explicit type [var/s: uint]","ruleId":"explicit-types","filePath":"Benchmarks/Study_SamplesSet/5d4326f837776f6e3533e2201815e48c.sol"},{"line":142,"column":5,"severity":"Error","message":"Explicitly mark visibility in function","ruleId":"func-visibility","fix":null,"filePath":"Benchmarks/Study_SamplesSet/5d4326f837776f6e3533e2201815e48c.sol"},{"line":150,"column":5,"severity":"Error","message":"Explicitly mark visibility in function","ruleId":"func-visibility","fix":null,"filePath":"Benchmarks/Study_SamplesSet/5d4326f837776f6e3533e2201815e48c.sol"},{"line":158,"column":5,"severity":"Error","message":"Explicitly mark visibility in function","ruleId":"func-visibility","fix":null,"filePath":"Benchmarks/Study_SamplesSet/5d4326f837776f6e3533e2201815e48c.sol"},{"line":160,"column":12,"severity":"Error","message":"Avoid making time-based decisions in your business logic","ruleId":"not-rely-on-time","fix":null,"filePath":"Benchmarks/Study_SamplesSet/5d4326f837776f6e3533e2201815e48c.sol"},{"line":163,"column":13,"severity":"Error","message":"Explicitly mark all external contracts as trusted or untrusted","ruleId":"mark-callable-contracts","filePath":"Benchmarks/Study_SamplesSet/5d4326f837776f6e3533e2201815e48c.sol"},{"line":170,"column":5,"severity":"Error","message":"Explicitly mark visibility in function","ruleId":"func-visibility","fix":null,"filePath":"Benchmarks/Study_SamplesSet/5d4326f837776f6e3533e2201815e48c.sol"},{"line":174,"column":14,"severity":"Warning","message":"Rule is set with explicit type [var/s: uint]","ruleId":"explicit-types","filePath":"Benchmarks/Study_SamplesSet/5d4326f837776f6e3533e2201815e48c.sol"},{"line":175,"column":13,"severity":"Warning","message":"Rule is set with explicit type [var/s: uint]","ruleId":"explicit-types","filePath":"Benchmarks/Study_SamplesSet/5d4326f837776f6e3533e2201815e48c.sol"},{"line":177,"column":13,"severity":"Warning","message":"Rule is set with explicit type [var/s: uint]","ruleId":"explicit-types","filePath":"Benchmarks/Study_SamplesSet/5d4326f837776f6e3533e2201815e48c.sol"},{"line":178,"column":17,"severity":"Warning","message":"Rule is set with explicit type [var/s: uint]","ruleId":"explicit-types","filePath":"Benchmarks/Study_SamplesSet/5d4326f837776f6e3533e2201815e48c.sol"},{"line":193,"column":30,"severity":"Warning","message":"Rule is set with explicit type [var/s: uint]","ruleId":"explicit-types","filePath":"Benchmarks/Study_SamplesSet/5d4326f837776f6e3533e2201815e48c.sol"},{"line":193,"column":42,"severity":"Warning","message":"Rule is set with explicit type [var/s: uint]","ruleId":"explicit-types","filePath":"Benchmarks/Study_SamplesSet/5d4326f837776f6e3533e2201815e48c.sol"},{"line":193,"column":80,"severity":"Warning","message":"Rule is set with explicit type [var/s: uint]","ruleId":"explicit-types","filePath":"Benchmarks/Study_SamplesSet/5d4326f837776f6e3533e2201815e48c.sol"},{"line":194,"column":21,"severity":"Error","message":"Do not rely on \"block.blockhash\". Miners can influence its value.","ruleId":"not-rely-on-block-hash","fix":null,"filePath":"Benchmarks/Study_SamplesSet/5d4326f837776f6e3533e2201815e48c.sol"},{"line":202,"column":51,"severity":"Error","message":"\"throw\" is deprecated, avoid to use it","ruleId":"avoid-throw","filePath":"Benchmarks/Study_SamplesSet/5d4326f837776f6e3533e2201815e48c.sol"},{"line":203,"column":9,"severity":"Error","message":"Possible reentrancy vulnerabilities. Avoid state changes after transfer.","ruleId":"reentrancy","fix":null,"filePath":"Benchmarks/Study_SamplesSet/5d4326f837776f6e3533e2201815e48c.sol"},{"line":204,"column":30,"severity":"Error","message":"Avoid multiple calls of \"send\" method in single transaction","ruleId":"multiple-sends","fix":null,"filePath":"Benchmarks/Study_SamplesSet/5d4326f837776f6e3533e2201815e48c.sol"},{"line":204,"column":71,"severity":"Error","message":"\"throw\" is deprecated, avoid to use it","ruleId":"avoid-throw","filePath":"Benchmarks/Study_SamplesSet/5d4326f837776f6e3533e2201815e48c.sol"},{"line":205,"column":32,"severity":"Error","message":"Avoid multiple calls of \"send\" method in single transaction","ruleId":"multiple-sends","fix":null,"filePath":"Benchmarks/Study_SamplesSet/5d4326f837776f6e3533e2201815e48c.sol"},{"line":205,"column":77,"severity":"Error","message":"\"throw\" is deprecated, avoid to use it","ruleId":"avoid-throw","filePath":"Benchmarks/Study_SamplesSet/5d4326f837776f6e3533e2201815e48c.sol"},{"line":207,"column":39,"severity":"Error","message":"Avoid multiple calls of \"send\" method in single transaction","ruleId":"multiple-sends","fix":null,"filePath":"Benchmarks/Study_SamplesSet/5d4326f837776f6e3533e2201815e48c.sol"},{"line":207,"column":90,"severity":"Error","message":"\"throw\" is deprecated, avoid to use it","ruleId":"avoid-throw","filePath":"Benchmarks/Study_SamplesSet/5d4326f837776f6e3533e2201815e48c.sol"},{"line":210,"column":17,"severity":"Warning","message":"Rule is set with explicit type [var/s: uint]","ruleId":"explicit-types","filePath":"Benchmarks/Study_SamplesSet/5d4326f837776f6e3533e2201815e48c.sol"},{"line":212,"column":25,"severity":"Error","message":"Avoid multiple calls of \"send\" method in single transaction","ruleId":"multiple-sends","fix":null,"filePath":"Benchmarks/Study_SamplesSet/5d4326f837776f6e3533e2201815e48c.sol"},{"line":212,"column":55,"severity":"Error","message":"\"throw\" is deprecated, avoid to use it","ruleId":"avoid-throw","filePath":"Benchmarks/Study_SamplesSet/5d4326f837776f6e3533e2201815e48c.sol"},{"line":215,"column":18,"severity":"Error","message":"Avoid multiple calls of \"send\" method in single transaction","ruleId":"multiple-sends","fix":null,"filePath":"Benchmarks/Study_SamplesSet/5d4326f837776f6e3533e2201815e48c.sol"},{"line":215,"column":44,"severity":"Error","message":"\"throw\" is deprecated, avoid to use it","ruleId":"avoid-throw","filePath":"Benchmarks/Study_SamplesSet/5d4326f837776f6e3533e2201815e48c.sol"},{"line":221,"column":5,"severity":"Error","message":"Explicitly mark visibility in function","ruleId":"func-visibility","fix":null,"filePath":"Benchmarks/Study_SamplesSet/5d4326f837776f6e3533e2201815e48c.sol"},{"line":221,"column":47,"severity":"Warning","message":"Rule is set with explicit type [var/s: uint]","ruleId":"explicit-types","filePath":"Benchmarks/Study_SamplesSet/5d4326f837776f6e3533e2201815e48c.sol"},{"conclusion":"56 problem/s (36 error/s, 20 warning/s)"}]
