[{"line":58,"column":1,"severity":"Warning","message":"Found more than One contract per file. 5 contracts found!","ruleId":"one-contract-per-file","fix":null,"filePath":"Benchmarks/Study_SamplesSet/5dd58c52cc2af58030e7eb8d5c083feb.sol"},{"line":58,"column":1,"severity":"Error","message":"Compiler version ^0.4.22 does not satisfy the ^0.8.0 semver requirement","ruleId":"compiler-version","fix":null,"filePath":"Benchmarks/Study_SamplesSet/5dd58c52cc2af58030e7eb8d5c083feb.sol"},{"line":85,"column":49,"severity":"Warning","message":"Visibility modifier must be first in list of modifiers","ruleId":"visibility-modifier-order","fix":null,"filePath":"Benchmarks/Study_SamplesSet/5dd58c52cc2af58030e7eb8d5c083feb.sol"},{"line":105,"column":37,"severity":"Warning","message":"Visibility modifier must be first in list of modifiers","ruleId":"visibility-modifier-order","fix":null,"filePath":"Benchmarks/Study_SamplesSet/5dd58c52cc2af58030e7eb8d5c083feb.sol"},{"line":106,"column":49,"severity":"Warning","message":"Visibility modifier must be first in list of modifiers","ruleId":"visibility-modifier-order","fix":null,"filePath":"Benchmarks/Study_SamplesSet/5dd58c52cc2af58030e7eb8d5c083feb.sol"},{"line":113,"column":5,"severity":"Error","message":"Explicitly mark visibility of state","ruleId":"state-visibility","fix":null,"filePath":"Benchmarks/Study_SamplesSet/5dd58c52cc2af58030e7eb8d5c083feb.sol"},{"line":115,"column":5,"severity":"Error","message":"Explicitly mark visibility of state","ruleId":"state-visibility","fix":null,"filePath":"Benchmarks/Study_SamplesSet/5dd58c52cc2af58030e7eb8d5c083feb.sol"},{"line":116,"column":5,"severity":"Error","message":"Explicitly mark visibility of state","ruleId":"state-visibility","fix":null,"filePath":"Benchmarks/Study_SamplesSet/5dd58c52cc2af58030e7eb8d5c083feb.sol"},{"line":119,"column":5,"severity":"Warning","message":"Constant name must be in capitalized SNAKE_CASE","ruleId":"const-name-snakecase","fix":null,"filePath":"Benchmarks/Study_SamplesSet/5dd58c52cc2af58030e7eb8d5c083feb.sol"},{"line":120,"column":5,"severity":"Warning","message":"Constant name must be in capitalized SNAKE_CASE","ruleId":"const-name-snakecase","fix":null,"filePath":"Benchmarks/Study_SamplesSet/5dd58c52cc2af58030e7eb8d5c083feb.sol"},{"line":121,"column":5,"severity":"Warning","message":"Rule is set with explicit type [var/s: uint]","ruleId":"explicit-types","filePath":"Benchmarks/Study_SamplesSet/5dd58c52cc2af58030e7eb8d5c083feb.sol"},{"line":121,"column":5,"severity":"Warning","message":"Constant name must be in capitalized SNAKE_CASE","ruleId":"const-name-snakecase","fix":null,"filePath":"Benchmarks/Study_SamplesSet/5dd58c52cc2af58030e7eb8d5c083feb.sol"},{"line":144,"column":9,"severity":"Warning","message":"Provide an error message for require","ruleId":"reason-string","fix":null,"filePath":"Benchmarks/Study_SamplesSet/5dd58c52cc2af58030e7eb8d5c083feb.sol"},{"line":144,"column":9,"severity":"Warning","message":"Use Custom Errors instead of require statements","ruleId":"custom-errors","fix":null,"filePath":"Benchmarks/Study_SamplesSet/5dd58c52cc2af58030e7eb8d5c083feb.sol"},{"line":149,"column":9,"severity":"Warning","message":"Provide an error message for require","ruleId":"reason-string","fix":null,"filePath":"Benchmarks/Study_SamplesSet/5dd58c52cc2af58030e7eb8d5c083feb.sol"},{"line":149,"column":9,"severity":"Warning","message":"Use Custom Errors instead of require statements","ruleId":"custom-errors","fix":null,"filePath":"Benchmarks/Study_SamplesSet/5dd58c52cc2af58030e7eb8d5c083feb.sol"},{"line":154,"column":9,"severity":"Warning","message":"Provide an error message for require","ruleId":"reason-string","fix":null,"filePath":"Benchmarks/Study_SamplesSet/5dd58c52cc2af58030e7eb8d5c083feb.sol"},{"line":154,"column":9,"severity":"Warning","message":"Use Custom Errors instead of require statements","ruleId":"custom-errors","fix":null,"filePath":"Benchmarks/Study_SamplesSet/5dd58c52cc2af58030e7eb8d5c083feb.sol"},{"line":163,"column":60,"severity":"Warning","message":"Visibility modifier must be first in list of modifiers","ruleId":"visibility-modifier-order","fix":null,"filePath":"Benchmarks/Study_SamplesSet/5dd58c52cc2af58030e7eb8d5c083feb.sol"},{"line":169,"column":54,"severity":"Warning","message":"Visibility modifier must be first in list of modifiers","ruleId":"visibility-modifier-order","fix":null,"filePath":"Benchmarks/Study_SamplesSet/5dd58c52cc2af58030e7eb8d5c083feb.sol"},{"line":175,"column":59,"severity":"Warning","message":"Visibility modifier must be first in list of modifiers","ruleId":"visibility-modifier-order","fix":null,"filePath":"Benchmarks/Study_SamplesSet/5dd58c52cc2af58030e7eb8d5c083feb.sol"},{"line":192,"column":57,"severity":"Warning","message":"Visibility modifier must be first in list of modifiers","ruleId":"visibility-modifier-order","fix":null,"filePath":"Benchmarks/Study_SamplesSet/5dd58c52cc2af58030e7eb8d5c083feb.sol"},{"line":197,"column":9,"severity":"Warning","message":"Provide an error message for require","ruleId":"reason-string","fix":null,"filePath":"Benchmarks/Study_SamplesSet/5dd58c52cc2af58030e7eb8d5c083feb.sol"},{"line":197,"column":9,"severity":"Warning","message":"Use Custom Errors instead of require statements","ruleId":"custom-errors","fix":null,"filePath":"Benchmarks/Study_SamplesSet/5dd58c52cc2af58030e7eb8d5c083feb.sol"},{"line":215,"column":49,"severity":"Warning","message":"Visibility modifier must be first in list of modifiers","ruleId":"visibility-modifier-order","fix":null,"filePath":"Benchmarks/Study_SamplesSet/5dd58c52cc2af58030e7eb8d5c083feb.sol"},{"line":219,"column":30,"severity":"Warning","message":"Rule is set with explicit type [var/s: uint]","ruleId":"explicit-types","filePath":"Benchmarks/Study_SamplesSet/5dd58c52cc2af58030e7eb8d5c083feb.sol"},{"line":224,"column":77,"severity":"Warning","message":"Visibility modifier must be first in list of modifiers","ruleId":"visibility-modifier-order","fix":null,"filePath":"Benchmarks/Study_SamplesSet/5dd58c52cc2af58030e7eb8d5c083feb.sol"},{"line":225,"column":9,"severity":"Warning","message":"Provide an error message for require","ruleId":"reason-string","fix":null,"filePath":"Benchmarks/Study_SamplesSet/5dd58c52cc2af58030e7eb8d5c083feb.sol"},{"line":225,"column":9,"severity":"Warning","message":"Use Custom Errors instead of require statements","ruleId":"custom-errors","fix":null,"filePath":"Benchmarks/Study_SamplesSet/5dd58c52cc2af58030e7eb8d5c083feb.sol"},{"line":226,"column":9,"severity":"Warning","message":"Provide an error message for require","ruleId":"reason-string","fix":null,"filePath":"Benchmarks/Study_SamplesSet/5dd58c52cc2af58030e7eb8d5c083feb.sol"},{"line":226,"column":9,"severity":"Warning","message":"Use Custom Errors instead of require statements","ruleId":"custom-errors","fix":null,"filePath":"Benchmarks/Study_SamplesSet/5dd58c52cc2af58030e7eb8d5c083feb.sol"},{"line":234,"column":96,"severity":"Warning","message":"Visibility modifier must be first in list of modifiers","ruleId":"visibility-modifier-order","fix":null,"filePath":"Benchmarks/Study_SamplesSet/5dd58c52cc2af58030e7eb8d5c083feb.sol"},{"line":235,"column":9,"severity":"Warning","message":"Provide an error message for require","ruleId":"reason-string","fix":null,"filePath":"Benchmarks/Study_SamplesSet/5dd58c52cc2af58030e7eb8d5c083feb.sol"},{"line":235,"column":9,"severity":"Warning","message":"Use Custom Errors instead of require statements","ruleId":"custom-errors","fix":null,"filePath":"Benchmarks/Study_SamplesSet/5dd58c52cc2af58030e7eb8d5c083feb.sol"},{"line":236,"column":9,"severity":"Warning","message":"Provide an error message for require","ruleId":"reason-string","fix":null,"filePath":"Benchmarks/Study_SamplesSet/5dd58c52cc2af58030e7eb8d5c083feb.sol"},{"line":236,"column":9,"severity":"Warning","message":"Use Custom Errors instead of require statements","ruleId":"custom-errors","fix":null,"filePath":"Benchmarks/Study_SamplesSet/5dd58c52cc2af58030e7eb8d5c083feb.sol"},{"line":237,"column":9,"severity":"Warning","message":"Provide an error message for require","ruleId":"reason-string","fix":null,"filePath":"Benchmarks/Study_SamplesSet/5dd58c52cc2af58030e7eb8d5c083feb.sol"},{"line":237,"column":9,"severity":"Warning","message":"Use Custom Errors instead of require statements","ruleId":"custom-errors","fix":null,"filePath":"Benchmarks/Study_SamplesSet/5dd58c52cc2af58030e7eb8d5c083feb.sol"},{"line":253,"column":67,"severity":"Warning","message":"Visibility modifier must be first in list of modifiers","ruleId":"visibility-modifier-order","fix":null,"filePath":"Benchmarks/Study_SamplesSet/5dd58c52cc2af58030e7eb8d5c083feb.sol"},{"line":257,"column":74,"severity":"Warning","message":"Visibility modifier must be first in list of modifiers","ruleId":"visibility-modifier-order","fix":null,"filePath":"Benchmarks/Study_SamplesSet/5dd58c52cc2af58030e7eb8d5c083feb.sol"},{"line":257,"column":90,"severity":"Warning","message":"Rule is set with explicit type [var/s: uint]","ruleId":"explicit-types","filePath":"Benchmarks/Study_SamplesSet/5dd58c52cc2af58030e7eb8d5c083feb.sol"},{"line":259,"column":9,"severity":"Warning","message":"Rule is set with explicit type [var/s: uint]","ruleId":"explicit-types","filePath":"Benchmarks/Study_SamplesSet/5dd58c52cc2af58030e7eb8d5c083feb.sol"},{"line":263,"column":35,"severity":"Warning","message":"Visibility modifier must be first in list of modifiers","ruleId":"visibility-modifier-order","fix":null,"filePath":"Benchmarks/Study_SamplesSet/5dd58c52cc2af58030e7eb8d5c083feb.sol"},{"line":268,"column":45,"severity":"Warning","message":"Visibility modifier must be first in list of modifiers","ruleId":"visibility-modifier-order","fix":null,"filePath":"Benchmarks/Study_SamplesSet/5dd58c52cc2af58030e7eb8d5c083feb.sol"},{"line":269,"column":9,"severity":"Warning","message":"Provide an error message for require","ruleId":"reason-string","fix":null,"filePath":"Benchmarks/Study_SamplesSet/5dd58c52cc2af58030e7eb8d5c083feb.sol"},{"line":269,"column":9,"severity":"Warning","message":"Use Custom Errors instead of require statements","ruleId":"custom-errors","fix":null,"filePath":"Benchmarks/Study_SamplesSet/5dd58c52cc2af58030e7eb8d5c083feb.sol"},{"line":278,"column":70,"severity":"Warning","message":"Visibility modifier must be first in list of modifiers","ruleId":"visibility-modifier-order","fix":null,"filePath":"Benchmarks/Study_SamplesSet/5dd58c52cc2af58030e7eb8d5c083feb.sol"},{"conclusion":"47 problem/s (4 error/s, 43 warning/s)"}]
