[{"line":1,"column":1,"severity":"Error","message":"Compiler version ^0.4.1 does not satisfy the ^0.8.0 semver requirement","ruleId":"compiler-version","fix":null,"filePath":"Benchmarks/Study_SamplesSet/5ed7a351b37a1f783a692e7711c97fa2.sol"},{"line":5,"column":5,"severity":"Error","message":"Explicitly mark visibility of state","ruleId":"state-visibility","fix":null,"filePath":"Benchmarks/Study_SamplesSet/5ed7a351b37a1f783a692e7711c97fa2.sol"},{"line":6,"column":5,"severity":"Error","message":"Explicitly mark visibility of state","ruleId":"state-visibility","fix":null,"filePath":"Benchmarks/Study_SamplesSet/5ed7a351b37a1f783a692e7711c97fa2.sol"},{"line":7,"column":5,"severity":"Error","message":"Explicitly mark visibility of state","ruleId":"state-visibility","fix":null,"filePath":"Benchmarks/Study_SamplesSet/5ed7a351b37a1f783a692e7711c97fa2.sol"},{"line":11,"column":46,"severity":"Warning","message":"Variable name must be in mixedCase","ruleId":"var-name-mixedcase","fix":null,"filePath":"Benchmarks/Study_SamplesSet/5ed7a351b37a1f783a692e7711c97fa2.sol"},{"line":11,"column":73,"severity":"Warning","message":"Variable name must be in mixedCase","ruleId":"var-name-mixedcase","fix":null,"filePath":"Benchmarks/Study_SamplesSet/5ed7a351b37a1f783a692e7711c97fa2.sol"},{"line":16,"column":34,"severity":"Error","message":"\"throw\" is deprecated, avoid to use it","ruleId":"avoid-throw","filePath":"Benchmarks/Study_SamplesSet/5ed7a351b37a1f783a692e7711c97fa2.sol"},{"line":21,"column":5,"severity":"Warning","message":"Fallback should be external and payable to accept native currency","ruleId":"payable-fallback","filePath":"Benchmarks/Study_SamplesSet/5ed7a351b37a1f783a692e7711c97fa2.sol"},{"line":21,"column":5,"severity":"Error","message":"Explicitly mark visibility in function","ruleId":"func-visibility","fix":null,"filePath":"Benchmarks/Study_SamplesSet/5ed7a351b37a1f783a692e7711c97fa2.sol"},{"line":22,"column":9,"severity":"Error","message":"\"throw\" is deprecated, avoid to use it","ruleId":"avoid-throw","filePath":"Benchmarks/Study_SamplesSet/5ed7a351b37a1f783a692e7711c97fa2.sol"},{"line":25,"column":5,"severity":"Error","message":"Explicitly mark visibility in function (Set ignoreConstructors to true if using solidity >=0.7.0)","ruleId":"func-visibility","fix":null,"filePath":"Benchmarks/Study_SamplesSet/5ed7a351b37a1f783a692e7711c97fa2.sol"},{"line":30,"column":5,"severity":"Error","message":"Explicitly mark visibility in function","ruleId":"func-visibility","fix":null,"filePath":"Benchmarks/Study_SamplesSet/5ed7a351b37a1f783a692e7711c97fa2.sol"},{"line":34,"column":5,"severity":"Error","message":"Explicitly mark visibility in function","ruleId":"func-visibility","fix":null,"filePath":"Benchmarks/Study_SamplesSet/5ed7a351b37a1f783a692e7711c97fa2.sol"},{"line":38,"column":5,"severity":"Error","message":"Explicitly mark visibility in function","ruleId":"func-visibility","fix":null,"filePath":"Benchmarks/Study_SamplesSet/5ed7a351b37a1f783a692e7711c97fa2.sol"},{"line":40,"column":13,"severity":"Error","message":"\"throw\" is deprecated, avoid to use it","ruleId":"avoid-throw","filePath":"Benchmarks/Study_SamplesSet/5ed7a351b37a1f783a692e7711c97fa2.sol"},{"line":42,"column":9,"severity":"Error","message":"Explicitly mark all external contracts as trusted or untrusted","ruleId":"mark-callable-contracts","filePath":"Benchmarks/Study_SamplesSet/5ed7a351b37a1f783a692e7711c97fa2.sol"},{"line":47,"column":13,"severity":"Error","message":"\"throw\" is deprecated, avoid to use it","ruleId":"avoid-throw","filePath":"Benchmarks/Study_SamplesSet/5ed7a351b37a1f783a692e7711c97fa2.sol"},{"line":50,"column":9,"severity":"Error","message":"Explicitly mark all external contracts as trusted or untrusted","ruleId":"mark-callable-contracts","filePath":"Benchmarks/Study_SamplesSet/5ed7a351b37a1f783a692e7711c97fa2.sol"},{"line":53,"column":44,"severity":"Warning","message":"Variable name must be in mixedCase","ruleId":"var-name-mixedcase","fix":null,"filePath":"Benchmarks/Study_SamplesSet/5ed7a351b37a1f783a692e7711c97fa2.sol"},{"line":53,"column":63,"severity":"Warning","message":"Variable name must be in mixedCase","ruleId":"var-name-mixedcase","fix":null,"filePath":"Benchmarks/Study_SamplesSet/5ed7a351b37a1f783a692e7711c97fa2.sol"},{"line":55,"column":13,"severity":"Error","message":"\"throw\" is deprecated, avoid to use it","ruleId":"avoid-throw","filePath":"Benchmarks/Study_SamplesSet/5ed7a351b37a1f783a692e7711c97fa2.sol"},{"line":58,"column":9,"severity":"Error","message":"Explicitly mark all external contracts as trusted or untrusted","ruleId":"mark-callable-contracts","filePath":"Benchmarks/Study_SamplesSet/5ed7a351b37a1f783a692e7711c97fa2.sol"},{"line":62,"column":26,"severity":"Error","message":"Do not rely on \"block.blockhash\". Miners can influence its value.","ruleId":"not-rely-on-block-hash","fix":null,"filePath":"Benchmarks/Study_SamplesSet/5ed7a351b37a1f783a692e7711c97fa2.sol"},{"line":62,"column":90,"severity":"Error","message":"Avoid making time-based decisions in your business logic","ruleId":"not-rely-on-time","fix":null,"filePath":"Benchmarks/Study_SamplesSet/5ed7a351b37a1f783a692e7711c97fa2.sol"},{"line":69,"column":5,"severity":"Error","message":"Explicitly mark visibility in function","ruleId":"func-visibility","fix":null,"filePath":"Benchmarks/Study_SamplesSet/5ed7a351b37a1f783a692e7711c97fa2.sol"},{"line":71,"column":13,"severity":"Error","message":"\"throw\" is deprecated, avoid to use it","ruleId":"avoid-throw","filePath":"Benchmarks/Study_SamplesSet/5ed7a351b37a1f783a692e7711c97fa2.sol"},{"line":73,"column":14,"severity":"Warning","message":"Rule is set with explicit type [var/s: uint]","ruleId":"explicit-types","filePath":"Benchmarks/Study_SamplesSet/5ed7a351b37a1f783a692e7711c97fa2.sol"},{"line":78,"column":5,"severity":"Error","message":"Explicitly mark visibility in function","ruleId":"func-visibility","fix":null,"filePath":"Benchmarks/Study_SamplesSet/5ed7a351b37a1f783a692e7711c97fa2.sol"},{"line":78,"column":27,"severity":"Warning","message":"Rule is set with explicit type [var/s: uint]","ruleId":"explicit-types","filePath":"Benchmarks/Study_SamplesSet/5ed7a351b37a1f783a692e7711c97fa2.sol"},{"line":80,"column":13,"severity":"Error","message":"\"throw\" is deprecated, avoid to use it","ruleId":"avoid-throw","filePath":"Benchmarks/Study_SamplesSet/5ed7a351b37a1f783a692e7711c97fa2.sol"},{"line":83,"column":13,"severity":"Error","message":"\"throw\" is deprecated, avoid to use it","ruleId":"avoid-throw","filePath":"Benchmarks/Study_SamplesSet/5ed7a351b37a1f783a692e7711c97fa2.sol"},{"line":86,"column":14,"severity":"Warning","message":"Rule is set with explicit type [var/s: uint]","ruleId":"explicit-types","filePath":"Benchmarks/Study_SamplesSet/5ed7a351b37a1f783a692e7711c97fa2.sol"},{"line":90,"column":17,"severity":"Error","message":"Explicitly mark all external contracts as trusted or untrusted","ruleId":"mark-callable-contracts","filePath":"Benchmarks/Study_SamplesSet/5ed7a351b37a1f783a692e7711c97fa2.sol"},{"line":95,"column":5,"severity":"Error","message":"Explicitly mark visibility in function","ruleId":"func-visibility","fix":null,"filePath":"Benchmarks/Study_SamplesSet/5ed7a351b37a1f783a692e7711c97fa2.sol"},{"line":95,"column":41,"severity":"Warning","message":"Variable name must be in mixedCase","ruleId":"var-name-mixedcase","fix":null,"filePath":"Benchmarks/Study_SamplesSet/5ed7a351b37a1f783a692e7711c97fa2.sol"},{"line":97,"column":13,"severity":"Error","message":"\"throw\" is deprecated, avoid to use it","ruleId":"avoid-throw","filePath":"Benchmarks/Study_SamplesSet/5ed7a351b37a1f783a692e7711c97fa2.sol"},{"line":102,"column":5,"severity":"Error","message":"Explicitly mark visibility in function","ruleId":"func-visibility","fix":null,"filePath":"Benchmarks/Study_SamplesSet/5ed7a351b37a1f783a692e7711c97fa2.sol"},{"line":105,"column":13,"severity":"Error","message":"Explicitly mark all external contracts as trusted or untrusted","ruleId":"mark-callable-contracts","filePath":"Benchmarks/Study_SamplesSet/5ed7a351b37a1f783a692e7711c97fa2.sol"},{"line":109,"column":5,"severity":"Error","message":"Explicitly mark visibility in function","ruleId":"func-visibility","fix":null,"filePath":"Benchmarks/Study_SamplesSet/5ed7a351b37a1f783a692e7711c97fa2.sol"},{"line":112,"column":13,"severity":"Error","message":"Explicitly mark all external contracts as trusted or untrusted","ruleId":"mark-callable-contracts","filePath":"Benchmarks/Study_SamplesSet/5ed7a351b37a1f783a692e7711c97fa2.sol"},{"line":116,"column":5,"severity":"Error","message":"Explicitly mark visibility in function","ruleId":"func-visibility","fix":null,"filePath":"Benchmarks/Study_SamplesSet/5ed7a351b37a1f783a692e7711c97fa2.sol"},{"line":118,"column":13,"severity":"Error","message":"\"throw\" is deprecated, avoid to use it","ruleId":"avoid-throw","filePath":"Benchmarks/Study_SamplesSet/5ed7a351b37a1f783a692e7711c97fa2.sol"},{"conclusion":"42 problem/s (33 error/s, 9 warning/s)"}]
