[{"line":1,"column":1,"severity":"Error","message":"Compiler version ^0.4.0 does not satisfy the ^0.8.0 semver requirement","ruleId":"compiler-version","fix":null,"filePath":"Benchmarks/Study_SamplesSet/5f0839995f42647500c00172ccb218c0.sol"},{"line":5,"column":9,"severity":"Warning","message":"Rule is set with explicit type [var/s: uint]","ruleId":"explicit-types","filePath":"Benchmarks/Study_SamplesSet/5f0839995f42647500c00172ccb218c0.sol"},{"line":11,"column":9,"severity":"Warning","message":"Rule is set with explicit type [var/s: uint]","ruleId":"explicit-types","filePath":"Benchmarks/Study_SamplesSet/5f0839995f42647500c00172ccb218c0.sol"},{"line":14,"column":5,"severity":"Error","message":"Explicitly mark visibility of state","ruleId":"state-visibility","fix":null,"filePath":"Benchmarks/Study_SamplesSet/5f0839995f42647500c00172ccb218c0.sol"},{"line":15,"column":5,"severity":"Error","message":"Explicitly mark visibility of state","ruleId":"state-visibility","fix":null,"filePath":"Benchmarks/Study_SamplesSet/5f0839995f42647500c00172ccb218c0.sol"},{"line":16,"column":5,"severity":"Error","message":"Explicitly mark visibility of state","ruleId":"state-visibility","fix":null,"filePath":"Benchmarks/Study_SamplesSet/5f0839995f42647500c00172ccb218c0.sol"},{"line":19,"column":5,"severity":"Error","message":"Explicitly mark visibility in function (Set ignoreConstructors to true if using solidity >=0.7.0)","ruleId":"func-visibility","fix":null,"filePath":"Benchmarks/Study_SamplesSet/5f0839995f42647500c00172ccb218c0.sol"},{"line":27,"column":5,"severity":"Error","message":"Explicitly mark visibility in function","ruleId":"func-visibility","fix":null,"filePath":"Benchmarks/Study_SamplesSet/5f0839995f42647500c00172ccb218c0.sol"},{"line":33,"column":5,"severity":"Error","message":"Explicitly mark visibility in function","ruleId":"func-visibility","fix":null,"filePath":"Benchmarks/Study_SamplesSet/5f0839995f42647500c00172ccb218c0.sol"},{"line":49,"column":5,"severity":"Error","message":"Explicitly mark visibility in function","ruleId":"func-visibility","fix":null,"filePath":"Benchmarks/Study_SamplesSet/5f0839995f42647500c00172ccb218c0.sol"},{"line":57,"column":5,"severity":"Error","message":"Explicitly mark visibility in function","ruleId":"func-visibility","fix":null,"filePath":"Benchmarks/Study_SamplesSet/5f0839995f42647500c00172ccb218c0.sol"},{"conclusion":"11 problem/s (9 error/s, 2 warning/s)"}]
