[{"line":1,"column":1,"severity":"Warning","message":"Found more than One contract per file. 2 contracts found!","ruleId":"one-contract-per-file","fix":null,"filePath":"Benchmarks/Study_SamplesSet/63b32b170a85b511d5d6905116f25173.sol"},{"line":1,"column":1,"severity":"Error","message":"Compiler version 0.4.6 does not satisfy the ^0.8.0 semver requirement","ruleId":"compiler-version","fix":null,"filePath":"Benchmarks/Study_SamplesSet/63b32b170a85b511d5d6905116f25173.sol"},{"line":3,"column":1,"severity":"Warning","message":"Contract, Structs and Enums should be in CamelCase","ruleId":"contract-name-camelcase","filePath":"Benchmarks/Study_SamplesSet/63b32b170a85b511d5d6905116f25173.sol"},{"line":4,"column":2,"severity":"Error","message":"Explicitly mark visibility of state","ruleId":"state-visibility","fix":null,"filePath":"Benchmarks/Study_SamplesSet/63b32b170a85b511d5d6905116f25173.sol"},{"line":6,"column":2,"severity":"Error","message":"Explicitly mark visibility in function (Set ignoreConstructors to true if using solidity >=0.7.0)","ruleId":"func-visibility","fix":null,"filePath":"Benchmarks/Study_SamplesSet/63b32b170a85b511d5d6905116f25173.sol"},{"line":8,"column":2,"severity":"Error","message":"Explicitly mark visibility in function","ruleId":"func-visibility","fix":null,"filePath":"Benchmarks/Study_SamplesSet/63b32b170a85b511d5d6905116f25173.sol"},{"line":8,"column":45,"severity":"Error","message":"Use \"selfdestruct\" instead of deprecated \"suicide\"","ruleId":"avoid-suicide","filePath":"Benchmarks/Study_SamplesSet/63b32b170a85b511d5d6905116f25173.sol"},{"line":11,"column":1,"severity":"Warning","message":"Contract, Structs and Enums should be in CamelCase","ruleId":"contract-name-camelcase","filePath":"Benchmarks/Study_SamplesSet/63b32b170a85b511d5d6905116f25173.sol"},{"line":14,"column":2,"severity":"Warning","message":"Contract, Structs and Enums should be in CamelCase","ruleId":"contract-name-camelcase","filePath":"Benchmarks/Study_SamplesSet/63b32b170a85b511d5d6905116f25173.sol"},{"line":19,"column":3,"severity":"Warning","message":"Rule is set with explicit type [var/s: uint]","ruleId":"explicit-types","filePath":"Benchmarks/Study_SamplesSet/63b32b170a85b511d5d6905116f25173.sol"},{"line":20,"column":3,"severity":"Warning","message":"Rule is set with explicit type [var/s: uint]","ruleId":"explicit-types","filePath":"Benchmarks/Study_SamplesSet/63b32b170a85b511d5d6905116f25173.sol"},{"line":21,"column":3,"severity":"Warning","message":"Rule is set with explicit type [var/s: uint]","ruleId":"explicit-types","filePath":"Benchmarks/Study_SamplesSet/63b32b170a85b511d5d6905116f25173.sol"},{"line":22,"column":3,"severity":"Warning","message":"Rule is set with explicit type [var/s: uint]","ruleId":"explicit-types","filePath":"Benchmarks/Study_SamplesSet/63b32b170a85b511d5d6905116f25173.sol"},{"line":23,"column":3,"severity":"Warning","message":"Rule is set with explicit type [var/s: uint]","ruleId":"explicit-types","filePath":"Benchmarks/Study_SamplesSet/63b32b170a85b511d5d6905116f25173.sol"},{"line":24,"column":3,"severity":"Warning","message":"Rule is set with explicit type [var/s: uint]","ruleId":"explicit-types","filePath":"Benchmarks/Study_SamplesSet/63b32b170a85b511d5d6905116f25173.sol"},{"line":25,"column":3,"severity":"Warning","message":"Rule is set with explicit type [var/s: uint]","ruleId":"explicit-types","filePath":"Benchmarks/Study_SamplesSet/63b32b170a85b511d5d6905116f25173.sol"},{"line":27,"column":3,"severity":"Warning","message":"Rule is set with explicit type [var/s: uint]","ruleId":"explicit-types","filePath":"Benchmarks/Study_SamplesSet/63b32b170a85b511d5d6905116f25173.sol"},{"line":29,"column":2,"severity":"Error","message":"Explicitly mark visibility of state","ruleId":"state-visibility","fix":null,"filePath":"Benchmarks/Study_SamplesSet/63b32b170a85b511d5d6905116f25173.sol"},{"line":29,"column":2,"severity":"Warning","message":"Rule is set with explicit type [var/s: uint]","ruleId":"explicit-types","filePath":"Benchmarks/Study_SamplesSet/63b32b170a85b511d5d6905116f25173.sol"},{"line":30,"column":2,"severity":"Warning","message":"Rule is set with explicit type [var/s: uint]","ruleId":"explicit-types","filePath":"Benchmarks/Study_SamplesSet/63b32b170a85b511d5d6905116f25173.sol"},{"line":33,"column":2,"severity":"Warning","message":"Event name must be in CamelCase","ruleId":"event-name-camelcase","filePath":"Benchmarks/Study_SamplesSet/63b32b170a85b511d5d6905116f25173.sol"},{"line":34,"column":2,"severity":"Warning","message":"Event name must be in CamelCase","ruleId":"event-name-camelcase","filePath":"Benchmarks/Study_SamplesSet/63b32b170a85b511d5d6905116f25173.sol"},{"line":34,"column":40,"severity":"Warning","message":"Rule is set with explicit type [var/s: uint]","ruleId":"explicit-types","filePath":"Benchmarks/Study_SamplesSet/63b32b170a85b511d5d6905116f25173.sol"},{"line":35,"column":2,"severity":"Warning","message":"Event name must be in CamelCase","ruleId":"event-name-camelcase","filePath":"Benchmarks/Study_SamplesSet/63b32b170a85b511d5d6905116f25173.sol"},{"line":35,"column":41,"severity":"Warning","message":"Rule is set with explicit type [var/s: uint]","ruleId":"explicit-types","filePath":"Benchmarks/Study_SamplesSet/63b32b170a85b511d5d6905116f25173.sol"},{"line":38,"column":2,"severity":"Error","message":"Explicitly mark visibility in function","ruleId":"func-visibility","fix":null,"filePath":"Benchmarks/Study_SamplesSet/63b32b170a85b511d5d6905116f25173.sol"},{"line":38,"column":23,"severity":"Warning","message":"Rule is set with explicit type [var/s: uint]","ruleId":"explicit-types","filePath":"Benchmarks/Study_SamplesSet/63b32b170a85b511d5d6905116f25173.sol"},{"line":38,"column":56,"severity":"Warning","message":"Rule is set with explicit type [var/s: uint]","ruleId":"explicit-types","filePath":"Benchmarks/Study_SamplesSet/63b32b170a85b511d5d6905116f25173.sol"},{"line":43,"column":2,"severity":"Error","message":"Explicitly mark visibility in function","ruleId":"func-visibility","fix":null,"filePath":"Benchmarks/Study_SamplesSet/63b32b170a85b511d5d6905116f25173.sol"},{"line":43,"column":62,"severity":"Warning","message":"Rule is set with explicit type [var/s: uint]","ruleId":"explicit-types","filePath":"Benchmarks/Study_SamplesSet/63b32b170a85b511d5d6905116f25173.sol"},{"line":44,"column":3,"severity":"Warning","message":"Rule is set with explicit type [var/s: uint]","ruleId":"explicit-types","filePath":"Benchmarks/Study_SamplesSet/63b32b170a85b511d5d6905116f25173.sol"},{"line":60,"column":2,"severity":"Error","message":"Explicitly mark visibility in function","ruleId":"func-visibility","fix":null,"filePath":"Benchmarks/Study_SamplesSet/63b32b170a85b511d5d6905116f25173.sol"},{"line":60,"column":18,"severity":"Warning","message":"Rule is set with explicit type [var/s: uint]","ruleId":"explicit-types","filePath":"Benchmarks/Study_SamplesSet/63b32b170a85b511d5d6905116f25173.sol"},{"line":60,"column":42,"severity":"Warning","message":"Rule is set with explicit type [var/s: uint]","ruleId":"explicit-types","filePath":"Benchmarks/Study_SamplesSet/63b32b170a85b511d5d6905116f25173.sol"},{"line":78,"column":14,"severity":"Error","message":"Check result of \"send\" call","ruleId":"check-send-result","fix":null,"filePath":"Benchmarks/Study_SamplesSet/63b32b170a85b511d5d6905116f25173.sol"},{"line":78,"column":4,"severity":"Warning","message":"Variable \"kk\" is unused","ruleId":"no-unused-vars","fix":null,"filePath":"Benchmarks/Study_SamplesSet/63b32b170a85b511d5d6905116f25173.sol"},{"line":83,"column":10,"severity":"Warning","message":"Code contains empty blocks","ruleId":"no-empty-blocks","fix":null,"filePath":"Benchmarks/Study_SamplesSet/63b32b170a85b511d5d6905116f25173.sol"},{"line":89,"column":2,"severity":"Error","message":"Explicitly mark visibility in function","ruleId":"func-visibility","fix":null,"filePath":"Benchmarks/Study_SamplesSet/63b32b170a85b511d5d6905116f25173.sol"},{"line":89,"column":19,"severity":"Warning","message":"Rule is set with explicit type [var/s: uint]","ruleId":"explicit-types","filePath":"Benchmarks/Study_SamplesSet/63b32b170a85b511d5d6905116f25173.sol"},{"line":89,"column":43,"severity":"Warning","message":"Rule is set with explicit type [var/s: uint]","ruleId":"explicit-types","filePath":"Benchmarks/Study_SamplesSet/63b32b170a85b511d5d6905116f25173.sol"},{"line":107,"column":14,"severity":"Error","message":"Check result of \"send\" call","ruleId":"check-send-result","fix":null,"filePath":"Benchmarks/Study_SamplesSet/63b32b170a85b511d5d6905116f25173.sol"},{"line":107,"column":4,"severity":"Warning","message":"Variable \"kk\" is unused","ruleId":"no-unused-vars","fix":null,"filePath":"Benchmarks/Study_SamplesSet/63b32b170a85b511d5d6905116f25173.sol"},{"line":112,"column":10,"severity":"Warning","message":"Code contains empty blocks","ruleId":"no-empty-blocks","fix":null,"filePath":"Benchmarks/Study_SamplesSet/63b32b170a85b511d5d6905116f25173.sol"},{"conclusion":"43 problem/s (12 error/s, 31 warning/s)"}]
