[{"line":5,"column":1,"severity":"Warning","message":"Found more than One contract per file. 4 contracts found!","ruleId":"one-contract-per-file","fix":null,"filePath":"Benchmarks/Study_SamplesSet/64a4eb4ded65b90d989f9647eba6723b.sol"},{"line":5,"column":1,"severity":"Error","message":"Compiler version >=0.4.22 <0.6.0 does not satisfy the ^0.8.0 semver requirement","ruleId":"compiler-version","fix":null,"filePath":"Benchmarks/Study_SamplesSet/64a4eb4ded65b90d989f9647eba6723b.sol"},{"line":55,"column":3,"severity":"Error","message":"Explicitly mark visibility of state","ruleId":"state-visibility","fix":null,"filePath":"Benchmarks/Study_SamplesSet/64a4eb4ded65b90d989f9647eba6723b.sol"},{"line":55,"column":3,"severity":"Warning","message":"Rule is set with explicit type [var/s: uint]","ruleId":"explicit-types","filePath":"Benchmarks/Study_SamplesSet/64a4eb4ded65b90d989f9647eba6723b.sol"},{"line":55,"column":3,"severity":"Warning","message":"Variable name must be in mixedCase","ruleId":"var-name-mixedcase","fix":null,"filePath":"Benchmarks/Study_SamplesSet/64a4eb4ded65b90d989f9647eba6723b.sol"},{"line":56,"column":1,"severity":"Warning","message":"Function name must be in mixedCase","ruleId":"func-name-mixedcase","fix":null,"filePath":"Benchmarks/Study_SamplesSet/64a4eb4ded65b90d989f9647eba6723b.sol"},{"line":57,"column":9,"severity":"Warning","message":"Provide an error message for require","ruleId":"reason-string","fix":null,"filePath":"Benchmarks/Study_SamplesSet/64a4eb4ded65b90d989f9647eba6723b.sol"},{"line":57,"column":9,"severity":"Warning","message":"Use Custom Errors instead of require statements","ruleId":"custom-errors","fix":null,"filePath":"Benchmarks/Study_SamplesSet/64a4eb4ded65b90d989f9647eba6723b.sol"},{"line":59,"column":25,"severity":"Error","message":"Avoid to use low level calls.","ruleId":"avoid-low-level-calls","fix":null,"filePath":"Benchmarks/Study_SamplesSet/64a4eb4ded65b90d989f9647eba6723b.sol"},{"line":59,"column":25,"severity":"Error","message":"Avoid to use \".call.value()()\"","ruleId":"avoid-call-value","fix":null,"filePath":"Benchmarks/Study_SamplesSet/64a4eb4ded65b90d989f9647eba6723b.sol"},{"line":60,"column":9,"severity":"Warning","message":"Provide an error message for require","ruleId":"reason-string","fix":null,"filePath":"Benchmarks/Study_SamplesSet/64a4eb4ded65b90d989f9647eba6723b.sol"},{"line":60,"column":9,"severity":"Warning","message":"Use Custom Errors instead of require statements","ruleId":"custom-errors","fix":null,"filePath":"Benchmarks/Study_SamplesSet/64a4eb4ded65b90d989f9647eba6723b.sol"},{"line":68,"column":1,"severity":"Error","message":"Explicitly mark visibility of state","ruleId":"state-visibility","fix":null,"filePath":"Benchmarks/Study_SamplesSet/64a4eb4ded65b90d989f9647eba6723b.sol"},{"line":68,"column":1,"severity":"Warning","message":"Rule is set with explicit type [var/s: uint]","ruleId":"explicit-types","filePath":"Benchmarks/Study_SamplesSet/64a4eb4ded65b90d989f9647eba6723b.sol"},{"line":68,"column":1,"severity":"Warning","message":"Variable name must be in mixedCase","ruleId":"var-name-mixedcase","fix":null,"filePath":"Benchmarks/Study_SamplesSet/64a4eb4ded65b90d989f9647eba6723b.sol"},{"line":69,"column":1,"severity":"Warning","message":"Function name must be in mixedCase","ruleId":"func-name-mixedcase","fix":null,"filePath":"Benchmarks/Study_SamplesSet/64a4eb4ded65b90d989f9647eba6723b.sol"},{"line":71,"column":9,"severity":"Warning","message":"Provide an error message for require","ruleId":"reason-string","fix":null,"filePath":"Benchmarks/Study_SamplesSet/64a4eb4ded65b90d989f9647eba6723b.sol"},{"line":71,"column":9,"severity":"Warning","message":"Use Custom Errors instead of require statements","ruleId":"custom-errors","fix":null,"filePath":"Benchmarks/Study_SamplesSet/64a4eb4ded65b90d989f9647eba6723b.sol"},{"line":72,"column":9,"severity":"Warning","message":"Rule is set with explicit type [var/s: uint]","ruleId":"explicit-types","filePath":"Benchmarks/Study_SamplesSet/64a4eb4ded65b90d989f9647eba6723b.sol"},{"line":72,"column":9,"severity":"Warning","message":"Variable name must be in mixedCase","ruleId":"var-name-mixedcase","fix":null,"filePath":"Benchmarks/Study_SamplesSet/64a4eb4ded65b90d989f9647eba6723b.sol"},{"line":74,"column":9,"severity":"Error","message":"Possible reentrancy vulnerabilities. Avoid state changes after transfer.","ruleId":"reentrancy","fix":null,"filePath":"Benchmarks/Study_SamplesSet/64a4eb4ded65b90d989f9647eba6723b.sol"},{"line":78,"column":9,"severity":"Warning","message":"Provide an error message for require","ruleId":"reason-string","fix":null,"filePath":"Benchmarks/Study_SamplesSet/64a4eb4ded65b90d989f9647eba6723b.sol"},{"line":78,"column":9,"severity":"Warning","message":"Use Custom Errors instead of require statements","ruleId":"custom-errors","fix":null,"filePath":"Benchmarks/Study_SamplesSet/64a4eb4ded65b90d989f9647eba6723b.sol"},{"line":83,"column":1,"severity":"Warning","message":"Contract has 32 states declarations but allowed no more than 15","ruleId":"max-states-count","fix":null,"filePath":"Benchmarks/Study_SamplesSet/64a4eb4ded65b90d989f9647eba6723b.sol"},{"line":87,"column":3,"severity":"Error","message":"Explicitly mark visibility of state","ruleId":"state-visibility","fix":null,"filePath":"Benchmarks/Study_SamplesSet/64a4eb4ded65b90d989f9647eba6723b.sol"},{"line":87,"column":3,"severity":"Warning","message":"Variable name must be in mixedCase","ruleId":"var-name-mixedcase","fix":null,"filePath":"Benchmarks/Study_SamplesSet/64a4eb4ded65b90d989f9647eba6723b.sol"},{"line":88,"column":7,"severity":"Error","message":"Explicitly mark visibility of state","ruleId":"state-visibility","fix":null,"filePath":"Benchmarks/Study_SamplesSet/64a4eb4ded65b90d989f9647eba6723b.sol"},{"line":88,"column":7,"severity":"Warning","message":"Rule is set with explicit type [var/s: uint]","ruleId":"explicit-types","filePath":"Benchmarks/Study_SamplesSet/64a4eb4ded65b90d989f9647eba6723b.sol"},{"line":88,"column":7,"severity":"Warning","message":"Variable name must be in mixedCase","ruleId":"var-name-mixedcase","fix":null,"filePath":"Benchmarks/Study_SamplesSet/64a4eb4ded65b90d989f9647eba6723b.sol"},{"line":89,"column":4,"severity":"Warning","message":"Function name must be in mixedCase","ruleId":"func-name-mixedcase","fix":null,"filePath":"Benchmarks/Study_SamplesSet/64a4eb4ded65b90d989f9647eba6723b.sol"},{"line":91,"column":9,"severity":"Warning","message":"Provide an error message for revert","ruleId":"reason-string","fix":null,"filePath":"Benchmarks/Study_SamplesSet/64a4eb4ded65b90d989f9647eba6723b.sol"},{"line":91,"column":9,"severity":"Warning","message":"Use Custom Errors instead of revert statements","ruleId":"custom-errors","fix":null,"filePath":"Benchmarks/Study_SamplesSet/64a4eb4ded65b90d989f9647eba6723b.sol"},{"line":92,"column":7,"severity":"Error","message":"Possible reentrancy vulnerabilities. Avoid state changes after transfer.","ruleId":"reentrancy","fix":null,"filePath":"Benchmarks/Study_SamplesSet/64a4eb4ded65b90d989f9647eba6723b.sol"},{"line":93,"column":7,"severity":"Error","message":"Possible reentrancy vulnerabilities. Avoid state changes after transfer.","ruleId":"reentrancy","fix":null,"filePath":"Benchmarks/Study_SamplesSet/64a4eb4ded65b90d989f9647eba6723b.sol"},{"line":96,"column":3,"severity":"Error","message":"Explicitly mark visibility of state","ruleId":"state-visibility","fix":null,"filePath":"Benchmarks/Study_SamplesSet/64a4eb4ded65b90d989f9647eba6723b.sol"},{"line":96,"column":3,"severity":"Warning","message":"Rule is set with explicit type [var/s: uint]","ruleId":"explicit-types","filePath":"Benchmarks/Study_SamplesSet/64a4eb4ded65b90d989f9647eba6723b.sol"},{"line":96,"column":3,"severity":"Warning","message":"Variable name must be in mixedCase","ruleId":"var-name-mixedcase","fix":null,"filePath":"Benchmarks/Study_SamplesSet/64a4eb4ded65b90d989f9647eba6723b.sol"},{"line":97,"column":1,"severity":"Warning","message":"Function name must be in mixedCase","ruleId":"func-name-mixedcase","fix":null,"filePath":"Benchmarks/Study_SamplesSet/64a4eb4ded65b90d989f9647eba6723b.sol"},{"line":98,"column":9,"severity":"Warning","message":"Provide an error message for require","ruleId":"reason-string","fix":null,"filePath":"Benchmarks/Study_SamplesSet/64a4eb4ded65b90d989f9647eba6723b.sol"},{"line":98,"column":9,"severity":"Warning","message":"Use Custom Errors instead of require statements","ruleId":"custom-errors","fix":null,"filePath":"Benchmarks/Study_SamplesSet/64a4eb4ded65b90d989f9647eba6723b.sol"},{"line":100,"column":19,"severity":"Error","message":"Avoid to use low level calls.","ruleId":"avoid-low-level-calls","fix":null,"filePath":"Benchmarks/Study_SamplesSet/64a4eb4ded65b90d989f9647eba6723b.sol"},{"line":100,"column":19,"severity":"Error","message":"Avoid to use \".call.value()()\"","ruleId":"avoid-call-value","fix":null,"filePath":"Benchmarks/Study_SamplesSet/64a4eb4ded65b90d989f9647eba6723b.sol"},{"line":101,"column":9,"severity":"Warning","message":"Provide an error message for require","ruleId":"reason-string","fix":null,"filePath":"Benchmarks/Study_SamplesSet/64a4eb4ded65b90d989f9647eba6723b.sol"},{"line":101,"column":9,"severity":"Warning","message":"Use Custom Errors instead of require statements","ruleId":"custom-errors","fix":null,"filePath":"Benchmarks/Study_SamplesSet/64a4eb4ded65b90d989f9647eba6723b.sol"},{"line":105,"column":3,"severity":"Error","message":"Explicitly mark visibility of state","ruleId":"state-visibility","fix":null,"filePath":"Benchmarks/Study_SamplesSet/64a4eb4ded65b90d989f9647eba6723b.sol"},{"line":105,"column":3,"severity":"Warning","message":"Variable name must be in mixedCase","ruleId":"var-name-mixedcase","fix":null,"filePath":"Benchmarks/Study_SamplesSet/64a4eb4ded65b90d989f9647eba6723b.sol"},{"line":106,"column":7,"severity":"Error","message":"Explicitly mark visibility of state","ruleId":"state-visibility","fix":null,"filePath":"Benchmarks/Study_SamplesSet/64a4eb4ded65b90d989f9647eba6723b.sol"},{"line":106,"column":7,"severity":"Warning","message":"Rule is set with explicit type [var/s: uint]","ruleId":"explicit-types","filePath":"Benchmarks/Study_SamplesSet/64a4eb4ded65b90d989f9647eba6723b.sol"},{"line":106,"column":7,"severity":"Warning","message":"Variable name must be in mixedCase","ruleId":"var-name-mixedcase","fix":null,"filePath":"Benchmarks/Study_SamplesSet/64a4eb4ded65b90d989f9647eba6723b.sol"},{"line":107,"column":4,"severity":"Warning","message":"Function name must be in mixedCase","ruleId":"func-name-mixedcase","fix":null,"filePath":"Benchmarks/Study_SamplesSet/64a4eb4ded65b90d989f9647eba6723b.sol"},{"line":108,"column":24,"severity":"Error","message":"Avoid to use low level calls.","ruleId":"avoid-low-level-calls","fix":null,"filePath":"Benchmarks/Study_SamplesSet/64a4eb4ded65b90d989f9647eba6723b.sol"},{"line":108,"column":24,"severity":"Error","message":"Avoid to use \".call.value()()\"","ruleId":"avoid-call-value","fix":null,"filePath":"Benchmarks/Study_SamplesSet/64a4eb4ded65b90d989f9647eba6723b.sol"},{"line":110,"column":10,"severity":"Warning","message":"Provide an error message for revert","ruleId":"reason-string","fix":null,"filePath":"Benchmarks/Study_SamplesSet/64a4eb4ded65b90d989f9647eba6723b.sol"},{"line":110,"column":10,"severity":"Warning","message":"Use Custom Errors instead of revert statements","ruleId":"custom-errors","fix":null,"filePath":"Benchmarks/Study_SamplesSet/64a4eb4ded65b90d989f9647eba6723b.sol"},{"line":116,"column":3,"severity":"Error","message":"Explicitly mark visibility of state","ruleId":"state-visibility","fix":null,"filePath":"Benchmarks/Study_SamplesSet/64a4eb4ded65b90d989f9647eba6723b.sol"},{"line":116,"column":3,"severity":"Warning","message":"Rule is set with explicit type [var/s: uint]","ruleId":"explicit-types","filePath":"Benchmarks/Study_SamplesSet/64a4eb4ded65b90d989f9647eba6723b.sol"},{"line":116,"column":3,"severity":"Warning","message":"Variable name must be in mixedCase","ruleId":"var-name-mixedcase","fix":null,"filePath":"Benchmarks/Study_SamplesSet/64a4eb4ded65b90d989f9647eba6723b.sol"},{"line":117,"column":1,"severity":"Warning","message":"Function name must be in mixedCase","ruleId":"func-name-mixedcase","fix":null,"filePath":"Benchmarks/Study_SamplesSet/64a4eb4ded65b90d989f9647eba6723b.sol"},{"line":119,"column":9,"severity":"Warning","message":"Provide an error message for require","ruleId":"reason-string","fix":null,"filePath":"Benchmarks/Study_SamplesSet/64a4eb4ded65b90d989f9647eba6723b.sol"},{"line":119,"column":9,"severity":"Warning","message":"Use Custom Errors instead of require statements","ruleId":"custom-errors","fix":null,"filePath":"Benchmarks/Study_SamplesSet/64a4eb4ded65b90d989f9647eba6723b.sol"},{"line":120,"column":9,"severity":"Warning","message":"Rule is set with explicit type [var/s: uint]","ruleId":"explicit-types","filePath":"Benchmarks/Study_SamplesSet/64a4eb4ded65b90d989f9647eba6723b.sol"},{"line":120,"column":9,"severity":"Warning","message":"Variable name must be in mixedCase","ruleId":"var-name-mixedcase","fix":null,"filePath":"Benchmarks/Study_SamplesSet/64a4eb4ded65b90d989f9647eba6723b.sol"},{"line":122,"column":9,"severity":"Error","message":"Possible reentrancy vulnerabilities. Avoid state changes after transfer.","ruleId":"reentrancy","fix":null,"filePath":"Benchmarks/Study_SamplesSet/64a4eb4ded65b90d989f9647eba6723b.sol"},{"line":125,"column":3,"severity":"Error","message":"Explicitly mark visibility of state","ruleId":"state-visibility","fix":null,"filePath":"Benchmarks/Study_SamplesSet/64a4eb4ded65b90d989f9647eba6723b.sol"},{"line":125,"column":3,"severity":"Warning","message":"Rule is set with explicit type [var/s: uint]","ruleId":"explicit-types","filePath":"Benchmarks/Study_SamplesSet/64a4eb4ded65b90d989f9647eba6723b.sol"},{"line":125,"column":3,"severity":"Warning","message":"Variable name must be in mixedCase","ruleId":"var-name-mixedcase","fix":null,"filePath":"Benchmarks/Study_SamplesSet/64a4eb4ded65b90d989f9647eba6723b.sol"},{"line":126,"column":1,"severity":"Warning","message":"Function name must be in mixedCase","ruleId":"func-name-mixedcase","fix":null,"filePath":"Benchmarks/Study_SamplesSet/64a4eb4ded65b90d989f9647eba6723b.sol"},{"line":130,"column":13,"severity":"Warning","message":"Provide an error message for revert","ruleId":"reason-string","fix":null,"filePath":"Benchmarks/Study_SamplesSet/64a4eb4ded65b90d989f9647eba6723b.sol"},{"line":130,"column":13,"severity":"Warning","message":"Use Custom Errors instead of revert statements","ruleId":"custom-errors","fix":null,"filePath":"Benchmarks/Study_SamplesSet/64a4eb4ded65b90d989f9647eba6723b.sol"},{"line":132,"column":9,"severity":"Error","message":"Possible reentrancy vulnerabilities. Avoid state changes after transfer.","ruleId":"reentrancy","fix":null,"filePath":"Benchmarks/Study_SamplesSet/64a4eb4ded65b90d989f9647eba6723b.sol"},{"line":137,"column":3,"severity":"Error","message":"Explicitly mark visibility of state","ruleId":"state-visibility","fix":null,"filePath":"Benchmarks/Study_SamplesSet/64a4eb4ded65b90d989f9647eba6723b.sol"},{"line":137,"column":3,"severity":"Warning","message":"Rule is set with explicit type [var/s: uint]","ruleId":"explicit-types","filePath":"Benchmarks/Study_SamplesSet/64a4eb4ded65b90d989f9647eba6723b.sol"},{"line":137,"column":3,"severity":"Warning","message":"Variable name must be in mixedCase","ruleId":"var-name-mixedcase","fix":null,"filePath":"Benchmarks/Study_SamplesSet/64a4eb4ded65b90d989f9647eba6723b.sol"},{"line":138,"column":1,"severity":"Warning","message":"Function name must be in mixedCase","ruleId":"func-name-mixedcase","fix":null,"filePath":"Benchmarks/Study_SamplesSet/64a4eb4ded65b90d989f9647eba6723b.sol"},{"line":141,"column":26,"severity":"Error","message":"Avoid to use low level calls.","ruleId":"avoid-low-level-calls","fix":null,"filePath":"Benchmarks/Study_SamplesSet/64a4eb4ded65b90d989f9647eba6723b.sol"},{"line":141,"column":26,"severity":"Error","message":"Avoid to use \".call.value()()\"","ruleId":"avoid-call-value","fix":null,"filePath":"Benchmarks/Study_SamplesSet/64a4eb4ded65b90d989f9647eba6723b.sol"},{"line":143,"column":13,"severity":"Warning","message":"Provide an error message for revert","ruleId":"reason-string","fix":null,"filePath":"Benchmarks/Study_SamplesSet/64a4eb4ded65b90d989f9647eba6723b.sol"},{"line":143,"column":13,"severity":"Warning","message":"Use Custom Errors instead of revert statements","ruleId":"custom-errors","fix":null,"filePath":"Benchmarks/Study_SamplesSet/64a4eb4ded65b90d989f9647eba6723b.sol"},{"line":148,"column":3,"severity":"Error","message":"Explicitly mark visibility of state","ruleId":"state-visibility","fix":null,"filePath":"Benchmarks/Study_SamplesSet/64a4eb4ded65b90d989f9647eba6723b.sol"},{"line":148,"column":3,"severity":"Warning","message":"Variable name must be in mixedCase","ruleId":"var-name-mixedcase","fix":null,"filePath":"Benchmarks/Study_SamplesSet/64a4eb4ded65b90d989f9647eba6723b.sol"},{"line":149,"column":1,"severity":"Warning","message":"Function name must be in mixedCase","ruleId":"func-name-mixedcase","fix":null,"filePath":"Benchmarks/Study_SamplesSet/64a4eb4ded65b90d989f9647eba6723b.sol"},{"line":150,"column":9,"severity":"Warning","message":"Provide an error message for require","ruleId":"reason-string","fix":null,"filePath":"Benchmarks/Study_SamplesSet/64a4eb4ded65b90d989f9647eba6723b.sol"},{"line":150,"column":9,"severity":"Warning","message":"Use Custom Errors instead of require statements","ruleId":"custom-errors","fix":null,"filePath":"Benchmarks/Study_SamplesSet/64a4eb4ded65b90d989f9647eba6723b.sol"},{"line":152,"column":13,"severity":"Warning","message":"Provide an error message for revert","ruleId":"reason-string","fix":null,"filePath":"Benchmarks/Study_SamplesSet/64a4eb4ded65b90d989f9647eba6723b.sol"},{"line":152,"column":13,"severity":"Warning","message":"Use Custom Errors instead of revert statements","ruleId":"custom-errors","fix":null,"filePath":"Benchmarks/Study_SamplesSet/64a4eb4ded65b90d989f9647eba6723b.sol"},{"line":154,"column":9,"severity":"Error","message":"Possible reentrancy vulnerabilities. Avoid state changes after transfer.","ruleId":"reentrancy","fix":null,"filePath":"Benchmarks/Study_SamplesSet/64a4eb4ded65b90d989f9647eba6723b.sol"},{"line":159,"column":3,"severity":"Error","message":"Explicitly mark visibility of state","ruleId":"state-visibility","fix":null,"filePath":"Benchmarks/Study_SamplesSet/64a4eb4ded65b90d989f9647eba6723b.sol"},{"line":159,"column":3,"severity":"Warning","message":"Variable name must be in mixedCase","ruleId":"var-name-mixedcase","fix":null,"filePath":"Benchmarks/Study_SamplesSet/64a4eb4ded65b90d989f9647eba6723b.sol"},{"line":160,"column":1,"severity":"Warning","message":"Function name must be in mixedCase","ruleId":"func-name-mixedcase","fix":null,"filePath":"Benchmarks/Study_SamplesSet/64a4eb4ded65b90d989f9647eba6723b.sol"},{"line":161,"column":9,"severity":"Warning","message":"Provide an error message for require","ruleId":"reason-string","fix":null,"filePath":"Benchmarks/Study_SamplesSet/64a4eb4ded65b90d989f9647eba6723b.sol"},{"line":161,"column":9,"severity":"Warning","message":"Use Custom Errors instead of require statements","ruleId":"custom-errors","fix":null,"filePath":"Benchmarks/Study_SamplesSet/64a4eb4ded65b90d989f9647eba6723b.sol"},{"line":163,"column":13,"severity":"Warning","message":"Provide an error message for revert","ruleId":"reason-string","fix":null,"filePath":"Benchmarks/Study_SamplesSet/64a4eb4ded65b90d989f9647eba6723b.sol"},{"line":163,"column":13,"severity":"Warning","message":"Use Custom Errors instead of revert statements","ruleId":"custom-errors","fix":null,"filePath":"Benchmarks/Study_SamplesSet/64a4eb4ded65b90d989f9647eba6723b.sol"},{"line":165,"column":9,"severity":"Error","message":"Possible reentrancy vulnerabilities. Avoid state changes after transfer.","ruleId":"reentrancy","fix":null,"filePath":"Benchmarks/Study_SamplesSet/64a4eb4ded65b90d989f9647eba6723b.sol"},{"line":170,"column":3,"severity":"Error","message":"Explicitly mark visibility of state","ruleId":"state-visibility","fix":null,"filePath":"Benchmarks/Study_SamplesSet/64a4eb4ded65b90d989f9647eba6723b.sol"},{"line":170,"column":3,"severity":"Warning","message":"Rule is set with explicit type [var/s: uint]","ruleId":"explicit-types","filePath":"Benchmarks/Study_SamplesSet/64a4eb4ded65b90d989f9647eba6723b.sol"},{"line":170,"column":3,"severity":"Warning","message":"Variable name must be in mixedCase","ruleId":"var-name-mixedcase","fix":null,"filePath":"Benchmarks/Study_SamplesSet/64a4eb4ded65b90d989f9647eba6723b.sol"},{"line":171,"column":1,"severity":"Warning","message":"Function name must be in mixedCase","ruleId":"func-name-mixedcase","fix":null,"filePath":"Benchmarks/Study_SamplesSet/64a4eb4ded65b90d989f9647eba6723b.sol"},{"line":172,"column":9,"severity":"Warning","message":"Provide an error message for require","ruleId":"reason-string","fix":null,"filePath":"Benchmarks/Study_SamplesSet/64a4eb4ded65b90d989f9647eba6723b.sol"},{"line":172,"column":9,"severity":"Warning","message":"Use Custom Errors instead of require statements","ruleId":"custom-errors","fix":null,"filePath":"Benchmarks/Study_SamplesSet/64a4eb4ded65b90d989f9647eba6723b.sol"},{"line":174,"column":9,"severity":"Warning","message":"Provide an error message for require","ruleId":"reason-string","fix":null,"filePath":"Benchmarks/Study_SamplesSet/64a4eb4ded65b90d989f9647eba6723b.sol"},{"line":174,"column":9,"severity":"Warning","message":"Use Custom Errors instead of require statements","ruleId":"custom-errors","fix":null,"filePath":"Benchmarks/Study_SamplesSet/64a4eb4ded65b90d989f9647eba6723b.sol"},{"line":175,"column":9,"severity":"Error","message":"Possible reentrancy vulnerabilities. Avoid state changes after transfer.","ruleId":"reentrancy","fix":null,"filePath":"Benchmarks/Study_SamplesSet/64a4eb4ded65b90d989f9647eba6723b.sol"},{"line":180,"column":3,"severity":"Error","message":"Explicitly mark visibility of state","ruleId":"state-visibility","fix":null,"filePath":"Benchmarks/Study_SamplesSet/64a4eb4ded65b90d989f9647eba6723b.sol"},{"line":180,"column":3,"severity":"Warning","message":"Variable name must be in mixedCase","ruleId":"var-name-mixedcase","fix":null,"filePath":"Benchmarks/Study_SamplesSet/64a4eb4ded65b90d989f9647eba6723b.sol"},{"line":181,"column":1,"severity":"Warning","message":"Function name must be in mixedCase","ruleId":"func-name-mixedcase","fix":null,"filePath":"Benchmarks/Study_SamplesSet/64a4eb4ded65b90d989f9647eba6723b.sol"},{"line":182,"column":9,"severity":"Warning","message":"Provide an error message for require","ruleId":"reason-string","fix":null,"filePath":"Benchmarks/Study_SamplesSet/64a4eb4ded65b90d989f9647eba6723b.sol"},{"line":182,"column":9,"severity":"Warning","message":"Use Custom Errors instead of require statements","ruleId":"custom-errors","fix":null,"filePath":"Benchmarks/Study_SamplesSet/64a4eb4ded65b90d989f9647eba6723b.sol"},{"line":183,"column":25,"severity":"Error","message":"Avoid to use low level calls.","ruleId":"avoid-low-level-calls","fix":null,"filePath":"Benchmarks/Study_SamplesSet/64a4eb4ded65b90d989f9647eba6723b.sol"},{"line":183,"column":25,"severity":"Error","message":"Avoid to use \".call.value()()\"","ruleId":"avoid-call-value","fix":null,"filePath":"Benchmarks/Study_SamplesSet/64a4eb4ded65b90d989f9647eba6723b.sol"},{"line":185,"column":13,"severity":"Warning","message":"Provide an error message for revert","ruleId":"reason-string","fix":null,"filePath":"Benchmarks/Study_SamplesSet/64a4eb4ded65b90d989f9647eba6723b.sol"},{"line":185,"column":13,"severity":"Warning","message":"Use Custom Errors instead of revert statements","ruleId":"custom-errors","fix":null,"filePath":"Benchmarks/Study_SamplesSet/64a4eb4ded65b90d989f9647eba6723b.sol"},{"line":194,"column":30,"severity":"Warning","message":"Rule is set with explicit type [var/s: uint]","ruleId":"explicit-types","filePath":"Benchmarks/Study_SamplesSet/64a4eb4ded65b90d989f9647eba6723b.sol"},{"line":195,"column":9,"severity":"Warning","message":"Provide an error message for require","ruleId":"reason-string","fix":null,"filePath":"Benchmarks/Study_SamplesSet/64a4eb4ded65b90d989f9647eba6723b.sol"},{"line":195,"column":9,"severity":"Warning","message":"Use Custom Errors instead of require statements","ruleId":"custom-errors","fix":null,"filePath":"Benchmarks/Study_SamplesSet/64a4eb4ded65b90d989f9647eba6723b.sol"},{"line":211,"column":9,"severity":"Warning","message":"Provide an error message for require","ruleId":"reason-string","fix":null,"filePath":"Benchmarks/Study_SamplesSet/64a4eb4ded65b90d989f9647eba6723b.sol"},{"line":211,"column":9,"severity":"Warning","message":"Use Custom Errors instead of require statements","ruleId":"custom-errors","fix":null,"filePath":"Benchmarks/Study_SamplesSet/64a4eb4ded65b90d989f9647eba6723b.sol"},{"line":222,"column":1,"severity":"Error","message":"Explicitly mark visibility of state","ruleId":"state-visibility","fix":null,"filePath":"Benchmarks/Study_SamplesSet/64a4eb4ded65b90d989f9647eba6723b.sol"},{"line":222,"column":1,"severity":"Warning","message":"Rule is set with explicit type [var/s: uint]","ruleId":"explicit-types","filePath":"Benchmarks/Study_SamplesSet/64a4eb4ded65b90d989f9647eba6723b.sol"},{"line":222,"column":1,"severity":"Warning","message":"Variable name must be in mixedCase","ruleId":"var-name-mixedcase","fix":null,"filePath":"Benchmarks/Study_SamplesSet/64a4eb4ded65b90d989f9647eba6723b.sol"},{"line":223,"column":1,"severity":"Warning","message":"Function name must be in mixedCase","ruleId":"func-name-mixedcase","fix":null,"filePath":"Benchmarks/Study_SamplesSet/64a4eb4ded65b90d989f9647eba6723b.sol"},{"line":224,"column":9,"severity":"Warning","message":"Provide an error message for require","ruleId":"reason-string","fix":null,"filePath":"Benchmarks/Study_SamplesSet/64a4eb4ded65b90d989f9647eba6723b.sol"},{"line":224,"column":9,"severity":"Warning","message":"Use Custom Errors instead of require statements","ruleId":"custom-errors","fix":null,"filePath":"Benchmarks/Study_SamplesSet/64a4eb4ded65b90d989f9647eba6723b.sol"},{"line":226,"column":9,"severity":"Warning","message":"Provide an error message for require","ruleId":"reason-string","fix":null,"filePath":"Benchmarks/Study_SamplesSet/64a4eb4ded65b90d989f9647eba6723b.sol"},{"line":226,"column":9,"severity":"Warning","message":"Use Custom Errors instead of require statements","ruleId":"custom-errors","fix":null,"filePath":"Benchmarks/Study_SamplesSet/64a4eb4ded65b90d989f9647eba6723b.sol"},{"line":227,"column":9,"severity":"Error","message":"Possible reentrancy vulnerabilities. Avoid state changes after transfer.","ruleId":"reentrancy","fix":null,"filePath":"Benchmarks/Study_SamplesSet/64a4eb4ded65b90d989f9647eba6723b.sol"},{"line":236,"column":1,"severity":"Error","message":"Explicitly mark visibility of state","ruleId":"state-visibility","fix":null,"filePath":"Benchmarks/Study_SamplesSet/64a4eb4ded65b90d989f9647eba6723b.sol"},{"line":236,"column":1,"severity":"Warning","message":"Rule is set with explicit type [var/s: uint]","ruleId":"explicit-types","filePath":"Benchmarks/Study_SamplesSet/64a4eb4ded65b90d989f9647eba6723b.sol"},{"line":236,"column":1,"severity":"Warning","message":"Variable name must be in mixedCase","ruleId":"var-name-mixedcase","fix":null,"filePath":"Benchmarks/Study_SamplesSet/64a4eb4ded65b90d989f9647eba6723b.sol"},{"line":237,"column":1,"severity":"Warning","message":"Function name must be in mixedCase","ruleId":"func-name-mixedcase","fix":null,"filePath":"Benchmarks/Study_SamplesSet/64a4eb4ded65b90d989f9647eba6723b.sol"},{"line":239,"column":9,"severity":"Warning","message":"Provide an error message for require","ruleId":"reason-string","fix":null,"filePath":"Benchmarks/Study_SamplesSet/64a4eb4ded65b90d989f9647eba6723b.sol"},{"line":239,"column":9,"severity":"Warning","message":"Use Custom Errors instead of require statements","ruleId":"custom-errors","fix":null,"filePath":"Benchmarks/Study_SamplesSet/64a4eb4ded65b90d989f9647eba6723b.sol"},{"line":240,"column":9,"severity":"Warning","message":"Rule is set with explicit type [var/s: uint]","ruleId":"explicit-types","filePath":"Benchmarks/Study_SamplesSet/64a4eb4ded65b90d989f9647eba6723b.sol"},{"line":240,"column":9,"severity":"Warning","message":"Variable name must be in mixedCase","ruleId":"var-name-mixedcase","fix":null,"filePath":"Benchmarks/Study_SamplesSet/64a4eb4ded65b90d989f9647eba6723b.sol"},{"line":242,"column":9,"severity":"Error","message":"Possible reentrancy vulnerabilities. Avoid state changes after transfer.","ruleId":"reentrancy","fix":null,"filePath":"Benchmarks/Study_SamplesSet/64a4eb4ded65b90d989f9647eba6723b.sol"},{"line":253,"column":1,"severity":"Error","message":"Explicitly mark visibility of state","ruleId":"state-visibility","fix":null,"filePath":"Benchmarks/Study_SamplesSet/64a4eb4ded65b90d989f9647eba6723b.sol"},{"line":253,"column":1,"severity":"Warning","message":"Variable name must be in mixedCase","ruleId":"var-name-mixedcase","fix":null,"filePath":"Benchmarks/Study_SamplesSet/64a4eb4ded65b90d989f9647eba6723b.sol"},{"line":254,"column":1,"severity":"Warning","message":"Function name must be in mixedCase","ruleId":"func-name-mixedcase","fix":null,"filePath":"Benchmarks/Study_SamplesSet/64a4eb4ded65b90d989f9647eba6723b.sol"},{"line":255,"column":9,"severity":"Warning","message":"Provide an error message for require","ruleId":"reason-string","fix":null,"filePath":"Benchmarks/Study_SamplesSet/64a4eb4ded65b90d989f9647eba6723b.sol"},{"line":255,"column":9,"severity":"Warning","message":"Use Custom Errors instead of require statements","ruleId":"custom-errors","fix":null,"filePath":"Benchmarks/Study_SamplesSet/64a4eb4ded65b90d989f9647eba6723b.sol"},{"line":257,"column":13,"severity":"Warning","message":"Provide an error message for revert","ruleId":"reason-string","fix":null,"filePath":"Benchmarks/Study_SamplesSet/64a4eb4ded65b90d989f9647eba6723b.sol"},{"line":257,"column":13,"severity":"Warning","message":"Use Custom Errors instead of revert statements","ruleId":"custom-errors","fix":null,"filePath":"Benchmarks/Study_SamplesSet/64a4eb4ded65b90d989f9647eba6723b.sol"},{"line":259,"column":9,"severity":"Error","message":"Possible reentrancy vulnerabilities. Avoid state changes after transfer.","ruleId":"reentrancy","fix":null,"filePath":"Benchmarks/Study_SamplesSet/64a4eb4ded65b90d989f9647eba6723b.sol"},{"line":271,"column":1,"severity":"Error","message":"Explicitly mark visibility of state","ruleId":"state-visibility","fix":null,"filePath":"Benchmarks/Study_SamplesSet/64a4eb4ded65b90d989f9647eba6723b.sol"},{"line":271,"column":1,"severity":"Warning","message":"Variable name must be in mixedCase","ruleId":"var-name-mixedcase","fix":null,"filePath":"Benchmarks/Study_SamplesSet/64a4eb4ded65b90d989f9647eba6723b.sol"},{"line":272,"column":7,"severity":"Error","message":"Explicitly mark visibility of state","ruleId":"state-visibility","fix":null,"filePath":"Benchmarks/Study_SamplesSet/64a4eb4ded65b90d989f9647eba6723b.sol"},{"line":272,"column":7,"severity":"Warning","message":"Rule is set with explicit type [var/s: uint]","ruleId":"explicit-types","filePath":"Benchmarks/Study_SamplesSet/64a4eb4ded65b90d989f9647eba6723b.sol"},{"line":272,"column":7,"severity":"Warning","message":"Variable name must be in mixedCase","ruleId":"var-name-mixedcase","fix":null,"filePath":"Benchmarks/Study_SamplesSet/64a4eb4ded65b90d989f9647eba6723b.sol"},{"line":273,"column":4,"severity":"Warning","message":"Function name must be in mixedCase","ruleId":"func-name-mixedcase","fix":null,"filePath":"Benchmarks/Study_SamplesSet/64a4eb4ded65b90d989f9647eba6723b.sol"},{"line":275,"column":9,"severity":"Warning","message":"Provide an error message for revert","ruleId":"reason-string","fix":null,"filePath":"Benchmarks/Study_SamplesSet/64a4eb4ded65b90d989f9647eba6723b.sol"},{"line":275,"column":9,"severity":"Warning","message":"Use Custom Errors instead of revert statements","ruleId":"custom-errors","fix":null,"filePath":"Benchmarks/Study_SamplesSet/64a4eb4ded65b90d989f9647eba6723b.sol"},{"line":276,"column":7,"severity":"Error","message":"Possible reentrancy vulnerabilities. Avoid state changes after transfer.","ruleId":"reentrancy","fix":null,"filePath":"Benchmarks/Study_SamplesSet/64a4eb4ded65b90d989f9647eba6723b.sol"},{"line":277,"column":7,"severity":"Error","message":"Possible reentrancy vulnerabilities. Avoid state changes after transfer.","ruleId":"reentrancy","fix":null,"filePath":"Benchmarks/Study_SamplesSet/64a4eb4ded65b90d989f9647eba6723b.sol"},{"line":285,"column":76,"severity":"Warning","message":"Visibility modifier must be first in list of modifiers","ruleId":"visibility-modifier-order","fix":null,"filePath":"Benchmarks/Study_SamplesSet/64a4eb4ded65b90d989f9647eba6723b.sol"},{"line":289,"column":1,"severity":"Error","message":"Explicitly mark visibility of state","ruleId":"state-visibility","fix":null,"filePath":"Benchmarks/Study_SamplesSet/64a4eb4ded65b90d989f9647eba6723b.sol"},{"line":289,"column":1,"severity":"Warning","message":"Variable name must be in mixedCase","ruleId":"var-name-mixedcase","fix":null,"filePath":"Benchmarks/Study_SamplesSet/64a4eb4ded65b90d989f9647eba6723b.sol"},{"line":290,"column":1,"severity":"Warning","message":"Function name must be in mixedCase","ruleId":"func-name-mixedcase","fix":null,"filePath":"Benchmarks/Study_SamplesSet/64a4eb4ded65b90d989f9647eba6723b.sol"},{"line":291,"column":9,"severity":"Warning","message":"Provide an error message for require","ruleId":"reason-string","fix":null,"filePath":"Benchmarks/Study_SamplesSet/64a4eb4ded65b90d989f9647eba6723b.sol"},{"line":291,"column":9,"severity":"Warning","message":"Use Custom Errors instead of require statements","ruleId":"custom-errors","fix":null,"filePath":"Benchmarks/Study_SamplesSet/64a4eb4ded65b90d989f9647eba6723b.sol"},{"line":293,"column":13,"severity":"Warning","message":"Provide an error message for revert","ruleId":"reason-string","fix":null,"filePath":"Benchmarks/Study_SamplesSet/64a4eb4ded65b90d989f9647eba6723b.sol"},{"line":293,"column":13,"severity":"Warning","message":"Use Custom Errors instead of revert statements","ruleId":"custom-errors","fix":null,"filePath":"Benchmarks/Study_SamplesSet/64a4eb4ded65b90d989f9647eba6723b.sol"},{"line":295,"column":9,"severity":"Error","message":"Possible reentrancy vulnerabilities. Avoid state changes after transfer.","ruleId":"reentrancy","fix":null,"filePath":"Benchmarks/Study_SamplesSet/64a4eb4ded65b90d989f9647eba6723b.sol"},{"line":311,"column":1,"severity":"Error","message":"Explicitly mark visibility of state","ruleId":"state-visibility","fix":null,"filePath":"Benchmarks/Study_SamplesSet/64a4eb4ded65b90d989f9647eba6723b.sol"},{"line":311,"column":1,"severity":"Warning","message":"Variable name must be in mixedCase","ruleId":"var-name-mixedcase","fix":null,"filePath":"Benchmarks/Study_SamplesSet/64a4eb4ded65b90d989f9647eba6723b.sol"},{"line":312,"column":7,"severity":"Error","message":"Explicitly mark visibility of state","ruleId":"state-visibility","fix":null,"filePath":"Benchmarks/Study_SamplesSet/64a4eb4ded65b90d989f9647eba6723b.sol"},{"line":312,"column":7,"severity":"Warning","message":"Rule is set with explicit type [var/s: uint]","ruleId":"explicit-types","filePath":"Benchmarks/Study_SamplesSet/64a4eb4ded65b90d989f9647eba6723b.sol"},{"line":312,"column":7,"severity":"Warning","message":"Variable name must be in mixedCase","ruleId":"var-name-mixedcase","fix":null,"filePath":"Benchmarks/Study_SamplesSet/64a4eb4ded65b90d989f9647eba6723b.sol"},{"line":313,"column":4,"severity":"Warning","message":"Function name must be in mixedCase","ruleId":"func-name-mixedcase","fix":null,"filePath":"Benchmarks/Study_SamplesSet/64a4eb4ded65b90d989f9647eba6723b.sol"},{"line":315,"column":9,"severity":"Warning","message":"Provide an error message for revert","ruleId":"reason-string","fix":null,"filePath":"Benchmarks/Study_SamplesSet/64a4eb4ded65b90d989f9647eba6723b.sol"},{"line":315,"column":9,"severity":"Warning","message":"Use Custom Errors instead of revert statements","ruleId":"custom-errors","fix":null,"filePath":"Benchmarks/Study_SamplesSet/64a4eb4ded65b90d989f9647eba6723b.sol"},{"line":316,"column":7,"severity":"Error","message":"Possible reentrancy vulnerabilities. Avoid state changes after transfer.","ruleId":"reentrancy","fix":null,"filePath":"Benchmarks/Study_SamplesSet/64a4eb4ded65b90d989f9647eba6723b.sol"},{"line":317,"column":7,"severity":"Error","message":"Possible reentrancy vulnerabilities. Avoid state changes after transfer.","ruleId":"reentrancy","fix":null,"filePath":"Benchmarks/Study_SamplesSet/64a4eb4ded65b90d989f9647eba6723b.sol"},{"line":328,"column":95,"severity":"Warning","message":"Visibility modifier must be first in list of modifiers","ruleId":"visibility-modifier-order","fix":null,"filePath":"Benchmarks/Study_SamplesSet/64a4eb4ded65b90d989f9647eba6723b.sol"},{"line":333,"column":1,"severity":"Error","message":"Explicitly mark visibility of state","ruleId":"state-visibility","fix":null,"filePath":"Benchmarks/Study_SamplesSet/64a4eb4ded65b90d989f9647eba6723b.sol"},{"line":333,"column":1,"severity":"Warning","message":"Rule is set with explicit type [var/s: uint]","ruleId":"explicit-types","filePath":"Benchmarks/Study_SamplesSet/64a4eb4ded65b90d989f9647eba6723b.sol"},{"line":333,"column":1,"severity":"Warning","message":"Variable name must be in mixedCase","ruleId":"var-name-mixedcase","fix":null,"filePath":"Benchmarks/Study_SamplesSet/64a4eb4ded65b90d989f9647eba6723b.sol"},{"line":334,"column":5,"severity":"Warning","message":"Function name must be in mixedCase","ruleId":"func-name-mixedcase","fix":null,"filePath":"Benchmarks/Study_SamplesSet/64a4eb4ded65b90d989f9647eba6723b.sol"},{"line":335,"column":26,"severity":"Error","message":"Avoid to use low level calls.","ruleId":"avoid-low-level-calls","fix":null,"filePath":"Benchmarks/Study_SamplesSet/64a4eb4ded65b90d989f9647eba6723b.sol"},{"line":335,"column":26,"severity":"Error","message":"Avoid to use \".call.value()()\"","ruleId":"avoid-call-value","fix":null,"filePath":"Benchmarks/Study_SamplesSet/64a4eb4ded65b90d989f9647eba6723b.sol"},{"line":347,"column":9,"severity":"Warning","message":"Error message for require is too long: 35 counted / 32 allowed","ruleId":"reason-string","fix":null,"filePath":"Benchmarks/Study_SamplesSet/64a4eb4ded65b90d989f9647eba6723b.sol"},{"line":347,"column":9,"severity":"Warning","message":"Use Custom Errors instead of require statements","ruleId":"custom-errors","fix":null,"filePath":"Benchmarks/Study_SamplesSet/64a4eb4ded65b90d989f9647eba6723b.sol"},{"line":353,"column":1,"severity":"Error","message":"Explicitly mark visibility of state","ruleId":"state-visibility","fix":null,"filePath":"Benchmarks/Study_SamplesSet/64a4eb4ded65b90d989f9647eba6723b.sol"},{"line":353,"column":1,"severity":"Warning","message":"Rule is set with explicit type [var/s: uint]","ruleId":"explicit-types","filePath":"Benchmarks/Study_SamplesSet/64a4eb4ded65b90d989f9647eba6723b.sol"},{"line":353,"column":1,"severity":"Warning","message":"Variable name must be in mixedCase","ruleId":"var-name-mixedcase","fix":null,"filePath":"Benchmarks/Study_SamplesSet/64a4eb4ded65b90d989f9647eba6723b.sol"},{"line":354,"column":1,"severity":"Warning","message":"Function name must be in mixedCase","ruleId":"func-name-mixedcase","fix":null,"filePath":"Benchmarks/Study_SamplesSet/64a4eb4ded65b90d989f9647eba6723b.sol"},{"line":356,"column":9,"severity":"Warning","message":"Provide an error message for require","ruleId":"reason-string","fix":null,"filePath":"Benchmarks/Study_SamplesSet/64a4eb4ded65b90d989f9647eba6723b.sol"},{"line":356,"column":9,"severity":"Warning","message":"Use Custom Errors instead of require statements","ruleId":"custom-errors","fix":null,"filePath":"Benchmarks/Study_SamplesSet/64a4eb4ded65b90d989f9647eba6723b.sol"},{"line":357,"column":9,"severity":"Warning","message":"Rule is set with explicit type [var/s: uint]","ruleId":"explicit-types","filePath":"Benchmarks/Study_SamplesSet/64a4eb4ded65b90d989f9647eba6723b.sol"},{"line":357,"column":9,"severity":"Warning","message":"Variable name must be in mixedCase","ruleId":"var-name-mixedcase","fix":null,"filePath":"Benchmarks/Study_SamplesSet/64a4eb4ded65b90d989f9647eba6723b.sol"},{"line":359,"column":9,"severity":"Error","message":"Possible reentrancy vulnerabilities. Avoid state changes after transfer.","ruleId":"reentrancy","fix":null,"filePath":"Benchmarks/Study_SamplesSet/64a4eb4ded65b90d989f9647eba6723b.sol"},{"line":369,"column":9,"severity":"Warning","message":"Error message for require is too long: 36 counted / 32 allowed","ruleId":"reason-string","fix":null,"filePath":"Benchmarks/Study_SamplesSet/64a4eb4ded65b90d989f9647eba6723b.sol"},{"line":369,"column":9,"severity":"Warning","message":"Use Custom Errors instead of require statements","ruleId":"custom-errors","fix":null,"filePath":"Benchmarks/Study_SamplesSet/64a4eb4ded65b90d989f9647eba6723b.sol"},{"line":370,"column":9,"severity":"Warning","message":"Error message for require is too long: 34 counted / 32 allowed","ruleId":"reason-string","fix":null,"filePath":"Benchmarks/Study_SamplesSet/64a4eb4ded65b90d989f9647eba6723b.sol"},{"line":370,"column":9,"severity":"Warning","message":"Use Custom Errors instead of require statements","ruleId":"custom-errors","fix":null,"filePath":"Benchmarks/Study_SamplesSet/64a4eb4ded65b90d989f9647eba6723b.sol"},{"line":375,"column":1,"severity":"Error","message":"Explicitly mark visibility of state","ruleId":"state-visibility","fix":null,"filePath":"Benchmarks/Study_SamplesSet/64a4eb4ded65b90d989f9647eba6723b.sol"},{"line":375,"column":1,"severity":"Warning","message":"Rule is set with explicit type [var/s: uint]","ruleId":"explicit-types","filePath":"Benchmarks/Study_SamplesSet/64a4eb4ded65b90d989f9647eba6723b.sol"},{"line":375,"column":1,"severity":"Warning","message":"Variable name must be in mixedCase","ruleId":"var-name-mixedcase","fix":null,"filePath":"Benchmarks/Study_SamplesSet/64a4eb4ded65b90d989f9647eba6723b.sol"},{"line":376,"column":5,"severity":"Warning","message":"Function name must be in mixedCase","ruleId":"func-name-mixedcase","fix":null,"filePath":"Benchmarks/Study_SamplesSet/64a4eb4ded65b90d989f9647eba6723b.sol"},{"line":378,"column":11,"severity":"Error","message":"Possible reentrancy vulnerabilities. Avoid state changes after transfer.","ruleId":"reentrancy","fix":null,"filePath":"Benchmarks/Study_SamplesSet/64a4eb4ded65b90d989f9647eba6723b.sol"},{"line":387,"column":59,"severity":"Warning","message":"Visibility modifier must be first in list of modifiers","ruleId":"visibility-modifier-order","fix":null,"filePath":"Benchmarks/Study_SamplesSet/64a4eb4ded65b90d989f9647eba6723b.sol"},{"line":388,"column":9,"severity":"Warning","message":"Provide an error message for require","ruleId":"reason-string","fix":null,"filePath":"Benchmarks/Study_SamplesSet/64a4eb4ded65b90d989f9647eba6723b.sol"},{"line":388,"column":9,"severity":"Warning","message":"Use Custom Errors instead of require statements","ruleId":"custom-errors","fix":null,"filePath":"Benchmarks/Study_SamplesSet/64a4eb4ded65b90d989f9647eba6723b.sol"},{"line":396,"column":1,"severity":"Error","message":"Explicitly mark visibility of state","ruleId":"state-visibility","fix":null,"filePath":"Benchmarks/Study_SamplesSet/64a4eb4ded65b90d989f9647eba6723b.sol"},{"line":396,"column":1,"severity":"Warning","message":"Variable name must be in mixedCase","ruleId":"var-name-mixedcase","fix":null,"filePath":"Benchmarks/Study_SamplesSet/64a4eb4ded65b90d989f9647eba6723b.sol"},{"line":397,"column":1,"severity":"Warning","message":"Function name must be in mixedCase","ruleId":"func-name-mixedcase","fix":null,"filePath":"Benchmarks/Study_SamplesSet/64a4eb4ded65b90d989f9647eba6723b.sol"},{"line":398,"column":9,"severity":"Warning","message":"Provide an error message for require","ruleId":"reason-string","fix":null,"filePath":"Benchmarks/Study_SamplesSet/64a4eb4ded65b90d989f9647eba6723b.sol"},{"line":398,"column":9,"severity":"Warning","message":"Use Custom Errors instead of require statements","ruleId":"custom-errors","fix":null,"filePath":"Benchmarks/Study_SamplesSet/64a4eb4ded65b90d989f9647eba6723b.sol"},{"line":400,"column":13,"severity":"Warning","message":"Provide an error message for revert","ruleId":"reason-string","fix":null,"filePath":"Benchmarks/Study_SamplesSet/64a4eb4ded65b90d989f9647eba6723b.sol"},{"line":400,"column":13,"severity":"Warning","message":"Use Custom Errors instead of revert statements","ruleId":"custom-errors","fix":null,"filePath":"Benchmarks/Study_SamplesSet/64a4eb4ded65b90d989f9647eba6723b.sol"},{"line":402,"column":9,"severity":"Error","message":"Possible reentrancy vulnerabilities. Avoid state changes after transfer.","ruleId":"reentrancy","fix":null,"filePath":"Benchmarks/Study_SamplesSet/64a4eb4ded65b90d989f9647eba6723b.sol"},{"line":411,"column":9,"severity":"Warning","message":"Provide an error message for require","ruleId":"reason-string","fix":null,"filePath":"Benchmarks/Study_SamplesSet/64a4eb4ded65b90d989f9647eba6723b.sol"},{"line":411,"column":9,"severity":"Warning","message":"Use Custom Errors instead of require statements","ruleId":"custom-errors","fix":null,"filePath":"Benchmarks/Study_SamplesSet/64a4eb4ded65b90d989f9647eba6723b.sol"},{"line":418,"column":1,"severity":"Error","message":"Explicitly mark visibility of state","ruleId":"state-visibility","fix":null,"filePath":"Benchmarks/Study_SamplesSet/64a4eb4ded65b90d989f9647eba6723b.sol"},{"line":418,"column":1,"severity":"Warning","message":"Rule is set with explicit type [var/s: uint]","ruleId":"explicit-types","filePath":"Benchmarks/Study_SamplesSet/64a4eb4ded65b90d989f9647eba6723b.sol"},{"line":418,"column":1,"severity":"Warning","message":"Variable name must be in mixedCase","ruleId":"var-name-mixedcase","fix":null,"filePath":"Benchmarks/Study_SamplesSet/64a4eb4ded65b90d989f9647eba6723b.sol"},{"line":419,"column":1,"severity":"Warning","message":"Function name must be in mixedCase","ruleId":"func-name-mixedcase","fix":null,"filePath":"Benchmarks/Study_SamplesSet/64a4eb4ded65b90d989f9647eba6723b.sol"},{"line":422,"column":25,"severity":"Error","message":"Avoid to use low level calls.","ruleId":"avoid-low-level-calls","fix":null,"filePath":"Benchmarks/Study_SamplesSet/64a4eb4ded65b90d989f9647eba6723b.sol"},{"line":422,"column":25,"severity":"Error","message":"Avoid to use \".call.value()()\"","ruleId":"avoid-call-value","fix":null,"filePath":"Benchmarks/Study_SamplesSet/64a4eb4ded65b90d989f9647eba6723b.sol"},{"line":424,"column":13,"severity":"Warning","message":"Provide an error message for revert","ruleId":"reason-string","fix":null,"filePath":"Benchmarks/Study_SamplesSet/64a4eb4ded65b90d989f9647eba6723b.sol"},{"line":424,"column":13,"severity":"Warning","message":"Use Custom Errors instead of revert statements","ruleId":"custom-errors","fix":null,"filePath":"Benchmarks/Study_SamplesSet/64a4eb4ded65b90d989f9647eba6723b.sol"},{"line":436,"column":73,"severity":"Warning","message":"Visibility modifier must be first in list of modifiers","ruleId":"visibility-modifier-order","fix":null,"filePath":"Benchmarks/Study_SamplesSet/64a4eb4ded65b90d989f9647eba6723b.sol"},{"line":437,"column":1,"severity":"Error","message":"Explicitly mark visibility of state","ruleId":"state-visibility","fix":null,"filePath":"Benchmarks/Study_SamplesSet/64a4eb4ded65b90d989f9647eba6723b.sol"},{"line":437,"column":1,"severity":"Warning","message":"Rule is set with explicit type [var/s: uint]","ruleId":"explicit-types","filePath":"Benchmarks/Study_SamplesSet/64a4eb4ded65b90d989f9647eba6723b.sol"},{"line":437,"column":1,"severity":"Warning","message":"Variable name must be in mixedCase","ruleId":"var-name-mixedcase","fix":null,"filePath":"Benchmarks/Study_SamplesSet/64a4eb4ded65b90d989f9647eba6723b.sol"},{"line":438,"column":1,"severity":"Warning","message":"Function name must be in mixedCase","ruleId":"func-name-mixedcase","fix":null,"filePath":"Benchmarks/Study_SamplesSet/64a4eb4ded65b90d989f9647eba6723b.sol"},{"line":441,"column":26,"severity":"Error","message":"Avoid to use low level calls.","ruleId":"avoid-low-level-calls","fix":null,"filePath":"Benchmarks/Study_SamplesSet/64a4eb4ded65b90d989f9647eba6723b.sol"},{"line":441,"column":26,"severity":"Error","message":"Avoid to use \".call.value()()\"","ruleId":"avoid-call-value","fix":null,"filePath":"Benchmarks/Study_SamplesSet/64a4eb4ded65b90d989f9647eba6723b.sol"},{"line":443,"column":13,"severity":"Warning","message":"Provide an error message for revert","ruleId":"reason-string","fix":null,"filePath":"Benchmarks/Study_SamplesSet/64a4eb4ded65b90d989f9647eba6723b.sol"},{"line":443,"column":13,"severity":"Warning","message":"Use Custom Errors instead of revert statements","ruleId":"custom-errors","fix":null,"filePath":"Benchmarks/Study_SamplesSet/64a4eb4ded65b90d989f9647eba6723b.sol"},{"conclusion":"229 problem/s (64 error/s, 165 warning/s)"}]
