[{"line":1,"column":1,"severity":"Warning","message":"Found more than One contract per file. 2 contracts found!","ruleId":"one-contract-per-file","fix":null,"filePath":"Benchmarks/Study_SamplesSet/65f9a69efef994274c0cc42977a85bd9.sol"},{"line":1,"column":1,"severity":"Error","message":"Compiler version ^0.4.18 does not satisfy the ^0.8.0 semver requirement","ruleId":"compiler-version","fix":null,"filePath":"Benchmarks/Study_SamplesSet/65f9a69efef994274c0cc42977a85bd9.sol"},{"line":14,"column":5,"severity":"Warning","message":"Variable name must be in mixedCase","ruleId":"var-name-mixedcase","fix":null,"filePath":"Benchmarks/Study_SamplesSet/65f9a69efef994274c0cc42977a85bd9.sol"},{"line":15,"column":5,"severity":"Warning","message":"Variable name must be in mixedCase","ruleId":"var-name-mixedcase","fix":null,"filePath":"Benchmarks/Study_SamplesSet/65f9a69efef994274c0cc42977a85bd9.sol"},{"line":18,"column":5,"severity":"Warning","message":"Variable name must be in mixedCase","ruleId":"var-name-mixedcase","fix":null,"filePath":"Benchmarks/Study_SamplesSet/65f9a69efef994274c0cc42977a85bd9.sol"},{"line":19,"column":5,"severity":"Warning","message":"Variable name must be in mixedCase","ruleId":"var-name-mixedcase","fix":null,"filePath":"Benchmarks/Study_SamplesSet/65f9a69efef994274c0cc42977a85bd9.sol"},{"line":20,"column":5,"severity":"Warning","message":"Variable name must be in mixedCase","ruleId":"var-name-mixedcase","fix":null,"filePath":"Benchmarks/Study_SamplesSet/65f9a69efef994274c0cc42977a85bd9.sol"},{"line":21,"column":5,"severity":"Warning","message":"Variable name must be in mixedCase","ruleId":"var-name-mixedcase","fix":null,"filePath":"Benchmarks/Study_SamplesSet/65f9a69efef994274c0cc42977a85bd9.sol"},{"line":24,"column":3,"severity":"Error","message":"Explicitly mark visibility of state","ruleId":"state-visibility","fix":null,"filePath":"Benchmarks/Study_SamplesSet/65f9a69efef994274c0cc42977a85bd9.sol"},{"line":24,"column":3,"severity":"Warning","message":"Variable name must be in mixedCase","ruleId":"var-name-mixedcase","fix":null,"filePath":"Benchmarks/Study_SamplesSet/65f9a69efef994274c0cc42977a85bd9.sol"},{"line":27,"column":24,"severity":"Warning","message":"Provide an error message for require","ruleId":"reason-string","fix":null,"filePath":"Benchmarks/Study_SamplesSet/65f9a69efef994274c0cc42977a85bd9.sol"},{"line":27,"column":24,"severity":"Warning","message":"Use Custom Errors instead of require statements","ruleId":"custom-errors","fix":null,"filePath":"Benchmarks/Study_SamplesSet/65f9a69efef994274c0cc42977a85bd9.sol"},{"line":31,"column":16,"severity":"Error","message":"Explicitly mark all external contracts as trusted or untrusted","ruleId":"mark-callable-contracts","filePath":"Benchmarks/Study_SamplesSet/65f9a69efef994274c0cc42977a85bd9.sol"},{"line":32,"column":16,"severity":"Error","message":"Explicitly mark all external contracts as trusted or untrusted","ruleId":"mark-callable-contracts","filePath":"Benchmarks/Study_SamplesSet/65f9a69efef994274c0cc42977a85bd9.sol"},{"line":33,"column":16,"severity":"Error","message":"Explicitly mark all external contracts as trusted or untrusted","ruleId":"mark-callable-contracts","filePath":"Benchmarks/Study_SamplesSet/65f9a69efef994274c0cc42977a85bd9.sol"},{"line":34,"column":16,"severity":"Error","message":"Explicitly mark all external contracts as trusted or untrusted","ruleId":"mark-callable-contracts","filePath":"Benchmarks/Study_SamplesSet/65f9a69efef994274c0cc42977a85bd9.sol"},{"line":44,"column":5,"severity":"Warning","message":"Variable name must be in mixedCase","ruleId":"var-name-mixedcase","fix":null,"filePath":"Benchmarks/Study_SamplesSet/65f9a69efef994274c0cc42977a85bd9.sol"},{"line":45,"column":5,"severity":"Warning","message":"Variable name must be in mixedCase","ruleId":"var-name-mixedcase","fix":null,"filePath":"Benchmarks/Study_SamplesSet/65f9a69efef994274c0cc42977a85bd9.sol"},{"line":47,"column":5,"severity":"Warning","message":"Variable name must be in mixedCase","ruleId":"var-name-mixedcase","fix":null,"filePath":"Benchmarks/Study_SamplesSet/65f9a69efef994274c0cc42977a85bd9.sol"},{"line":48,"column":5,"severity":"Warning","message":"Variable name must be in mixedCase","ruleId":"var-name-mixedcase","fix":null,"filePath":"Benchmarks/Study_SamplesSet/65f9a69efef994274c0cc42977a85bd9.sol"},{"line":49,"column":5,"severity":"Warning","message":"Variable name must be in mixedCase","ruleId":"var-name-mixedcase","fix":null,"filePath":"Benchmarks/Study_SamplesSet/65f9a69efef994274c0cc42977a85bd9.sol"},{"line":50,"column":5,"severity":"Warning","message":"Variable name must be in mixedCase","ruleId":"var-name-mixedcase","fix":null,"filePath":"Benchmarks/Study_SamplesSet/65f9a69efef994274c0cc42977a85bd9.sol"},{"line":67,"column":22,"severity":"Warning","message":"Rule is set with explicit type [var/s: uint]","ruleId":"explicit-types","filePath":"Benchmarks/Study_SamplesSet/65f9a69efef994274c0cc42977a85bd9.sol"},{"line":67,"column":54,"severity":"Warning","message":"Rule is set with explicit type [var/s: uint]","ruleId":"explicit-types","filePath":"Benchmarks/Study_SamplesSet/65f9a69efef994274c0cc42977a85bd9.sol"},{"line":68,"column":5,"severity":"Warning","message":"Rule is set with explicit type [var/s: uint]","ruleId":"explicit-types","filePath":"Benchmarks/Study_SamplesSet/65f9a69efef994274c0cc42977a85bd9.sol"},{"line":68,"column":29,"severity":"Error","message":"Do not rely on \"block.blockhash\". Miners can influence its value.","ruleId":"not-rely-on-block-hash","fix":null,"filePath":"Benchmarks/Study_SamplesSet/65f9a69efef994274c0cc42977a85bd9.sol"},{"line":68,"column":81,"severity":"Error","message":"Avoid making time-based decisions in your business logic","ruleId":"not-rely-on-time","fix":null,"filePath":"Benchmarks/Study_SamplesSet/65f9a69efef994274c0cc42977a85bd9.sol"},{"line":72,"column":5,"severity":"Warning","message":"Provide an error message for require","ruleId":"reason-string","fix":null,"filePath":"Benchmarks/Study_SamplesSet/65f9a69efef994274c0cc42977a85bd9.sol"},{"line":72,"column":5,"severity":"Warning","message":"Use Custom Errors instead of require statements","ruleId":"custom-errors","fix":null,"filePath":"Benchmarks/Study_SamplesSet/65f9a69efef994274c0cc42977a85bd9.sol"},{"line":74,"column":5,"severity":"Warning","message":"Provide an error message for require","ruleId":"reason-string","fix":null,"filePath":"Benchmarks/Study_SamplesSet/65f9a69efef994274c0cc42977a85bd9.sol"},{"line":74,"column":5,"severity":"Warning","message":"Use Custom Errors instead of require statements","ruleId":"custom-errors","fix":null,"filePath":"Benchmarks/Study_SamplesSet/65f9a69efef994274c0cc42977a85bd9.sol"},{"line":79,"column":20,"severity":"Warning","message":"Rule is set with explicit type [var/s: uint]","ruleId":"explicit-types","filePath":"Benchmarks/Study_SamplesSet/65f9a69efef994274c0cc42977a85bd9.sol"},{"line":79,"column":5,"severity":"Warning","message":"Rule is set with explicit type [var/s: uint]","ruleId":"explicit-types","filePath":"Benchmarks/Study_SamplesSet/65f9a69efef994274c0cc42977a85bd9.sol"},{"line":79,"column":35,"severity":"Error","message":"Do not rely on \"block.blockhash\". Miners can influence its value.","ruleId":"not-rely-on-block-hash","fix":null,"filePath":"Benchmarks/Study_SamplesSet/65f9a69efef994274c0cc42977a85bd9.sol"},{"line":79,"column":87,"severity":"Error","message":"Avoid making time-based decisions in your business logic","ruleId":"not-rely-on-time","fix":null,"filePath":"Benchmarks/Study_SamplesSet/65f9a69efef994274c0cc42977a85bd9.sol"},{"line":82,"column":27,"severity":"Error","message":"Explicitly mark all external contracts as trusted or untrusted","ruleId":"mark-callable-contracts","filePath":"Benchmarks/Study_SamplesSet/65f9a69efef994274c0cc42977a85bd9.sol"},{"line":82,"column":57,"severity":"Error","message":"Explicitly mark all external contracts as trusted or untrusted","ruleId":"mark-callable-contracts","filePath":"Benchmarks/Study_SamplesSet/65f9a69efef994274c0cc42977a85bd9.sol"},{"line":82,"column":80,"severity":"Error","message":"Explicitly mark all external contracts as trusted or untrusted","ruleId":"mark-callable-contracts","filePath":"Benchmarks/Study_SamplesSet/65f9a69efef994274c0cc42977a85bd9.sol"},{"line":82,"column":93,"severity":"Error","message":"Explicitly mark all external contracts as trusted or untrusted","ruleId":"mark-callable-contracts","filePath":"Benchmarks/Study_SamplesSet/65f9a69efef994274c0cc42977a85bd9.sol"},{"line":83,"column":27,"severity":"Error","message":"Explicitly mark all external contracts as trusted or untrusted","ruleId":"mark-callable-contracts","filePath":"Benchmarks/Study_SamplesSet/65f9a69efef994274c0cc42977a85bd9.sol"},{"line":83,"column":40,"severity":"Error","message":"Explicitly mark all external contracts as trusted or untrusted","ruleId":"mark-callable-contracts","filePath":"Benchmarks/Study_SamplesSet/65f9a69efef994274c0cc42977a85bd9.sol"},{"line":96,"column":27,"severity":"Error","message":"Explicitly mark all external contracts as trusted or untrusted","ruleId":"mark-callable-contracts","filePath":"Benchmarks/Study_SamplesSet/65f9a69efef994274c0cc42977a85bd9.sol"},{"line":96,"column":40,"severity":"Error","message":"Explicitly mark all external contracts as trusted or untrusted","ruleId":"mark-callable-contracts","filePath":"Benchmarks/Study_SamplesSet/65f9a69efef994274c0cc42977a85bd9.sol"},{"line":99,"column":29,"severity":"Error","message":"Explicitly mark all external contracts as trusted or untrusted","ruleId":"mark-callable-contracts","filePath":"Benchmarks/Study_SamplesSet/65f9a69efef994274c0cc42977a85bd9.sol"},{"line":99,"column":42,"severity":"Error","message":"Explicitly mark all external contracts as trusted or untrusted","ruleId":"mark-callable-contracts","filePath":"Benchmarks/Study_SamplesSet/65f9a69efef994274c0cc42977a85bd9.sol"},{"line":101,"column":29,"severity":"Error","message":"Explicitly mark all external contracts as trusted or untrusted","ruleId":"mark-callable-contracts","filePath":"Benchmarks/Study_SamplesSet/65f9a69efef994274c0cc42977a85bd9.sol"},{"line":101,"column":42,"severity":"Error","message":"Explicitly mark all external contracts as trusted or untrusted","ruleId":"mark-callable-contracts","filePath":"Benchmarks/Study_SamplesSet/65f9a69efef994274c0cc42977a85bd9.sol"},{"line":102,"column":36,"severity":"Error","message":"Explicitly mark all external contracts as trusted or untrusted","ruleId":"mark-callable-contracts","filePath":"Benchmarks/Study_SamplesSet/65f9a69efef994274c0cc42977a85bd9.sol"},{"line":102,"column":49,"severity":"Error","message":"Explicitly mark all external contracts as trusted or untrusted","ruleId":"mark-callable-contracts","filePath":"Benchmarks/Study_SamplesSet/65f9a69efef994274c0cc42977a85bd9.sol"},{"line":104,"column":19,"severity":"Error","message":"Explicitly mark all external contracts as trusted or untrusted","ruleId":"mark-callable-contracts","filePath":"Benchmarks/Study_SamplesSet/65f9a69efef994274c0cc42977a85bd9.sol"},{"line":104,"column":32,"severity":"Error","message":"Explicitly mark all external contracts as trusted or untrusted","ruleId":"mark-callable-contracts","filePath":"Benchmarks/Study_SamplesSet/65f9a69efef994274c0cc42977a85bd9.sol"},{"line":108,"column":20,"severity":"Error","message":"Explicitly mark all external contracts as trusted or untrusted","ruleId":"mark-callable-contracts","filePath":"Benchmarks/Study_SamplesSet/65f9a69efef994274c0cc42977a85bd9.sol"},{"line":108,"column":33,"severity":"Error","message":"Explicitly mark all external contracts as trusted or untrusted","ruleId":"mark-callable-contracts","filePath":"Benchmarks/Study_SamplesSet/65f9a69efef994274c0cc42977a85bd9.sol"},{"line":116,"column":19,"severity":"Error","message":"Explicitly mark all external contracts as trusted or untrusted","ruleId":"mark-callable-contracts","filePath":"Benchmarks/Study_SamplesSet/65f9a69efef994274c0cc42977a85bd9.sol"},{"conclusion":"54 problem/s (29 error/s, 25 warning/s)"}]
