[{"line":1,"column":1,"severity":"Error","message":"Compiler version ^0.4.21 does not satisfy the ^0.8.0 semver requirement","ruleId":"compiler-version","fix":null,"filePath":"Benchmarks/Study_SamplesSet/66bdef17fd9bb9e1afc0a910763d9f2e.sol"},{"line":5,"column":5,"severity":"Error","message":"Explicitly mark visibility of state","ruleId":"state-visibility","fix":null,"filePath":"Benchmarks/Study_SamplesSet/66bdef17fd9bb9e1afc0a910763d9f2e.sol"},{"line":7,"column":33,"severity":"Warning","message":"Variable \"_player\" is unused","ruleId":"no-unused-vars","fix":null,"filePath":"Benchmarks/Study_SamplesSet/66bdef17fd9bb9e1afc0a910763d9f2e.sol"},{"line":8,"column":9,"severity":"Warning","message":"Provide an error message for require","ruleId":"reason-string","fix":null,"filePath":"Benchmarks/Study_SamplesSet/66bdef17fd9bb9e1afc0a910763d9f2e.sol"},{"line":8,"column":9,"severity":"Warning","message":"Use Custom Errors instead of require statements","ruleId":"custom-errors","fix":null,"filePath":"Benchmarks/Study_SamplesSet/66bdef17fd9bb9e1afc0a910763d9f2e.sol"},{"line":16,"column":9,"severity":"Warning","message":"Provide an error message for require","ruleId":"reason-string","fix":null,"filePath":"Benchmarks/Study_SamplesSet/66bdef17fd9bb9e1afc0a910763d9f2e.sol"},{"line":16,"column":9,"severity":"Warning","message":"Use Custom Errors instead of require statements","ruleId":"custom-errors","fix":null,"filePath":"Benchmarks/Study_SamplesSet/66bdef17fd9bb9e1afc0a910763d9f2e.sol"},{"line":16,"column":42,"severity":"Error","message":"Explicitly mark all external contracts as trusted or untrusted","ruleId":"mark-callable-contracts","filePath":"Benchmarks/Study_SamplesSet/66bdef17fd9bb9e1afc0a910763d9f2e.sol"},{"line":22,"column":9,"severity":"Warning","message":"Provide an error message for require","ruleId":"reason-string","fix":null,"filePath":"Benchmarks/Study_SamplesSet/66bdef17fd9bb9e1afc0a910763d9f2e.sol"},{"line":22,"column":9,"severity":"Warning","message":"Use Custom Errors instead of require statements","ruleId":"custom-errors","fix":null,"filePath":"Benchmarks/Study_SamplesSet/66bdef17fd9bb9e1afc0a910763d9f2e.sol"},{"line":25,"column":41,"severity":"Error","message":"Explicitly mark all external contracts as trusted or untrusted","ruleId":"mark-callable-contracts","filePath":"Benchmarks/Study_SamplesSet/66bdef17fd9bb9e1afc0a910763d9f2e.sol"},{"conclusion":"11 problem/s (4 error/s, 7 warning/s)"}]
