[{"line":1,"column":1,"severity":"Warning","message":"Found more than One contract per file. 3 contracts found!","ruleId":"one-contract-per-file","fix":null,"filePath":"Benchmarks/Study_SamplesSet/6b6a8dfd8e972fc8210eb8c8350036d3.sol"},{"line":1,"column":1,"severity":"Error","message":"Compiler version ^0.4.4 does not satisfy the ^0.8.0 semver requirement","ruleId":"compiler-version","fix":null,"filePath":"Benchmarks/Study_SamplesSet/6b6a8dfd8e972fc8210eb8c8350036d3.sol"},{"line":6,"column":5,"severity":"Error","message":"Explicitly mark visibility in function","ruleId":"func-visibility","fix":null,"filePath":"Benchmarks/Study_SamplesSet/6b6a8dfd8e972fc8210eb8c8350036d3.sol"},{"line":6,"column":62,"severity":"Warning","message":"Code contains empty blocks","ruleId":"no-empty-blocks","fix":null,"filePath":"Benchmarks/Study_SamplesSet/6b6a8dfd8e972fc8210eb8c8350036d3.sol"},{"line":10,"column":5,"severity":"Error","message":"Explicitly mark visibility in function","ruleId":"func-visibility","fix":null,"filePath":"Benchmarks/Study_SamplesSet/6b6a8dfd8e972fc8210eb8c8350036d3.sol"},{"line":10,"column":75,"severity":"Warning","message":"Code contains empty blocks","ruleId":"no-empty-blocks","fix":null,"filePath":"Benchmarks/Study_SamplesSet/6b6a8dfd8e972fc8210eb8c8350036d3.sol"},{"line":16,"column":5,"severity":"Error","message":"Explicitly mark visibility in function","ruleId":"func-visibility","fix":null,"filePath":"Benchmarks/Study_SamplesSet/6b6a8dfd8e972fc8210eb8c8350036d3.sol"},{"line":16,"column":75,"severity":"Warning","message":"Code contains empty blocks","ruleId":"no-empty-blocks","fix":null,"filePath":"Benchmarks/Study_SamplesSet/6b6a8dfd8e972fc8210eb8c8350036d3.sol"},{"line":23,"column":5,"severity":"Error","message":"Explicitly mark visibility in function","ruleId":"func-visibility","fix":null,"filePath":"Benchmarks/Study_SamplesSet/6b6a8dfd8e972fc8210eb8c8350036d3.sol"},{"line":23,"column":94,"severity":"Warning","message":"Code contains empty blocks","ruleId":"no-empty-blocks","fix":null,"filePath":"Benchmarks/Study_SamplesSet/6b6a8dfd8e972fc8210eb8c8350036d3.sol"},{"line":29,"column":5,"severity":"Error","message":"Explicitly mark visibility in function","ruleId":"func-visibility","fix":null,"filePath":"Benchmarks/Study_SamplesSet/6b6a8dfd8e972fc8210eb8c8350036d3.sol"},{"line":29,"column":79,"severity":"Warning","message":"Code contains empty blocks","ruleId":"no-empty-blocks","fix":null,"filePath":"Benchmarks/Study_SamplesSet/6b6a8dfd8e972fc8210eb8c8350036d3.sol"},{"line":34,"column":5,"severity":"Error","message":"Explicitly mark visibility in function","ruleId":"func-visibility","fix":null,"filePath":"Benchmarks/Study_SamplesSet/6b6a8dfd8e972fc8210eb8c8350036d3.sol"},{"line":34,"column":95,"severity":"Warning","message":"Code contains empty blocks","ruleId":"no-empty-blocks","fix":null,"filePath":"Benchmarks/Study_SamplesSet/6b6a8dfd8e972fc8210eb8c8350036d3.sol"},{"line":45,"column":5,"severity":"Error","message":"Explicitly mark visibility in function","ruleId":"func-visibility","fix":null,"filePath":"Benchmarks/Study_SamplesSet/6b6a8dfd8e972fc8210eb8c8350036d3.sol"},{"line":53,"column":13,"severity":"Error","message":"Explicitly mark all external contracts as trusted or untrusted","ruleId":"mark-callable-contracts","filePath":"Benchmarks/Study_SamplesSet/6b6a8dfd8e972fc8210eb8c8350036d3.sol"},{"line":58,"column":5,"severity":"Error","message":"Explicitly mark visibility in function","ruleId":"func-visibility","fix":null,"filePath":"Benchmarks/Study_SamplesSet/6b6a8dfd8e972fc8210eb8c8350036d3.sol"},{"line":65,"column":13,"severity":"Error","message":"Explicitly mark all external contracts as trusted or untrusted","ruleId":"mark-callable-contracts","filePath":"Benchmarks/Study_SamplesSet/6b6a8dfd8e972fc8210eb8c8350036d3.sol"},{"line":70,"column":5,"severity":"Error","message":"Explicitly mark visibility in function","ruleId":"func-visibility","fix":null,"filePath":"Benchmarks/Study_SamplesSet/6b6a8dfd8e972fc8210eb8c8350036d3.sol"},{"line":74,"column":5,"severity":"Error","message":"Explicitly mark visibility in function","ruleId":"func-visibility","fix":null,"filePath":"Benchmarks/Study_SamplesSet/6b6a8dfd8e972fc8210eb8c8350036d3.sol"},{"line":76,"column":9,"severity":"Error","message":"Explicitly mark all external contracts as trusted or untrusted","ruleId":"mark-callable-contracts","filePath":"Benchmarks/Study_SamplesSet/6b6a8dfd8e972fc8210eb8c8350036d3.sol"},{"line":80,"column":5,"severity":"Error","message":"Explicitly mark visibility in function","ruleId":"func-visibility","fix":null,"filePath":"Benchmarks/Study_SamplesSet/6b6a8dfd8e972fc8210eb8c8350036d3.sol"},{"line":84,"column":5,"severity":"Error","message":"Explicitly mark visibility of state","ruleId":"state-visibility","fix":null,"filePath":"Benchmarks/Study_SamplesSet/6b6a8dfd8e972fc8210eb8c8350036d3.sol"},{"line":85,"column":5,"severity":"Error","message":"Explicitly mark visibility of state","ruleId":"state-visibility","fix":null,"filePath":"Benchmarks/Study_SamplesSet/6b6a8dfd8e972fc8210eb8c8350036d3.sol"},{"line":93,"column":5,"severity":"Warning","message":"Fallback should be external and payable to accept native currency","ruleId":"payable-fallback","filePath":"Benchmarks/Study_SamplesSet/6b6a8dfd8e972fc8210eb8c8350036d3.sol"},{"line":93,"column":5,"severity":"Error","message":"Explicitly mark visibility in function","ruleId":"func-visibility","fix":null,"filePath":"Benchmarks/Study_SamplesSet/6b6a8dfd8e972fc8210eb8c8350036d3.sol"},{"line":95,"column":9,"severity":"Error","message":"\"throw\" is deprecated, avoid to use it","ruleId":"avoid-throw","filePath":"Benchmarks/Study_SamplesSet/6b6a8dfd8e972fc8210eb8c8350036d3.sol"},{"line":109,"column":29,"severity":"Error","message":"Use double quotes for string literals","ruleId":"quotes","filePath":"Benchmarks/Study_SamplesSet/6b6a8dfd8e972fc8210eb8c8350036d3.sol"},{"line":117,"column":5,"severity":"Error","message":"Explicitly mark visibility in function (Set ignoreConstructors to true if using solidity >=0.7.0)","ruleId":"func-visibility","fix":null,"filePath":"Benchmarks/Study_SamplesSet/6b6a8dfd8e972fc8210eb8c8350036d3.sol"},{"line":127,"column":5,"severity":"Error","message":"Explicitly mark visibility in function","ruleId":"func-visibility","fix":null,"filePath":"Benchmarks/Study_SamplesSet/6b6a8dfd8e972fc8210eb8c8350036d3.sol"},{"line":129,"column":9,"severity":"Error","message":"Explicitly mark all external contracts as trusted or untrusted","ruleId":"mark-callable-contracts","filePath":"Benchmarks/Study_SamplesSet/6b6a8dfd8e972fc8210eb8c8350036d3.sol"},{"line":134,"column":13,"severity":"Error","message":"Avoid to use low level calls.","ruleId":"avoid-low-level-calls","fix":null,"filePath":"Benchmarks/Study_SamplesSet/6b6a8dfd8e972fc8210eb8c8350036d3.sol"},{"line":134,"column":42,"severity":"Error","message":"Use \"keccak256\" instead of deprecated \"sha3\"","ruleId":"avoid-sha3","filePath":"Benchmarks/Study_SamplesSet/6b6a8dfd8e972fc8210eb8c8350036d3.sol"},{"line":134,"column":141,"severity":"Error","message":"\"throw\" is deprecated, avoid to use it","ruleId":"avoid-throw","filePath":"Benchmarks/Study_SamplesSet/6b6a8dfd8e972fc8210eb8c8350036d3.sol"},{"conclusion":"34 problem/s (26 error/s, 8 warning/s)"}]
