[{"line":1,"column":1,"severity":"Warning","message":"Found more than One contract per file. 4 contracts found!","ruleId":"one-contract-per-file","fix":null,"filePath":"Benchmarks/Study_SamplesSet/6c6181b8ea3ac386f2f33a3fb5d4ff88.sol"},{"line":1,"column":1,"severity":"Error","message":"Compiler version ^0.4.16 does not satisfy the ^0.8.0 semver requirement","ruleId":"compiler-version","fix":null,"filePath":"Benchmarks/Study_SamplesSet/6c6181b8ea3ac386f2f33a3fb5d4ff88.sol"},{"line":4,"column":23,"severity":"Warning","message":"Rule is set with explicit type [var/s: uint]","ruleId":"explicit-types","filePath":"Benchmarks/Study_SamplesSet/6c6181b8ea3ac386f2f33a3fb5d4ff88.sol"},{"line":5,"column":26,"severity":"Warning","message":"Rule is set with explicit type [var/s: uint]","ruleId":"explicit-types","filePath":"Benchmarks/Study_SamplesSet/6c6181b8ea3ac386f2f33a3fb5d4ff88.sol"},{"line":5,"column":43,"severity":"Warning","message":"Rule is set with explicit type [var/s: uint]","ruleId":"explicit-types","filePath":"Benchmarks/Study_SamplesSet/6c6181b8ea3ac386f2f33a3fb5d4ff88.sol"},{"line":10,"column":56,"severity":"Warning","message":"Rule is set with explicit type [var/s: uint]","ruleId":"explicit-types","filePath":"Benchmarks/Study_SamplesSet/6c6181b8ea3ac386f2f33a3fb5d4ff88.sol"},{"line":11,"column":54,"severity":"Warning","message":"Rule is set with explicit type [var/s: uint]","ruleId":"explicit-types","filePath":"Benchmarks/Study_SamplesSet/6c6181b8ea3ac386f2f33a3fb5d4ff88.sol"},{"line":11,"column":60,"severity":"Warning","message":"Rule is set with explicit type [var/s: uint]","ruleId":"explicit-types","filePath":"Benchmarks/Study_SamplesSet/6c6181b8ea3ac386f2f33a3fb5d4ff88.sol"},{"line":14,"column":49,"severity":"Warning","message":"Rule is set with explicit type [var/s: uint]","ruleId":"explicit-types","filePath":"Benchmarks/Study_SamplesSet/6c6181b8ea3ac386f2f33a3fb5d4ff88.sol"},{"line":15,"column":48,"severity":"Warning","message":"Rule is set with explicit type [var/s: uint]","ruleId":"explicit-types","filePath":"Benchmarks/Study_SamplesSet/6c6181b8ea3ac386f2f33a3fb5d4ff88.sol"},{"line":15,"column":54,"severity":"Warning","message":"Rule is set with explicit type [var/s: uint]","ruleId":"explicit-types","filePath":"Benchmarks/Study_SamplesSet/6c6181b8ea3ac386f2f33a3fb5d4ff88.sol"},{"line":15,"column":60,"severity":"Warning","message":"Rule is set with explicit type [var/s: uint]","ruleId":"explicit-types","filePath":"Benchmarks/Study_SamplesSet/6c6181b8ea3ac386f2f33a3fb5d4ff88.sol"},{"line":17,"column":48,"severity":"Warning","message":"Rule is set with explicit type [var/s: uint]","ruleId":"explicit-types","filePath":"Benchmarks/Study_SamplesSet/6c6181b8ea3ac386f2f33a3fb5d4ff88.sol"},{"line":27,"column":9,"severity":"Warning","message":"Variable name must be in mixedCase","ruleId":"var-name-mixedcase","fix":null,"filePath":"Benchmarks/Study_SamplesSet/6c6181b8ea3ac386f2f33a3fb5d4ff88.sol"},{"line":28,"column":9,"severity":"Warning","message":"Variable name must be in mixedCase","ruleId":"var-name-mixedcase","fix":null,"filePath":"Benchmarks/Study_SamplesSet/6c6181b8ea3ac386f2f33a3fb5d4ff88.sol"},{"line":29,"column":9,"severity":"Warning","message":"Rule is set with explicit type [var/s: uint]","ruleId":"explicit-types","filePath":"Benchmarks/Study_SamplesSet/6c6181b8ea3ac386f2f33a3fb5d4ff88.sol"},{"line":29,"column":9,"severity":"Warning","message":"Variable name must be in mixedCase","ruleId":"var-name-mixedcase","fix":null,"filePath":"Benchmarks/Study_SamplesSet/6c6181b8ea3ac386f2f33a3fb5d4ff88.sol"},{"line":30,"column":9,"severity":"Warning","message":"Rule is set with explicit type [var/s: uint]","ruleId":"explicit-types","filePath":"Benchmarks/Study_SamplesSet/6c6181b8ea3ac386f2f33a3fb5d4ff88.sol"},{"line":30,"column":9,"severity":"Warning","message":"Variable name must be in mixedCase","ruleId":"var-name-mixedcase","fix":null,"filePath":"Benchmarks/Study_SamplesSet/6c6181b8ea3ac386f2f33a3fb5d4ff88.sol"},{"line":31,"column":9,"severity":"Warning","message":"Rule is set with explicit type [var/s: uint]","ruleId":"explicit-types","filePath":"Benchmarks/Study_SamplesSet/6c6181b8ea3ac386f2f33a3fb5d4ff88.sol"},{"line":31,"column":9,"severity":"Warning","message":"Variable name must be in mixedCase","ruleId":"var-name-mixedcase","fix":null,"filePath":"Benchmarks/Study_SamplesSet/6c6181b8ea3ac386f2f33a3fb5d4ff88.sol"},{"line":32,"column":9,"severity":"Warning","message":"Rule is set with explicit type [var/s: uint]","ruleId":"explicit-types","filePath":"Benchmarks/Study_SamplesSet/6c6181b8ea3ac386f2f33a3fb5d4ff88.sol"},{"line":38,"column":5,"severity":"Error","message":"Explicitly mark visibility of state","ruleId":"state-visibility","fix":null,"filePath":"Benchmarks/Study_SamplesSet/6c6181b8ea3ac386f2f33a3fb5d4ff88.sol"},{"line":38,"column":5,"severity":"Warning","message":"Rule is set with explicit type [var/s: uint]","ruleId":"explicit-types","filePath":"Benchmarks/Study_SamplesSet/6c6181b8ea3ac386f2f33a3fb5d4ff88.sol"},{"line":38,"column":5,"severity":"Warning","message":"Constant name must be in capitalized SNAKE_CASE","ruleId":"const-name-snakecase","fix":null,"filePath":"Benchmarks/Study_SamplesSet/6c6181b8ea3ac386f2f33a3fb5d4ff88.sol"},{"line":39,"column":5,"severity":"Error","message":"Explicitly mark visibility of state","ruleId":"state-visibility","fix":null,"filePath":"Benchmarks/Study_SamplesSet/6c6181b8ea3ac386f2f33a3fb5d4ff88.sol"},{"line":39,"column":5,"severity":"Warning","message":"Rule is set with explicit type [var/s: uint]","ruleId":"explicit-types","filePath":"Benchmarks/Study_SamplesSet/6c6181b8ea3ac386f2f33a3fb5d4ff88.sol"},{"line":41,"column":5,"severity":"Error","message":"Explicitly mark visibility of state","ruleId":"state-visibility","fix":null,"filePath":"Benchmarks/Study_SamplesSet/6c6181b8ea3ac386f2f33a3fb5d4ff88.sol"},{"line":41,"column":5,"severity":"Warning","message":"Rule is set with explicit type [var/s: uint]","ruleId":"explicit-types","filePath":"Benchmarks/Study_SamplesSet/6c6181b8ea3ac386f2f33a3fb5d4ff88.sol"},{"line":41,"column":5,"severity":"Warning","message":"Constant name must be in capitalized SNAKE_CASE","ruleId":"const-name-snakecase","fix":null,"filePath":"Benchmarks/Study_SamplesSet/6c6181b8ea3ac386f2f33a3fb5d4ff88.sol"},{"line":42,"column":5,"severity":"Error","message":"Explicitly mark visibility of state","ruleId":"state-visibility","fix":null,"filePath":"Benchmarks/Study_SamplesSet/6c6181b8ea3ac386f2f33a3fb5d4ff88.sol"},{"line":42,"column":5,"severity":"Warning","message":"Rule is set with explicit type [var/s: uint]","ruleId":"explicit-types","filePath":"Benchmarks/Study_SamplesSet/6c6181b8ea3ac386f2f33a3fb5d4ff88.sol"},{"line":42,"column":5,"severity":"Warning","message":"Constant name must be in capitalized SNAKE_CASE","ruleId":"const-name-snakecase","fix":null,"filePath":"Benchmarks/Study_SamplesSet/6c6181b8ea3ac386f2f33a3fb5d4ff88.sol"},{"line":43,"column":5,"severity":"Error","message":"Explicitly mark visibility of state","ruleId":"state-visibility","fix":null,"filePath":"Benchmarks/Study_SamplesSet/6c6181b8ea3ac386f2f33a3fb5d4ff88.sol"},{"line":43,"column":5,"severity":"Warning","message":"Rule is set with explicit type [var/s: uint]","ruleId":"explicit-types","filePath":"Benchmarks/Study_SamplesSet/6c6181b8ea3ac386f2f33a3fb5d4ff88.sol"},{"line":43,"column":5,"severity":"Warning","message":"Constant name must be in capitalized SNAKE_CASE","ruleId":"const-name-snakecase","fix":null,"filePath":"Benchmarks/Study_SamplesSet/6c6181b8ea3ac386f2f33a3fb5d4ff88.sol"},{"line":44,"column":5,"severity":"Error","message":"Explicitly mark visibility of state","ruleId":"state-visibility","fix":null,"filePath":"Benchmarks/Study_SamplesSet/6c6181b8ea3ac386f2f33a3fb5d4ff88.sol"},{"line":44,"column":5,"severity":"Warning","message":"Rule is set with explicit type [var/s: uint]","ruleId":"explicit-types","filePath":"Benchmarks/Study_SamplesSet/6c6181b8ea3ac386f2f33a3fb5d4ff88.sol"},{"line":44,"column":5,"severity":"Warning","message":"Constant name must be in capitalized SNAKE_CASE","ruleId":"const-name-snakecase","fix":null,"filePath":"Benchmarks/Study_SamplesSet/6c6181b8ea3ac386f2f33a3fb5d4ff88.sol"},{"line":45,"column":5,"severity":"Error","message":"Explicitly mark visibility of state","ruleId":"state-visibility","fix":null,"filePath":"Benchmarks/Study_SamplesSet/6c6181b8ea3ac386f2f33a3fb5d4ff88.sol"},{"line":45,"column":5,"severity":"Warning","message":"Rule is set with explicit type [var/s: uint]","ruleId":"explicit-types","filePath":"Benchmarks/Study_SamplesSet/6c6181b8ea3ac386f2f33a3fb5d4ff88.sol"},{"line":45,"column":5,"severity":"Warning","message":"Constant name must be in capitalized SNAKE_CASE","ruleId":"const-name-snakecase","fix":null,"filePath":"Benchmarks/Study_SamplesSet/6c6181b8ea3ac386f2f33a3fb5d4ff88.sol"},{"line":46,"column":5,"severity":"Error","message":"Explicitly mark visibility of state","ruleId":"state-visibility","fix":null,"filePath":"Benchmarks/Study_SamplesSet/6c6181b8ea3ac386f2f33a3fb5d4ff88.sol"},{"line":46,"column":5,"severity":"Warning","message":"Rule is set with explicit type [var/s: uint]","ruleId":"explicit-types","filePath":"Benchmarks/Study_SamplesSet/6c6181b8ea3ac386f2f33a3fb5d4ff88.sol"},{"line":46,"column":5,"severity":"Warning","message":"Constant name must be in capitalized SNAKE_CASE","ruleId":"const-name-snakecase","fix":null,"filePath":"Benchmarks/Study_SamplesSet/6c6181b8ea3ac386f2f33a3fb5d4ff88.sol"},{"line":49,"column":17,"severity":"Warning","message":"Rule is set with explicit type [var/s: uint]","ruleId":"explicit-types","filePath":"Benchmarks/Study_SamplesSet/6c6181b8ea3ac386f2f33a3fb5d4ff88.sol"},{"line":51,"column":29,"severity":"Warning","message":"Rule is set with explicit type [var/s: uint]","ruleId":"explicit-types","filePath":"Benchmarks/Study_SamplesSet/6c6181b8ea3ac386f2f33a3fb5d4ff88.sol"},{"line":54,"column":18,"severity":"Warning","message":"Rule is set with explicit type [var/s: uint]","ruleId":"explicit-types","filePath":"Benchmarks/Study_SamplesSet/6c6181b8ea3ac386f2f33a3fb5d4ff88.sol"},{"line":56,"column":9,"severity":"Warning","message":"Rule is set with explicit type [var/s: uint]","ruleId":"explicit-types","filePath":"Benchmarks/Study_SamplesSet/6c6181b8ea3ac386f2f33a3fb5d4ff88.sol"},{"line":67,"column":28,"severity":"Warning","message":"Rule is set with explicit type [var/s: uint]","ruleId":"explicit-types","filePath":"Benchmarks/Study_SamplesSet/6c6181b8ea3ac386f2f33a3fb5d4ff88.sol"},{"line":70,"column":18,"severity":"Warning","message":"Rule is set with explicit type [var/s: uint]","ruleId":"explicit-types","filePath":"Benchmarks/Study_SamplesSet/6c6181b8ea3ac386f2f33a3fb5d4ff88.sol"},{"line":70,"column":35,"severity":"Warning","message":"Rule is set with explicit type [var/s: uint]","ruleId":"explicit-types","filePath":"Benchmarks/Study_SamplesSet/6c6181b8ea3ac386f2f33a3fb5d4ff88.sol"},{"line":74,"column":9,"severity":"Warning","message":"Rule is set with explicit type [var/s: uint]","ruleId":"explicit-types","filePath":"Benchmarks/Study_SamplesSet/6c6181b8ea3ac386f2f33a3fb5d4ff88.sol"},{"line":83,"column":30,"severity":"Warning","message":"Rule is set with explicit type [var/s: uint]","ruleId":"explicit-types","filePath":"Benchmarks/Study_SamplesSet/6c6181b8ea3ac386f2f33a3fb5d4ff88.sol"},{"line":83,"column":40,"severity":"Warning","message":"Rule is set with explicit type [var/s: uint]","ruleId":"explicit-types","filePath":"Benchmarks/Study_SamplesSet/6c6181b8ea3ac386f2f33a3fb5d4ff88.sol"},{"line":86,"column":18,"severity":"Warning","message":"Rule is set with explicit type [var/s: uint]","ruleId":"explicit-types","filePath":"Benchmarks/Study_SamplesSet/6c6181b8ea3ac386f2f33a3fb5d4ff88.sol"},{"line":90,"column":9,"severity":"Warning","message":"Rule is set with explicit type [var/s: uint]","ruleId":"explicit-types","filePath":"Benchmarks/Study_SamplesSet/6c6181b8ea3ac386f2f33a3fb5d4ff88.sol"},{"line":90,"column":9,"severity":"Warning","message":"Provide an error message for require","ruleId":"reason-string","fix":null,"filePath":"Benchmarks/Study_SamplesSet/6c6181b8ea3ac386f2f33a3fb5d4ff88.sol"},{"line":90,"column":9,"severity":"Warning","message":"Use Custom Errors instead of require statements","ruleId":"custom-errors","fix":null,"filePath":"Benchmarks/Study_SamplesSet/6c6181b8ea3ac386f2f33a3fb5d4ff88.sol"},{"line":92,"column":27,"severity":"Warning","message":"Rule is set with explicit type [var/s: uint]","ruleId":"explicit-types","filePath":"Benchmarks/Study_SamplesSet/6c6181b8ea3ac386f2f33a3fb5d4ff88.sol"},{"line":92,"column":9,"severity":"Warning","message":"Rule is set with explicit type [var/s: uint]","ruleId":"explicit-types","filePath":"Benchmarks/Study_SamplesSet/6c6181b8ea3ac386f2f33a3fb5d4ff88.sol"},{"line":93,"column":9,"severity":"Warning","message":"Rule is set with explicit type [var/s: uint]","ruleId":"explicit-types","filePath":"Benchmarks/Study_SamplesSet/6c6181b8ea3ac386f2f33a3fb5d4ff88.sol"},{"line":96,"column":13,"severity":"Warning","message":"Rule is set with explicit type [var/s: uint]","ruleId":"explicit-types","filePath":"Benchmarks/Study_SamplesSet/6c6181b8ea3ac386f2f33a3fb5d4ff88.sol"},{"line":103,"column":14,"severity":"Warning","message":"Rule is set with explicit type [var/s: uint]","ruleId":"explicit-types","filePath":"Benchmarks/Study_SamplesSet/6c6181b8ea3ac386f2f33a3fb5d4ff88.sol"},{"line":111,"column":13,"severity":"Warning","message":"Rule is set with explicit type [var/s: uint]","ruleId":"explicit-types","filePath":"Benchmarks/Study_SamplesSet/6c6181b8ea3ac386f2f33a3fb5d4ff88.sol"},{"line":114,"column":19,"severity":"Warning","message":"Rule is set with explicit type [var/s: uint]","ruleId":"explicit-types","filePath":"Benchmarks/Study_SamplesSet/6c6181b8ea3ac386f2f33a3fb5d4ff88.sol"},{"line":131,"column":42,"severity":"Warning","message":"Rule is set with explicit type [var/s: uint]","ruleId":"explicit-types","filePath":"Benchmarks/Study_SamplesSet/6c6181b8ea3ac386f2f33a3fb5d4ff88.sol"},{"line":131,"column":60,"severity":"Warning","message":"Rule is set with explicit type [var/s: uint]","ruleId":"explicit-types","filePath":"Benchmarks/Study_SamplesSet/6c6181b8ea3ac386f2f33a3fb5d4ff88.sol"},{"line":131,"column":68,"severity":"Warning","message":"Rule is set with explicit type [var/s: uint]","ruleId":"explicit-types","filePath":"Benchmarks/Study_SamplesSet/6c6181b8ea3ac386f2f33a3fb5d4ff88.sol"},{"line":131,"column":85,"severity":"Warning","message":"Rule is set with explicit type [var/s: uint]","ruleId":"explicit-types","filePath":"Benchmarks/Study_SamplesSet/6c6181b8ea3ac386f2f33a3fb5d4ff88.sol"},{"line":131,"column":107,"severity":"Warning","message":"Rule is set with explicit type [var/s: uint]","ruleId":"explicit-types","filePath":"Benchmarks/Study_SamplesSet/6c6181b8ea3ac386f2f33a3fb5d4ff88.sol"},{"line":134,"column":18,"severity":"Warning","message":"Rule is set with explicit type [var/s: uint]","ruleId":"explicit-types","filePath":"Benchmarks/Study_SamplesSet/6c6181b8ea3ac386f2f33a3fb5d4ff88.sol"},{"line":137,"column":9,"severity":"Warning","message":"Rule is set with explicit type [var/s: uint]","ruleId":"explicit-types","filePath":"Benchmarks/Study_SamplesSet/6c6181b8ea3ac386f2f33a3fb5d4ff88.sol"},{"line":138,"column":9,"severity":"Warning","message":"Rule is set with explicit type [var/s: uint]","ruleId":"explicit-types","filePath":"Benchmarks/Study_SamplesSet/6c6181b8ea3ac386f2f33a3fb5d4ff88.sol"},{"line":138,"column":9,"severity":"Warning","message":"Rule is set with explicit type [var/s: uint]","ruleId":"explicit-types","filePath":"Benchmarks/Study_SamplesSet/6c6181b8ea3ac386f2f33a3fb5d4ff88.sol"},{"line":140,"column":9,"severity":"Warning","message":"Rule is set with explicit type [var/s: uint]","ruleId":"explicit-types","filePath":"Benchmarks/Study_SamplesSet/6c6181b8ea3ac386f2f33a3fb5d4ff88.sol"},{"line":141,"column":9,"severity":"Warning","message":"Rule is set with explicit type [var/s: uint]","ruleId":"explicit-types","filePath":"Benchmarks/Study_SamplesSet/6c6181b8ea3ac386f2f33a3fb5d4ff88.sol"},{"line":143,"column":9,"severity":"Warning","message":"Rule is set with explicit type [var/s: uint]","ruleId":"explicit-types","filePath":"Benchmarks/Study_SamplesSet/6c6181b8ea3ac386f2f33a3fb5d4ff88.sol"},{"line":145,"column":15,"severity":"Warning","message":"Rule is set with explicit type [var/s: uint]","ruleId":"explicit-types","filePath":"Benchmarks/Study_SamplesSet/6c6181b8ea3ac386f2f33a3fb5d4ff88.sol"},{"line":150,"column":13,"severity":"Warning","message":"Rule is set with explicit type [var/s: uint]","ruleId":"explicit-types","filePath":"Benchmarks/Study_SamplesSet/6c6181b8ea3ac386f2f33a3fb5d4ff88.sol"},{"line":167,"column":22,"severity":"Warning","message":"Rule is set with explicit type [var/s: uint]","ruleId":"explicit-types","filePath":"Benchmarks/Study_SamplesSet/6c6181b8ea3ac386f2f33a3fb5d4ff88.sol"},{"line":170,"column":18,"severity":"Warning","message":"Rule is set with explicit type [var/s: uint]","ruleId":"explicit-types","filePath":"Benchmarks/Study_SamplesSet/6c6181b8ea3ac386f2f33a3fb5d4ff88.sol"},{"line":177,"column":28,"severity":"Warning","message":"Rule is set with explicit type [var/s: uint]","ruleId":"explicit-types","filePath":"Benchmarks/Study_SamplesSet/6c6181b8ea3ac386f2f33a3fb5d4ff88.sol"},{"line":180,"column":17,"severity":"Warning","message":"Rule is set with explicit type [var/s: uint]","ruleId":"explicit-types","filePath":"Benchmarks/Study_SamplesSet/6c6181b8ea3ac386f2f33a3fb5d4ff88.sol"},{"line":182,"column":18,"severity":"Error","message":"Explicitly mark all external contracts as trusted or untrusted","ruleId":"mark-callable-contracts","filePath":"Benchmarks/Study_SamplesSet/6c6181b8ea3ac386f2f33a3fb5d4ff88.sol"},{"line":197,"column":33,"severity":"Warning","message":"Rule is set with explicit type [var/s: uint]","ruleId":"explicit-types","filePath":"Benchmarks/Study_SamplesSet/6c6181b8ea3ac386f2f33a3fb5d4ff88.sol"},{"line":197,"column":44,"severity":"Warning","message":"Rule is set with explicit type [var/s: uint]","ruleId":"explicit-types","filePath":"Benchmarks/Study_SamplesSet/6c6181b8ea3ac386f2f33a3fb5d4ff88.sol"},{"line":199,"column":5,"severity":"Error","message":"Explicitly mark visibility of state","ruleId":"state-visibility","fix":null,"filePath":"Benchmarks/Study_SamplesSet/6c6181b8ea3ac386f2f33a3fb5d4ff88.sol"},{"line":200,"column":5,"severity":"Error","message":"Explicitly mark visibility of state","ruleId":"state-visibility","fix":null,"filePath":"Benchmarks/Study_SamplesSet/6c6181b8ea3ac386f2f33a3fb5d4ff88.sol"},{"line":201,"column":5,"severity":"Error","message":"Explicitly mark visibility of state","ruleId":"state-visibility","fix":null,"filePath":"Benchmarks/Study_SamplesSet/6c6181b8ea3ac386f2f33a3fb5d4ff88.sol"},{"line":201,"column":5,"severity":"Warning","message":"Rule is set with explicit type [var/s: uint]","ruleId":"explicit-types","filePath":"Benchmarks/Study_SamplesSet/6c6181b8ea3ac386f2f33a3fb5d4ff88.sol"},{"line":206,"column":5,"severity":"Error","message":"Explicitly mark visibility of state","ruleId":"state-visibility","fix":null,"filePath":"Benchmarks/Study_SamplesSet/6c6181b8ea3ac386f2f33a3fb5d4ff88.sol"},{"line":210,"column":9,"severity":"Warning","message":"Provide an error message for require","ruleId":"reason-string","fix":null,"filePath":"Benchmarks/Study_SamplesSet/6c6181b8ea3ac386f2f33a3fb5d4ff88.sol"},{"line":210,"column":9,"severity":"Warning","message":"Use Custom Errors instead of require statements","ruleId":"custom-errors","fix":null,"filePath":"Benchmarks/Study_SamplesSet/6c6181b8ea3ac386f2f33a3fb5d4ff88.sol"},{"line":215,"column":9,"severity":"Warning","message":"Provide an error message for require","ruleId":"reason-string","fix":null,"filePath":"Benchmarks/Study_SamplesSet/6c6181b8ea3ac386f2f33a3fb5d4ff88.sol"},{"line":215,"column":9,"severity":"Warning","message":"Use Custom Errors instead of require statements","ruleId":"custom-errors","fix":null,"filePath":"Benchmarks/Study_SamplesSet/6c6181b8ea3ac386f2f33a3fb5d4ff88.sol"},{"line":220,"column":9,"severity":"Warning","message":"Provide an error message for require","ruleId":"reason-string","fix":null,"filePath":"Benchmarks/Study_SamplesSet/6c6181b8ea3ac386f2f33a3fb5d4ff88.sol"},{"line":220,"column":9,"severity":"Warning","message":"Use Custom Errors instead of require statements","ruleId":"custom-errors","fix":null,"filePath":"Benchmarks/Study_SamplesSet/6c6181b8ea3ac386f2f33a3fb5d4ff88.sol"},{"line":225,"column":9,"severity":"Warning","message":"Provide an error message for require","ruleId":"reason-string","fix":null,"filePath":"Benchmarks/Study_SamplesSet/6c6181b8ea3ac386f2f33a3fb5d4ff88.sol"},{"line":225,"column":9,"severity":"Warning","message":"Use Custom Errors instead of require statements","ruleId":"custom-errors","fix":null,"filePath":"Benchmarks/Study_SamplesSet/6c6181b8ea3ac386f2f33a3fb5d4ff88.sol"},{"line":225,"column":26,"severity":"Error","message":"Explicitly mark all external contracts as trusted or untrusted","ruleId":"mark-callable-contracts","filePath":"Benchmarks/Study_SamplesSet/6c6181b8ea3ac386f2f33a3fb5d4ff88.sol"},{"line":230,"column":9,"severity":"Warning","message":"Provide an error message for require","ruleId":"reason-string","fix":null,"filePath":"Benchmarks/Study_SamplesSet/6c6181b8ea3ac386f2f33a3fb5d4ff88.sol"},{"line":230,"column":9,"severity":"Warning","message":"Use Custom Errors instead of require statements","ruleId":"custom-errors","fix":null,"filePath":"Benchmarks/Study_SamplesSet/6c6181b8ea3ac386f2f33a3fb5d4ff88.sol"},{"line":230,"column":26,"severity":"Error","message":"Explicitly mark all external contracts as trusted or untrusted","ruleId":"mark-callable-contracts","filePath":"Benchmarks/Study_SamplesSet/6c6181b8ea3ac386f2f33a3fb5d4ff88.sol"},{"line":235,"column":9,"severity":"Warning","message":"Provide an error message for require","ruleId":"reason-string","fix":null,"filePath":"Benchmarks/Study_SamplesSet/6c6181b8ea3ac386f2f33a3fb5d4ff88.sol"},{"line":235,"column":9,"severity":"Warning","message":"Use Custom Errors instead of require statements","ruleId":"custom-errors","fix":null,"filePath":"Benchmarks/Study_SamplesSet/6c6181b8ea3ac386f2f33a3fb5d4ff88.sol"},{"line":235,"column":26,"severity":"Error","message":"Explicitly mark all external contracts as trusted or untrusted","ruleId":"mark-callable-contracts","filePath":"Benchmarks/Study_SamplesSet/6c6181b8ea3ac386f2f33a3fb5d4ff88.sol"},{"line":264,"column":18,"severity":"Warning","message":"Rule is set with explicit type [var/s: uint]","ruleId":"explicit-types","filePath":"Benchmarks/Study_SamplesSet/6c6181b8ea3ac386f2f33a3fb5d4ff88.sol"},{"line":281,"column":30,"severity":"Warning","message":"Rule is set with explicit type [var/s: uint]","ruleId":"explicit-types","filePath":"Benchmarks/Study_SamplesSet/6c6181b8ea3ac386f2f33a3fb5d4ff88.sol"},{"line":281,"column":36,"severity":"Warning","message":"Rule is set with explicit type [var/s: uint]","ruleId":"explicit-types","filePath":"Benchmarks/Study_SamplesSet/6c6181b8ea3ac386f2f33a3fb5d4ff88.sol"},{"line":281,"column":42,"severity":"Warning","message":"Rule is set with explicit type [var/s: uint]","ruleId":"explicit-types","filePath":"Benchmarks/Study_SamplesSet/6c6181b8ea3ac386f2f33a3fb5d4ff88.sol"},{"line":281,"column":48,"severity":"Warning","message":"Rule is set with explicit type [var/s: uint]","ruleId":"explicit-types","filePath":"Benchmarks/Study_SamplesSet/6c6181b8ea3ac386f2f33a3fb5d4ff88.sol"},{"line":293,"column":43,"severity":"Warning","message":"Rule is set with explicit type [var/s: uint]","ruleId":"explicit-types","filePath":"Benchmarks/Study_SamplesSet/6c6181b8ea3ac386f2f33a3fb5d4ff88.sol"},{"line":296,"column":9,"severity":"Warning","message":"Rule is set with explicit type [var/s: uint]","ruleId":"explicit-types","filePath":"Benchmarks/Study_SamplesSet/6c6181b8ea3ac386f2f33a3fb5d4ff88.sol"},{"line":298,"column":9,"severity":"Warning","message":"Rule is set with explicit type [var/s: uint]","ruleId":"explicit-types","filePath":"Benchmarks/Study_SamplesSet/6c6181b8ea3ac386f2f33a3fb5d4ff88.sol"},{"line":300,"column":9,"severity":"Warning","message":"Rule is set with explicit type [var/s: uint]","ruleId":"explicit-types","filePath":"Benchmarks/Study_SamplesSet/6c6181b8ea3ac386f2f33a3fb5d4ff88.sol"},{"line":302,"column":14,"severity":"Warning","message":"Rule is set with explicit type [var/s: uint]","ruleId":"explicit-types","filePath":"Benchmarks/Study_SamplesSet/6c6181b8ea3ac386f2f33a3fb5d4ff88.sol"},{"line":316,"column":18,"severity":"Warning","message":"Rule is set with explicit type [var/s: uint]","ruleId":"explicit-types","filePath":"Benchmarks/Study_SamplesSet/6c6181b8ea3ac386f2f33a3fb5d4ff88.sol"},{"line":316,"column":24,"severity":"Warning","message":"Rule is set with explicit type [var/s: uint]","ruleId":"explicit-types","filePath":"Benchmarks/Study_SamplesSet/6c6181b8ea3ac386f2f33a3fb5d4ff88.sol"},{"line":326,"column":18,"severity":"Warning","message":"Rule is set with explicit type [var/s: uint]","ruleId":"explicit-types","filePath":"Benchmarks/Study_SamplesSet/6c6181b8ea3ac386f2f33a3fb5d4ff88.sol"},{"line":328,"column":9,"severity":"Warning","message":"Rule is set with explicit type [var/s: uint]","ruleId":"explicit-types","filePath":"Benchmarks/Study_SamplesSet/6c6181b8ea3ac386f2f33a3fb5d4ff88.sol"},{"line":342,"column":19,"severity":"Warning","message":"Rule is set with explicit type [var/s: uint]","ruleId":"explicit-types","filePath":"Benchmarks/Study_SamplesSet/6c6181b8ea3ac386f2f33a3fb5d4ff88.sol"},{"line":342,"column":25,"severity":"Warning","message":"Rule is set with explicit type [var/s: uint]","ruleId":"explicit-types","filePath":"Benchmarks/Study_SamplesSet/6c6181b8ea3ac386f2f33a3fb5d4ff88.sol"},{"line":342,"column":31,"severity":"Warning","message":"Rule is set with explicit type [var/s: uint]","ruleId":"explicit-types","filePath":"Benchmarks/Study_SamplesSet/6c6181b8ea3ac386f2f33a3fb5d4ff88.sol"},{"line":350,"column":17,"severity":"Warning","message":"Rule is set with explicit type [var/s: uint]","ruleId":"explicit-types","filePath":"Benchmarks/Study_SamplesSet/6c6181b8ea3ac386f2f33a3fb5d4ff88.sol"},{"line":353,"column":9,"severity":"Warning","message":"Rule is set with explicit type [var/s: uint]","ruleId":"explicit-types","filePath":"Benchmarks/Study_SamplesSet/6c6181b8ea3ac386f2f33a3fb5d4ff88.sol"},{"line":354,"column":9,"severity":"Warning","message":"Rule is set with explicit type [var/s: uint]","ruleId":"explicit-types","filePath":"Benchmarks/Study_SamplesSet/6c6181b8ea3ac386f2f33a3fb5d4ff88.sol"},{"line":357,"column":9,"severity":"Warning","message":"Rule is set with explicit type [var/s: uint]","ruleId":"explicit-types","filePath":"Benchmarks/Study_SamplesSet/6c6181b8ea3ac386f2f33a3fb5d4ff88.sol"},{"line":360,"column":14,"severity":"Warning","message":"Rule is set with explicit type [var/s: uint]","ruleId":"explicit-types","filePath":"Benchmarks/Study_SamplesSet/6c6181b8ea3ac386f2f33a3fb5d4ff88.sol"},{"line":372,"column":14,"severity":"Warning","message":"Rule is set with explicit type [var/s: uint]","ruleId":"explicit-types","filePath":"Benchmarks/Study_SamplesSet/6c6181b8ea3ac386f2f33a3fb5d4ff88.sol"},{"line":377,"column":9,"severity":"Error","message":"Possible reentrancy vulnerabilities. Avoid state changes after transfer.","ruleId":"reentrancy","fix":null,"filePath":"Benchmarks/Study_SamplesSet/6c6181b8ea3ac386f2f33a3fb5d4ff88.sol"},{"line":377,"column":17,"severity":"Error","message":"Explicitly mark all external contracts as trusted or untrusted","ruleId":"mark-callable-contracts","filePath":"Benchmarks/Study_SamplesSet/6c6181b8ea3ac386f2f33a3fb5d4ff88.sol"},{"line":383,"column":5,"severity":"Error","message":"Explicitly mark visibility of state","ruleId":"state-visibility","fix":null,"filePath":"Benchmarks/Study_SamplesSet/6c6181b8ea3ac386f2f33a3fb5d4ff88.sol"},{"line":383,"column":5,"severity":"Warning","message":"Rule is set with explicit type [var/s: uint]","ruleId":"explicit-types","filePath":"Benchmarks/Study_SamplesSet/6c6181b8ea3ac386f2f33a3fb5d4ff88.sol"},{"line":386,"column":30,"severity":"Warning","message":"Rule is set with explicit type [var/s: uint]","ruleId":"explicit-types","filePath":"Benchmarks/Study_SamplesSet/6c6181b8ea3ac386f2f33a3fb5d4ff88.sol"},{"line":389,"column":17,"severity":"Error","message":"Explicitly mark all external contracts as trusted or untrusted","ruleId":"mark-callable-contracts","filePath":"Benchmarks/Study_SamplesSet/6c6181b8ea3ac386f2f33a3fb5d4ff88.sol"},{"line":393,"column":22,"severity":"Error","message":"Explicitly mark all external contracts as trusted or untrusted","ruleId":"mark-callable-contracts","filePath":"Benchmarks/Study_SamplesSet/6c6181b8ea3ac386f2f33a3fb5d4ff88.sol"},{"line":395,"column":9,"severity":"Error","message":"Explicitly mark all external contracts as trusted or untrusted","ruleId":"mark-callable-contracts","filePath":"Benchmarks/Study_SamplesSet/6c6181b8ea3ac386f2f33a3fb5d4ff88.sol"},{"line":404,"column":9,"severity":"Warning","message":"Provide an error message for require","ruleId":"reason-string","fix":null,"filePath":"Benchmarks/Study_SamplesSet/6c6181b8ea3ac386f2f33a3fb5d4ff88.sol"},{"line":404,"column":9,"severity":"Warning","message":"Use Custom Errors instead of require statements","ruleId":"custom-errors","fix":null,"filePath":"Benchmarks/Study_SamplesSet/6c6181b8ea3ac386f2f33a3fb5d4ff88.sol"},{"line":405,"column":9,"severity":"Warning","message":"Provide an error message for require","ruleId":"reason-string","fix":null,"filePath":"Benchmarks/Study_SamplesSet/6c6181b8ea3ac386f2f33a3fb5d4ff88.sol"},{"line":405,"column":9,"severity":"Warning","message":"Use Custom Errors instead of require statements","ruleId":"custom-errors","fix":null,"filePath":"Benchmarks/Study_SamplesSet/6c6181b8ea3ac386f2f33a3fb5d4ff88.sol"},{"line":410,"column":44,"severity":"Error","message":"Avoid making time-based decisions in your business logic","ruleId":"not-rely-on-time","fix":null,"filePath":"Benchmarks/Study_SamplesSet/6c6181b8ea3ac386f2f33a3fb5d4ff88.sol"},{"line":415,"column":9,"severity":"Error","message":"Explicitly mark all external contracts as trusted or untrusted","ruleId":"mark-callable-contracts","filePath":"Benchmarks/Study_SamplesSet/6c6181b8ea3ac386f2f33a3fb5d4ff88.sol"},{"line":423,"column":9,"severity":"Warning","message":"Rule is set with explicit type [var/s: uint]","ruleId":"explicit-types","filePath":"Benchmarks/Study_SamplesSet/6c6181b8ea3ac386f2f33a3fb5d4ff88.sol"},{"line":423,"column":9,"severity":"Warning","message":"Variable name must be in mixedCase","ruleId":"var-name-mixedcase","fix":null,"filePath":"Benchmarks/Study_SamplesSet/6c6181b8ea3ac386f2f33a3fb5d4ff88.sol"},{"line":425,"column":14,"severity":"Warning","message":"Rule is set with explicit type [var/s: uint]","ruleId":"explicit-types","filePath":"Benchmarks/Study_SamplesSet/6c6181b8ea3ac386f2f33a3fb5d4ff88.sol"},{"line":427,"column":25,"severity":"Warning","message":"Rule is set with explicit type [var/s: uint]","ruleId":"explicit-types","filePath":"Benchmarks/Study_SamplesSet/6c6181b8ea3ac386f2f33a3fb5d4ff88.sol"},{"line":427,"column":13,"severity":"Warning","message":"Rule is set with explicit type [var/s: uint]","ruleId":"explicit-types","filePath":"Benchmarks/Study_SamplesSet/6c6181b8ea3ac386f2f33a3fb5d4ff88.sol"},{"line":430,"column":13,"severity":"Warning","message":"Rule is set with explicit type [var/s: uint]","ruleId":"explicit-types","filePath":"Benchmarks/Study_SamplesSet/6c6181b8ea3ac386f2f33a3fb5d4ff88.sol"},{"line":438,"column":9,"severity":"Warning","message":"Rule is set with explicit type [var/s: uint]","ruleId":"explicit-types","filePath":"Benchmarks/Study_SamplesSet/6c6181b8ea3ac386f2f33a3fb5d4ff88.sol"},{"line":440,"column":9,"severity":"Warning","message":"Rule is set with explicit type [var/s: uint]","ruleId":"explicit-types","filePath":"Benchmarks/Study_SamplesSet/6c6181b8ea3ac386f2f33a3fb5d4ff88.sol"},{"line":460,"column":17,"severity":"Error","message":"Explicitly mark all external contracts as trusted or untrusted","ruleId":"mark-callable-contracts","filePath":"Benchmarks/Study_SamplesSet/6c6181b8ea3ac386f2f33a3fb5d4ff88.sol"},{"line":462,"column":9,"severity":"Error","message":"Explicitly mark all external contracts as trusted or untrusted","ruleId":"mark-callable-contracts","filePath":"Benchmarks/Study_SamplesSet/6c6181b8ea3ac386f2f33a3fb5d4ff88.sol"},{"conclusion":"154 problem/s (27 error/s, 127 warning/s)"}]
