[{"line":1,"column":1,"severity":"Error","message":"Compiler version ^0.4.6 does not satisfy the ^0.8.0 semver requirement","ruleId":"compiler-version","fix":null,"filePath":"Benchmarks/Study_SamplesSet/70aba84981c52bbc3c9bb6dde5a2b5bb.sol"},{"line":37,"column":2,"severity":"Warning","message":"Rule is set with explicit type [var/s: uint]","ruleId":"explicit-types","filePath":"Benchmarks/Study_SamplesSet/70aba84981c52bbc3c9bb6dde5a2b5bb.sol"},{"line":38,"column":5,"severity":"Warning","message":"Rule is set with explicit type [var/s: uint]","ruleId":"explicit-types","filePath":"Benchmarks/Study_SamplesSet/70aba84981c52bbc3c9bb6dde5a2b5bb.sol"},{"line":39,"column":5,"severity":"Warning","message":"Rule is set with explicit type [var/s: uint]","ruleId":"explicit-types","filePath":"Benchmarks/Study_SamplesSet/70aba84981c52bbc3c9bb6dde5a2b5bb.sol"},{"line":44,"column":5,"severity":"Warning","message":"Rule is set with explicit type [var/s: uint]","ruleId":"explicit-types","filePath":"Benchmarks/Study_SamplesSet/70aba84981c52bbc3c9bb6dde5a2b5bb.sol"},{"line":45,"column":5,"severity":"Warning","message":"Rule is set with explicit type [var/s: uint]","ruleId":"explicit-types","filePath":"Benchmarks/Study_SamplesSet/70aba84981c52bbc3c9bb6dde5a2b5bb.sol"},{"line":46,"column":5,"severity":"Warning","message":"Rule is set with explicit type [var/s: uint]","ruleId":"explicit-types","filePath":"Benchmarks/Study_SamplesSet/70aba84981c52bbc3c9bb6dde5a2b5bb.sol"},{"line":53,"column":5,"severity":"Warning","message":"Rule is set with explicit type [var/s: uint]","ruleId":"explicit-types","filePath":"Benchmarks/Study_SamplesSet/70aba84981c52bbc3c9bb6dde5a2b5bb.sol"},{"line":53,"column":5,"severity":"Warning","message":"Variable name must be in mixedCase","ruleId":"var-name-mixedcase","fix":null,"filePath":"Benchmarks/Study_SamplesSet/70aba84981c52bbc3c9bb6dde5a2b5bb.sol"},{"line":54,"column":5,"severity":"Warning","message":"Rule is set with explicit type [var/s: uint]","ruleId":"explicit-types","filePath":"Benchmarks/Study_SamplesSet/70aba84981c52bbc3c9bb6dde5a2b5bb.sol"},{"line":56,"column":5,"severity":"Warning","message":"Rule is set with explicit type [var/s: uint]","ruleId":"explicit-types","filePath":"Benchmarks/Study_SamplesSet/70aba84981c52bbc3c9bb6dde5a2b5bb.sol"},{"line":57,"column":5,"severity":"Warning","message":"Rule is set with explicit type [var/s: uint]","ruleId":"explicit-types","filePath":"Benchmarks/Study_SamplesSet/70aba84981c52bbc3c9bb6dde5a2b5bb.sol"},{"line":58,"column":5,"severity":"Warning","message":"Rule is set with explicit type [var/s: uint]","ruleId":"explicit-types","filePath":"Benchmarks/Study_SamplesSet/70aba84981c52bbc3c9bb6dde5a2b5bb.sol"},{"line":63,"column":5,"severity":"Error","message":"Explicitly mark visibility in function (Set ignoreConstructors to true if using solidity >=0.7.0)","ruleId":"func-visibility","fix":null,"filePath":"Benchmarks/Study_SamplesSet/70aba84981c52bbc3c9bb6dde5a2b5bb.sol"},{"line":70,"column":5,"severity":"Error","message":"Explicitly mark visibility in function","ruleId":"func-visibility","fix":null,"filePath":"Benchmarks/Study_SamplesSet/70aba84981c52bbc3c9bb6dde5a2b5bb.sol"},{"line":70,"column":5,"severity":"Error","message":"Fallback function must be simple","ruleId":"no-complex-fallback","fix":null,"filePath":"Benchmarks/Study_SamplesSet/70aba84981c52bbc3c9bb6dde5a2b5bb.sol"},{"line":81,"column":13,"severity":"Error","message":"\"throw\" is deprecated, avoid to use it","ruleId":"avoid-throw","filePath":"Benchmarks/Study_SamplesSet/70aba84981c52bbc3c9bb6dde5a2b5bb.sol"},{"line":99,"column":40,"severity":"Error","message":"\"throw\" is deprecated, avoid to use it","ruleId":"avoid-throw","filePath":"Benchmarks/Study_SamplesSet/70aba84981c52bbc3c9bb6dde5a2b5bb.sol"},{"line":123,"column":9,"severity":"Warning","message":"Variable name must be in mixedCase","ruleId":"var-name-mixedcase","fix":null,"filePath":"Benchmarks/Study_SamplesSet/70aba84981c52bbc3c9bb6dde5a2b5bb.sol"},{"line":127,"column":49,"severity":"Error","message":"\"throw\" is deprecated, avoid to use it","ruleId":"avoid-throw","filePath":"Benchmarks/Study_SamplesSet/70aba84981c52bbc3c9bb6dde5a2b5bb.sol"},{"line":135,"column":11,"severity":"Warning","message":"Variable name must be in mixedCase","ruleId":"var-name-mixedcase","fix":null,"filePath":"Benchmarks/Study_SamplesSet/70aba84981c52bbc3c9bb6dde5a2b5bb.sol"},{"line":136,"column":51,"severity":"Error","message":"\"throw\" is deprecated, avoid to use it","ruleId":"avoid-throw","filePath":"Benchmarks/Study_SamplesSet/70aba84981c52bbc3c9bb6dde5a2b5bb.sol"},{"line":138,"column":11,"severity":"Warning","message":"Variable name must be in mixedCase","ruleId":"var-name-mixedcase","fix":null,"filePath":"Benchmarks/Study_SamplesSet/70aba84981c52bbc3c9bb6dde5a2b5bb.sol"},{"line":139,"column":11,"severity":"Error","message":"Possible reentrancy vulnerabilities. Avoid state changes after transfer.","ruleId":"reentrancy","fix":null,"filePath":"Benchmarks/Study_SamplesSet/70aba84981c52bbc3c9bb6dde5a2b5bb.sol"},{"line":140,"column":11,"severity":"Error","message":"Possible reentrancy vulnerabilities. Avoid state changes after transfer.","ruleId":"reentrancy","fix":null,"filePath":"Benchmarks/Study_SamplesSet/70aba84981c52bbc3c9bb6dde5a2b5bb.sol"},{"line":143,"column":11,"severity":"Error","message":"Possible reentrancy vulnerabilities. Avoid state changes after transfer.","ruleId":"reentrancy","fix":null,"filePath":"Benchmarks/Study_SamplesSet/70aba84981c52bbc3c9bb6dde5a2b5bb.sol"},{"line":144,"column":11,"severity":"Error","message":"Possible reentrancy vulnerabilities. Avoid state changes after transfer.","ruleId":"reentrancy","fix":null,"filePath":"Benchmarks/Study_SamplesSet/70aba84981c52bbc3c9bb6dde5a2b5bb.sol"},{"line":173,"column":38,"severity":"Error","message":"\"throw\" is deprecated, avoid to use it","ruleId":"avoid-throw","filePath":"Benchmarks/Study_SamplesSet/70aba84981c52bbc3c9bb6dde5a2b5bb.sol"},{"line":179,"column":37,"severity":"Error","message":"\"throw\" is deprecated, avoid to use it","ruleId":"avoid-throw","filePath":"Benchmarks/Study_SamplesSet/70aba84981c52bbc3c9bb6dde5a2b5bb.sol"},{"line":193,"column":17,"severity":"Error","message":"\"throw\" is deprecated, avoid to use it","ruleId":"avoid-throw","filePath":"Benchmarks/Study_SamplesSet/70aba84981c52bbc3c9bb6dde5a2b5bb.sol"},{"line":200,"column":35,"severity":"Error","message":"\"throw\" is deprecated, avoid to use it","ruleId":"avoid-throw","filePath":"Benchmarks/Study_SamplesSet/70aba84981c52bbc3c9bb6dde5a2b5bb.sol"},{"line":207,"column":40,"severity":"Error","message":"\"throw\" is deprecated, avoid to use it","ruleId":"avoid-throw","filePath":"Benchmarks/Study_SamplesSet/70aba84981c52bbc3c9bb6dde5a2b5bb.sol"},{"line":214,"column":46,"severity":"Error","message":"\"throw\" is deprecated, avoid to use it","ruleId":"avoid-throw","filePath":"Benchmarks/Study_SamplesSet/70aba84981c52bbc3c9bb6dde5a2b5bb.sol"},{"line":222,"column":21,"severity":"Error","message":"\"throw\" is deprecated, avoid to use it","ruleId":"avoid-throw","filePath":"Benchmarks/Study_SamplesSet/70aba84981c52bbc3c9bb6dde5a2b5bb.sol"},{"conclusion":"34 problem/s (19 error/s, 15 warning/s)"}]
