[{"line":1,"column":1,"severity":"Warning","message":"Found more than One contract per file. 4 contracts found!","ruleId":"one-contract-per-file","fix":null,"filePath":"Benchmarks/Study_SamplesSet/72cecfd60c6ed641570cf60783f6f23c.sol"},{"line":1,"column":1,"severity":"Error","message":"Compiler version ^0.4.18 does not satisfy the ^0.8.0 semver requirement","ruleId":"compiler-version","fix":null,"filePath":"Benchmarks/Study_SamplesSet/72cecfd60c6ed641570cf60783f6f23c.sol"},{"line":7,"column":18,"severity":"Warning","message":"Rule is set with explicit type [var/s: uint]","ruleId":"explicit-types","filePath":"Benchmarks/Study_SamplesSet/72cecfd60c6ed641570cf60783f6f23c.sol"},{"line":7,"column":26,"severity":"Warning","message":"Rule is set with explicit type [var/s: uint]","ruleId":"explicit-types","filePath":"Benchmarks/Study_SamplesSet/72cecfd60c6ed641570cf60783f6f23c.sol"},{"line":7,"column":51,"severity":"Warning","message":"Rule is set with explicit type [var/s: uint]","ruleId":"explicit-types","filePath":"Benchmarks/Study_SamplesSet/72cecfd60c6ed641570cf60783f6f23c.sol"},{"line":8,"column":1,"severity":"Warning","message":"Rule is set with explicit type [var/s: uint]","ruleId":"explicit-types","filePath":"Benchmarks/Study_SamplesSet/72cecfd60c6ed641570cf60783f6f23c.sol"},{"line":13,"column":18,"severity":"Warning","message":"Rule is set with explicit type [var/s: uint]","ruleId":"explicit-types","filePath":"Benchmarks/Study_SamplesSet/72cecfd60c6ed641570cf60783f6f23c.sol"},{"line":13,"column":26,"severity":"Warning","message":"Rule is set with explicit type [var/s: uint]","ruleId":"explicit-types","filePath":"Benchmarks/Study_SamplesSet/72cecfd60c6ed641570cf60783f6f23c.sol"},{"line":13,"column":51,"severity":"Warning","message":"Rule is set with explicit type [var/s: uint]","ruleId":"explicit-types","filePath":"Benchmarks/Study_SamplesSet/72cecfd60c6ed641570cf60783f6f23c.sol"},{"line":18,"column":18,"severity":"Warning","message":"Rule is set with explicit type [var/s: uint]","ruleId":"explicit-types","filePath":"Benchmarks/Study_SamplesSet/72cecfd60c6ed641570cf60783f6f23c.sol"},{"line":18,"column":26,"severity":"Warning","message":"Rule is set with explicit type [var/s: uint]","ruleId":"explicit-types","filePath":"Benchmarks/Study_SamplesSet/72cecfd60c6ed641570cf60783f6f23c.sol"},{"line":18,"column":51,"severity":"Warning","message":"Rule is set with explicit type [var/s: uint]","ruleId":"explicit-types","filePath":"Benchmarks/Study_SamplesSet/72cecfd60c6ed641570cf60783f6f23c.sol"},{"line":19,"column":1,"severity":"Warning","message":"Rule is set with explicit type [var/s: uint]","ruleId":"explicit-types","filePath":"Benchmarks/Study_SamplesSet/72cecfd60c6ed641570cf60783f6f23c.sol"},{"line":28,"column":1,"severity":"Warning","message":"Contract, Structs and Enums should be in CamelCase","ruleId":"contract-name-camelcase","filePath":"Benchmarks/Study_SamplesSet/72cecfd60c6ed641570cf60783f6f23c.sol"},{"line":36,"column":1,"severity":"Warning","message":"Provide an error message for require","ruleId":"reason-string","fix":null,"filePath":"Benchmarks/Study_SamplesSet/72cecfd60c6ed641570cf60783f6f23c.sol"},{"line":36,"column":1,"severity":"Warning","message":"Use Custom Errors instead of require statements","ruleId":"custom-errors","fix":null,"filePath":"Benchmarks/Study_SamplesSet/72cecfd60c6ed641570cf60783f6f23c.sol"},{"line":40,"column":56,"severity":"Warning","message":"Visibility modifier must be first in list of modifiers","ruleId":"visibility-modifier-order","fix":null,"filePath":"Benchmarks/Study_SamplesSet/72cecfd60c6ed641570cf60783f6f23c.sol"},{"line":45,"column":1,"severity":"Warning","message":"Contract, Structs and Enums should be in CamelCase","ruleId":"contract-name-camelcase","filePath":"Benchmarks/Study_SamplesSet/72cecfd60c6ed641570cf60783f6f23c.sol"},{"line":85,"column":48,"severity":"Warning","message":"Rule is set with explicit type [var/s: uint]","ruleId":"explicit-types","filePath":"Benchmarks/Study_SamplesSet/72cecfd60c6ed641570cf60783f6f23c.sol"},{"line":87,"column":1,"severity":"Warning","message":"Provide an error message for require","ruleId":"reason-string","fix":null,"filePath":"Benchmarks/Study_SamplesSet/72cecfd60c6ed641570cf60783f6f23c.sol"},{"line":87,"column":1,"severity":"Warning","message":"Use Custom Errors instead of require statements","ruleId":"custom-errors","fix":null,"filePath":"Benchmarks/Study_SamplesSet/72cecfd60c6ed641570cf60783f6f23c.sol"},{"line":89,"column":1,"severity":"Warning","message":"Provide an error message for require","ruleId":"reason-string","fix":null,"filePath":"Benchmarks/Study_SamplesSet/72cecfd60c6ed641570cf60783f6f23c.sol"},{"line":89,"column":1,"severity":"Warning","message":"Use Custom Errors instead of require statements","ruleId":"custom-errors","fix":null,"filePath":"Benchmarks/Study_SamplesSet/72cecfd60c6ed641570cf60783f6f23c.sol"},{"line":91,"column":1,"severity":"Warning","message":"Provide an error message for require","ruleId":"reason-string","fix":null,"filePath":"Benchmarks/Study_SamplesSet/72cecfd60c6ed641570cf60783f6f23c.sol"},{"line":91,"column":1,"severity":"Warning","message":"Use Custom Errors instead of require statements","ruleId":"custom-errors","fix":null,"filePath":"Benchmarks/Study_SamplesSet/72cecfd60c6ed641570cf60783f6f23c.sol"},{"line":93,"column":1,"severity":"Warning","message":"Rule is set with explicit type [var/s: uint]","ruleId":"explicit-types","filePath":"Benchmarks/Study_SamplesSet/72cecfd60c6ed641570cf60783f6f23c.sol"},{"line":98,"column":1,"severity":"Error","message":"Explicitly mark all external contracts as trusted or untrusted","ruleId":"mark-callable-contracts","filePath":"Benchmarks/Study_SamplesSet/72cecfd60c6ed641570cf60783f6f23c.sol"},{"line":125,"column":1,"severity":"Warning","message":"Provide an error message for require","ruleId":"reason-string","fix":null,"filePath":"Benchmarks/Study_SamplesSet/72cecfd60c6ed641570cf60783f6f23c.sol"},{"line":125,"column":1,"severity":"Warning","message":"Use Custom Errors instead of require statements","ruleId":"custom-errors","fix":null,"filePath":"Benchmarks/Study_SamplesSet/72cecfd60c6ed641570cf60783f6f23c.sol"},{"line":174,"column":1,"severity":"Warning","message":"Provide an error message for require","ruleId":"reason-string","fix":null,"filePath":"Benchmarks/Study_SamplesSet/72cecfd60c6ed641570cf60783f6f23c.sol"},{"line":174,"column":1,"severity":"Warning","message":"Use Custom Errors instead of require statements","ruleId":"custom-errors","fix":null,"filePath":"Benchmarks/Study_SamplesSet/72cecfd60c6ed641570cf60783f6f23c.sol"},{"line":177,"column":1,"severity":"Error","message":"Explicitly mark all external contracts as trusted or untrusted","ruleId":"mark-callable-contracts","filePath":"Benchmarks/Study_SamplesSet/72cecfd60c6ed641570cf60783f6f23c.sol"},{"line":192,"column":1,"severity":"Warning","message":"Provide an error message for require","ruleId":"reason-string","fix":null,"filePath":"Benchmarks/Study_SamplesSet/72cecfd60c6ed641570cf60783f6f23c.sol"},{"line":192,"column":1,"severity":"Warning","message":"Use Custom Errors instead of require statements","ruleId":"custom-errors","fix":null,"filePath":"Benchmarks/Study_SamplesSet/72cecfd60c6ed641570cf60783f6f23c.sol"},{"line":193,"column":1,"severity":"Warning","message":"Provide an error message for require","ruleId":"reason-string","fix":null,"filePath":"Benchmarks/Study_SamplesSet/72cecfd60c6ed641570cf60783f6f23c.sol"},{"line":193,"column":1,"severity":"Warning","message":"Use Custom Errors instead of require statements","ruleId":"custom-errors","fix":null,"filePath":"Benchmarks/Study_SamplesSet/72cecfd60c6ed641570cf60783f6f23c.sol"},{"line":197,"column":1,"severity":"Error","message":"Explicitly mark all external contracts as trusted or untrusted","ruleId":"mark-callable-contracts","filePath":"Benchmarks/Study_SamplesSet/72cecfd60c6ed641570cf60783f6f23c.sol"},{"line":216,"column":55,"severity":"Warning","message":"Visibility modifier must be first in list of modifiers","ruleId":"visibility-modifier-order","fix":null,"filePath":"Benchmarks/Study_SamplesSet/72cecfd60c6ed641570cf60783f6f23c.sol"},{"line":219,"column":48,"severity":"Warning","message":"Rule is set with explicit type [var/s: uint]","ruleId":"explicit-types","filePath":"Benchmarks/Study_SamplesSet/72cecfd60c6ed641570cf60783f6f23c.sol"},{"line":220,"column":1,"severity":"Warning","message":"Provide an error message for require","ruleId":"reason-string","fix":null,"filePath":"Benchmarks/Study_SamplesSet/72cecfd60c6ed641570cf60783f6f23c.sol"},{"line":220,"column":1,"severity":"Warning","message":"Use Custom Errors instead of require statements","ruleId":"custom-errors","fix":null,"filePath":"Benchmarks/Study_SamplesSet/72cecfd60c6ed641570cf60783f6f23c.sol"},{"line":221,"column":1,"severity":"Warning","message":"Provide an error message for require","ruleId":"reason-string","fix":null,"filePath":"Benchmarks/Study_SamplesSet/72cecfd60c6ed641570cf60783f6f23c.sol"},{"line":221,"column":1,"severity":"Warning","message":"Use Custom Errors instead of require statements","ruleId":"custom-errors","fix":null,"filePath":"Benchmarks/Study_SamplesSet/72cecfd60c6ed641570cf60783f6f23c.sol"},{"line":222,"column":1,"severity":"Warning","message":"Provide an error message for require","ruleId":"reason-string","fix":null,"filePath":"Benchmarks/Study_SamplesSet/72cecfd60c6ed641570cf60783f6f23c.sol"},{"line":222,"column":1,"severity":"Warning","message":"Use Custom Errors instead of require statements","ruleId":"custom-errors","fix":null,"filePath":"Benchmarks/Study_SamplesSet/72cecfd60c6ed641570cf60783f6f23c.sol"},{"line":223,"column":1,"severity":"Warning","message":"Provide an error message for require","ruleId":"reason-string","fix":null,"filePath":"Benchmarks/Study_SamplesSet/72cecfd60c6ed641570cf60783f6f23c.sol"},{"line":223,"column":1,"severity":"Warning","message":"Use Custom Errors instead of require statements","ruleId":"custom-errors","fix":null,"filePath":"Benchmarks/Study_SamplesSet/72cecfd60c6ed641570cf60783f6f23c.sol"},{"line":224,"column":1,"severity":"Warning","message":"Provide an error message for require","ruleId":"reason-string","fix":null,"filePath":"Benchmarks/Study_SamplesSet/72cecfd60c6ed641570cf60783f6f23c.sol"},{"line":224,"column":1,"severity":"Warning","message":"Use Custom Errors instead of require statements","ruleId":"custom-errors","fix":null,"filePath":"Benchmarks/Study_SamplesSet/72cecfd60c6ed641570cf60783f6f23c.sol"},{"line":227,"column":1,"severity":"Error","message":"Explicitly mark all external contracts as trusted or untrusted","ruleId":"mark-callable-contracts","filePath":"Benchmarks/Study_SamplesSet/72cecfd60c6ed641570cf60783f6f23c.sol"},{"line":233,"column":68,"severity":"Warning","message":"Visibility modifier must be first in list of modifiers","ruleId":"visibility-modifier-order","fix":null,"filePath":"Benchmarks/Study_SamplesSet/72cecfd60c6ed641570cf60783f6f23c.sol"},{"line":236,"column":1,"severity":"Error","message":"Explicitly mark all external contracts as trusted or untrusted","ruleId":"mark-callable-contracts","filePath":"Benchmarks/Study_SamplesSet/72cecfd60c6ed641570cf60783f6f23c.sol"},{"line":237,"column":1,"severity":"Error","message":"Explicitly mark all external contracts as trusted or untrusted","ruleId":"mark-callable-contracts","filePath":"Benchmarks/Study_SamplesSet/72cecfd60c6ed641570cf60783f6f23c.sol"},{"line":243,"column":63,"severity":"Warning","message":"Visibility modifier must be first in list of modifiers","ruleId":"visibility-modifier-order","fix":null,"filePath":"Benchmarks/Study_SamplesSet/72cecfd60c6ed641570cf60783f6f23c.sol"},{"line":245,"column":1,"severity":"Error","message":"Explicitly mark all external contracts as trusted or untrusted","ruleId":"mark-callable-contracts","filePath":"Benchmarks/Study_SamplesSet/72cecfd60c6ed641570cf60783f6f23c.sol"},{"conclusion":"55 problem/s (8 error/s, 47 warning/s)"}]
