[{"line":1,"column":1,"severity":"Warning","message":"Found more than One contract per file. 5 contracts found!","ruleId":"one-contract-per-file","fix":null,"filePath":"Benchmarks/Study_SamplesSet/72f437cad231d1dfb0ec20e2a597a913.sol"},{"line":1,"column":1,"severity":"Error","message":"Compiler version ^0.4.25 does not satisfy the ^0.8.0 semver requirement","ruleId":"compiler-version","fix":null,"filePath":"Benchmarks/Study_SamplesSet/72f437cad231d1dfb0ec20e2a597a913.sol"},{"line":40,"column":49,"severity":"Warning","message":"Visibility modifier must be first in list of modifiers","ruleId":"visibility-modifier-order","fix":null,"filePath":"Benchmarks/Study_SamplesSet/72f437cad231d1dfb0ec20e2a597a913.sol"},{"line":61,"column":5,"severity":"Error","message":"Explicitly mark visibility of state","ruleId":"state-visibility","fix":null,"filePath":"Benchmarks/Study_SamplesSet/72f437cad231d1dfb0ec20e2a597a913.sol"},{"line":63,"column":5,"severity":"Error","message":"Explicitly mark visibility of state","ruleId":"state-visibility","fix":null,"filePath":"Benchmarks/Study_SamplesSet/72f437cad231d1dfb0ec20e2a597a913.sol"},{"line":64,"column":5,"severity":"Error","message":"Explicitly mark visibility of state","ruleId":"state-visibility","fix":null,"filePath":"Benchmarks/Study_SamplesSet/72f437cad231d1dfb0ec20e2a597a913.sol"},{"line":65,"column":5,"severity":"Warning","message":"Variable name must be in mixedCase","ruleId":"var-name-mixedcase","fix":null,"filePath":"Benchmarks/Study_SamplesSet/72f437cad231d1dfb0ec20e2a597a913.sol"},{"line":67,"column":5,"severity":"Warning","message":"Constant name must be in capitalized SNAKE_CASE","ruleId":"const-name-snakecase","fix":null,"filePath":"Benchmarks/Study_SamplesSet/72f437cad231d1dfb0ec20e2a597a913.sol"},{"line":68,"column":5,"severity":"Warning","message":"Constant name must be in capitalized SNAKE_CASE","ruleId":"const-name-snakecase","fix":null,"filePath":"Benchmarks/Study_SamplesSet/72f437cad231d1dfb0ec20e2a597a913.sol"},{"line":69,"column":5,"severity":"Warning","message":"Rule is set with explicit type [var/s: uint]","ruleId":"explicit-types","filePath":"Benchmarks/Study_SamplesSet/72f437cad231d1dfb0ec20e2a597a913.sol"},{"line":69,"column":5,"severity":"Warning","message":"Constant name must be in capitalized SNAKE_CASE","ruleId":"const-name-snakecase","fix":null,"filePath":"Benchmarks/Study_SamplesSet/72f437cad231d1dfb0ec20e2a597a913.sol"},{"line":70,"column":5,"severity":"Warning","message":"Rule is set with explicit type [var/s: uint]","ruleId":"explicit-types","filePath":"Benchmarks/Study_SamplesSet/72f437cad231d1dfb0ec20e2a597a913.sol"},{"line":70,"column":28,"severity":"Error","message":"Avoid making time-based decisions in your business logic","ruleId":"not-rely-on-time","fix":null,"filePath":"Benchmarks/Study_SamplesSet/72f437cad231d1dfb0ec20e2a597a913.sol"},{"line":70,"column":28,"severity":"Error","message":"Avoid making time-based decisions in your business logic","ruleId":"not-rely-on-time","fix":null,"filePath":"Benchmarks/Study_SamplesSet/72f437cad231d1dfb0ec20e2a597a913.sol"},{"line":71,"column":5,"severity":"Warning","message":"Rule is set with explicit type [var/s: uint]","ruleId":"explicit-types","filePath":"Benchmarks/Study_SamplesSet/72f437cad231d1dfb0ec20e2a597a913.sol"},{"line":71,"column":26,"severity":"Error","message":"Avoid making time-based decisions in your business logic","ruleId":"not-rely-on-time","fix":null,"filePath":"Benchmarks/Study_SamplesSet/72f437cad231d1dfb0ec20e2a597a913.sol"},{"line":71,"column":26,"severity":"Error","message":"Avoid making time-based decisions in your business logic","ruleId":"not-rely-on-time","fix":null,"filePath":"Benchmarks/Study_SamplesSet/72f437cad231d1dfb0ec20e2a597a913.sol"},{"line":72,"column":5,"severity":"Warning","message":"Rule is set with explicit type [var/s: uint]","ruleId":"explicit-types","filePath":"Benchmarks/Study_SamplesSet/72f437cad231d1dfb0ec20e2a597a913.sol"},{"line":72,"column":26,"severity":"Error","message":"Avoid making time-based decisions in your business logic","ruleId":"not-rely-on-time","fix":null,"filePath":"Benchmarks/Study_SamplesSet/72f437cad231d1dfb0ec20e2a597a913.sol"},{"line":72,"column":26,"severity":"Error","message":"Avoid making time-based decisions in your business logic","ruleId":"not-rely-on-time","fix":null,"filePath":"Benchmarks/Study_SamplesSet/72f437cad231d1dfb0ec20e2a597a913.sol"},{"line":76,"column":5,"severity":"Warning","message":"Constant name must be in capitalized SNAKE_CASE","ruleId":"const-name-snakecase","fix":null,"filePath":"Benchmarks/Study_SamplesSet/72f437cad231d1dfb0ec20e2a597a913.sol"},{"line":79,"column":5,"severity":"Warning","message":"Rule is set with explicit type [var/s: uint]","ruleId":"explicit-types","filePath":"Benchmarks/Study_SamplesSet/72f437cad231d1dfb0ec20e2a597a913.sol"},{"line":80,"column":5,"severity":"Warning","message":"Rule is set with explicit type [var/s: uint]","ruleId":"explicit-types","filePath":"Benchmarks/Study_SamplesSet/72f437cad231d1dfb0ec20e2a597a913.sol"},{"line":82,"column":5,"severity":"Error","message":"Explicitly mark visibility of state","ruleId":"state-visibility","fix":null,"filePath":"Benchmarks/Study_SamplesSet/72f437cad231d1dfb0ec20e2a597a913.sol"},{"line":91,"column":43,"severity":"Warning","message":"Rule is set with explicit type [var/s: uint]","ruleId":"explicit-types","filePath":"Benchmarks/Study_SamplesSet/72f437cad231d1dfb0ec20e2a597a913.sol"},{"line":91,"column":57,"severity":"Warning","message":"Rule is set with explicit type [var/s: uint]","ruleId":"explicit-types","filePath":"Benchmarks/Study_SamplesSet/72f437cad231d1dfb0ec20e2a597a913.sol"},{"line":93,"column":31,"severity":"Warning","message":"Rule is set with explicit type [var/s: uint]","ruleId":"explicit-types","filePath":"Benchmarks/Study_SamplesSet/72f437cad231d1dfb0ec20e2a597a913.sol"},{"line":102,"column":9,"severity":"Warning","message":"Provide an error message for require","ruleId":"reason-string","fix":null,"filePath":"Benchmarks/Study_SamplesSet/72f437cad231d1dfb0ec20e2a597a913.sol"},{"line":102,"column":9,"severity":"Warning","message":"Use Custom Errors instead of require statements","ruleId":"custom-errors","fix":null,"filePath":"Benchmarks/Study_SamplesSet/72f437cad231d1dfb0ec20e2a597a913.sol"},{"line":107,"column":9,"severity":"Warning","message":"Provide an error message for require","ruleId":"reason-string","fix":null,"filePath":"Benchmarks/Study_SamplesSet/72f437cad231d1dfb0ec20e2a597a913.sol"},{"line":107,"column":9,"severity":"Warning","message":"Use Custom Errors instead of require statements","ruleId":"custom-errors","fix":null,"filePath":"Benchmarks/Study_SamplesSet/72f437cad231d1dfb0ec20e2a597a913.sol"},{"line":117,"column":60,"severity":"Warning","message":"Visibility modifier must be first in list of modifiers","ruleId":"visibility-modifier-order","fix":null,"filePath":"Benchmarks/Study_SamplesSet/72f437cad231d1dfb0ec20e2a597a913.sol"},{"line":123,"column":54,"severity":"Warning","message":"Visibility modifier must be first in list of modifiers","ruleId":"visibility-modifier-order","fix":null,"filePath":"Benchmarks/Study_SamplesSet/72f437cad231d1dfb0ec20e2a597a913.sol"},{"line":129,"column":59,"severity":"Warning","message":"Visibility modifier must be first in list of modifiers","ruleId":"visibility-modifier-order","fix":null,"filePath":"Benchmarks/Study_SamplesSet/72f437cad231d1dfb0ec20e2a597a913.sol"},{"line":138,"column":5,"severity":"Warning","message":"Function name must be in mixedCase","ruleId":"func-name-mixedcase","fix":null,"filePath":"Benchmarks/Study_SamplesSet/72f437cad231d1dfb0ec20e2a597a913.sol"},{"line":138,"column":71,"severity":"Warning","message":"Visibility modifier must be first in list of modifiers","ruleId":"visibility-modifier-order","fix":null,"filePath":"Benchmarks/Study_SamplesSet/72f437cad231d1dfb0ec20e2a597a913.sol"},{"line":138,"column":47,"severity":"Warning","message":"Rule is set with explicit type [var/s: uint]","ruleId":"explicit-types","filePath":"Benchmarks/Study_SamplesSet/72f437cad231d1dfb0ec20e2a597a913.sol"},{"line":140,"column":9,"severity":"Warning","message":"Provide an error message for require","ruleId":"reason-string","fix":null,"filePath":"Benchmarks/Study_SamplesSet/72f437cad231d1dfb0ec20e2a597a913.sol"},{"line":140,"column":9,"severity":"Warning","message":"Use Custom Errors instead of require statements","ruleId":"custom-errors","fix":null,"filePath":"Benchmarks/Study_SamplesSet/72f437cad231d1dfb0ec20e2a597a913.sol"},{"line":141,"column":9,"severity":"Warning","message":"Provide an error message for require","ruleId":"reason-string","fix":null,"filePath":"Benchmarks/Study_SamplesSet/72f437cad231d1dfb0ec20e2a597a913.sol"},{"line":141,"column":9,"severity":"Warning","message":"Use Custom Errors instead of require statements","ruleId":"custom-errors","fix":null,"filePath":"Benchmarks/Study_SamplesSet/72f437cad231d1dfb0ec20e2a597a913.sol"},{"line":153,"column":5,"severity":"Warning","message":"Function name must be in mixedCase","ruleId":"func-name-mixedcase","fix":null,"filePath":"Benchmarks/Study_SamplesSet/72f437cad231d1dfb0ec20e2a597a913.sol"},{"line":153,"column":78,"severity":"Warning","message":"Visibility modifier must be first in list of modifiers","ruleId":"visibility-modifier-order","fix":null,"filePath":"Benchmarks/Study_SamplesSet/72f437cad231d1dfb0ec20e2a597a913.sol"},{"line":153,"column":54,"severity":"Warning","message":"Rule is set with explicit type [var/s: uint]","ruleId":"explicit-types","filePath":"Benchmarks/Study_SamplesSet/72f437cad231d1dfb0ec20e2a597a913.sol"},{"line":154,"column":9,"severity":"Error","message":"Explicitly mark all external contracts as trusted or untrusted","ruleId":"mark-callable-contracts","filePath":"Benchmarks/Study_SamplesSet/72f437cad231d1dfb0ec20e2a597a913.sol"},{"line":157,"column":5,"severity":"Warning","message":"Function name must be in mixedCase","ruleId":"func-name-mixedcase","fix":null,"filePath":"Benchmarks/Study_SamplesSet/72f437cad231d1dfb0ec20e2a597a913.sol"},{"line":157,"column":86,"severity":"Warning","message":"Visibility modifier must be first in list of modifiers","ruleId":"visibility-modifier-order","fix":null,"filePath":"Benchmarks/Study_SamplesSet/72f437cad231d1dfb0ec20e2a597a913.sol"},{"line":157,"column":62,"severity":"Warning","message":"Rule is set with explicit type [var/s: uint]","ruleId":"explicit-types","filePath":"Benchmarks/Study_SamplesSet/72f437cad231d1dfb0ec20e2a597a913.sol"},{"line":158,"column":14,"severity":"Warning","message":"Rule is set with explicit type [var/s: uint]","ruleId":"explicit-types","filePath":"Benchmarks/Study_SamplesSet/72f437cad231d1dfb0ec20e2a597a913.sol"},{"line":158,"column":54,"severity":"Error","message":"Explicitly mark all external contracts as trusted or untrusted","ruleId":"mark-callable-contracts","filePath":"Benchmarks/Study_SamplesSet/72f437cad231d1dfb0ec20e2a597a913.sol"},{"line":161,"column":33,"severity":"Warning","message":"Rule is set with explicit type [var/s: uint]","ruleId":"explicit-types","filePath":"Benchmarks/Study_SamplesSet/72f437cad231d1dfb0ec20e2a597a913.sol"},{"line":170,"column":44,"severity":"Warning","message":"Visibility modifier must be first in list of modifiers","ruleId":"visibility-modifier-order","fix":null,"filePath":"Benchmarks/Study_SamplesSet/72f437cad231d1dfb0ec20e2a597a913.sol"},{"line":181,"column":44,"severity":"Error","message":"Avoid making time-based decisions in your business logic","ruleId":"not-rely-on-time","fix":null,"filePath":"Benchmarks/Study_SamplesSet/72f437cad231d1dfb0ec20e2a597a913.sol"},{"line":181,"column":62,"severity":"Error","message":"Avoid making time-based decisions in your business logic","ruleId":"not-rely-on-time","fix":null,"filePath":"Benchmarks/Study_SamplesSet/72f437cad231d1dfb0ec20e2a597a913.sol"},{"line":181,"column":78,"severity":"Error","message":"Avoid making time-based decisions in your business logic","ruleId":"not-rely-on-time","fix":null,"filePath":"Benchmarks/Study_SamplesSet/72f437cad231d1dfb0ec20e2a597a913.sol"},{"line":189,"column":49,"severity":"Error","message":"Avoid making time-based decisions in your business logic","ruleId":"not-rely-on-time","fix":null,"filePath":"Benchmarks/Study_SamplesSet/72f437cad231d1dfb0ec20e2a597a913.sol"},{"line":189,"column":67,"severity":"Error","message":"Avoid making time-based decisions in your business logic","ruleId":"not-rely-on-time","fix":null,"filePath":"Benchmarks/Study_SamplesSet/72f437cad231d1dfb0ec20e2a597a913.sol"},{"line":189,"column":83,"severity":"Error","message":"Avoid making time-based decisions in your business logic","ruleId":"not-rely-on-time","fix":null,"filePath":"Benchmarks/Study_SamplesSet/72f437cad231d1dfb0ec20e2a597a913.sol"},{"line":205,"column":17,"severity":"Error","message":"Explicitly mark all external contracts as trusted or untrusted","ruleId":"mark-callable-contracts","filePath":"Benchmarks/Study_SamplesSet/72f437cad231d1dfb0ec20e2a597a913.sol"},{"line":208,"column":17,"severity":"Warning","message":"Provide an error message for require","ruleId":"reason-string","fix":null,"filePath":"Benchmarks/Study_SamplesSet/72f437cad231d1dfb0ec20e2a597a913.sol"},{"line":208,"column":17,"severity":"Warning","message":"Use Custom Errors instead of require statements","ruleId":"custom-errors","fix":null,"filePath":"Benchmarks/Study_SamplesSet/72f437cad231d1dfb0ec20e2a597a913.sol"},{"line":211,"column":17,"severity":"Error","message":"Avoid making time-based decisions in your business logic","ruleId":"not-rely-on-time","fix":null,"filePath":"Benchmarks/Study_SamplesSet/72f437cad231d1dfb0ec20e2a597a913.sol"},{"line":211,"column":36,"severity":"Error","message":"Avoid making time-based decisions in your business logic","ruleId":"not-rely-on-time","fix":null,"filePath":"Benchmarks/Study_SamplesSet/72f437cad231d1dfb0ec20e2a597a913.sol"},{"line":211,"column":53,"severity":"Error","message":"Avoid making time-based decisions in your business logic","ruleId":"not-rely-on-time","fix":null,"filePath":"Benchmarks/Study_SamplesSet/72f437cad231d1dfb0ec20e2a597a913.sol"},{"line":221,"column":13,"severity":"Warning","message":"Provide an error message for require","ruleId":"reason-string","fix":null,"filePath":"Benchmarks/Study_SamplesSet/72f437cad231d1dfb0ec20e2a597a913.sol"},{"line":221,"column":13,"severity":"Warning","message":"Use Custom Errors instead of require statements","ruleId":"custom-errors","fix":null,"filePath":"Benchmarks/Study_SamplesSet/72f437cad231d1dfb0ec20e2a597a913.sol"},{"line":231,"column":49,"severity":"Warning","message":"Visibility modifier must be first in list of modifiers","ruleId":"visibility-modifier-order","fix":null,"filePath":"Benchmarks/Study_SamplesSet/72f437cad231d1dfb0ec20e2a597a913.sol"},{"line":235,"column":30,"severity":"Warning","message":"Rule is set with explicit type [var/s: uint]","ruleId":"explicit-types","filePath":"Benchmarks/Study_SamplesSet/72f437cad231d1dfb0ec20e2a597a913.sol"},{"line":240,"column":77,"severity":"Warning","message":"Visibility modifier must be first in list of modifiers","ruleId":"visibility-modifier-order","fix":null,"filePath":"Benchmarks/Study_SamplesSet/72f437cad231d1dfb0ec20e2a597a913.sol"},{"line":242,"column":9,"severity":"Warning","message":"Provide an error message for require","ruleId":"reason-string","fix":null,"filePath":"Benchmarks/Study_SamplesSet/72f437cad231d1dfb0ec20e2a597a913.sol"},{"line":242,"column":9,"severity":"Warning","message":"Use Custom Errors instead of require statements","ruleId":"custom-errors","fix":null,"filePath":"Benchmarks/Study_SamplesSet/72f437cad231d1dfb0ec20e2a597a913.sol"},{"line":243,"column":9,"severity":"Warning","message":"Provide an error message for require","ruleId":"reason-string","fix":null,"filePath":"Benchmarks/Study_SamplesSet/72f437cad231d1dfb0ec20e2a597a913.sol"},{"line":243,"column":9,"severity":"Warning","message":"Use Custom Errors instead of require statements","ruleId":"custom-errors","fix":null,"filePath":"Benchmarks/Study_SamplesSet/72f437cad231d1dfb0ec20e2a597a913.sol"},{"line":251,"column":96,"severity":"Warning","message":"Visibility modifier must be first in list of modifiers","ruleId":"visibility-modifier-order","fix":null,"filePath":"Benchmarks/Study_SamplesSet/72f437cad231d1dfb0ec20e2a597a913.sol"},{"line":253,"column":9,"severity":"Warning","message":"Provide an error message for require","ruleId":"reason-string","fix":null,"filePath":"Benchmarks/Study_SamplesSet/72f437cad231d1dfb0ec20e2a597a913.sol"},{"line":253,"column":9,"severity":"Warning","message":"Use Custom Errors instead of require statements","ruleId":"custom-errors","fix":null,"filePath":"Benchmarks/Study_SamplesSet/72f437cad231d1dfb0ec20e2a597a913.sol"},{"line":254,"column":9,"severity":"Warning","message":"Provide an error message for require","ruleId":"reason-string","fix":null,"filePath":"Benchmarks/Study_SamplesSet/72f437cad231d1dfb0ec20e2a597a913.sol"},{"line":254,"column":9,"severity":"Warning","message":"Use Custom Errors instead of require statements","ruleId":"custom-errors","fix":null,"filePath":"Benchmarks/Study_SamplesSet/72f437cad231d1dfb0ec20e2a597a913.sol"},{"line":255,"column":9,"severity":"Warning","message":"Provide an error message for require","ruleId":"reason-string","fix":null,"filePath":"Benchmarks/Study_SamplesSet/72f437cad231d1dfb0ec20e2a597a913.sol"},{"line":255,"column":9,"severity":"Warning","message":"Use Custom Errors instead of require statements","ruleId":"custom-errors","fix":null,"filePath":"Benchmarks/Study_SamplesSet/72f437cad231d1dfb0ec20e2a597a913.sol"},{"line":271,"column":67,"severity":"Warning","message":"Visibility modifier must be first in list of modifiers","ruleId":"visibility-modifier-order","fix":null,"filePath":"Benchmarks/Study_SamplesSet/72f437cad231d1dfb0ec20e2a597a913.sol"},{"line":275,"column":74,"severity":"Warning","message":"Visibility modifier must be first in list of modifiers","ruleId":"visibility-modifier-order","fix":null,"filePath":"Benchmarks/Study_SamplesSet/72f437cad231d1dfb0ec20e2a597a913.sol"},{"line":275,"column":90,"severity":"Warning","message":"Rule is set with explicit type [var/s: uint]","ruleId":"explicit-types","filePath":"Benchmarks/Study_SamplesSet/72f437cad231d1dfb0ec20e2a597a913.sol"},{"line":277,"column":9,"severity":"Warning","message":"Rule is set with explicit type [var/s: uint]","ruleId":"explicit-types","filePath":"Benchmarks/Study_SamplesSet/72f437cad231d1dfb0ec20e2a597a913.sol"},{"line":281,"column":38,"severity":"Warning","message":"Visibility modifier must be first in list of modifiers","ruleId":"visibility-modifier-order","fix":null,"filePath":"Benchmarks/Study_SamplesSet/72f437cad231d1dfb0ec20e2a597a913.sol"},{"line":287,"column":52,"severity":"Warning","message":"Visibility modifier must be first in list of modifiers","ruleId":"visibility-modifier-order","fix":null,"filePath":"Benchmarks/Study_SamplesSet/72f437cad231d1dfb0ec20e2a597a913.sol"},{"line":292,"column":45,"severity":"Warning","message":"Visibility modifier must be first in list of modifiers","ruleId":"visibility-modifier-order","fix":null,"filePath":"Benchmarks/Study_SamplesSet/72f437cad231d1dfb0ec20e2a597a913.sol"},{"line":293,"column":9,"severity":"Warning","message":"Provide an error message for require","ruleId":"reason-string","fix":null,"filePath":"Benchmarks/Study_SamplesSet/72f437cad231d1dfb0ec20e2a597a913.sol"},{"line":293,"column":9,"severity":"Warning","message":"Use Custom Errors instead of require statements","ruleId":"custom-errors","fix":null,"filePath":"Benchmarks/Study_SamplesSet/72f437cad231d1dfb0ec20e2a597a913.sol"},{"line":301,"column":44,"severity":"Warning","message":"Visibility modifier must be first in list of modifiers","ruleId":"visibility-modifier-order","fix":null,"filePath":"Benchmarks/Study_SamplesSet/72f437cad231d1dfb0ec20e2a597a913.sol"},{"line":308,"column":70,"severity":"Warning","message":"Visibility modifier must be first in list of modifiers","ruleId":"visibility-modifier-order","fix":null,"filePath":"Benchmarks/Study_SamplesSet/72f437cad231d1dfb0ec20e2a597a913.sol"},{"conclusion":"91 problem/s (23 error/s, 68 warning/s)"}]
