[{"line":1,"column":1,"severity":"Error","message":"Compiler version ^0.4.9 does not satisfy the ^0.8.0 semver requirement","ruleId":"compiler-version","fix":null,"filePath":"Benchmarks/Study_SamplesSet/779b4b3a8b4898ac2530beb7be99f529.sol"},{"line":36,"column":5,"severity":"Error","message":"Explicitly mark visibility of state","ruleId":"state-visibility","fix":null,"filePath":"Benchmarks/Study_SamplesSet/779b4b3a8b4898ac2530beb7be99f529.sol"},{"line":37,"column":5,"severity":"Error","message":"Explicitly mark visibility of state","ruleId":"state-visibility","fix":null,"filePath":"Benchmarks/Study_SamplesSet/779b4b3a8b4898ac2530beb7be99f529.sol"},{"line":38,"column":5,"severity":"Error","message":"Explicitly mark visibility of state","ruleId":"state-visibility","fix":null,"filePath":"Benchmarks/Study_SamplesSet/779b4b3a8b4898ac2530beb7be99f529.sol"},{"line":41,"column":5,"severity":"Error","message":"Explicitly mark visibility of state","ruleId":"state-visibility","fix":null,"filePath":"Benchmarks/Study_SamplesSet/779b4b3a8b4898ac2530beb7be99f529.sol"},{"line":42,"column":5,"severity":"Error","message":"Explicitly mark visibility of state","ruleId":"state-visibility","fix":null,"filePath":"Benchmarks/Study_SamplesSet/779b4b3a8b4898ac2530beb7be99f529.sol"},{"line":45,"column":5,"severity":"Error","message":"Explicitly mark visibility of state","ruleId":"state-visibility","fix":null,"filePath":"Benchmarks/Study_SamplesSet/779b4b3a8b4898ac2530beb7be99f529.sol"},{"line":48,"column":5,"severity":"Error","message":"Explicitly mark visibility of state","ruleId":"state-visibility","fix":null,"filePath":"Benchmarks/Study_SamplesSet/779b4b3a8b4898ac2530beb7be99f529.sol"},{"line":57,"column":5,"severity":"Error","message":"Explicitly mark visibility in function (Set ignoreConstructors to true if using solidity >=0.7.0)","ruleId":"func-visibility","fix":null,"filePath":"Benchmarks/Study_SamplesSet/779b4b3a8b4898ac2530beb7be99f529.sol"},{"line":62,"column":5,"severity":"Error","message":"Explicitly mark visibility in function","ruleId":"func-visibility","fix":null,"filePath":"Benchmarks/Study_SamplesSet/779b4b3a8b4898ac2530beb7be99f529.sol"},{"line":62,"column":32,"severity":"Warning","message":"Rule is set with explicit type [var/s: uint]","ruleId":"explicit-types","filePath":"Benchmarks/Study_SamplesSet/779b4b3a8b4898ac2530beb7be99f529.sol"},{"line":62,"column":62,"severity":"Warning","message":"Variable name must be in mixedCase","ruleId":"var-name-mixedcase","fix":null,"filePath":"Benchmarks/Study_SamplesSet/779b4b3a8b4898ac2530beb7be99f529.sol"},{"line":62,"column":83,"severity":"Warning","message":"Variable name must be in mixedCase","ruleId":"var-name-mixedcase","fix":null,"filePath":"Benchmarks/Study_SamplesSet/779b4b3a8b4898ac2530beb7be99f529.sol"},{"line":62,"column":106,"severity":"Warning","message":"Rule is set with explicit type [var/s: uint]","ruleId":"explicit-types","filePath":"Benchmarks/Study_SamplesSet/779b4b3a8b4898ac2530beb7be99f529.sol"},{"line":62,"column":106,"severity":"Warning","message":"Variable name must be in mixedCase","ruleId":"var-name-mixedcase","fix":null,"filePath":"Benchmarks/Study_SamplesSet/779b4b3a8b4898ac2530beb7be99f529.sol"},{"line":62,"column":127,"severity":"Warning","message":"Rule is set with explicit type [var/s: uint]","ruleId":"explicit-types","filePath":"Benchmarks/Study_SamplesSet/779b4b3a8b4898ac2530beb7be99f529.sol"},{"line":62,"column":127,"severity":"Warning","message":"Variable name must be in mixedCase","ruleId":"var-name-mixedcase","fix":null,"filePath":"Benchmarks/Study_SamplesSet/779b4b3a8b4898ac2530beb7be99f529.sol"},{"line":62,"column":151,"severity":"Warning","message":"Variable name must be in mixedCase","ruleId":"var-name-mixedcase","fix":null,"filePath":"Benchmarks/Study_SamplesSet/779b4b3a8b4898ac2530beb7be99f529.sol"},{"line":62,"column":174,"severity":"Warning","message":"Variable name must be in mixedCase","ruleId":"var-name-mixedcase","fix":null,"filePath":"Benchmarks/Study_SamplesSet/779b4b3a8b4898ac2530beb7be99f529.sol"},{"line":65,"column":13,"severity":"Error","message":"\"throw\" is deprecated, avoid to use it","ruleId":"avoid-throw","filePath":"Benchmarks/Study_SamplesSet/779b4b3a8b4898ac2530beb7be99f529.sol"},{"line":73,"column":5,"severity":"Error","message":"Explicitly mark visibility in function","ruleId":"func-visibility","fix":null,"filePath":"Benchmarks/Study_SamplesSet/779b4b3a8b4898ac2530beb7be99f529.sol"},{"line":73,"column":73,"severity":"Warning","message":"Variable name must be in mixedCase","ruleId":"var-name-mixedcase","fix":null,"filePath":"Benchmarks/Study_SamplesSet/779b4b3a8b4898ac2530beb7be99f529.sol"},{"line":73,"column":96,"severity":"Warning","message":"Rule is set with explicit type [var/s: uint]","ruleId":"explicit-types","filePath":"Benchmarks/Study_SamplesSet/779b4b3a8b4898ac2530beb7be99f529.sol"},{"line":73,"column":96,"severity":"Warning","message":"Variable name must be in mixedCase","ruleId":"var-name-mixedcase","fix":null,"filePath":"Benchmarks/Study_SamplesSet/779b4b3a8b4898ac2530beb7be99f529.sol"},{"line":73,"column":117,"severity":"Warning","message":"Rule is set with explicit type [var/s: uint]","ruleId":"explicit-types","filePath":"Benchmarks/Study_SamplesSet/779b4b3a8b4898ac2530beb7be99f529.sol"},{"line":73,"column":117,"severity":"Warning","message":"Variable name must be in mixedCase","ruleId":"var-name-mixedcase","fix":null,"filePath":"Benchmarks/Study_SamplesSet/779b4b3a8b4898ac2530beb7be99f529.sol"},{"line":73,"column":141,"severity":"Warning","message":"Variable name must be in mixedCase","ruleId":"var-name-mixedcase","fix":null,"filePath":"Benchmarks/Study_SamplesSet/779b4b3a8b4898ac2530beb7be99f529.sol"},{"line":73,"column":164,"severity":"Warning","message":"Variable name must be in mixedCase","ruleId":"var-name-mixedcase","fix":null,"filePath":"Benchmarks/Study_SamplesSet/779b4b3a8b4898ac2530beb7be99f529.sol"},{"line":80,"column":5,"severity":"Error","message":"Explicitly mark visibility in function","ruleId":"func-visibility","fix":null,"filePath":"Benchmarks/Study_SamplesSet/779b4b3a8b4898ac2530beb7be99f529.sol"},{"line":80,"column":52,"severity":"Warning","message":"Rule is set with explicit type [var/s: uint]","ruleId":"explicit-types","filePath":"Benchmarks/Study_SamplesSet/779b4b3a8b4898ac2530beb7be99f529.sol"},{"line":81,"column":49,"severity":"Warning","message":"Variable name must be in mixedCase","ruleId":"var-name-mixedcase","fix":null,"filePath":"Benchmarks/Study_SamplesSet/779b4b3a8b4898ac2530beb7be99f529.sol"},{"line":81,"column":76,"severity":"Warning","message":"Variable name must be in mixedCase","ruleId":"var-name-mixedcase","fix":null,"filePath":"Benchmarks/Study_SamplesSet/779b4b3a8b4898ac2530beb7be99f529.sol"},{"line":81,"column":97,"severity":"Warning","message":"Variable name must be in mixedCase","ruleId":"var-name-mixedcase","fix":null,"filePath":"Benchmarks/Study_SamplesSet/779b4b3a8b4898ac2530beb7be99f529.sol"},{"line":81,"column":119,"severity":"Warning","message":"Variable name must be in mixedCase","ruleId":"var-name-mixedcase","fix":null,"filePath":"Benchmarks/Study_SamplesSet/779b4b3a8b4898ac2530beb7be99f529.sol"},{"line":81,"column":141,"severity":"Warning","message":"Variable name must be in mixedCase","ruleId":"var-name-mixedcase","fix":null,"filePath":"Benchmarks/Study_SamplesSet/779b4b3a8b4898ac2530beb7be99f529.sol"},{"line":91,"column":5,"severity":"Error","message":"Explicitly mark visibility in function","ruleId":"func-visibility","fix":null,"filePath":"Benchmarks/Study_SamplesSet/779b4b3a8b4898ac2530beb7be99f529.sol"},{"line":91,"column":59,"severity":"Warning","message":"Rule is set with explicit type [var/s: uint]","ruleId":"explicit-types","filePath":"Benchmarks/Study_SamplesSet/779b4b3a8b4898ac2530beb7be99f529.sol"},{"line":97,"column":5,"severity":"Error","message":"Explicitly mark visibility in function","ruleId":"func-visibility","fix":null,"filePath":"Benchmarks/Study_SamplesSet/779b4b3a8b4898ac2530beb7be99f529.sol"},{"line":97,"column":135,"severity":"Warning","message":"Rule is set with explicit type [var/s: uint]","ruleId":"explicit-types","filePath":"Benchmarks/Study_SamplesSet/779b4b3a8b4898ac2530beb7be99f529.sol"},{"line":97,"column":135,"severity":"Warning","message":"Variable name must be in mixedCase","ruleId":"var-name-mixedcase","fix":null,"filePath":"Benchmarks/Study_SamplesSet/779b4b3a8b4898ac2530beb7be99f529.sol"},{"line":100,"column":13,"severity":"Error","message":"\"throw\" is deprecated, avoid to use it","ruleId":"avoid-throw","filePath":"Benchmarks/Study_SamplesSet/779b4b3a8b4898ac2530beb7be99f529.sol"},{"line":103,"column":9,"severity":"Warning","message":"Rule is set with explicit type [var/s: uint]","ruleId":"explicit-types","filePath":"Benchmarks/Study_SamplesSet/779b4b3a8b4898ac2530beb7be99f529.sol"},{"line":116,"column":5,"severity":"Error","message":"Explicitly mark visibility in function","ruleId":"func-visibility","fix":null,"filePath":"Benchmarks/Study_SamplesSet/779b4b3a8b4898ac2530beb7be99f529.sol"},{"line":116,"column":110,"severity":"Warning","message":"Rule is set with explicit type [var/s: uint]","ruleId":"explicit-types","filePath":"Benchmarks/Study_SamplesSet/779b4b3a8b4898ac2530beb7be99f529.sol"},{"line":116,"column":110,"severity":"Warning","message":"Variable name must be in mixedCase","ruleId":"var-name-mixedcase","fix":null,"filePath":"Benchmarks/Study_SamplesSet/779b4b3a8b4898ac2530beb7be99f529.sol"},{"line":120,"column":13,"severity":"Error","message":"\"throw\" is deprecated, avoid to use it","ruleId":"avoid-throw","filePath":"Benchmarks/Study_SamplesSet/779b4b3a8b4898ac2530beb7be99f529.sol"},{"line":123,"column":9,"severity":"Warning","message":"Rule is set with explicit type [var/s: uint]","ruleId":"explicit-types","filePath":"Benchmarks/Study_SamplesSet/779b4b3a8b4898ac2530beb7be99f529.sol"},{"line":132,"column":5,"severity":"Error","message":"Explicitly mark visibility in function","ruleId":"func-visibility","fix":null,"filePath":"Benchmarks/Study_SamplesSet/779b4b3a8b4898ac2530beb7be99f529.sol"},{"line":132,"column":138,"severity":"Warning","message":"Rule is set with explicit type [var/s: uint]","ruleId":"explicit-types","filePath":"Benchmarks/Study_SamplesSet/779b4b3a8b4898ac2530beb7be99f529.sol"},{"line":132,"column":138,"severity":"Warning","message":"Variable name must be in mixedCase","ruleId":"var-name-mixedcase","fix":null,"filePath":"Benchmarks/Study_SamplesSet/779b4b3a8b4898ac2530beb7be99f529.sol"},{"line":136,"column":13,"severity":"Error","message":"\"throw\" is deprecated, avoid to use it","ruleId":"avoid-throw","filePath":"Benchmarks/Study_SamplesSet/779b4b3a8b4898ac2530beb7be99f529.sol"},{"line":139,"column":9,"severity":"Warning","message":"Rule is set with explicit type [var/s: uint]","ruleId":"explicit-types","filePath":"Benchmarks/Study_SamplesSet/779b4b3a8b4898ac2530beb7be99f529.sol"},{"line":149,"column":5,"severity":"Error","message":"Explicitly mark visibility in function","ruleId":"func-visibility","fix":null,"filePath":"Benchmarks/Study_SamplesSet/779b4b3a8b4898ac2530beb7be99f529.sol"},{"line":149,"column":107,"severity":"Warning","message":"Rule is set with explicit type [var/s: uint]","ruleId":"explicit-types","filePath":"Benchmarks/Study_SamplesSet/779b4b3a8b4898ac2530beb7be99f529.sol"},{"line":149,"column":107,"severity":"Warning","message":"Variable name must be in mixedCase","ruleId":"var-name-mixedcase","fix":null,"filePath":"Benchmarks/Study_SamplesSet/779b4b3a8b4898ac2530beb7be99f529.sol"},{"line":152,"column":13,"severity":"Error","message":"\"throw\" is deprecated, avoid to use it","ruleId":"avoid-throw","filePath":"Benchmarks/Study_SamplesSet/779b4b3a8b4898ac2530beb7be99f529.sol"},{"line":160,"column":5,"severity":"Error","message":"Explicitly mark visibility in function","ruleId":"func-visibility","fix":null,"filePath":"Benchmarks/Study_SamplesSet/779b4b3a8b4898ac2530beb7be99f529.sol"},{"line":160,"column":113,"severity":"Warning","message":"Rule is set with explicit type [var/s: uint]","ruleId":"explicit-types","filePath":"Benchmarks/Study_SamplesSet/779b4b3a8b4898ac2530beb7be99f529.sol"},{"line":160,"column":113,"severity":"Warning","message":"Variable name must be in mixedCase","ruleId":"var-name-mixedcase","fix":null,"filePath":"Benchmarks/Study_SamplesSet/779b4b3a8b4898ac2530beb7be99f529.sol"},{"line":163,"column":13,"severity":"Error","message":"\"throw\" is deprecated, avoid to use it","ruleId":"avoid-throw","filePath":"Benchmarks/Study_SamplesSet/779b4b3a8b4898ac2530beb7be99f529.sol"},{"line":178,"column":5,"severity":"Error","message":"Explicitly mark visibility in function","ruleId":"func-visibility","fix":null,"filePath":"Benchmarks/Study_SamplesSet/779b4b3a8b4898ac2530beb7be99f529.sol"},{"line":178,"column":113,"severity":"Warning","message":"Rule is set with explicit type [var/s: uint]","ruleId":"explicit-types","filePath":"Benchmarks/Study_SamplesSet/779b4b3a8b4898ac2530beb7be99f529.sol"},{"line":178,"column":113,"severity":"Warning","message":"Variable name must be in mixedCase","ruleId":"var-name-mixedcase","fix":null,"filePath":"Benchmarks/Study_SamplesSet/779b4b3a8b4898ac2530beb7be99f529.sol"},{"line":181,"column":13,"severity":"Error","message":"\"throw\" is deprecated, avoid to use it","ruleId":"avoid-throw","filePath":"Benchmarks/Study_SamplesSet/779b4b3a8b4898ac2530beb7be99f529.sol"},{"line":191,"column":5,"severity":"Error","message":"Explicitly mark visibility in function","ruleId":"func-visibility","fix":null,"filePath":"Benchmarks/Study_SamplesSet/779b4b3a8b4898ac2530beb7be99f529.sol"},{"line":196,"column":5,"severity":"Error","message":"Explicitly mark visibility in function","ruleId":"func-visibility","fix":null,"filePath":"Benchmarks/Study_SamplesSet/779b4b3a8b4898ac2530beb7be99f529.sol"},{"line":201,"column":5,"severity":"Error","message":"Explicitly mark visibility in function","ruleId":"func-visibility","fix":null,"filePath":"Benchmarks/Study_SamplesSet/779b4b3a8b4898ac2530beb7be99f529.sol"},{"line":206,"column":5,"severity":"Error","message":"Explicitly mark visibility in function","ruleId":"func-visibility","fix":null,"filePath":"Benchmarks/Study_SamplesSet/779b4b3a8b4898ac2530beb7be99f529.sol"},{"line":206,"column":59,"severity":"Warning","message":"Variable name must be in mixedCase","ruleId":"var-name-mixedcase","fix":null,"filePath":"Benchmarks/Study_SamplesSet/779b4b3a8b4898ac2530beb7be99f529.sol"},{"line":211,"column":5,"severity":"Error","message":"Explicitly mark visibility in function","ruleId":"func-visibility","fix":null,"filePath":"Benchmarks/Study_SamplesSet/779b4b3a8b4898ac2530beb7be99f529.sol"},{"line":212,"column":9,"severity":"Error","message":"Use \"selfdestruct\" instead of deprecated \"suicide\"","ruleId":"avoid-suicide","filePath":"Benchmarks/Study_SamplesSet/779b4b3a8b4898ac2530beb7be99f529.sol"},{"line":216,"column":5,"severity":"Error","message":"Explicitly mark visibility in function","ruleId":"func-visibility","fix":null,"filePath":"Benchmarks/Study_SamplesSet/779b4b3a8b4898ac2530beb7be99f529.sol"},{"line":216,"column":51,"severity":"Warning","message":"Variable name must be in mixedCase","ruleId":"var-name-mixedcase","fix":null,"filePath":"Benchmarks/Study_SamplesSet/779b4b3a8b4898ac2530beb7be99f529.sol"},{"line":221,"column":5,"severity":"Error","message":"Explicitly mark visibility in function","ruleId":"func-visibility","fix":null,"filePath":"Benchmarks/Study_SamplesSet/779b4b3a8b4898ac2530beb7be99f529.sol"},{"line":221,"column":43,"severity":"Warning","message":"Variable name must be in mixedCase","ruleId":"var-name-mixedcase","fix":null,"filePath":"Benchmarks/Study_SamplesSet/779b4b3a8b4898ac2530beb7be99f529.sol"},{"conclusion":"75 problem/s (34 error/s, 41 warning/s)"}]
