[{"line":5,"column":1,"severity":"Error","message":"Compiler version ^0.5.0 does not satisfy the ^0.8.0 semver requirement","ruleId":"compiler-version","fix":null,"filePath":"Benchmarks/Study_SamplesSet/7b48f8872cd4c0341402cd36505e1f73.sol"},{"line":9,"column":9,"severity":"Warning","message":"Rule is set with explicit type [var/s: uint]","ruleId":"explicit-types","filePath":"Benchmarks/Study_SamplesSet/7b48f8872cd4c0341402cd36505e1f73.sol"},{"line":10,"column":9,"severity":"Warning","message":"Rule is set with explicit type [var/s: uint]","ruleId":"explicit-types","filePath":"Benchmarks/Study_SamplesSet/7b48f8872cd4c0341402cd36505e1f73.sol"},{"line":16,"column":22,"severity":"Warning","message":"Rule is set with explicit type [var/s: uint]","ruleId":"explicit-types","filePath":"Benchmarks/Study_SamplesSet/7b48f8872cd4c0341402cd36505e1f73.sol"},{"line":16,"column":34,"severity":"Warning","message":"Rule is set with explicit type [var/s: uint]","ruleId":"explicit-types","filePath":"Benchmarks/Study_SamplesSet/7b48f8872cd4c0341402cd36505e1f73.sol"},{"line":17,"column":9,"severity":"Warning","message":"Use Custom Errors instead of require statements","ruleId":"custom-errors","fix":null,"filePath":"Benchmarks/Study_SamplesSet/7b48f8872cd4c0341402cd36505e1f73.sol"},{"line":17,"column":39,"severity":"Error","message":"Use double quotes for string literals","ruleId":"quotes","filePath":"Benchmarks/Study_SamplesSet/7b48f8872cd4c0341402cd36505e1f73.sol"},{"line":24,"column":9,"severity":"Warning","message":"Use Custom Errors instead of require statements","ruleId":"custom-errors","fix":null,"filePath":"Benchmarks/Study_SamplesSet/7b48f8872cd4c0341402cd36505e1f73.sol"},{"line":24,"column":47,"severity":"Error","message":"Use double quotes for string literals","ruleId":"quotes","filePath":"Benchmarks/Study_SamplesSet/7b48f8872cd4c0341402cd36505e1f73.sol"},{"line":25,"column":9,"severity":"Warning","message":"Use Custom Errors instead of require statements","ruleId":"custom-errors","fix":null,"filePath":"Benchmarks/Study_SamplesSet/7b48f8872cd4c0341402cd36505e1f73.sol"},{"line":25,"column":64,"severity":"Error","message":"Use double quotes for string literals","ruleId":"quotes","filePath":"Benchmarks/Study_SamplesSet/7b48f8872cd4c0341402cd36505e1f73.sol"},{"line":27,"column":9,"severity":"Warning","message":"Rule is set with explicit type [var/s: uint]","ruleId":"explicit-types","filePath":"Benchmarks/Study_SamplesSet/7b48f8872cd4c0341402cd36505e1f73.sol"},{"line":29,"column":28,"severity":"Error","message":"Avoid to use low level calls.","ruleId":"avoid-low-level-calls","fix":null,"filePath":"Benchmarks/Study_SamplesSet/7b48f8872cd4c0341402cd36505e1f73.sol"},{"line":29,"column":28,"severity":"Error","message":"Avoid to use \".call.value()()\"","ruleId":"avoid-call-value","fix":null,"filePath":"Benchmarks/Study_SamplesSet/7b48f8872cd4c0341402cd36505e1f73.sol"},{"line":30,"column":9,"severity":"Warning","message":"Use Custom Errors instead of require statements","ruleId":"custom-errors","fix":null,"filePath":"Benchmarks/Study_SamplesSet/7b48f8872cd4c0341402cd36505e1f73.sol"},{"line":30,"column":26,"severity":"Error","message":"Use double quotes for string literals","ruleId":"quotes","filePath":"Benchmarks/Study_SamplesSet/7b48f8872cd4c0341402cd36505e1f73.sol"},{"conclusion":"16 problem/s (7 error/s, 9 warning/s)"}]
