[{"line":1,"column":1,"severity":"Warning","message":"Found more than One contract per file. 11 contracts found!","ruleId":"one-contract-per-file","fix":null,"filePath":"Benchmarks/Study_SamplesSet/7be319d8a6c96e4f2e152755c24511dd.sol"},{"line":1,"column":1,"severity":"Error","message":"Compiler version ^0.4.11 does not satisfy the ^0.8.0 semver requirement","ruleId":"compiler-version","fix":null,"filePath":"Benchmarks/Study_SamplesSet/7be319d8a6c96e4f2e152755c24511dd.sol"},{"line":5,"column":3,"severity":"Error","message":"Explicitly mark visibility in function","ruleId":"func-visibility","fix":null,"filePath":"Benchmarks/Study_SamplesSet/7be319d8a6c96e4f2e152755c24511dd.sol"},{"line":6,"column":3,"severity":"Error","message":"Explicitly mark visibility in function","ruleId":"func-visibility","fix":null,"filePath":"Benchmarks/Study_SamplesSet/7be319d8a6c96e4f2e152755c24511dd.sol"},{"line":18,"column":3,"severity":"Error","message":"Explicitly mark visibility in function (Set ignoreConstructors to true if using solidity >=0.7.0)","ruleId":"func-visibility","fix":null,"filePath":"Benchmarks/Study_SamplesSet/7be319d8a6c96e4f2e152755c24511dd.sol"},{"line":27,"column":5,"severity":"Warning","message":"Provide an error message for require","ruleId":"reason-string","fix":null,"filePath":"Benchmarks/Study_SamplesSet/7be319d8a6c96e4f2e152755c24511dd.sol"},{"line":27,"column":5,"severity":"Warning","message":"Use Custom Errors instead of require statements","ruleId":"custom-errors","fix":null,"filePath":"Benchmarks/Study_SamplesSet/7be319d8a6c96e4f2e152755c24511dd.sol"},{"line":36,"column":3,"severity":"Error","message":"Explicitly mark visibility in function","ruleId":"func-visibility","fix":null,"filePath":"Benchmarks/Study_SamplesSet/7be319d8a6c96e4f2e152755c24511dd.sol"},{"line":55,"column":5,"severity":"Warning","message":"Provide an error message for require","ruleId":"reason-string","fix":null,"filePath":"Benchmarks/Study_SamplesSet/7be319d8a6c96e4f2e152755c24511dd.sol"},{"line":55,"column":5,"severity":"Warning","message":"Use Custom Errors instead of require statements","ruleId":"custom-errors","fix":null,"filePath":"Benchmarks/Study_SamplesSet/7be319d8a6c96e4f2e152755c24511dd.sol"},{"line":63,"column":5,"severity":"Warning","message":"Provide an error message for require","ruleId":"reason-string","fix":null,"filePath":"Benchmarks/Study_SamplesSet/7be319d8a6c96e4f2e152755c24511dd.sol"},{"line":63,"column":5,"severity":"Warning","message":"Use Custom Errors instead of require statements","ruleId":"custom-errors","fix":null,"filePath":"Benchmarks/Study_SamplesSet/7be319d8a6c96e4f2e152755c24511dd.sol"},{"line":70,"column":3,"severity":"Error","message":"Explicitly mark visibility in function","ruleId":"func-visibility","fix":null,"filePath":"Benchmarks/Study_SamplesSet/7be319d8a6c96e4f2e152755c24511dd.sol"},{"line":72,"column":5,"severity":"Error","message":"Explicitly mark all external contracts as trusted or untrusted","ruleId":"mark-callable-contracts","filePath":"Benchmarks/Study_SamplesSet/7be319d8a6c96e4f2e152755c24511dd.sol"},{"line":79,"column":3,"severity":"Error","message":"Explicitly mark visibility in function","ruleId":"func-visibility","fix":null,"filePath":"Benchmarks/Study_SamplesSet/7be319d8a6c96e4f2e152755c24511dd.sol"},{"line":81,"column":5,"severity":"Error","message":"Explicitly mark all external contracts as trusted or untrusted","ruleId":"mark-callable-contracts","filePath":"Benchmarks/Study_SamplesSet/7be319d8a6c96e4f2e152755c24511dd.sol"},{"line":87,"column":3,"severity":"Error","message":"Explicitly mark visibility in function","ruleId":"func-visibility","fix":null,"filePath":"Benchmarks/Study_SamplesSet/7be319d8a6c96e4f2e152755c24511dd.sol"},{"line":88,"column":3,"severity":"Error","message":"Explicitly mark visibility in function","ruleId":"func-visibility","fix":null,"filePath":"Benchmarks/Study_SamplesSet/7be319d8a6c96e4f2e152755c24511dd.sol"},{"line":89,"column":3,"severity":"Error","message":"Explicitly mark visibility in function","ruleId":"func-visibility","fix":null,"filePath":"Benchmarks/Study_SamplesSet/7be319d8a6c96e4f2e152755c24511dd.sol"},{"line":122,"column":3,"severity":"Error","message":"Explicitly mark visibility of state","ruleId":"state-visibility","fix":null,"filePath":"Benchmarks/Study_SamplesSet/7be319d8a6c96e4f2e152755c24511dd.sol"},{"line":129,"column":3,"severity":"Error","message":"Explicitly mark visibility in function","ruleId":"func-visibility","fix":null,"filePath":"Benchmarks/Study_SamplesSet/7be319d8a6c96e4f2e152755c24511dd.sol"},{"line":132,"column":5,"severity":"Error","message":"Explicitly mark all external contracts as trusted or untrusted","ruleId":"mark-callable-contracts","filePath":"Benchmarks/Study_SamplesSet/7be319d8a6c96e4f2e152755c24511dd.sol"},{"line":141,"column":3,"severity":"Error","message":"Explicitly mark visibility in function","ruleId":"func-visibility","fix":null,"filePath":"Benchmarks/Study_SamplesSet/7be319d8a6c96e4f2e152755c24511dd.sol"},{"line":149,"column":3,"severity":"Error","message":"Explicitly mark visibility of state","ruleId":"state-visibility","fix":null,"filePath":"Benchmarks/Study_SamplesSet/7be319d8a6c96e4f2e152755c24511dd.sol"},{"line":158,"column":3,"severity":"Error","message":"Explicitly mark visibility in function","ruleId":"func-visibility","fix":null,"filePath":"Benchmarks/Study_SamplesSet/7be319d8a6c96e4f2e152755c24511dd.sol"},{"line":167,"column":5,"severity":"Error","message":"Explicitly mark all external contracts as trusted or untrusted","ruleId":"mark-callable-contracts","filePath":"Benchmarks/Study_SamplesSet/7be319d8a6c96e4f2e152755c24511dd.sol"},{"line":176,"column":3,"severity":"Error","message":"Explicitly mark visibility in function","ruleId":"func-visibility","fix":null,"filePath":"Benchmarks/Study_SamplesSet/7be319d8a6c96e4f2e152755c24511dd.sol"},{"line":182,"column":5,"severity":"Warning","message":"Provide an error message for require","ruleId":"reason-string","fix":null,"filePath":"Benchmarks/Study_SamplesSet/7be319d8a6c96e4f2e152755c24511dd.sol"},{"line":182,"column":5,"severity":"Warning","message":"Use Custom Errors instead of require statements","ruleId":"custom-errors","fix":null,"filePath":"Benchmarks/Study_SamplesSet/7be319d8a6c96e4f2e152755c24511dd.sol"},{"line":185,"column":5,"severity":"Error","message":"Explicitly mark all external contracts as trusted or untrusted","ruleId":"mark-callable-contracts","filePath":"Benchmarks/Study_SamplesSet/7be319d8a6c96e4f2e152755c24511dd.sol"},{"line":195,"column":3,"severity":"Error","message":"Explicitly mark visibility in function","ruleId":"func-visibility","fix":null,"filePath":"Benchmarks/Study_SamplesSet/7be319d8a6c96e4f2e152755c24511dd.sol"},{"line":209,"column":5,"severity":"Warning","message":"Provide an error message for require","ruleId":"reason-string","fix":null,"filePath":"Benchmarks/Study_SamplesSet/7be319d8a6c96e4f2e152755c24511dd.sol"},{"line":209,"column":5,"severity":"Warning","message":"Use Custom Errors instead of require statements","ruleId":"custom-errors","fix":null,"filePath":"Benchmarks/Study_SamplesSet/7be319d8a6c96e4f2e152755c24511dd.sol"},{"line":219,"column":3,"severity":"Error","message":"Explicitly mark visibility in function","ruleId":"func-visibility","fix":null,"filePath":"Benchmarks/Study_SamplesSet/7be319d8a6c96e4f2e152755c24511dd.sol"},{"line":222,"column":5,"severity":"Error","message":"Explicitly mark all external contracts as trusted or untrusted","ruleId":"mark-callable-contracts","filePath":"Benchmarks/Study_SamplesSet/7be319d8a6c96e4f2e152755c24511dd.sol"},{"line":230,"column":3,"severity":"Error","message":"Explicitly mark visibility in function","ruleId":"func-visibility","fix":null,"filePath":"Benchmarks/Study_SamplesSet/7be319d8a6c96e4f2e152755c24511dd.sol"},{"line":232,"column":5,"severity":"Error","message":"Explicitly mark all external contracts as trusted or untrusted","ruleId":"mark-callable-contracts","filePath":"Benchmarks/Study_SamplesSet/7be319d8a6c96e4f2e152755c24511dd.sol"},{"line":239,"column":3,"severity":"Error","message":"Explicitly mark visibility in function","ruleId":"func-visibility","fix":null,"filePath":"Benchmarks/Study_SamplesSet/7be319d8a6c96e4f2e152755c24511dd.sol"},{"line":239,"column":34,"severity":"Warning","message":"Rule is set with explicit type [var/s: uint]","ruleId":"explicit-types","filePath":"Benchmarks/Study_SamplesSet/7be319d8a6c96e4f2e152755c24511dd.sol"},{"line":243,"column":3,"severity":"Error","message":"Explicitly mark visibility in function","ruleId":"func-visibility","fix":null,"filePath":"Benchmarks/Study_SamplesSet/7be319d8a6c96e4f2e152755c24511dd.sol"},{"line":243,"column":53,"severity":"Warning","message":"Rule is set with explicit type [var/s: uint]","ruleId":"explicit-types","filePath":"Benchmarks/Study_SamplesSet/7be319d8a6c96e4f2e152755c24511dd.sol"},{"line":257,"column":9,"severity":"Warning","message":"Provide an error message for require","ruleId":"reason-string","fix":null,"filePath":"Benchmarks/Study_SamplesSet/7be319d8a6c96e4f2e152755c24511dd.sol"},{"line":257,"column":9,"severity":"Warning","message":"Use Custom Errors instead of require statements","ruleId":"custom-errors","fix":null,"filePath":"Benchmarks/Study_SamplesSet/7be319d8a6c96e4f2e152755c24511dd.sol"},{"line":262,"column":9,"severity":"Error","message":"Explicitly mark all external contracts as trusted or untrusted","ruleId":"mark-callable-contracts","filePath":"Benchmarks/Study_SamplesSet/7be319d8a6c96e4f2e152755c24511dd.sol"},{"line":269,"column":5,"severity":"Warning","message":"Constant name must be in capitalized SNAKE_CASE","ruleId":"const-name-snakecase","fix":null,"filePath":"Benchmarks/Study_SamplesSet/7be319d8a6c96e4f2e152755c24511dd.sol"},{"line":271,"column":5,"severity":"Warning","message":"Constant name must be in capitalized SNAKE_CASE","ruleId":"const-name-snakecase","fix":null,"filePath":"Benchmarks/Study_SamplesSet/7be319d8a6c96e4f2e152755c24511dd.sol"},{"line":273,"column":5,"severity":"Warning","message":"Constant name must be in capitalized SNAKE_CASE","ruleId":"const-name-snakecase","fix":null,"filePath":"Benchmarks/Study_SamplesSet/7be319d8a6c96e4f2e152755c24511dd.sol"},{"line":275,"column":49,"severity":"Warning","message":"Visibility modifier must be first in list of modifiers","ruleId":"visibility-modifier-order","fix":null,"filePath":"Benchmarks/Study_SamplesSet/7be319d8a6c96e4f2e152755c24511dd.sol"},{"conclusion":"48 problem/s (29 error/s, 19 warning/s)"}]
