[{"line":1,"column":1,"severity":"Warning","message":"Found more than One contract per file. 2 contracts found!","ruleId":"one-contract-per-file","fix":null,"filePath":"Benchmarks/Study_SamplesSet/7bebeedee880cc4e2942ad723946ee70.sol"},{"line":1,"column":1,"severity":"Error","message":"Compiler version ^0.4.16 does not satisfy the ^0.8.0 semver requirement","ruleId":"compiler-version","fix":null,"filePath":"Benchmarks/Study_SamplesSet/7bebeedee880cc4e2942ad723946ee70.sol"},{"line":3,"column":1,"severity":"Warning","message":"Contract, Structs and Enums should be in CamelCase","ruleId":"contract-name-camelcase","filePath":"Benchmarks/Study_SamplesSet/7bebeedee880cc4e2942ad723946ee70.sol"},{"line":11,"column":9,"severity":"Warning","message":"Provide an error message for require","ruleId":"reason-string","fix":null,"filePath":"Benchmarks/Study_SamplesSet/7bebeedee880cc4e2942ad723946ee70.sol"},{"line":11,"column":9,"severity":"Warning","message":"Use Custom Errors instead of require statements","ruleId":"custom-errors","fix":null,"filePath":"Benchmarks/Study_SamplesSet/7bebeedee880cc4e2942ad723946ee70.sol"},{"line":15,"column":60,"severity":"Warning","message":"Visibility modifier must be first in list of modifiers","ruleId":"visibility-modifier-order","fix":null,"filePath":"Benchmarks/Study_SamplesSet/7bebeedee880cc4e2942ad723946ee70.sol"},{"line":20,"column":1,"severity":"Warning","message":"Contract, Structs and Enums should be in CamelCase","ruleId":"contract-name-camelcase","filePath":"Benchmarks/Study_SamplesSet/7bebeedee880cc4e2942ad723946ee70.sol"},{"line":28,"column":5,"severity":"Warning","message":"Rule is set with explicit type [var/s: uint]","ruleId":"explicit-types","filePath":"Benchmarks/Study_SamplesSet/7bebeedee880cc4e2942ad723946ee70.sol"},{"line":29,"column":4,"severity":"Warning","message":"Rule is set with explicit type [var/s: uint]","ruleId":"explicit-types","filePath":"Benchmarks/Study_SamplesSet/7bebeedee880cc4e2942ad723946ee70.sol"},{"line":30,"column":4,"severity":"Warning","message":"Rule is set with explicit type [var/s: uint]","ruleId":"explicit-types","filePath":"Benchmarks/Study_SamplesSet/7bebeedee880cc4e2942ad723946ee70.sol"},{"line":38,"column":5,"severity":"Error","message":"Explicitly mark visibility of state","ruleId":"state-visibility","fix":null,"filePath":"Benchmarks/Study_SamplesSet/7bebeedee880cc4e2942ad723946ee70.sol"},{"line":53,"column":52,"severity":"Warning","message":"Rule is set with explicit type [var/s: uint]","ruleId":"explicit-types","filePath":"Benchmarks/Study_SamplesSet/7bebeedee880cc4e2942ad723946ee70.sol"},{"line":54,"column":9,"severity":"Warning","message":"Provide an error message for require","ruleId":"reason-string","fix":null,"filePath":"Benchmarks/Study_SamplesSet/7bebeedee880cc4e2942ad723946ee70.sol"},{"line":54,"column":9,"severity":"Warning","message":"Use Custom Errors instead of require statements","ruleId":"custom-errors","fix":null,"filePath":"Benchmarks/Study_SamplesSet/7bebeedee880cc4e2942ad723946ee70.sol"},{"line":62,"column":2,"severity":"Warning","message":"Provide an error message for require","ruleId":"reason-string","fix":null,"filePath":"Benchmarks/Study_SamplesSet/7bebeedee880cc4e2942ad723946ee70.sol"},{"line":62,"column":2,"severity":"Warning","message":"Use Custom Errors instead of require statements","ruleId":"custom-errors","fix":null,"filePath":"Benchmarks/Study_SamplesSet/7bebeedee880cc4e2942ad723946ee70.sol"},{"line":63,"column":9,"severity":"Warning","message":"Provide an error message for require","ruleId":"reason-string","fix":null,"filePath":"Benchmarks/Study_SamplesSet/7bebeedee880cc4e2942ad723946ee70.sol"},{"line":63,"column":9,"severity":"Warning","message":"Use Custom Errors instead of require statements","ruleId":"custom-errors","fix":null,"filePath":"Benchmarks/Study_SamplesSet/7bebeedee880cc4e2942ad723946ee70.sol"},{"line":64,"column":9,"severity":"Warning","message":"Provide an error message for require","ruleId":"reason-string","fix":null,"filePath":"Benchmarks/Study_SamplesSet/7bebeedee880cc4e2942ad723946ee70.sol"},{"line":64,"column":9,"severity":"Warning","message":"Use Custom Errors instead of require statements","ruleId":"custom-errors","fix":null,"filePath":"Benchmarks/Study_SamplesSet/7bebeedee880cc4e2942ad723946ee70.sol"},{"line":65,"column":9,"severity":"Warning","message":"Rule is set with explicit type [var/s: uint]","ruleId":"explicit-types","filePath":"Benchmarks/Study_SamplesSet/7bebeedee880cc4e2942ad723946ee70.sol"},{"line":68,"column":9,"severity":"Error","message":"Explicitly mark all external contracts as trusted or untrusted","ruleId":"mark-callable-contracts","filePath":"Benchmarks/Study_SamplesSet/7bebeedee880cc4e2942ad723946ee70.sol"},{"line":77,"column":9,"severity":"Warning","message":"Provide an error message for require","ruleId":"reason-string","fix":null,"filePath":"Benchmarks/Study_SamplesSet/7bebeedee880cc4e2942ad723946ee70.sol"},{"line":77,"column":9,"severity":"Warning","message":"Use Custom Errors instead of require statements","ruleId":"custom-errors","fix":null,"filePath":"Benchmarks/Study_SamplesSet/7bebeedee880cc4e2942ad723946ee70.sol"},{"line":100,"column":9,"severity":"Warning","message":"Provide an error message for require","ruleId":"reason-string","fix":null,"filePath":"Benchmarks/Study_SamplesSet/7bebeedee880cc4e2942ad723946ee70.sol"},{"line":100,"column":9,"severity":"Warning","message":"Use Custom Errors instead of require statements","ruleId":"custom-errors","fix":null,"filePath":"Benchmarks/Study_SamplesSet/7bebeedee880cc4e2942ad723946ee70.sol"},{"line":103,"column":9,"severity":"Error","message":"Explicitly mark all external contracts as trusted or untrusted","ruleId":"mark-callable-contracts","filePath":"Benchmarks/Study_SamplesSet/7bebeedee880cc4e2942ad723946ee70.sol"},{"line":108,"column":9,"severity":"Warning","message":"Provide an error message for require","ruleId":"reason-string","fix":null,"filePath":"Benchmarks/Study_SamplesSet/7bebeedee880cc4e2942ad723946ee70.sol"},{"line":108,"column":9,"severity":"Warning","message":"Use Custom Errors instead of require statements","ruleId":"custom-errors","fix":null,"filePath":"Benchmarks/Study_SamplesSet/7bebeedee880cc4e2942ad723946ee70.sol"},{"line":109,"column":9,"severity":"Warning","message":"Provide an error message for require","ruleId":"reason-string","fix":null,"filePath":"Benchmarks/Study_SamplesSet/7bebeedee880cc4e2942ad723946ee70.sol"},{"line":109,"column":9,"severity":"Warning","message":"Use Custom Errors instead of require statements","ruleId":"custom-errors","fix":null,"filePath":"Benchmarks/Study_SamplesSet/7bebeedee880cc4e2942ad723946ee70.sol"},{"line":113,"column":9,"severity":"Error","message":"Explicitly mark all external contracts as trusted or untrusted","ruleId":"mark-callable-contracts","filePath":"Benchmarks/Study_SamplesSet/7bebeedee880cc4e2942ad723946ee70.sol"},{"line":117,"column":67,"severity":"Warning","message":"Visibility modifier must be first in list of modifiers","ruleId":"visibility-modifier-order","fix":null,"filePath":"Benchmarks/Study_SamplesSet/7bebeedee880cc4e2942ad723946ee70.sol"},{"line":119,"column":9,"severity":"Error","message":"Explicitly mark all external contracts as trusted or untrusted","ruleId":"mark-callable-contracts","filePath":"Benchmarks/Study_SamplesSet/7bebeedee880cc4e2942ad723946ee70.sol"},{"line":129,"column":72,"severity":"Warning","message":"Visibility modifier must be first in list of modifiers","ruleId":"visibility-modifier-order","fix":null,"filePath":"Benchmarks/Study_SamplesSet/7bebeedee880cc4e2942ad723946ee70.sol"},{"line":132,"column":9,"severity":"Error","message":"Explicitly mark all external contracts as trusted or untrusted","ruleId":"mark-callable-contracts","filePath":"Benchmarks/Study_SamplesSet/7bebeedee880cc4e2942ad723946ee70.sol"},{"line":133,"column":9,"severity":"Error","message":"Explicitly mark all external contracts as trusted or untrusted","ruleId":"mark-callable-contracts","filePath":"Benchmarks/Study_SamplesSet/7bebeedee880cc4e2942ad723946ee70.sol"},{"line":138,"column":77,"severity":"Warning","message":"Visibility modifier must be first in list of modifiers","ruleId":"visibility-modifier-order","fix":null,"filePath":"Benchmarks/Study_SamplesSet/7bebeedee880cc4e2942ad723946ee70.sol"},{"line":146,"column":28,"severity":"Warning","message":"Visibility modifier must be first in list of modifiers","ruleId":"visibility-modifier-order","fix":null,"filePath":"Benchmarks/Study_SamplesSet/7bebeedee880cc4e2942ad723946ee70.sol"},{"line":147,"column":9,"severity":"Warning","message":"Rule is set with explicit type [var/s: uint]","ruleId":"explicit-types","filePath":"Benchmarks/Study_SamplesSet/7bebeedee880cc4e2942ad723946ee70.sol"},{"line":153,"column":9,"severity":"Warning","message":"Provide an error message for require","ruleId":"reason-string","fix":null,"filePath":"Benchmarks/Study_SamplesSet/7bebeedee880cc4e2942ad723946ee70.sol"},{"line":153,"column":9,"severity":"Warning","message":"Use Custom Errors instead of require statements","ruleId":"custom-errors","fix":null,"filePath":"Benchmarks/Study_SamplesSet/7bebeedee880cc4e2942ad723946ee70.sol"},{"line":179,"column":22,"severity":"Warning","message":"Visibility modifier must be first in list of modifiers","ruleId":"visibility-modifier-order","fix":null,"filePath":"Benchmarks/Study_SamplesSet/7bebeedee880cc4e2942ad723946ee70.sol"},{"line":179,"column":2,"severity":"Error","message":"Fallback function must be simple","ruleId":"no-complex-fallback","fix":null,"filePath":"Benchmarks/Study_SamplesSet/7bebeedee880cc4e2942ad723946ee70.sol"},{"line":180,"column":3,"severity":"Warning","message":"Rule is set with explicit type [var/s: uint]","ruleId":"explicit-types","filePath":"Benchmarks/Study_SamplesSet/7bebeedee880cc4e2942ad723946ee70.sol"},{"line":181,"column":9,"severity":"Warning","message":"Provide an error message for require","ruleId":"reason-string","fix":null,"filePath":"Benchmarks/Study_SamplesSet/7bebeedee880cc4e2942ad723946ee70.sol"},{"line":181,"column":9,"severity":"Warning","message":"Use Custom Errors instead of require statements","ruleId":"custom-errors","fix":null,"filePath":"Benchmarks/Study_SamplesSet/7bebeedee880cc4e2942ad723946ee70.sol"},{"line":185,"column":38,"severity":"Warning","message":"Visibility modifier must be first in list of modifiers","ruleId":"visibility-modifier-order","fix":null,"filePath":"Benchmarks/Study_SamplesSet/7bebeedee880cc4e2942ad723946ee70.sol"},{"line":189,"column":39,"severity":"Warning","message":"Visibility modifier must be first in list of modifiers","ruleId":"visibility-modifier-order","fix":null,"filePath":"Benchmarks/Study_SamplesSet/7bebeedee880cc4e2942ad723946ee70.sol"},{"line":189,"column":21,"severity":"Warning","message":"Rule is set with explicit type [var/s: uint]","ruleId":"explicit-types","filePath":"Benchmarks/Study_SamplesSet/7bebeedee880cc4e2942ad723946ee70.sol"},{"conclusion":"50 problem/s (9 error/s, 41 warning/s)"}]
