[{"line":1,"column":1,"severity":"Warning","message":"Found more than One contract per file. 4 contracts found!","ruleId":"one-contract-per-file","fix":null,"filePath":"Benchmarks/Study_SamplesSet/7d27dd9bfa74287d2cdc390031d9578d.sol"},{"line":1,"column":1,"severity":"Error","message":"Compiler version ^0.4.8 does not satisfy the ^0.8.0 semver requirement","ruleId":"compiler-version","fix":null,"filePath":"Benchmarks/Study_SamplesSet/7d27dd9bfa74287d2cdc390031d9578d.sol"},{"line":11,"column":55,"severity":"Warning","message":"Variable name must be in mixedCase","ruleId":"var-name-mixedcase","fix":null,"filePath":"Benchmarks/Study_SamplesSet/7d27dd9bfa74287d2cdc390031d9578d.sol"},{"line":11,"column":74,"severity":"Warning","message":"Variable name must be in mixedCase","ruleId":"var-name-mixedcase","fix":null,"filePath":"Benchmarks/Study_SamplesSet/7d27dd9bfa74287d2cdc390031d9578d.sol"},{"line":11,"column":95,"severity":"Warning","message":"Variable name must be in mixedCase","ruleId":"var-name-mixedcase","fix":null,"filePath":"Benchmarks/Study_SamplesSet/7d27dd9bfa74287d2cdc390031d9578d.sol"},{"line":17,"column":91,"severity":"Warning","message":"Variable name must be in mixedCase","ruleId":"var-name-mixedcase","fix":null,"filePath":"Benchmarks/Study_SamplesSet/7d27dd9bfa74287d2cdc390031d9578d.sol"},{"line":17,"column":114,"severity":"Warning","message":"Variable name must be in mixedCase","ruleId":"var-name-mixedcase","fix":null,"filePath":"Benchmarks/Study_SamplesSet/7d27dd9bfa74287d2cdc390031d9578d.sol"},{"line":23,"column":1,"severity":"Warning","message":"Contract has 19 states declarations but allowed no more than 15","ruleId":"max-states-count","fix":null,"filePath":"Benchmarks/Study_SamplesSet/7d27dd9bfa74287d2cdc390031d9578d.sol"},{"line":25,"column":3,"severity":"Error","message":"Explicitly mark visibility of state","ruleId":"state-visibility","fix":null,"filePath":"Benchmarks/Study_SamplesSet/7d27dd9bfa74287d2cdc390031d9578d.sol"},{"line":26,"column":3,"severity":"Error","message":"Explicitly mark visibility of state","ruleId":"state-visibility","fix":null,"filePath":"Benchmarks/Study_SamplesSet/7d27dd9bfa74287d2cdc390031d9578d.sol"},{"line":29,"column":3,"severity":"Error","message":"Explicitly mark visibility of state","ruleId":"state-visibility","fix":null,"filePath":"Benchmarks/Study_SamplesSet/7d27dd9bfa74287d2cdc390031d9578d.sol"},{"line":29,"column":3,"severity":"Warning","message":"Variable name must be in mixedCase","ruleId":"var-name-mixedcase","fix":null,"filePath":"Benchmarks/Study_SamplesSet/7d27dd9bfa74287d2cdc390031d9578d.sol"},{"line":32,"column":3,"severity":"Error","message":"Explicitly mark visibility of state","ruleId":"state-visibility","fix":null,"filePath":"Benchmarks/Study_SamplesSet/7d27dd9bfa74287d2cdc390031d9578d.sol"},{"line":35,"column":3,"severity":"Error","message":"Explicitly mark visibility of state","ruleId":"state-visibility","fix":null,"filePath":"Benchmarks/Study_SamplesSet/7d27dd9bfa74287d2cdc390031d9578d.sol"},{"line":38,"column":3,"severity":"Error","message":"Explicitly mark visibility of state","ruleId":"state-visibility","fix":null,"filePath":"Benchmarks/Study_SamplesSet/7d27dd9bfa74287d2cdc390031d9578d.sol"},{"line":38,"column":3,"severity":"Warning","message":"Variable name must be in mixedCase","ruleId":"var-name-mixedcase","fix":null,"filePath":"Benchmarks/Study_SamplesSet/7d27dd9bfa74287d2cdc390031d9578d.sol"},{"line":41,"column":3,"severity":"Error","message":"Explicitly mark visibility of state","ruleId":"state-visibility","fix":null,"filePath":"Benchmarks/Study_SamplesSet/7d27dd9bfa74287d2cdc390031d9578d.sol"},{"line":43,"column":3,"severity":"Error","message":"Explicitly mark visibility of state","ruleId":"state-visibility","fix":null,"filePath":"Benchmarks/Study_SamplesSet/7d27dd9bfa74287d2cdc390031d9578d.sol"},{"line":47,"column":3,"severity":"Error","message":"Explicitly mark visibility of state","ruleId":"state-visibility","fix":null,"filePath":"Benchmarks/Study_SamplesSet/7d27dd9bfa74287d2cdc390031d9578d.sol"},{"line":49,"column":3,"severity":"Error","message":"Explicitly mark visibility of state","ruleId":"state-visibility","fix":null,"filePath":"Benchmarks/Study_SamplesSet/7d27dd9bfa74287d2cdc390031d9578d.sol"},{"line":49,"column":3,"severity":"Warning","message":"Constant name must be in capitalized SNAKE_CASE","ruleId":"const-name-snakecase","fix":null,"filePath":"Benchmarks/Study_SamplesSet/7d27dd9bfa74287d2cdc390031d9578d.sol"},{"line":52,"column":3,"severity":"Error","message":"Explicitly mark visibility of state","ruleId":"state-visibility","fix":null,"filePath":"Benchmarks/Study_SamplesSet/7d27dd9bfa74287d2cdc390031d9578d.sol"},{"line":52,"column":3,"severity":"Warning","message":"Variable name must be in mixedCase","ruleId":"var-name-mixedcase","fix":null,"filePath":"Benchmarks/Study_SamplesSet/7d27dd9bfa74287d2cdc390031d9578d.sol"},{"line":94,"column":21,"severity":"Error","message":"Explicitly mark all external contracts as trusted or untrusted","ruleId":"mark-callable-contracts","filePath":"Benchmarks/Study_SamplesSet/7d27dd9bfa74287d2cdc390031d9578d.sol"},{"line":95,"column":58,"severity":"Error","message":"\"throw\" is deprecated, avoid to use it","ruleId":"avoid-throw","filePath":"Benchmarks/Study_SamplesSet/7d27dd9bfa74287d2cdc390031d9578d.sol"},{"line":97,"column":22,"severity":"Error","message":"Explicitly mark all external contracts as trusted or untrusted","ruleId":"mark-callable-contracts","filePath":"Benchmarks/Study_SamplesSet/7d27dd9bfa74287d2cdc390031d9578d.sol"},{"line":100,"column":9,"severity":"Error","message":"Explicitly mark all external contracts as trusted or untrusted","ruleId":"mark-callable-contracts","filePath":"Benchmarks/Study_SamplesSet/7d27dd9bfa74287d2cdc390031d9578d.sol"},{"line":102,"column":9,"severity":"Error","message":"Explicitly mark all external contracts as trusted or untrusted","ruleId":"mark-callable-contracts","filePath":"Benchmarks/Study_SamplesSet/7d27dd9bfa74287d2cdc390031d9578d.sol"},{"line":105,"column":9,"severity":"Error","message":"Explicitly mark all external contracts as trusted or untrusted","ruleId":"mark-callable-contracts","filePath":"Benchmarks/Study_SamplesSet/7d27dd9bfa74287d2cdc390031d9578d.sol"},{"line":110,"column":7,"severity":"Error","message":"Explicitly mark all external contracts as trusted or untrusted","ruleId":"mark-callable-contracts","filePath":"Benchmarks/Study_SamplesSet/7d27dd9bfa74287d2cdc390031d9578d.sol"},{"line":116,"column":9,"severity":"Error","message":"Explicitly mark all external contracts as trusted or untrusted","ruleId":"mark-callable-contracts","filePath":"Benchmarks/Study_SamplesSet/7d27dd9bfa74287d2cdc390031d9578d.sol"},{"line":120,"column":4,"severity":"Error","message":"Explicitly mark visibility of state","ruleId":"state-visibility","fix":null,"filePath":"Benchmarks/Study_SamplesSet/7d27dd9bfa74287d2cdc390031d9578d.sol"},{"line":121,"column":4,"severity":"Error","message":"Explicitly mark visibility of state","ruleId":"state-visibility","fix":null,"filePath":"Benchmarks/Study_SamplesSet/7d27dd9bfa74287d2cdc390031d9578d.sol"},{"line":122,"column":4,"severity":"Error","message":"Explicitly mark visibility of state","ruleId":"state-visibility","fix":null,"filePath":"Benchmarks/Study_SamplesSet/7d27dd9bfa74287d2cdc390031d9578d.sol"},{"line":123,"column":4,"severity":"Error","message":"Explicitly mark visibility of state","ruleId":"state-visibility","fix":null,"filePath":"Benchmarks/Study_SamplesSet/7d27dd9bfa74287d2cdc390031d9578d.sol"},{"line":131,"column":4,"severity":"Error","message":"Explicitly mark visibility in function","ruleId":"func-visibility","fix":null,"filePath":"Benchmarks/Study_SamplesSet/7d27dd9bfa74287d2cdc390031d9578d.sol"},{"line":133,"column":43,"severity":"Error","message":"\"throw\" is deprecated, avoid to use it","ruleId":"avoid-throw","filePath":"Benchmarks/Study_SamplesSet/7d27dd9bfa74287d2cdc390031d9578d.sol"},{"line":137,"column":4,"severity":"Error","message":"Explicitly mark visibility in function","ruleId":"func-visibility","fix":null,"filePath":"Benchmarks/Study_SamplesSet/7d27dd9bfa74287d2cdc390031d9578d.sol"},{"line":139,"column":48,"severity":"Error","message":"\"throw\" is deprecated, avoid to use it","ruleId":"avoid-throw","filePath":"Benchmarks/Study_SamplesSet/7d27dd9bfa74287d2cdc390031d9578d.sol"},{"line":140,"column":32,"severity":"Error","message":"Explicitly mark all external contracts as trusted or untrusted","ruleId":"mark-callable-contracts","filePath":"Benchmarks/Study_SamplesSet/7d27dd9bfa74287d2cdc390031d9578d.sol"},{"line":143,"column":4,"severity":"Error","message":"Explicitly mark visibility in function","ruleId":"func-visibility","fix":null,"filePath":"Benchmarks/Study_SamplesSet/7d27dd9bfa74287d2cdc390031d9578d.sol"},{"line":148,"column":93,"severity":"Error","message":"\"throw\" is deprecated, avoid to use it","ruleId":"avoid-throw","filePath":"Benchmarks/Study_SamplesSet/7d27dd9bfa74287d2cdc390031d9578d.sol"},{"line":150,"column":38,"severity":"Error","message":"Avoid making time-based decisions in your business logic","ruleId":"not-rely-on-time","fix":null,"filePath":"Benchmarks/Study_SamplesSet/7d27dd9bfa74287d2cdc390031d9578d.sol"},{"line":154,"column":56,"severity":"Warning","message":"Variable name must be in mixedCase","ruleId":"var-name-mixedcase","fix":null,"filePath":"Benchmarks/Study_SamplesSet/7d27dd9bfa74287d2cdc390031d9578d.sol"},{"line":154,"column":76,"severity":"Warning","message":"Variable name must be in mixedCase","ruleId":"var-name-mixedcase","fix":null,"filePath":"Benchmarks/Study_SamplesSet/7d27dd9bfa74287d2cdc390031d9578d.sol"},{"line":154,"column":98,"severity":"Warning","message":"Variable name must be in mixedCase","ruleId":"var-name-mixedcase","fix":null,"filePath":"Benchmarks/Study_SamplesSet/7d27dd9bfa74287d2cdc390031d9578d.sol"},{"line":156,"column":7,"severity":"Error","message":"Explicitly mark all external contracts as trusted or untrusted","ruleId":"mark-callable-contracts","filePath":"Benchmarks/Study_SamplesSet/7d27dd9bfa74287d2cdc390031d9578d.sol"},{"line":156,"column":21,"severity":"Error","message":"Explicitly mark all external contracts as trusted or untrusted","ruleId":"mark-callable-contracts","filePath":"Benchmarks/Study_SamplesSet/7d27dd9bfa74287d2cdc390031d9578d.sol"},{"line":157,"column":7,"severity":"Error","message":"Explicitly mark all external contracts as trusted or untrusted","ruleId":"mark-callable-contracts","filePath":"Benchmarks/Study_SamplesSet/7d27dd9bfa74287d2cdc390031d9578d.sol"},{"line":158,"column":7,"severity":"Error","message":"Explicitly mark all external contracts as trusted or untrusted","ruleId":"mark-callable-contracts","filePath":"Benchmarks/Study_SamplesSet/7d27dd9bfa74287d2cdc390031d9578d.sol"},{"line":161,"column":4,"severity":"Error","message":"Explicitly mark visibility in function","ruleId":"func-visibility","fix":null,"filePath":"Benchmarks/Study_SamplesSet/7d27dd9bfa74287d2cdc390031d9578d.sol"},{"line":161,"column":33,"severity":"Warning","message":"Variable name must be in mixedCase","ruleId":"var-name-mixedcase","fix":null,"filePath":"Benchmarks/Study_SamplesSet/7d27dd9bfa74287d2cdc390031d9578d.sol"},{"line":163,"column":7,"severity":"Error","message":"Explicitly mark all external contracts as trusted or untrusted","ruleId":"mark-callable-contracts","filePath":"Benchmarks/Study_SamplesSet/7d27dd9bfa74287d2cdc390031d9578d.sol"},{"line":168,"column":4,"severity":"Error","message":"Explicitly mark visibility in function","ruleId":"func-visibility","fix":null,"filePath":"Benchmarks/Study_SamplesSet/7d27dd9bfa74287d2cdc390031d9578d.sol"},{"line":184,"column":6,"severity":"Error","message":"Explicitly mark all external contracts as trusted or untrusted","ruleId":"mark-callable-contracts","filePath":"Benchmarks/Study_SamplesSet/7d27dd9bfa74287d2cdc390031d9578d.sol"},{"line":187,"column":4,"severity":"Error","message":"Explicitly mark visibility in function","ruleId":"func-visibility","fix":null,"filePath":"Benchmarks/Study_SamplesSet/7d27dd9bfa74287d2cdc390031d9578d.sol"},{"line":205,"column":6,"severity":"Error","message":"Explicitly mark all external contracts as trusted or untrusted","ruleId":"mark-callable-contracts","filePath":"Benchmarks/Study_SamplesSet/7d27dd9bfa74287d2cdc390031d9578d.sol"},{"line":208,"column":4,"severity":"Error","message":"Explicitly mark visibility in function","ruleId":"func-visibility","fix":null,"filePath":"Benchmarks/Study_SamplesSet/7d27dd9bfa74287d2cdc390031d9578d.sol"},{"line":210,"column":9,"severity":"Error","message":"Use \"selfdestruct\" instead of deprecated \"suicide\"","ruleId":"avoid-suicide","filePath":"Benchmarks/Study_SamplesSet/7d27dd9bfa74287d2cdc390031d9578d.sol"},{"line":216,"column":8,"severity":"Error","message":"Avoid to use inline assembly. It is acceptable only in rare cases","ruleId":"no-inline-assembly","fix":null,"filePath":"Benchmarks/Study_SamplesSet/7d27dd9bfa74287d2cdc390031d9578d.sol"},{"line":234,"column":53,"severity":"Error","message":"\"throw\" is deprecated, avoid to use it","ruleId":"avoid-throw","filePath":"Benchmarks/Study_SamplesSet/7d27dd9bfa74287d2cdc390031d9578d.sol"},{"line":235,"column":55,"severity":"Error","message":"\"throw\" is deprecated, avoid to use it","ruleId":"avoid-throw","filePath":"Benchmarks/Study_SamplesSet/7d27dd9bfa74287d2cdc390031d9578d.sol"},{"line":247,"column":7,"severity":"Error","message":"\"throw\" is deprecated, avoid to use it","ruleId":"avoid-throw","filePath":"Benchmarks/Study_SamplesSet/7d27dd9bfa74287d2cdc390031d9578d.sol"},{"line":250,"column":4,"severity":"Error","message":"Explicitly mark visibility in function","ruleId":"func-visibility","fix":null,"filePath":"Benchmarks/Study_SamplesSet/7d27dd9bfa74287d2cdc390031d9578d.sol"},{"line":255,"column":4,"severity":"Error","message":"Explicitly mark visibility in function","ruleId":"func-visibility","fix":null,"filePath":"Benchmarks/Study_SamplesSet/7d27dd9bfa74287d2cdc390031d9578d.sol"},{"line":259,"column":22,"severity":"Error","message":"Explicitly mark all external contracts as trusted or untrusted","ruleId":"mark-callable-contracts","filePath":"Benchmarks/Study_SamplesSet/7d27dd9bfa74287d2cdc390031d9578d.sol"},{"line":265,"column":32,"severity":"Error","message":"Explicitly mark all external contracts as trusted or untrusted","ruleId":"mark-callable-contracts","filePath":"Benchmarks/Study_SamplesSet/7d27dd9bfa74287d2cdc390031d9578d.sol"},{"line":270,"column":37,"severity":"Error","message":"\"throw\" is deprecated, avoid to use it","ruleId":"avoid-throw","filePath":"Benchmarks/Study_SamplesSet/7d27dd9bfa74287d2cdc390031d9578d.sol"},{"line":276,"column":63,"severity":"Error","message":"\"throw\" is deprecated, avoid to use it","ruleId":"avoid-throw","filePath":"Benchmarks/Study_SamplesSet/7d27dd9bfa74287d2cdc390031d9578d.sol"},{"line":280,"column":4,"severity":"Warning","message":"Function name must be in mixedCase","ruleId":"func-name-mixedcase","fix":null,"filePath":"Benchmarks/Study_SamplesSet/7d27dd9bfa74287d2cdc390031d9578d.sol"},{"line":280,"column":4,"severity":"Error","message":"Explicitly mark visibility in function","ruleId":"func-visibility","fix":null,"filePath":"Benchmarks/Study_SamplesSet/7d27dd9bfa74287d2cdc390031d9578d.sol"},{"line":283,"column":9,"severity":"Error","message":"Explicitly mark all external contracts as trusted or untrusted","ruleId":"mark-callable-contracts","filePath":"Benchmarks/Study_SamplesSet/7d27dd9bfa74287d2cdc390031d9578d.sol"},{"line":287,"column":5,"severity":"Error","message":"Explicitly mark visibility in function","ruleId":"func-visibility","fix":null,"filePath":"Benchmarks/Study_SamplesSet/7d27dd9bfa74287d2cdc390031d9578d.sol"},{"line":292,"column":5,"severity":"Warning","message":"Function name must be in mixedCase","ruleId":"func-name-mixedcase","fix":null,"filePath":"Benchmarks/Study_SamplesSet/7d27dd9bfa74287d2cdc390031d9578d.sol"},{"line":292,"column":5,"severity":"Error","message":"Explicitly mark visibility in function","ruleId":"func-visibility","fix":null,"filePath":"Benchmarks/Study_SamplesSet/7d27dd9bfa74287d2cdc390031d9578d.sol"},{"line":295,"column":9,"severity":"Error","message":"Explicitly mark all external contracts as trusted or untrusted","ruleId":"mark-callable-contracts","filePath":"Benchmarks/Study_SamplesSet/7d27dd9bfa74287d2cdc390031d9578d.sol"},{"line":336,"column":10,"severity":"Error","message":"Explicitly mark all external contracts as trusted or untrusted","ruleId":"mark-callable-contracts","filePath":"Benchmarks/Study_SamplesSet/7d27dd9bfa74287d2cdc390031d9578d.sol"},{"line":337,"column":51,"severity":"Error","message":"\"throw\" is deprecated, avoid to use it","ruleId":"avoid-throw","filePath":"Benchmarks/Study_SamplesSet/7d27dd9bfa74287d2cdc390031d9578d.sol"},{"line":352,"column":20,"severity":"Error","message":"Explicitly mark all external contracts as trusted or untrusted","ruleId":"mark-callable-contracts","filePath":"Benchmarks/Study_SamplesSet/7d27dd9bfa74287d2cdc390031d9578d.sol"},{"line":353,"column":24,"severity":"Error","message":"Avoid multiple calls of \"send\" method in single transaction","ruleId":"multiple-sends","fix":null,"filePath":"Benchmarks/Study_SamplesSet/7d27dd9bfa74287d2cdc390031d9578d.sol"},{"line":353,"column":61,"severity":"Error","message":"\"throw\" is deprecated, avoid to use it","ruleId":"avoid-throw","filePath":"Benchmarks/Study_SamplesSet/7d27dd9bfa74287d2cdc390031d9578d.sol"},{"line":360,"column":19,"severity":"Error","message":"Explicitly mark all external contracts as trusted or untrusted","ruleId":"mark-callable-contracts","filePath":"Benchmarks/Study_SamplesSet/7d27dd9bfa74287d2cdc390031d9578d.sol"},{"line":361,"column":23,"severity":"Error","message":"Avoid multiple calls of \"send\" method in single transaction","ruleId":"multiple-sends","fix":null,"filePath":"Benchmarks/Study_SamplesSet/7d27dd9bfa74287d2cdc390031d9578d.sol"},{"line":361,"column":60,"severity":"Error","message":"\"throw\" is deprecated, avoid to use it","ruleId":"avoid-throw","filePath":"Benchmarks/Study_SamplesSet/7d27dd9bfa74287d2cdc390031d9578d.sol"},{"line":376,"column":11,"severity":"Error","message":"Explicitly mark all external contracts as trusted or untrusted","ruleId":"mark-callable-contracts","filePath":"Benchmarks/Study_SamplesSet/7d27dd9bfa74287d2cdc390031d9578d.sol"},{"line":377,"column":15,"severity":"Error","message":"Avoid multiple calls of \"send\" method in single transaction","ruleId":"multiple-sends","fix":null,"filePath":"Benchmarks/Study_SamplesSet/7d27dd9bfa74287d2cdc390031d9578d.sol"},{"line":377,"column":52,"severity":"Error","message":"\"throw\" is deprecated, avoid to use it","ruleId":"avoid-throw","filePath":"Benchmarks/Study_SamplesSet/7d27dd9bfa74287d2cdc390031d9578d.sol"},{"line":383,"column":11,"severity":"Error","message":"Explicitly mark all external contracts as trusted or untrusted","ruleId":"mark-callable-contracts","filePath":"Benchmarks/Study_SamplesSet/7d27dd9bfa74287d2cdc390031d9578d.sol"},{"line":384,"column":15,"severity":"Error","message":"Avoid multiple calls of \"send\" method in single transaction","ruleId":"multiple-sends","fix":null,"filePath":"Benchmarks/Study_SamplesSet/7d27dd9bfa74287d2cdc390031d9578d.sol"},{"line":384,"column":52,"severity":"Error","message":"\"throw\" is deprecated, avoid to use it","ruleId":"avoid-throw","filePath":"Benchmarks/Study_SamplesSet/7d27dd9bfa74287d2cdc390031d9578d.sol"},{"line":392,"column":11,"severity":"Error","message":"Explicitly mark all external contracts as trusted or untrusted","ruleId":"mark-callable-contracts","filePath":"Benchmarks/Study_SamplesSet/7d27dd9bfa74287d2cdc390031d9578d.sol"},{"line":393,"column":15,"severity":"Error","message":"Avoid multiple calls of \"send\" method in single transaction","ruleId":"multiple-sends","fix":null,"filePath":"Benchmarks/Study_SamplesSet/7d27dd9bfa74287d2cdc390031d9578d.sol"},{"line":393,"column":52,"severity":"Error","message":"\"throw\" is deprecated, avoid to use it","ruleId":"avoid-throw","filePath":"Benchmarks/Study_SamplesSet/7d27dd9bfa74287d2cdc390031d9578d.sol"},{"line":398,"column":8,"severity":"Warning","message":"Variable name must be in mixedCase","ruleId":"var-name-mixedcase","fix":null,"filePath":"Benchmarks/Study_SamplesSet/7d27dd9bfa74287d2cdc390031d9578d.sol"},{"line":399,"column":8,"severity":"Warning","message":"Variable name must be in mixedCase","ruleId":"var-name-mixedcase","fix":null,"filePath":"Benchmarks/Study_SamplesSet/7d27dd9bfa74287d2cdc390031d9578d.sol"},{"line":406,"column":24,"severity":"Error","message":"Explicitly mark all external contracts as trusted or untrusted","ruleId":"mark-callable-contracts","filePath":"Benchmarks/Study_SamplesSet/7d27dd9bfa74287d2cdc390031d9578d.sol"},{"line":416,"column":13,"severity":"Error","message":"Explicitly mark all external contracts as trusted or untrusted","ruleId":"mark-callable-contracts","filePath":"Benchmarks/Study_SamplesSet/7d27dd9bfa74287d2cdc390031d9578d.sol"},{"line":418,"column":13,"severity":"Error","message":"Explicitly mark all external contracts as trusted or untrusted","ruleId":"mark-callable-contracts","filePath":"Benchmarks/Study_SamplesSet/7d27dd9bfa74287d2cdc390031d9578d.sol"},{"line":420,"column":13,"severity":"Error","message":"Explicitly mark all external contracts as trusted or untrusted","ruleId":"mark-callable-contracts","filePath":"Benchmarks/Study_SamplesSet/7d27dd9bfa74287d2cdc390031d9578d.sol"},{"line":422,"column":13,"severity":"Error","message":"Explicitly mark all external contracts as trusted or untrusted","ruleId":"mark-callable-contracts","filePath":"Benchmarks/Study_SamplesSet/7d27dd9bfa74287d2cdc390031d9578d.sol"},{"line":424,"column":13,"severity":"Error","message":"Explicitly mark all external contracts as trusted or untrusted","ruleId":"mark-callable-contracts","filePath":"Benchmarks/Study_SamplesSet/7d27dd9bfa74287d2cdc390031d9578d.sol"},{"line":426,"column":15,"severity":"Error","message":"Avoid multiple calls of \"send\" method in single transaction","ruleId":"multiple-sends","fix":null,"filePath":"Benchmarks/Study_SamplesSet/7d27dd9bfa74287d2cdc390031d9578d.sol"},{"line":426,"column":52,"severity":"Error","message":"\"throw\" is deprecated, avoid to use it","ruleId":"avoid-throw","filePath":"Benchmarks/Study_SamplesSet/7d27dd9bfa74287d2cdc390031d9578d.sol"},{"line":432,"column":8,"severity":"Error","message":"Explicitly mark all external contracts as trusted or untrusted","ruleId":"mark-callable-contracts","filePath":"Benchmarks/Study_SamplesSet/7d27dd9bfa74287d2cdc390031d9578d.sol"},{"line":435,"column":5,"severity":"Warning","message":"Function name must be in mixedCase","ruleId":"func-name-mixedcase","fix":null,"filePath":"Benchmarks/Study_SamplesSet/7d27dd9bfa74287d2cdc390031d9578d.sol"},{"line":435,"column":5,"severity":"Error","message":"Explicitly mark visibility in function","ruleId":"func-visibility","fix":null,"filePath":"Benchmarks/Study_SamplesSet/7d27dd9bfa74287d2cdc390031d9578d.sol"},{"line":436,"column":5,"severity":"Warning","message":"Code contains empty blocks","ruleId":"no-empty-blocks","fix":null,"filePath":"Benchmarks/Study_SamplesSet/7d27dd9bfa74287d2cdc390031d9578d.sol"},{"line":439,"column":5,"severity":"Warning","message":"Function name must be in mixedCase","ruleId":"func-name-mixedcase","fix":null,"filePath":"Benchmarks/Study_SamplesSet/7d27dd9bfa74287d2cdc390031d9578d.sol"},{"line":454,"column":5,"severity":"Error","message":"Explicitly mark visibility of state","ruleId":"state-visibility","fix":null,"filePath":"Benchmarks/Study_SamplesSet/7d27dd9bfa74287d2cdc390031d9578d.sol"},{"line":456,"column":5,"severity":"Warning","message":"Function name must be in mixedCase","ruleId":"func-name-mixedcase","fix":null,"filePath":"Benchmarks/Study_SamplesSet/7d27dd9bfa74287d2cdc390031d9578d.sol"},{"line":456,"column":5,"severity":"Error","message":"Explicitly mark visibility in function","ruleId":"func-visibility","fix":null,"filePath":"Benchmarks/Study_SamplesSet/7d27dd9bfa74287d2cdc390031d9578d.sol"},{"line":471,"column":33,"severity":"Error","message":"\"throw\" is deprecated, avoid to use it","ruleId":"avoid-throw","filePath":"Benchmarks/Study_SamplesSet/7d27dd9bfa74287d2cdc390031d9578d.sol"},{"line":474,"column":5,"severity":"Warning","message":"Function name must be in mixedCase","ruleId":"func-name-mixedcase","fix":null,"filePath":"Benchmarks/Study_SamplesSet/7d27dd9bfa74287d2cdc390031d9578d.sol"},{"line":479,"column":5,"severity":"Warning","message":"Function name must be in mixedCase","ruleId":"func-name-mixedcase","fix":null,"filePath":"Benchmarks/Study_SamplesSet/7d27dd9bfa74287d2cdc390031d9578d.sol"},{"line":491,"column":57,"severity":"Error","message":"\"throw\" is deprecated, avoid to use it","ruleId":"avoid-throw","filePath":"Benchmarks/Study_SamplesSet/7d27dd9bfa74287d2cdc390031d9578d.sol"},{"line":494,"column":10,"severity":"Error","message":"Explicitly mark all external contracts as trusted or untrusted","ruleId":"mark-callable-contracts","filePath":"Benchmarks/Study_SamplesSet/7d27dd9bfa74287d2cdc390031d9578d.sol"},{"line":504,"column":29,"severity":"Error","message":"Do not rely on \"block.blockhash\". Miners can influence its value.","ruleId":"not-rely-on-block-hash","fix":null,"filePath":"Benchmarks/Study_SamplesSet/7d27dd9bfa74287d2cdc390031d9578d.sol"},{"line":508,"column":11,"severity":"Error","message":"Explicitly mark all external contracts as trusted or untrusted","ruleId":"mark-callable-contracts","filePath":"Benchmarks/Study_SamplesSet/7d27dd9bfa74287d2cdc390031d9578d.sol"},{"line":513,"column":31,"severity":"Error","message":"Use \"keccak256\" instead of deprecated \"sha3\"","ruleId":"avoid-sha3","filePath":"Benchmarks/Study_SamplesSet/7d27dd9bfa74287d2cdc390031d9578d.sol"},{"line":521,"column":31,"severity":"Error","message":"Use \"keccak256\" instead of deprecated \"sha3\"","ruleId":"avoid-sha3","filePath":"Benchmarks/Study_SamplesSet/7d27dd9bfa74287d2cdc390031d9578d.sol"},{"line":526,"column":5,"severity":"Error","message":"Explicitly mark visibility in function","ruleId":"func-visibility","fix":null,"filePath":"Benchmarks/Study_SamplesSet/7d27dd9bfa74287d2cdc390031d9578d.sol"},{"line":532,"column":38,"severity":"Error","message":"\"throw\" is deprecated, avoid to use it","ruleId":"avoid-throw","filePath":"Benchmarks/Study_SamplesSet/7d27dd9bfa74287d2cdc390031d9578d.sol"},{"line":539,"column":58,"severity":"Error","message":"\"throw\" is deprecated, avoid to use it","ruleId":"avoid-throw","filePath":"Benchmarks/Study_SamplesSet/7d27dd9bfa74287d2cdc390031d9578d.sol"},{"line":542,"column":7,"severity":"Error","message":"Explicitly mark all external contracts as trusted or untrusted","ruleId":"mark-callable-contracts","filePath":"Benchmarks/Study_SamplesSet/7d27dd9bfa74287d2cdc390031d9578d.sol"},{"line":546,"column":5,"severity":"Error","message":"Explicitly mark visibility in function","ruleId":"func-visibility","fix":null,"filePath":"Benchmarks/Study_SamplesSet/7d27dd9bfa74287d2cdc390031d9578d.sol"},{"line":555,"column":7,"severity":"Error","message":"\"throw\" is deprecated, avoid to use it","ruleId":"avoid-throw","filePath":"Benchmarks/Study_SamplesSet/7d27dd9bfa74287d2cdc390031d9578d.sol"},{"line":559,"column":5,"severity":"Error","message":"Explicitly mark visibility in function","ruleId":"func-visibility","fix":null,"filePath":"Benchmarks/Study_SamplesSet/7d27dd9bfa74287d2cdc390031d9578d.sol"},{"line":597,"column":5,"severity":"Error","message":"Explicitly mark visibility in function","ruleId":"func-visibility","fix":null,"filePath":"Benchmarks/Study_SamplesSet/7d27dd9bfa74287d2cdc390031d9578d.sol"},{"line":611,"column":4,"severity":"Warning","message":"Fallback should be external and payable to accept native currency","ruleId":"payable-fallback","filePath":"Benchmarks/Study_SamplesSet/7d27dd9bfa74287d2cdc390031d9578d.sol"},{"line":611,"column":4,"severity":"Error","message":"Explicitly mark visibility in function","ruleId":"func-visibility","fix":null,"filePath":"Benchmarks/Study_SamplesSet/7d27dd9bfa74287d2cdc390031d9578d.sol"},{"line":613,"column":7,"severity":"Error","message":"\"throw\" is deprecated, avoid to use it","ruleId":"avoid-throw","filePath":"Benchmarks/Study_SamplesSet/7d27dd9bfa74287d2cdc390031d9578d.sol"},{"conclusion":"131 problem/s (105 error/s, 26 warning/s)"}]
