[{"line":5,"column":1,"severity":"Warning","message":"Found more than One contract per file. 3 contracts found!","ruleId":"one-contract-per-file","fix":null,"filePath":"Benchmarks/Study_SamplesSet/7f1cb43dfa46b3d2759d20c21dd9df6e.sol"},{"line":5,"column":1,"severity":"Error","message":"Compiler version >=0.5.11 does not satisfy the ^0.8.0 semver requirement","ruleId":"compiler-version","fix":null,"filePath":"Benchmarks/Study_SamplesSet/7f1cb43dfa46b3d2759d20c21dd9df6e.sol"},{"line":49,"column":9,"severity":"Warning","message":"Use Custom Errors instead of require statements","ruleId":"custom-errors","fix":null,"filePath":"Benchmarks/Study_SamplesSet/7f1cb43dfa46b3d2759d20c21dd9df6e.sol"},{"line":64,"column":9,"severity":"Warning","message":"Use Custom Errors instead of require statements","ruleId":"custom-errors","fix":null,"filePath":"Benchmarks/Study_SamplesSet/7f1cb43dfa46b3d2759d20c21dd9df6e.sol"},{"line":88,"column":9,"severity":"Warning","message":"Error message for require is too long: 33 counted / 32 allowed","ruleId":"reason-string","fix":null,"filePath":"Benchmarks/Study_SamplesSet/7f1cb43dfa46b3d2759d20c21dd9df6e.sol"},{"line":88,"column":9,"severity":"Warning","message":"Use Custom Errors instead of require statements","ruleId":"custom-errors","fix":null,"filePath":"Benchmarks/Study_SamplesSet/7f1cb43dfa46b3d2759d20c21dd9df6e.sol"},{"line":106,"column":9,"severity":"Warning","message":"Use Custom Errors instead of require statements","ruleId":"custom-errors","fix":null,"filePath":"Benchmarks/Study_SamplesSet/7f1cb43dfa46b3d2759d20c21dd9df6e.sol"},{"line":125,"column":9,"severity":"Warning","message":"Use Custom Errors instead of require statements","ruleId":"custom-errors","fix":null,"filePath":"Benchmarks/Study_SamplesSet/7f1cb43dfa46b3d2759d20c21dd9df6e.sol"},{"line":135,"column":1,"severity":"Warning","message":"Contract, Structs and Enums should be in CamelCase","ruleId":"contract-name-camelcase","filePath":"Benchmarks/Study_SamplesSet/7f1cb43dfa46b3d2759d20c21dd9df6e.sol"},{"line":136,"column":3,"severity":"Warning","message":"Function name must be in mixedCase","ruleId":"func-name-mixedcase","fix":null,"filePath":"Benchmarks/Study_SamplesSet/7f1cb43dfa46b3d2759d20c21dd9df6e.sol"},{"line":137,"column":9,"severity":"Error","message":"Check result of \"send\" call","ruleId":"check-send-result","fix":null,"filePath":"Benchmarks/Study_SamplesSet/7f1cb43dfa46b3d2759d20c21dd9df6e.sol"},{"line":140,"column":3,"severity":"Warning","message":"Function name must be in mixedCase","ruleId":"func-name-mixedcase","fix":null,"filePath":"Benchmarks/Study_SamplesSet/7f1cb43dfa46b3d2759d20c21dd9df6e.sol"},{"line":141,"column":5,"severity":"Error","message":"Avoid to use low level calls.","ruleId":"avoid-low-level-calls","fix":null,"filePath":"Benchmarks/Study_SamplesSet/7f1cb43dfa46b3d2759d20c21dd9df6e.sol"},{"line":141,"column":5,"severity":"Error","message":"Avoid to use \".call.value()()\"","ruleId":"avoid-call-value","fix":null,"filePath":"Benchmarks/Study_SamplesSet/7f1cb43dfa46b3d2759d20c21dd9df6e.sol"},{"line":146,"column":3,"severity":"Warning","message":"Variable name must be in mixedCase","ruleId":"var-name-mixedcase","fix":null,"filePath":"Benchmarks/Study_SamplesSet/7f1cb43dfa46b3d2759d20c21dd9df6e.sol"},{"line":147,"column":1,"severity":"Warning","message":"Variable name must be in mixedCase","ruleId":"var-name-mixedcase","fix":null,"filePath":"Benchmarks/Study_SamplesSet/7f1cb43dfa46b3d2759d20c21dd9df6e.sol"},{"line":148,"column":1,"severity":"Warning","message":"Rule is set with explicit type [var/s: uint]","ruleId":"explicit-types","filePath":"Benchmarks/Study_SamplesSet/7f1cb43dfa46b3d2759d20c21dd9df6e.sol"},{"line":148,"column":1,"severity":"Warning","message":"Variable name must be in mixedCase","ruleId":"var-name-mixedcase","fix":null,"filePath":"Benchmarks/Study_SamplesSet/7f1cb43dfa46b3d2759d20c21dd9df6e.sol"},{"line":150,"column":1,"severity":"Warning","message":"Function name must be in mixedCase","ruleId":"func-name-mixedcase","fix":null,"filePath":"Benchmarks/Study_SamplesSet/7f1cb43dfa46b3d2759d20c21dd9df6e.sol"},{"line":151,"column":9,"severity":"Warning","message":"Provide an error message for require","ruleId":"reason-string","fix":null,"filePath":"Benchmarks/Study_SamplesSet/7f1cb43dfa46b3d2759d20c21dd9df6e.sol"},{"line":151,"column":9,"severity":"Warning","message":"Use Custom Errors instead of require statements","ruleId":"custom-errors","fix":null,"filePath":"Benchmarks/Study_SamplesSet/7f1cb43dfa46b3d2759d20c21dd9df6e.sol"},{"line":152,"column":9,"severity":"Error","message":"Check result of \"send\" call","ruleId":"check-send-result","fix":null,"filePath":"Benchmarks/Study_SamplesSet/7f1cb43dfa46b3d2759d20c21dd9df6e.sol"},{"line":153,"column":9,"severity":"Error","message":"Possible reentrancy vulnerabilities. Avoid state changes after transfer.","ruleId":"reentrancy","fix":null,"filePath":"Benchmarks/Study_SamplesSet/7f1cb43dfa46b3d2759d20c21dd9df6e.sol"},{"line":160,"column":1,"severity":"Warning","message":"Function name must be in mixedCase","ruleId":"func-name-mixedcase","fix":null,"filePath":"Benchmarks/Study_SamplesSet/7f1cb43dfa46b3d2759d20c21dd9df6e.sol"},{"line":161,"column":5,"severity":"Error","message":"Avoid to use low level calls.","ruleId":"avoid-low-level-calls","fix":null,"filePath":"Benchmarks/Study_SamplesSet/7f1cb43dfa46b3d2759d20c21dd9df6e.sol"},{"line":161,"column":5,"severity":"Error","message":"Avoid to use \".call.value()()\"","ruleId":"avoid-call-value","fix":null,"filePath":"Benchmarks/Study_SamplesSet/7f1cb43dfa46b3d2759d20c21dd9df6e.sol"},{"line":165,"column":9,"severity":"Warning","message":"Provide an error message for require","ruleId":"reason-string","fix":null,"filePath":"Benchmarks/Study_SamplesSet/7f1cb43dfa46b3d2759d20c21dd9df6e.sol"},{"line":165,"column":9,"severity":"Warning","message":"Use Custom Errors instead of require statements","ruleId":"custom-errors","fix":null,"filePath":"Benchmarks/Study_SamplesSet/7f1cb43dfa46b3d2759d20c21dd9df6e.sol"},{"line":173,"column":1,"severity":"Warning","message":"Function name must be in mixedCase","ruleId":"func-name-mixedcase","fix":null,"filePath":"Benchmarks/Study_SamplesSet/7f1cb43dfa46b3d2759d20c21dd9df6e.sol"},{"line":174,"column":8,"severity":"Error","message":"Check result of \"send\" call","ruleId":"check-send-result","fix":null,"filePath":"Benchmarks/Study_SamplesSet/7f1cb43dfa46b3d2759d20c21dd9df6e.sol"},{"line":178,"column":9,"severity":"Warning","message":"Provide an error message for require","ruleId":"reason-string","fix":null,"filePath":"Benchmarks/Study_SamplesSet/7f1cb43dfa46b3d2759d20c21dd9df6e.sol"},{"line":178,"column":9,"severity":"Warning","message":"Use Custom Errors instead of require statements","ruleId":"custom-errors","fix":null,"filePath":"Benchmarks/Study_SamplesSet/7f1cb43dfa46b3d2759d20c21dd9df6e.sol"},{"line":179,"column":35,"severity":"Error","message":"Avoid making time-based decisions in your business logic","ruleId":"not-rely-on-time","fix":null,"filePath":"Benchmarks/Study_SamplesSet/7f1cb43dfa46b3d2759d20c21dd9df6e.sol"},{"line":183,"column":1,"severity":"Warning","message":"Variable name must be in mixedCase","ruleId":"var-name-mixedcase","fix":null,"filePath":"Benchmarks/Study_SamplesSet/7f1cb43dfa46b3d2759d20c21dd9df6e.sol"},{"line":185,"column":1,"severity":"Warning","message":"Function name must be in mixedCase","ruleId":"func-name-mixedcase","fix":null,"filePath":"Benchmarks/Study_SamplesSet/7f1cb43dfa46b3d2759d20c21dd9df6e.sol"},{"line":186,"column":9,"severity":"Warning","message":"Provide an error message for require","ruleId":"reason-string","fix":null,"filePath":"Benchmarks/Study_SamplesSet/7f1cb43dfa46b3d2759d20c21dd9df6e.sol"},{"line":186,"column":9,"severity":"Warning","message":"Use Custom Errors instead of require statements","ruleId":"custom-errors","fix":null,"filePath":"Benchmarks/Study_SamplesSet/7f1cb43dfa46b3d2759d20c21dd9df6e.sol"},{"line":187,"column":9,"severity":"Error","message":"Check result of \"send\" call","ruleId":"check-send-result","fix":null,"filePath":"Benchmarks/Study_SamplesSet/7f1cb43dfa46b3d2759d20c21dd9df6e.sol"},{"line":200,"column":1,"severity":"Warning","message":"Contract has 17 states declarations but allowed no more than 15","ruleId":"max-states-count","fix":null,"filePath":"Benchmarks/Study_SamplesSet/7f1cb43dfa46b3d2759d20c21dd9df6e.sol"},{"line":202,"column":1,"severity":"Warning","message":"Function name must be in mixedCase","ruleId":"func-name-mixedcase","fix":null,"filePath":"Benchmarks/Study_SamplesSet/7f1cb43dfa46b3d2759d20c21dd9df6e.sol"},{"line":203,"column":2,"severity":"Warning","message":"Variable name must be in mixedCase","ruleId":"var-name-mixedcase","fix":null,"filePath":"Benchmarks/Study_SamplesSet/7f1cb43dfa46b3d2759d20c21dd9df6e.sol"},{"line":204,"column":2,"severity":"Error","message":"Check result of \"send\" call","ruleId":"check-send-result","fix":null,"filePath":"Benchmarks/Study_SamplesSet/7f1cb43dfa46b3d2759d20c21dd9df6e.sol"},{"line":204,"column":18,"severity":"Error","message":"Explicitly mark all external contracts as trusted or untrusted","ruleId":"mark-callable-contracts","filePath":"Benchmarks/Study_SamplesSet/7f1cb43dfa46b3d2759d20c21dd9df6e.sol"},{"line":206,"column":1,"severity":"Warning","message":"Function name must be in mixedCase","ruleId":"func-name-mixedcase","fix":null,"filePath":"Benchmarks/Study_SamplesSet/7f1cb43dfa46b3d2759d20c21dd9df6e.sol"},{"line":207,"column":1,"severity":"Warning","message":"Rule is set with explicit type [var/s: uint]","ruleId":"explicit-types","filePath":"Benchmarks/Study_SamplesSet/7f1cb43dfa46b3d2759d20c21dd9df6e.sol"},{"line":207,"column":1,"severity":"Warning","message":"Variable name must be in mixedCase","ruleId":"var-name-mixedcase","fix":null,"filePath":"Benchmarks/Study_SamplesSet/7f1cb43dfa46b3d2759d20c21dd9df6e.sol"},{"line":208,"column":1,"severity":"Warning","message":"Variable name must be in mixedCase","ruleId":"var-name-mixedcase","fix":null,"filePath":"Benchmarks/Study_SamplesSet/7f1cb43dfa46b3d2759d20c21dd9df6e.sol"},{"line":212,"column":3,"severity":"Warning","message":"Provide an error message for revert","ruleId":"reason-string","fix":null,"filePath":"Benchmarks/Study_SamplesSet/7f1cb43dfa46b3d2759d20c21dd9df6e.sol"},{"line":212,"column":3,"severity":"Warning","message":"Use Custom Errors instead of revert statements","ruleId":"custom-errors","fix":null,"filePath":"Benchmarks/Study_SamplesSet/7f1cb43dfa46b3d2759d20c21dd9df6e.sol"},{"line":215,"column":1,"severity":"Warning","message":"Function name must be in mixedCase","ruleId":"func-name-mixedcase","fix":null,"filePath":"Benchmarks/Study_SamplesSet/7f1cb43dfa46b3d2759d20c21dd9df6e.sol"},{"line":216,"column":5,"severity":"Error","message":"Check result of \"send\" call","ruleId":"check-send-result","fix":null,"filePath":"Benchmarks/Study_SamplesSet/7f1cb43dfa46b3d2759d20c21dd9df6e.sol"},{"line":218,"column":3,"severity":"Warning","message":"Rule is set with explicit type [var/s: uint]","ruleId":"explicit-types","filePath":"Benchmarks/Study_SamplesSet/7f1cb43dfa46b3d2759d20c21dd9df6e.sol"},{"line":220,"column":1,"severity":"Warning","message":"Function name must be in mixedCase","ruleId":"func-name-mixedcase","fix":null,"filePath":"Benchmarks/Study_SamplesSet/7f1cb43dfa46b3d2759d20c21dd9df6e.sol"},{"line":221,"column":1,"severity":"Warning","message":"Variable name must be in mixedCase","ruleId":"var-name-mixedcase","fix":null,"filePath":"Benchmarks/Study_SamplesSet/7f1cb43dfa46b3d2759d20c21dd9df6e.sol"},{"line":223,"column":3,"severity":"Warning","message":"Provide an error message for revert","ruleId":"reason-string","fix":null,"filePath":"Benchmarks/Study_SamplesSet/7f1cb43dfa46b3d2759d20c21dd9df6e.sol"},{"line":223,"column":3,"severity":"Warning","message":"Use Custom Errors instead of revert statements","ruleId":"custom-errors","fix":null,"filePath":"Benchmarks/Study_SamplesSet/7f1cb43dfa46b3d2759d20c21dd9df6e.sol"},{"line":225,"column":3,"severity":"Warning","message":"Rule is set with explicit type [var/s: uint]","ruleId":"explicit-types","filePath":"Benchmarks/Study_SamplesSet/7f1cb43dfa46b3d2759d20c21dd9df6e.sol"},{"line":226,"column":1,"severity":"Warning","message":"Function name must be in mixedCase","ruleId":"func-name-mixedcase","fix":null,"filePath":"Benchmarks/Study_SamplesSet/7f1cb43dfa46b3d2759d20c21dd9df6e.sol"},{"line":227,"column":9,"severity":"Error","message":"Avoid to use low level calls.","ruleId":"avoid-low-level-calls","fix":null,"filePath":"Benchmarks/Study_SamplesSet/7f1cb43dfa46b3d2759d20c21dd9df6e.sol"},{"line":227,"column":9,"severity":"Error","message":"Avoid to use \".call.value()()\"","ruleId":"avoid-call-value","fix":null,"filePath":"Benchmarks/Study_SamplesSet/7f1cb43dfa46b3d2759d20c21dd9df6e.sol"},{"line":230,"column":1,"severity":"Warning","message":"Function name must be in mixedCase","ruleId":"func-name-mixedcase","fix":null,"filePath":"Benchmarks/Study_SamplesSet/7f1cb43dfa46b3d2759d20c21dd9df6e.sol"},{"line":231,"column":2,"severity":"Warning","message":"Variable name must be in mixedCase","ruleId":"var-name-mixedcase","fix":null,"filePath":"Benchmarks/Study_SamplesSet/7f1cb43dfa46b3d2759d20c21dd9df6e.sol"},{"line":232,"column":2,"severity":"Error","message":"Check result of \"send\" call","ruleId":"check-send-result","fix":null,"filePath":"Benchmarks/Study_SamplesSet/7f1cb43dfa46b3d2759d20c21dd9df6e.sol"},{"line":232,"column":18,"severity":"Error","message":"Explicitly mark all external contracts as trusted or untrusted","ruleId":"mark-callable-contracts","filePath":"Benchmarks/Study_SamplesSet/7f1cb43dfa46b3d2759d20c21dd9df6e.sol"},{"line":233,"column":3,"severity":"Warning","message":"Rule is set with explicit type [var/s: uint]","ruleId":"explicit-types","filePath":"Benchmarks/Study_SamplesSet/7f1cb43dfa46b3d2759d20c21dd9df6e.sol"},{"line":235,"column":1,"severity":"Warning","message":"Function name must be in mixedCase","ruleId":"func-name-mixedcase","fix":null,"filePath":"Benchmarks/Study_SamplesSet/7f1cb43dfa46b3d2759d20c21dd9df6e.sol"},{"line":236,"column":4,"severity":"Warning","message":"Variable name must be in mixedCase","ruleId":"var-name-mixedcase","fix":null,"filePath":"Benchmarks/Study_SamplesSet/7f1cb43dfa46b3d2759d20c21dd9df6e.sol"},{"line":238,"column":7,"severity":"Warning","message":"Code contains empty blocks","ruleId":"no-empty-blocks","fix":null,"filePath":"Benchmarks/Study_SamplesSet/7f1cb43dfa46b3d2759d20c21dd9df6e.sol"},{"line":241,"column":7,"severity":"Warning","message":"Code contains empty blocks","ruleId":"no-empty-blocks","fix":null,"filePath":"Benchmarks/Study_SamplesSet/7f1cb43dfa46b3d2759d20c21dd9df6e.sol"},{"line":244,"column":50,"severity":"Warning","message":"Rule is set with explicit type [var/s: uint]","ruleId":"explicit-types","filePath":"Benchmarks/Study_SamplesSet/7f1cb43dfa46b3d2759d20c21dd9df6e.sol"},{"line":244,"column":85,"severity":"Warning","message":"Rule is set with explicit type [var/s: uint]","ruleId":"explicit-types","filePath":"Benchmarks/Study_SamplesSet/7f1cb43dfa46b3d2759d20c21dd9df6e.sol"},{"line":244,"column":102,"severity":"Warning","message":"Rule is set with explicit type [var/s: uint]","ruleId":"explicit-types","filePath":"Benchmarks/Study_SamplesSet/7f1cb43dfa46b3d2759d20c21dd9df6e.sol"},{"line":244,"column":116,"severity":"Warning","message":"Rule is set with explicit type [var/s: uint]","ruleId":"explicit-types","filePath":"Benchmarks/Study_SamplesSet/7f1cb43dfa46b3d2759d20c21dd9df6e.sol"},{"line":245,"column":1,"severity":"Warning","message":"Variable name must be in mixedCase","ruleId":"var-name-mixedcase","fix":null,"filePath":"Benchmarks/Study_SamplesSet/7f1cb43dfa46b3d2759d20c21dd9df6e.sol"},{"line":247,"column":1,"severity":"Warning","message":"Function name must be in mixedCase","ruleId":"func-name-mixedcase","fix":null,"filePath":"Benchmarks/Study_SamplesSet/7f1cb43dfa46b3d2759d20c21dd9df6e.sol"},{"line":248,"column":9,"severity":"Warning","message":"Provide an error message for require","ruleId":"reason-string","fix":null,"filePath":"Benchmarks/Study_SamplesSet/7f1cb43dfa46b3d2759d20c21dd9df6e.sol"},{"line":248,"column":9,"severity":"Warning","message":"Use Custom Errors instead of require statements","ruleId":"custom-errors","fix":null,"filePath":"Benchmarks/Study_SamplesSet/7f1cb43dfa46b3d2759d20c21dd9df6e.sol"},{"line":249,"column":9,"severity":"Error","message":"Check result of \"send\" call","ruleId":"check-send-result","fix":null,"filePath":"Benchmarks/Study_SamplesSet/7f1cb43dfa46b3d2759d20c21dd9df6e.sol"},{"line":251,"column":51,"severity":"Warning","message":"Rule is set with explicit type [var/s: uint]","ruleId":"explicit-types","filePath":"Benchmarks/Study_SamplesSet/7f1cb43dfa46b3d2759d20c21dd9df6e.sol"},{"line":251,"column":86,"severity":"Warning","message":"Rule is set with explicit type [var/s: uint]","ruleId":"explicit-types","filePath":"Benchmarks/Study_SamplesSet/7f1cb43dfa46b3d2759d20c21dd9df6e.sol"},{"line":251,"column":103,"severity":"Warning","message":"Rule is set with explicit type [var/s: uint]","ruleId":"explicit-types","filePath":"Benchmarks/Study_SamplesSet/7f1cb43dfa46b3d2759d20c21dd9df6e.sol"},{"line":251,"column":117,"severity":"Warning","message":"Rule is set with explicit type [var/s: uint]","ruleId":"explicit-types","filePath":"Benchmarks/Study_SamplesSet/7f1cb43dfa46b3d2759d20c21dd9df6e.sol"},{"line":252,"column":1,"severity":"Warning","message":"Function name must be in mixedCase","ruleId":"func-name-mixedcase","fix":null,"filePath":"Benchmarks/Study_SamplesSet/7f1cb43dfa46b3d2759d20c21dd9df6e.sol"},{"line":253,"column":8,"severity":"Error","message":"Check result of \"send\" call","ruleId":"check-send-result","fix":null,"filePath":"Benchmarks/Study_SamplesSet/7f1cb43dfa46b3d2759d20c21dd9df6e.sol"},{"line":254,"column":50,"severity":"Warning","message":"Rule is set with explicit type [var/s: uint]","ruleId":"explicit-types","filePath":"Benchmarks/Study_SamplesSet/7f1cb43dfa46b3d2759d20c21dd9df6e.sol"},{"line":254,"column":85,"severity":"Warning","message":"Rule is set with explicit type [var/s: uint]","ruleId":"explicit-types","filePath":"Benchmarks/Study_SamplesSet/7f1cb43dfa46b3d2759d20c21dd9df6e.sol"},{"line":255,"column":1,"severity":"Warning","message":"Function name must be in mixedCase","ruleId":"func-name-mixedcase","fix":null,"filePath":"Benchmarks/Study_SamplesSet/7f1cb43dfa46b3d2759d20c21dd9df6e.sol"},{"line":256,"column":1,"severity":"Warning","message":"Variable name must be in mixedCase","ruleId":"var-name-mixedcase","fix":null,"filePath":"Benchmarks/Study_SamplesSet/7f1cb43dfa46b3d2759d20c21dd9df6e.sol"},{"line":258,"column":3,"severity":"Warning","message":"Provide an error message for revert","ruleId":"reason-string","fix":null,"filePath":"Benchmarks/Study_SamplesSet/7f1cb43dfa46b3d2759d20c21dd9df6e.sol"},{"line":258,"column":3,"severity":"Warning","message":"Use Custom Errors instead of revert statements","ruleId":"custom-errors","fix":null,"filePath":"Benchmarks/Study_SamplesSet/7f1cb43dfa46b3d2759d20c21dd9df6e.sol"},{"line":260,"column":63,"severity":"Warning","message":"Rule is set with explicit type [var/s: uint]","ruleId":"explicit-types","filePath":"Benchmarks/Study_SamplesSet/7f1cb43dfa46b3d2759d20c21dd9df6e.sol"},{"line":260,"column":76,"severity":"Warning","message":"Rule is set with explicit type [var/s: uint]","ruleId":"explicit-types","filePath":"Benchmarks/Study_SamplesSet/7f1cb43dfa46b3d2759d20c21dd9df6e.sol"},{"line":261,"column":1,"severity":"Warning","message":"Variable name must be in mixedCase","ruleId":"var-name-mixedcase","fix":null,"filePath":"Benchmarks/Study_SamplesSet/7f1cb43dfa46b3d2759d20c21dd9df6e.sol"},{"line":263,"column":1,"severity":"Warning","message":"Function name must be in mixedCase","ruleId":"func-name-mixedcase","fix":null,"filePath":"Benchmarks/Study_SamplesSet/7f1cb43dfa46b3d2759d20c21dd9df6e.sol"},{"line":264,"column":9,"severity":"Warning","message":"Provide an error message for require","ruleId":"reason-string","fix":null,"filePath":"Benchmarks/Study_SamplesSet/7f1cb43dfa46b3d2759d20c21dd9df6e.sol"},{"line":264,"column":9,"severity":"Warning","message":"Use Custom Errors instead of require statements","ruleId":"custom-errors","fix":null,"filePath":"Benchmarks/Study_SamplesSet/7f1cb43dfa46b3d2759d20c21dd9df6e.sol"},{"line":265,"column":9,"severity":"Error","message":"Check result of \"send\" call","ruleId":"check-send-result","fix":null,"filePath":"Benchmarks/Study_SamplesSet/7f1cb43dfa46b3d2759d20c21dd9df6e.sol"},{"line":267,"column":64,"severity":"Warning","message":"Rule is set with explicit type [var/s: uint]","ruleId":"explicit-types","filePath":"Benchmarks/Study_SamplesSet/7f1cb43dfa46b3d2759d20c21dd9df6e.sol"},{"line":267,"column":77,"severity":"Warning","message":"Rule is set with explicit type [var/s: uint]","ruleId":"explicit-types","filePath":"Benchmarks/Study_SamplesSet/7f1cb43dfa46b3d2759d20c21dd9df6e.sol"},{"line":268,"column":1,"severity":"Warning","message":"Function name must be in mixedCase","ruleId":"func-name-mixedcase","fix":null,"filePath":"Benchmarks/Study_SamplesSet/7f1cb43dfa46b3d2759d20c21dd9df6e.sol"},{"line":269,"column":5,"severity":"Error","message":"Avoid to use low level calls.","ruleId":"avoid-low-level-calls","fix":null,"filePath":"Benchmarks/Study_SamplesSet/7f1cb43dfa46b3d2759d20c21dd9df6e.sol"},{"line":269,"column":5,"severity":"Error","message":"Avoid to use \".call.value()()\"","ruleId":"avoid-call-value","fix":null,"filePath":"Benchmarks/Study_SamplesSet/7f1cb43dfa46b3d2759d20c21dd9df6e.sol"},{"line":278,"column":1,"severity":"Warning","message":"Function name must be in mixedCase","ruleId":"func-name-mixedcase","fix":null,"filePath":"Benchmarks/Study_SamplesSet/7f1cb43dfa46b3d2759d20c21dd9df6e.sol"},{"line":279,"column":5,"severity":"Error","message":"Avoid to use low level calls.","ruleId":"avoid-low-level-calls","fix":null,"filePath":"Benchmarks/Study_SamplesSet/7f1cb43dfa46b3d2759d20c21dd9df6e.sol"},{"line":279,"column":5,"severity":"Error","message":"Avoid to use \".call.value()()\"","ruleId":"avoid-call-value","fix":null,"filePath":"Benchmarks/Study_SamplesSet/7f1cb43dfa46b3d2759d20c21dd9df6e.sol"},{"line":282,"column":48,"severity":"Warning","message":"Visibility modifier must be first in list of modifiers","ruleId":"visibility-modifier-order","fix":null,"filePath":"Benchmarks/Study_SamplesSet/7f1cb43dfa46b3d2759d20c21dd9df6e.sol"},{"line":293,"column":1,"severity":"Warning","message":"Function name must be in mixedCase","ruleId":"func-name-mixedcase","fix":null,"filePath":"Benchmarks/Study_SamplesSet/7f1cb43dfa46b3d2759d20c21dd9df6e.sol"},{"line":294,"column":1,"severity":"Warning","message":"Variable name must be in mixedCase","ruleId":"var-name-mixedcase","fix":null,"filePath":"Benchmarks/Study_SamplesSet/7f1cb43dfa46b3d2759d20c21dd9df6e.sol"},{"line":296,"column":3,"severity":"Warning","message":"Provide an error message for revert","ruleId":"reason-string","fix":null,"filePath":"Benchmarks/Study_SamplesSet/7f1cb43dfa46b3d2759d20c21dd9df6e.sol"},{"line":296,"column":3,"severity":"Warning","message":"Use Custom Errors instead of revert statements","ruleId":"custom-errors","fix":null,"filePath":"Benchmarks/Study_SamplesSet/7f1cb43dfa46b3d2759d20c21dd9df6e.sol"},{"line":300,"column":34,"severity":"Warning","message":"Variable name must be in mixedCase","ruleId":"var-name-mixedcase","fix":null,"filePath":"Benchmarks/Study_SamplesSet/7f1cb43dfa46b3d2759d20c21dd9df6e.sol"},{"line":303,"column":9,"severity":"Warning","message":"Provide an error message for require","ruleId":"reason-string","fix":null,"filePath":"Benchmarks/Study_SamplesSet/7f1cb43dfa46b3d2759d20c21dd9df6e.sol"},{"line":303,"column":9,"severity":"Warning","message":"Use Custom Errors instead of require statements","ruleId":"custom-errors","fix":null,"filePath":"Benchmarks/Study_SamplesSet/7f1cb43dfa46b3d2759d20c21dd9df6e.sol"},{"line":307,"column":1,"severity":"Warning","message":"Function name must be in mixedCase","ruleId":"func-name-mixedcase","fix":null,"filePath":"Benchmarks/Study_SamplesSet/7f1cb43dfa46b3d2759d20c21dd9df6e.sol"},{"line":308,"column":5,"severity":"Error","message":"Check result of \"send\" call","ruleId":"check-send-result","fix":null,"filePath":"Benchmarks/Study_SamplesSet/7f1cb43dfa46b3d2759d20c21dd9df6e.sol"},{"line":321,"column":1,"severity":"Warning","message":"Variable name must be in mixedCase","ruleId":"var-name-mixedcase","fix":null,"filePath":"Benchmarks/Study_SamplesSet/7f1cb43dfa46b3d2759d20c21dd9df6e.sol"},{"line":322,"column":1,"severity":"Warning","message":"Variable name must be in mixedCase","ruleId":"var-name-mixedcase","fix":null,"filePath":"Benchmarks/Study_SamplesSet/7f1cb43dfa46b3d2759d20c21dd9df6e.sol"},{"line":323,"column":1,"severity":"Warning","message":"Rule is set with explicit type [var/s: uint]","ruleId":"explicit-types","filePath":"Benchmarks/Study_SamplesSet/7f1cb43dfa46b3d2759d20c21dd9df6e.sol"},{"line":323,"column":1,"severity":"Warning","message":"Variable name must be in mixedCase","ruleId":"var-name-mixedcase","fix":null,"filePath":"Benchmarks/Study_SamplesSet/7f1cb43dfa46b3d2759d20c21dd9df6e.sol"},{"line":325,"column":1,"severity":"Warning","message":"Function name must be in mixedCase","ruleId":"func-name-mixedcase","fix":null,"filePath":"Benchmarks/Study_SamplesSet/7f1cb43dfa46b3d2759d20c21dd9df6e.sol"},{"line":326,"column":9,"severity":"Warning","message":"Provide an error message for require","ruleId":"reason-string","fix":null,"filePath":"Benchmarks/Study_SamplesSet/7f1cb43dfa46b3d2759d20c21dd9df6e.sol"},{"line":326,"column":9,"severity":"Warning","message":"Use Custom Errors instead of require statements","ruleId":"custom-errors","fix":null,"filePath":"Benchmarks/Study_SamplesSet/7f1cb43dfa46b3d2759d20c21dd9df6e.sol"},{"line":327,"column":9,"severity":"Error","message":"Check result of \"send\" call","ruleId":"check-send-result","fix":null,"filePath":"Benchmarks/Study_SamplesSet/7f1cb43dfa46b3d2759d20c21dd9df6e.sol"},{"line":328,"column":9,"severity":"Error","message":"Possible reentrancy vulnerabilities. Avoid state changes after transfer.","ruleId":"reentrancy","fix":null,"filePath":"Benchmarks/Study_SamplesSet/7f1cb43dfa46b3d2759d20c21dd9df6e.sol"},{"line":331,"column":29,"severity":"Warning","message":"Rule is set with explicit type [var/s: uint]","ruleId":"explicit-types","filePath":"Benchmarks/Study_SamplesSet/7f1cb43dfa46b3d2759d20c21dd9df6e.sol"},{"line":335,"column":1,"severity":"Warning","message":"Variable name must be in mixedCase","ruleId":"var-name-mixedcase","fix":null,"filePath":"Benchmarks/Study_SamplesSet/7f1cb43dfa46b3d2759d20c21dd9df6e.sol"},{"line":336,"column":1,"severity":"Warning","message":"Variable name must be in mixedCase","ruleId":"var-name-mixedcase","fix":null,"filePath":"Benchmarks/Study_SamplesSet/7f1cb43dfa46b3d2759d20c21dd9df6e.sol"},{"line":337,"column":1,"severity":"Warning","message":"Rule is set with explicit type [var/s: uint]","ruleId":"explicit-types","filePath":"Benchmarks/Study_SamplesSet/7f1cb43dfa46b3d2759d20c21dd9df6e.sol"},{"line":337,"column":1,"severity":"Warning","message":"Variable name must be in mixedCase","ruleId":"var-name-mixedcase","fix":null,"filePath":"Benchmarks/Study_SamplesSet/7f1cb43dfa46b3d2759d20c21dd9df6e.sol"},{"line":339,"column":1,"severity":"Warning","message":"Function name must be in mixedCase","ruleId":"func-name-mixedcase","fix":null,"filePath":"Benchmarks/Study_SamplesSet/7f1cb43dfa46b3d2759d20c21dd9df6e.sol"},{"line":340,"column":9,"severity":"Warning","message":"Provide an error message for require","ruleId":"reason-string","fix":null,"filePath":"Benchmarks/Study_SamplesSet/7f1cb43dfa46b3d2759d20c21dd9df6e.sol"},{"line":340,"column":9,"severity":"Warning","message":"Use Custom Errors instead of require statements","ruleId":"custom-errors","fix":null,"filePath":"Benchmarks/Study_SamplesSet/7f1cb43dfa46b3d2759d20c21dd9df6e.sol"},{"line":341,"column":9,"severity":"Error","message":"Check result of \"send\" call","ruleId":"check-send-result","fix":null,"filePath":"Benchmarks/Study_SamplesSet/7f1cb43dfa46b3d2759d20c21dd9df6e.sol"},{"line":342,"column":9,"severity":"Error","message":"Possible reentrancy vulnerabilities. Avoid state changes after transfer.","ruleId":"reentrancy","fix":null,"filePath":"Benchmarks/Study_SamplesSet/7f1cb43dfa46b3d2759d20c21dd9df6e.sol"},{"line":349,"column":1,"severity":"Warning","message":"Function name must be in mixedCase","ruleId":"func-name-mixedcase","fix":null,"filePath":"Benchmarks/Study_SamplesSet/7f1cb43dfa46b3d2759d20c21dd9df6e.sol"},{"line":350,"column":5,"severity":"Error","message":"Check result of \"send\" call","ruleId":"check-send-result","fix":null,"filePath":"Benchmarks/Study_SamplesSet/7f1cb43dfa46b3d2759d20c21dd9df6e.sol"},{"line":355,"column":7,"severity":"Warning","message":"Use Custom Errors instead of require statements","ruleId":"custom-errors","fix":null,"filePath":"Benchmarks/Study_SamplesSet/7f1cb43dfa46b3d2759d20c21dd9df6e.sol"},{"line":355,"column":28,"severity":"Error","message":"Use double quotes for string literals","ruleId":"quotes","filePath":"Benchmarks/Study_SamplesSet/7f1cb43dfa46b3d2759d20c21dd9df6e.sol"},{"line":364,"column":1,"severity":"Warning","message":"Function name must be in mixedCase","ruleId":"func-name-mixedcase","fix":null,"filePath":"Benchmarks/Study_SamplesSet/7f1cb43dfa46b3d2759d20c21dd9df6e.sol"},{"line":364,"column":23,"severity":"Warning","message":"Rule is set with explicit type [var/s: uint]","ruleId":"explicit-types","filePath":"Benchmarks/Study_SamplesSet/7f1cb43dfa46b3d2759d20c21dd9df6e.sol"},{"line":364,"column":40,"severity":"Warning","message":"Rule is set with explicit type [var/s: uint]","ruleId":"explicit-types","filePath":"Benchmarks/Study_SamplesSet/7f1cb43dfa46b3d2759d20c21dd9df6e.sol"},{"line":364,"column":58,"severity":"Warning","message":"Variable name must be in mixedCase","ruleId":"var-name-mixedcase","fix":null,"filePath":"Benchmarks/Study_SamplesSet/7f1cb43dfa46b3d2759d20c21dd9df6e.sol"},{"line":364,"column":23,"severity":"Warning","message":"Variable \"roundIndex\" is unused","ruleId":"no-unused-vars","fix":null,"filePath":"Benchmarks/Study_SamplesSet/7f1cb43dfa46b3d2759d20c21dd9df6e.sol"},{"line":364,"column":40,"severity":"Warning","message":"Variable \"subpotIndex\" is unused","ruleId":"no-unused-vars","fix":null,"filePath":"Benchmarks/Study_SamplesSet/7f1cb43dfa46b3d2759d20c21dd9df6e.sol"},{"line":365,"column":9,"severity":"Warning","message":"Variable name must be in mixedCase","ruleId":"var-name-mixedcase","fix":null,"filePath":"Benchmarks/Study_SamplesSet/7f1cb43dfa46b3d2759d20c21dd9df6e.sol"},{"line":366,"column":9,"severity":"Error","message":"Check result of \"send\" call","ruleId":"check-send-result","fix":null,"filePath":"Benchmarks/Study_SamplesSet/7f1cb43dfa46b3d2759d20c21dd9df6e.sol"},{"line":372,"column":18,"severity":"Error","message":"Avoid making time-based decisions in your business logic","ruleId":"not-rely-on-time","fix":null,"filePath":"Benchmarks/Study_SamplesSet/7f1cb43dfa46b3d2759d20c21dd9df6e.sol"},{"line":374,"column":1,"severity":"Warning","message":"Function name must be in mixedCase","ruleId":"func-name-mixedcase","fix":null,"filePath":"Benchmarks/Study_SamplesSet/7f1cb43dfa46b3d2759d20c21dd9df6e.sol"},{"line":375,"column":4,"severity":"Warning","message":"Variable name must be in mixedCase","ruleId":"var-name-mixedcase","fix":null,"filePath":"Benchmarks/Study_SamplesSet/7f1cb43dfa46b3d2759d20c21dd9df6e.sol"},{"line":377,"column":7,"severity":"Warning","message":"Code contains empty blocks","ruleId":"no-empty-blocks","fix":null,"filePath":"Benchmarks/Study_SamplesSet/7f1cb43dfa46b3d2759d20c21dd9df6e.sol"},{"line":380,"column":7,"severity":"Warning","message":"Code contains empty blocks","ruleId":"no-empty-blocks","fix":null,"filePath":"Benchmarks/Study_SamplesSet/7f1cb43dfa46b3d2759d20c21dd9df6e.sol"},{"line":384,"column":21,"severity":"Warning","message":"Rule is set with explicit type [var/s: uint]","ruleId":"explicit-types","filePath":"Benchmarks/Study_SamplesSet/7f1cb43dfa46b3d2759d20c21dd9df6e.sol"},{"line":385,"column":5,"severity":"Warning","message":"Use Custom Errors instead of require statements","ruleId":"custom-errors","fix":null,"filePath":"Benchmarks/Study_SamplesSet/7f1cb43dfa46b3d2759d20c21dd9df6e.sol"},{"line":386,"column":5,"severity":"Warning","message":"Provide an error message for require","ruleId":"reason-string","fix":null,"filePath":"Benchmarks/Study_SamplesSet/7f1cb43dfa46b3d2759d20c21dd9df6e.sol"},{"line":386,"column":5,"severity":"Warning","message":"Use Custom Errors instead of require statements","ruleId":"custom-errors","fix":null,"filePath":"Benchmarks/Study_SamplesSet/7f1cb43dfa46b3d2759d20c21dd9df6e.sol"},{"line":389,"column":19,"severity":"Error","message":"Avoid making time-based decisions in your business logic","ruleId":"not-rely-on-time","fix":null,"filePath":"Benchmarks/Study_SamplesSet/7f1cb43dfa46b3d2759d20c21dd9df6e.sol"},{"line":391,"column":1,"severity":"Warning","message":"Function name must be in mixedCase","ruleId":"func-name-mixedcase","fix":null,"filePath":"Benchmarks/Study_SamplesSet/7f1cb43dfa46b3d2759d20c21dd9df6e.sol"},{"line":392,"column":1,"severity":"Warning","message":"Variable name must be in mixedCase","ruleId":"var-name-mixedcase","fix":null,"filePath":"Benchmarks/Study_SamplesSet/7f1cb43dfa46b3d2759d20c21dd9df6e.sol"},{"line":394,"column":3,"severity":"Warning","message":"Provide an error message for revert","ruleId":"reason-string","fix":null,"filePath":"Benchmarks/Study_SamplesSet/7f1cb43dfa46b3d2759d20c21dd9df6e.sol"},{"line":394,"column":3,"severity":"Warning","message":"Use Custom Errors instead of revert statements","ruleId":"custom-errors","fix":null,"filePath":"Benchmarks/Study_SamplesSet/7f1cb43dfa46b3d2759d20c21dd9df6e.sol"},{"line":397,"column":40,"severity":"Warning","message":"Rule is set with explicit type [var/s: uint]","ruleId":"explicit-types","filePath":"Benchmarks/Study_SamplesSet/7f1cb43dfa46b3d2759d20c21dd9df6e.sol"},{"line":399,"column":5,"severity":"Warning","message":"Provide an error message for require","ruleId":"reason-string","fix":null,"filePath":"Benchmarks/Study_SamplesSet/7f1cb43dfa46b3d2759d20c21dd9df6e.sol"},{"line":399,"column":5,"severity":"Warning","message":"Use Custom Errors instead of require statements","ruleId":"custom-errors","fix":null,"filePath":"Benchmarks/Study_SamplesSet/7f1cb43dfa46b3d2759d20c21dd9df6e.sol"},{"line":400,"column":5,"severity":"Warning","message":"Provide an error message for require","ruleId":"reason-string","fix":null,"filePath":"Benchmarks/Study_SamplesSet/7f1cb43dfa46b3d2759d20c21dd9df6e.sol"},{"line":400,"column":5,"severity":"Warning","message":"Use Custom Errors instead of require statements","ruleId":"custom-errors","fix":null,"filePath":"Benchmarks/Study_SamplesSet/7f1cb43dfa46b3d2759d20c21dd9df6e.sol"},{"line":400,"column":13,"severity":"Error","message":"Explicitly mark all external contracts as trusted or untrusted","ruleId":"mark-callable-contracts","filePath":"Benchmarks/Study_SamplesSet/7f1cb43dfa46b3d2759d20c21dd9df6e.sol"},{"line":402,"column":18,"severity":"Error","message":"Avoid making time-based decisions in your business logic","ruleId":"not-rely-on-time","fix":null,"filePath":"Benchmarks/Study_SamplesSet/7f1cb43dfa46b3d2759d20c21dd9df6e.sol"},{"line":404,"column":1,"severity":"Warning","message":"Function name must be in mixedCase","ruleId":"func-name-mixedcase","fix":null,"filePath":"Benchmarks/Study_SamplesSet/7f1cb43dfa46b3d2759d20c21dd9df6e.sol"},{"line":405,"column":9,"severity":"Error","message":"Check result of \"send\" call","ruleId":"check-send-result","fix":null,"filePath":"Benchmarks/Study_SamplesSet/7f1cb43dfa46b3d2759d20c21dd9df6e.sol"},{"line":408,"column":41,"severity":"Warning","message":"Rule is set with explicit type [var/s: uint]","ruleId":"explicit-types","filePath":"Benchmarks/Study_SamplesSet/7f1cb43dfa46b3d2759d20c21dd9df6e.sol"},{"line":409,"column":5,"severity":"Warning","message":"Use Custom Errors instead of require statements","ruleId":"custom-errors","fix":null,"filePath":"Benchmarks/Study_SamplesSet/7f1cb43dfa46b3d2759d20c21dd9df6e.sol"},{"line":410,"column":5,"severity":"Warning","message":"Provide an error message for require","ruleId":"reason-string","fix":null,"filePath":"Benchmarks/Study_SamplesSet/7f1cb43dfa46b3d2759d20c21dd9df6e.sol"},{"line":410,"column":5,"severity":"Warning","message":"Use Custom Errors instead of require statements","ruleId":"custom-errors","fix":null,"filePath":"Benchmarks/Study_SamplesSet/7f1cb43dfa46b3d2759d20c21dd9df6e.sol"},{"line":411,"column":5,"severity":"Warning","message":"Provide an error message for require","ruleId":"reason-string","fix":null,"filePath":"Benchmarks/Study_SamplesSet/7f1cb43dfa46b3d2759d20c21dd9df6e.sol"},{"line":411,"column":5,"severity":"Warning","message":"Use Custom Errors instead of require statements","ruleId":"custom-errors","fix":null,"filePath":"Benchmarks/Study_SamplesSet/7f1cb43dfa46b3d2759d20c21dd9df6e.sol"},{"line":413,"column":4,"severity":"Error","message":"Explicitly mark all external contracts as trusted or untrusted","ruleId":"mark-callable-contracts","filePath":"Benchmarks/Study_SamplesSet/7f1cb43dfa46b3d2759d20c21dd9df6e.sol"},{"line":414,"column":19,"severity":"Error","message":"Avoid making time-based decisions in your business logic","ruleId":"not-rely-on-time","fix":null,"filePath":"Benchmarks/Study_SamplesSet/7f1cb43dfa46b3d2759d20c21dd9df6e.sol"},{"line":416,"column":1,"severity":"Warning","message":"Function name must be in mixedCase","ruleId":"func-name-mixedcase","fix":null,"filePath":"Benchmarks/Study_SamplesSet/7f1cb43dfa46b3d2759d20c21dd9df6e.sol"},{"line":417,"column":5,"severity":"Error","message":"Check result of \"send\" call","ruleId":"check-send-result","fix":null,"filePath":"Benchmarks/Study_SamplesSet/7f1cb43dfa46b3d2759d20c21dd9df6e.sol"},{"line":420,"column":72,"severity":"Warning","message":"Rule is set with explicit type [var/s: uint]","ruleId":"explicit-types","filePath":"Benchmarks/Study_SamplesSet/7f1cb43dfa46b3d2759d20c21dd9df6e.sol"},{"line":423,"column":1,"severity":"Warning","message":"Function name must be in mixedCase","ruleId":"func-name-mixedcase","fix":null,"filePath":"Benchmarks/Study_SamplesSet/7f1cb43dfa46b3d2759d20c21dd9df6e.sol"},{"line":424,"column":1,"severity":"Warning","message":"Rule is set with explicit type [var/s: uint]","ruleId":"explicit-types","filePath":"Benchmarks/Study_SamplesSet/7f1cb43dfa46b3d2759d20c21dd9df6e.sol"},{"line":424,"column":1,"severity":"Warning","message":"Variable name must be in mixedCase","ruleId":"var-name-mixedcase","fix":null,"filePath":"Benchmarks/Study_SamplesSet/7f1cb43dfa46b3d2759d20c21dd9df6e.sol"},{"line":425,"column":1,"severity":"Warning","message":"Variable name must be in mixedCase","ruleId":"var-name-mixedcase","fix":null,"filePath":"Benchmarks/Study_SamplesSet/7f1cb43dfa46b3d2759d20c21dd9df6e.sol"},{"line":429,"column":3,"severity":"Warning","message":"Provide an error message for revert","ruleId":"reason-string","fix":null,"filePath":"Benchmarks/Study_SamplesSet/7f1cb43dfa46b3d2759d20c21dd9df6e.sol"},{"line":429,"column":3,"severity":"Warning","message":"Use Custom Errors instead of revert statements","ruleId":"custom-errors","fix":null,"filePath":"Benchmarks/Study_SamplesSet/7f1cb43dfa46b3d2759d20c21dd9df6e.sol"},{"line":432,"column":36,"severity":"Warning","message":"Rule is set with explicit type [var/s: uint]","ruleId":"explicit-types","filePath":"Benchmarks/Study_SamplesSet/7f1cb43dfa46b3d2759d20c21dd9df6e.sol"},{"line":432,"column":71,"severity":"Warning","message":"Rule is set with explicit type [var/s: uint]","ruleId":"explicit-types","filePath":"Benchmarks/Study_SamplesSet/7f1cb43dfa46b3d2759d20c21dd9df6e.sol"},{"line":432,"column":88,"severity":"Warning","message":"Rule is set with explicit type [var/s: uint]","ruleId":"explicit-types","filePath":"Benchmarks/Study_SamplesSet/7f1cb43dfa46b3d2759d20c21dd9df6e.sol"},{"line":432,"column":102,"severity":"Warning","message":"Rule is set with explicit type [var/s: uint]","ruleId":"explicit-types","filePath":"Benchmarks/Study_SamplesSet/7f1cb43dfa46b3d2759d20c21dd9df6e.sol"},{"line":435,"column":16,"severity":"Error","message":"Avoid making time-based decisions in your business logic","ruleId":"not-rely-on-time","fix":null,"filePath":"Benchmarks/Study_SamplesSet/7f1cb43dfa46b3d2759d20c21dd9df6e.sol"},{"line":437,"column":1,"severity":"Warning","message":"Variable name must be in mixedCase","ruleId":"var-name-mixedcase","fix":null,"filePath":"Benchmarks/Study_SamplesSet/7f1cb43dfa46b3d2759d20c21dd9df6e.sol"},{"line":438,"column":1,"severity":"Warning","message":"Variable name must be in mixedCase","ruleId":"var-name-mixedcase","fix":null,"filePath":"Benchmarks/Study_SamplesSet/7f1cb43dfa46b3d2759d20c21dd9df6e.sol"},{"line":439,"column":1,"severity":"Warning","message":"Rule is set with explicit type [var/s: uint]","ruleId":"explicit-types","filePath":"Benchmarks/Study_SamplesSet/7f1cb43dfa46b3d2759d20c21dd9df6e.sol"},{"line":439,"column":1,"severity":"Warning","message":"Variable name must be in mixedCase","ruleId":"var-name-mixedcase","fix":null,"filePath":"Benchmarks/Study_SamplesSet/7f1cb43dfa46b3d2759d20c21dd9df6e.sol"},{"line":441,"column":1,"severity":"Warning","message":"Function name must be in mixedCase","ruleId":"func-name-mixedcase","fix":null,"filePath":"Benchmarks/Study_SamplesSet/7f1cb43dfa46b3d2759d20c21dd9df6e.sol"},{"line":442,"column":9,"severity":"Warning","message":"Provide an error message for require","ruleId":"reason-string","fix":null,"filePath":"Benchmarks/Study_SamplesSet/7f1cb43dfa46b3d2759d20c21dd9df6e.sol"},{"line":442,"column":9,"severity":"Warning","message":"Use Custom Errors instead of require statements","ruleId":"custom-errors","fix":null,"filePath":"Benchmarks/Study_SamplesSet/7f1cb43dfa46b3d2759d20c21dd9df6e.sol"},{"line":443,"column":9,"severity":"Error","message":"Check result of \"send\" call","ruleId":"check-send-result","fix":null,"filePath":"Benchmarks/Study_SamplesSet/7f1cb43dfa46b3d2759d20c21dd9df6e.sol"},{"line":444,"column":9,"severity":"Error","message":"Possible reentrancy vulnerabilities. Avoid state changes after transfer.","ruleId":"reentrancy","fix":null,"filePath":"Benchmarks/Study_SamplesSet/7f1cb43dfa46b3d2759d20c21dd9df6e.sol"},{"line":447,"column":36,"severity":"Warning","message":"Rule is set with explicit type [var/s: uint]","ruleId":"explicit-types","filePath":"Benchmarks/Study_SamplesSet/7f1cb43dfa46b3d2759d20c21dd9df6e.sol"},{"line":447,"column":71,"severity":"Warning","message":"Rule is set with explicit type [var/s: uint]","ruleId":"explicit-types","filePath":"Benchmarks/Study_SamplesSet/7f1cb43dfa46b3d2759d20c21dd9df6e.sol"},{"line":447,"column":88,"severity":"Warning","message":"Rule is set with explicit type [var/s: uint]","ruleId":"explicit-types","filePath":"Benchmarks/Study_SamplesSet/7f1cb43dfa46b3d2759d20c21dd9df6e.sol"},{"line":447,"column":102,"severity":"Warning","message":"Rule is set with explicit type [var/s: uint]","ruleId":"explicit-types","filePath":"Benchmarks/Study_SamplesSet/7f1cb43dfa46b3d2759d20c21dd9df6e.sol"},{"line":447,"column":159,"severity":"Warning","message":"Rule is set with explicit type [var/s: uint]","ruleId":"explicit-types","filePath":"Benchmarks/Study_SamplesSet/7f1cb43dfa46b3d2759d20c21dd9df6e.sol"},{"line":448,"column":5,"severity":"Warning","message":"Use Custom Errors instead of require statements","ruleId":"custom-errors","fix":null,"filePath":"Benchmarks/Study_SamplesSet/7f1cb43dfa46b3d2759d20c21dd9df6e.sol"},{"line":451,"column":5,"severity":"Warning","message":"Provide an error message for require","ruleId":"reason-string","fix":null,"filePath":"Benchmarks/Study_SamplesSet/7f1cb43dfa46b3d2759d20c21dd9df6e.sol"},{"line":451,"column":5,"severity":"Warning","message":"Use Custom Errors instead of require statements","ruleId":"custom-errors","fix":null,"filePath":"Benchmarks/Study_SamplesSet/7f1cb43dfa46b3d2759d20c21dd9df6e.sol"},{"line":458,"column":16,"severity":"Error","message":"Avoid making time-based decisions in your business logic","ruleId":"not-rely-on-time","fix":null,"filePath":"Benchmarks/Study_SamplesSet/7f1cb43dfa46b3d2759d20c21dd9df6e.sol"},{"line":461,"column":44,"severity":"Warning","message":"Rule is set with explicit type [var/s: uint]","ruleId":"explicit-types","filePath":"Benchmarks/Study_SamplesSet/7f1cb43dfa46b3d2759d20c21dd9df6e.sol"},{"line":461,"column":79,"severity":"Warning","message":"Rule is set with explicit type [var/s: uint]","ruleId":"explicit-types","filePath":"Benchmarks/Study_SamplesSet/7f1cb43dfa46b3d2759d20c21dd9df6e.sol"},{"line":461,"column":110,"severity":"Warning","message":"Rule is set with explicit type [var/s: uint]","ruleId":"explicit-types","filePath":"Benchmarks/Study_SamplesSet/7f1cb43dfa46b3d2759d20c21dd9df6e.sol"},{"line":463,"column":5,"severity":"Warning","message":"Rule is set with explicit type [var/s: uint]","ruleId":"explicit-types","filePath":"Benchmarks/Study_SamplesSet/7f1cb43dfa46b3d2759d20c21dd9df6e.sol"},{"line":471,"column":1,"severity":"Warning","message":"Function name must be in mixedCase","ruleId":"func-name-mixedcase","fix":null,"filePath":"Benchmarks/Study_SamplesSet/7f1cb43dfa46b3d2759d20c21dd9df6e.sol"},{"line":472,"column":8,"severity":"Error","message":"Check result of \"send\" call","ruleId":"check-send-result","fix":null,"filePath":"Benchmarks/Study_SamplesSet/7f1cb43dfa46b3d2759d20c21dd9df6e.sol"},{"line":474,"column":40,"severity":"Warning","message":"Rule is set with explicit type [var/s: uint]","ruleId":"explicit-types","filePath":"Benchmarks/Study_SamplesSet/7f1cb43dfa46b3d2759d20c21dd9df6e.sol"},{"line":474,"column":75,"severity":"Warning","message":"Rule is set with explicit type [var/s: uint]","ruleId":"explicit-types","filePath":"Benchmarks/Study_SamplesSet/7f1cb43dfa46b3d2759d20c21dd9df6e.sol"},{"line":474,"column":92,"severity":"Warning","message":"Rule is set with explicit type [var/s: uint]","ruleId":"explicit-types","filePath":"Benchmarks/Study_SamplesSet/7f1cb43dfa46b3d2759d20c21dd9df6e.sol"},{"line":474,"column":106,"severity":"Warning","message":"Rule is set with explicit type [var/s: uint]","ruleId":"explicit-types","filePath":"Benchmarks/Study_SamplesSet/7f1cb43dfa46b3d2759d20c21dd9df6e.sol"},{"line":474,"column":163,"severity":"Warning","message":"Rule is set with explicit type [var/s: uint]","ruleId":"explicit-types","filePath":"Benchmarks/Study_SamplesSet/7f1cb43dfa46b3d2759d20c21dd9df6e.sol"},{"line":482,"column":1,"severity":"Warning","message":"Function name must be in mixedCase","ruleId":"func-name-mixedcase","fix":null,"filePath":"Benchmarks/Study_SamplesSet/7f1cb43dfa46b3d2759d20c21dd9df6e.sol"},{"line":483,"column":9,"severity":"Error","message":"Avoid to use low level calls.","ruleId":"avoid-low-level-calls","fix":null,"filePath":"Benchmarks/Study_SamplesSet/7f1cb43dfa46b3d2759d20c21dd9df6e.sol"},{"line":483,"column":9,"severity":"Error","message":"Avoid to use \".call.value()()\"","ruleId":"avoid-call-value","fix":null,"filePath":"Benchmarks/Study_SamplesSet/7f1cb43dfa46b3d2759d20c21dd9df6e.sol"},{"line":486,"column":46,"severity":"Warning","message":"Rule is set with explicit type [var/s: uint]","ruleId":"explicit-types","filePath":"Benchmarks/Study_SamplesSet/7f1cb43dfa46b3d2759d20c21dd9df6e.sol"},{"line":486,"column":81,"severity":"Warning","message":"Rule is set with explicit type [var/s: uint]","ruleId":"explicit-types","filePath":"Benchmarks/Study_SamplesSet/7f1cb43dfa46b3d2759d20c21dd9df6e.sol"},{"line":486,"column":98,"severity":"Warning","message":"Rule is set with explicit type [var/s: uint]","ruleId":"explicit-types","filePath":"Benchmarks/Study_SamplesSet/7f1cb43dfa46b3d2759d20c21dd9df6e.sol"},{"line":486,"column":112,"severity":"Warning","message":"Rule is set with explicit type [var/s: uint]","ruleId":"explicit-types","filePath":"Benchmarks/Study_SamplesSet/7f1cb43dfa46b3d2759d20c21dd9df6e.sol"},{"line":486,"column":189,"severity":"Warning","message":"Rule is set with explicit type [var/s: uint]","ruleId":"explicit-types","filePath":"Benchmarks/Study_SamplesSet/7f1cb43dfa46b3d2759d20c21dd9df6e.sol"},{"line":488,"column":5,"severity":"Warning","message":"Rule is set with explicit type [var/s: uint]","ruleId":"explicit-types","filePath":"Benchmarks/Study_SamplesSet/7f1cb43dfa46b3d2759d20c21dd9df6e.sol"},{"line":500,"column":43,"severity":"Warning","message":"Rule is set with explicit type [var/s: uint]","ruleId":"explicit-types","filePath":"Benchmarks/Study_SamplesSet/7f1cb43dfa46b3d2759d20c21dd9df6e.sol"},{"line":500,"column":78,"severity":"Warning","message":"Rule is set with explicit type [var/s: uint]","ruleId":"explicit-types","filePath":"Benchmarks/Study_SamplesSet/7f1cb43dfa46b3d2759d20c21dd9df6e.sol"},{"line":500,"column":95,"severity":"Warning","message":"Rule is set with explicit type [var/s: uint]","ruleId":"explicit-types","filePath":"Benchmarks/Study_SamplesSet/7f1cb43dfa46b3d2759d20c21dd9df6e.sol"},{"line":500,"column":109,"severity":"Warning","message":"Rule is set with explicit type [var/s: uint]","ruleId":"explicit-types","filePath":"Benchmarks/Study_SamplesSet/7f1cb43dfa46b3d2759d20c21dd9df6e.sol"},{"line":500,"column":155,"severity":"Warning","message":"Rule is set with explicit type [var/s: uint]","ruleId":"explicit-types","filePath":"Benchmarks/Study_SamplesSet/7f1cb43dfa46b3d2759d20c21dd9df6e.sol"},{"line":504,"column":1,"severity":"Warning","message":"Function name must be in mixedCase","ruleId":"func-name-mixedcase","fix":null,"filePath":"Benchmarks/Study_SamplesSet/7f1cb43dfa46b3d2759d20c21dd9df6e.sol"},{"line":505,"column":9,"severity":"Error","message":"Check result of \"send\" call","ruleId":"check-send-result","fix":null,"filePath":"Benchmarks/Study_SamplesSet/7f1cb43dfa46b3d2759d20c21dd9df6e.sol"},{"line":508,"column":42,"severity":"Warning","message":"Rule is set with explicit type [var/s: uint]","ruleId":"explicit-types","filePath":"Benchmarks/Study_SamplesSet/7f1cb43dfa46b3d2759d20c21dd9df6e.sol"},{"line":508,"column":77,"severity":"Warning","message":"Rule is set with explicit type [var/s: uint]","ruleId":"explicit-types","filePath":"Benchmarks/Study_SamplesSet/7f1cb43dfa46b3d2759d20c21dd9df6e.sol"},{"line":508,"column":94,"severity":"Warning","message":"Rule is set with explicit type [var/s: uint]","ruleId":"explicit-types","filePath":"Benchmarks/Study_SamplesSet/7f1cb43dfa46b3d2759d20c21dd9df6e.sol"},{"line":508,"column":108,"severity":"Warning","message":"Rule is set with explicit type [var/s: uint]","ruleId":"explicit-types","filePath":"Benchmarks/Study_SamplesSet/7f1cb43dfa46b3d2759d20c21dd9df6e.sol"},{"line":509,"column":5,"severity":"Warning","message":"Use Custom Errors instead of require statements","ruleId":"custom-errors","fix":null,"filePath":"Benchmarks/Study_SamplesSet/7f1cb43dfa46b3d2759d20c21dd9df6e.sol"},{"line":511,"column":5,"severity":"Warning","message":"Provide an error message for require","ruleId":"reason-string","fix":null,"filePath":"Benchmarks/Study_SamplesSet/7f1cb43dfa46b3d2759d20c21dd9df6e.sol"},{"line":511,"column":5,"severity":"Warning","message":"Use Custom Errors instead of require statements","ruleId":"custom-errors","fix":null,"filePath":"Benchmarks/Study_SamplesSet/7f1cb43dfa46b3d2759d20c21dd9df6e.sol"},{"line":513,"column":17,"severity":"Error","message":"Avoid making time-based decisions in your business logic","ruleId":"not-rely-on-time","fix":null,"filePath":"Benchmarks/Study_SamplesSet/7f1cb43dfa46b3d2759d20c21dd9df6e.sol"},{"conclusion":"244 problem/s (50 error/s, 194 warning/s)"}]
