[{"line":1,"column":1,"severity":"Error","message":"Compiler version ^0.4.19 does not satisfy the ^0.8.0 semver requirement","ruleId":"compiler-version","fix":null,"filePath":"Benchmarks/Study_SamplesSet/814a9f9ceedc8c5059d301ce58bc3a51.sol"},{"line":5,"column":5,"severity":"Warning","message":"Variable name must be in mixedCase","ruleId":"var-name-mixedcase","fix":null,"filePath":"Benchmarks/Study_SamplesSet/814a9f9ceedc8c5059d301ce58bc3a51.sol"},{"line":9,"column":5,"severity":"Warning","message":"Function name must be in mixedCase","ruleId":"func-name-mixedcase","fix":null,"filePath":"Benchmarks/Study_SamplesSet/814a9f9ceedc8c5059d301ce58bc3a51.sol"},{"line":14,"column":809,"severity":"Error","message":"Explicitly mark all external contracts as trusted or untrusted","ruleId":"mark-callable-contracts","filePath":"Benchmarks/Study_SamplesSet/814a9f9ceedc8c5059d301ce58bc3a51.sol"},{"line":21,"column":5,"severity":"Warning","message":"Visibility modifier must be first in list of modifiers","ruleId":"visibility-modifier-order","fix":null,"filePath":"Benchmarks/Study_SamplesSet/814a9f9ceedc8c5059d301ce58bc3a51.sol"},{"line":22,"column":1275,"severity":"Error","message":"Explicitly mark all external contracts as trusted or untrusted","ruleId":"mark-callable-contracts","filePath":"Benchmarks/Study_SamplesSet/814a9f9ceedc8c5059d301ce58bc3a51.sol"},{"line":23,"column":9,"severity":"Warning","message":"Provide an error message for require","ruleId":"reason-string","fix":null,"filePath":"Benchmarks/Study_SamplesSet/814a9f9ceedc8c5059d301ce58bc3a51.sol"},{"line":23,"column":9,"severity":"Warning","message":"Use Custom Errors instead of require statements","ruleId":"custom-errors","fix":null,"filePath":"Benchmarks/Study_SamplesSet/814a9f9ceedc8c5059d301ce58bc3a51.sol"},{"line":23,"column":31,"severity":"Error","message":"Explicitly mark all external contracts as trusted or untrusted","ruleId":"mark-callable-contracts","filePath":"Benchmarks/Study_SamplesSet/814a9f9ceedc8c5059d301ce58bc3a51.sol"},{"line":24,"column":9,"severity":"Error","message":"Explicitly mark all external contracts as trusted or untrusted","ruleId":"mark-callable-contracts","filePath":"Benchmarks/Study_SamplesSet/814a9f9ceedc8c5059d301ce58bc3a51.sol"},{"line":27,"column":5,"severity":"Warning","message":"Function name must be in mixedCase","ruleId":"func-name-mixedcase","fix":null,"filePath":"Benchmarks/Study_SamplesSet/814a9f9ceedc8c5059d301ce58bc3a51.sol"},{"line":29,"column":5,"severity":"Warning","message":"Visibility modifier must be first in list of modifiers","ruleId":"visibility-modifier-order","fix":null,"filePath":"Benchmarks/Study_SamplesSet/814a9f9ceedc8c5059d301ce58bc3a51.sol"},{"line":31,"column":9,"severity":"Warning","message":"Provide an error message for require","ruleId":"reason-string","fix":null,"filePath":"Benchmarks/Study_SamplesSet/814a9f9ceedc8c5059d301ce58bc3a51.sol"},{"line":31,"column":9,"severity":"Warning","message":"Use Custom Errors instead of require statements","ruleId":"custom-errors","fix":null,"filePath":"Benchmarks/Study_SamplesSet/814a9f9ceedc8c5059d301ce58bc3a51.sol"},{"line":31,"column":31,"severity":"Error","message":"Explicitly mark all external contracts as trusted or untrusted","ruleId":"mark-callable-contracts","filePath":"Benchmarks/Study_SamplesSet/814a9f9ceedc8c5059d301ce58bc3a51.sol"},{"line":32,"column":9,"severity":"Error","message":"Avoid to use low level calls.","ruleId":"avoid-low-level-calls","fix":null,"filePath":"Benchmarks/Study_SamplesSet/814a9f9ceedc8c5059d301ce58bc3a51.sol"},{"line":32,"column":9,"severity":"Error","message":"Avoid to use \".call.value()()\"","ruleId":"avoid-call-value","fix":null,"filePath":"Benchmarks/Study_SamplesSet/814a9f9ceedc8c5059d301ce58bc3a51.sol"},{"conclusion":"17 problem/s (8 error/s, 9 warning/s)"}]
