[{"line":1,"column":1,"severity":"Warning","message":"Found more than One contract per file. 18 contracts found!","ruleId":"one-contract-per-file","fix":null,"filePath":"Benchmarks/Study_SamplesSet/83f6dea6686e660fcc648f7a601df9dc.sol"},{"line":1,"column":1,"severity":"Error","message":"Compiler version ^0.4.19 does not satisfy the ^0.8.0 semver requirement","ruleId":"compiler-version","fix":null,"filePath":"Benchmarks/Study_SamplesSet/83f6dea6686e660fcc648f7a601df9dc.sol"},{"line":26,"column":5,"severity":"Warning","message":"Provide an error message for require","ruleId":"reason-string","fix":null,"filePath":"Benchmarks/Study_SamplesSet/83f6dea6686e660fcc648f7a601df9dc.sol"},{"line":26,"column":5,"severity":"Warning","message":"Use Custom Errors instead of require statements","ruleId":"custom-errors","fix":null,"filePath":"Benchmarks/Study_SamplesSet/83f6dea6686e660fcc648f7a601df9dc.sol"},{"line":34,"column":58,"severity":"Warning","message":"Visibility modifier must be first in list of modifiers","ruleId":"visibility-modifier-order","fix":null,"filePath":"Benchmarks/Study_SamplesSet/83f6dea6686e660fcc648f7a601df9dc.sol"},{"line":35,"column":5,"severity":"Warning","message":"Provide an error message for require","ruleId":"reason-string","fix":null,"filePath":"Benchmarks/Study_SamplesSet/83f6dea6686e660fcc648f7a601df9dc.sol"},{"line":35,"column":5,"severity":"Warning","message":"Use Custom Errors instead of require statements","ruleId":"custom-errors","fix":null,"filePath":"Benchmarks/Study_SamplesSet/83f6dea6686e660fcc648f7a601df9dc.sol"},{"line":36,"column":5,"severity":"Error","message":"Explicitly mark all external contracts as trusted or untrusted","ruleId":"mark-callable-contracts","filePath":"Benchmarks/Study_SamplesSet/83f6dea6686e660fcc648f7a601df9dc.sol"},{"line":53,"column":42,"severity":"Warning","message":"Visibility modifier must be first in list of modifiers","ruleId":"visibility-modifier-order","fix":null,"filePath":"Benchmarks/Study_SamplesSet/83f6dea6686e660fcc648f7a601df9dc.sol"},{"line":76,"column":5,"severity":"Warning","message":"Provide an error message for require","ruleId":"reason-string","fix":null,"filePath":"Benchmarks/Study_SamplesSet/83f6dea6686e660fcc648f7a601df9dc.sol"},{"line":76,"column":5,"severity":"Warning","message":"Use Custom Errors instead of require statements","ruleId":"custom-errors","fix":null,"filePath":"Benchmarks/Study_SamplesSet/83f6dea6686e660fcc648f7a601df9dc.sol"},{"line":84,"column":65,"severity":"Warning","message":"Visibility modifier must be first in list of modifiers","ruleId":"visibility-modifier-order","fix":null,"filePath":"Benchmarks/Study_SamplesSet/83f6dea6686e660fcc648f7a601df9dc.sol"},{"line":85,"column":5,"severity":"Warning","message":"Provide an error message for require","ruleId":"reason-string","fix":null,"filePath":"Benchmarks/Study_SamplesSet/83f6dea6686e660fcc648f7a601df9dc.sol"},{"line":85,"column":5,"severity":"Warning","message":"Use Custom Errors instead of require statements","ruleId":"custom-errors","fix":null,"filePath":"Benchmarks/Study_SamplesSet/83f6dea6686e660fcc648f7a601df9dc.sol"},{"line":86,"column":5,"severity":"Error","message":"Explicitly mark all external contracts as trusted or untrusted","ruleId":"mark-callable-contracts","filePath":"Benchmarks/Study_SamplesSet/83f6dea6686e660fcc648f7a601df9dc.sol"},{"line":94,"column":65,"severity":"Warning","message":"Visibility modifier must be first in list of modifiers","ruleId":"visibility-modifier-order","fix":null,"filePath":"Benchmarks/Study_SamplesSet/83f6dea6686e660fcc648f7a601df9dc.sol"},{"line":95,"column":5,"severity":"Warning","message":"Provide an error message for require","ruleId":"reason-string","fix":null,"filePath":"Benchmarks/Study_SamplesSet/83f6dea6686e660fcc648f7a601df9dc.sol"},{"line":95,"column":5,"severity":"Warning","message":"Use Custom Errors instead of require statements","ruleId":"custom-errors","fix":null,"filePath":"Benchmarks/Study_SamplesSet/83f6dea6686e660fcc648f7a601df9dc.sol"},{"line":96,"column":5,"severity":"Error","message":"Explicitly mark all external contracts as trusted or untrusted","ruleId":"mark-callable-contracts","filePath":"Benchmarks/Study_SamplesSet/83f6dea6686e660fcc648f7a601df9dc.sol"},{"line":117,"column":5,"severity":"Warning","message":"Provide an error message for require","ruleId":"reason-string","fix":null,"filePath":"Benchmarks/Study_SamplesSet/83f6dea6686e660fcc648f7a601df9dc.sol"},{"line":117,"column":5,"severity":"Warning","message":"Use Custom Errors instead of require statements","ruleId":"custom-errors","fix":null,"filePath":"Benchmarks/Study_SamplesSet/83f6dea6686e660fcc648f7a601df9dc.sol"},{"line":125,"column":5,"severity":"Warning","message":"Provide an error message for require","ruleId":"reason-string","fix":null,"filePath":"Benchmarks/Study_SamplesSet/83f6dea6686e660fcc648f7a601df9dc.sol"},{"line":125,"column":5,"severity":"Warning","message":"Use Custom Errors instead of require statements","ruleId":"custom-errors","fix":null,"filePath":"Benchmarks/Study_SamplesSet/83f6dea6686e660fcc648f7a601df9dc.sol"},{"line":132,"column":44,"severity":"Warning","message":"Visibility modifier must be first in list of modifiers","ruleId":"visibility-modifier-order","fix":null,"filePath":"Benchmarks/Study_SamplesSet/83f6dea6686e660fcc648f7a601df9dc.sol"},{"line":134,"column":5,"severity":"Error","message":"Explicitly mark all external contracts as trusted or untrusted","ruleId":"mark-callable-contracts","filePath":"Benchmarks/Study_SamplesSet/83f6dea6686e660fcc648f7a601df9dc.sol"},{"line":140,"column":43,"severity":"Warning","message":"Visibility modifier must be first in list of modifiers","ruleId":"visibility-modifier-order","fix":null,"filePath":"Benchmarks/Study_SamplesSet/83f6dea6686e660fcc648f7a601df9dc.sol"},{"line":142,"column":5,"severity":"Error","message":"Explicitly mark all external contracts as trusted or untrusted","ruleId":"mark-callable-contracts","filePath":"Benchmarks/Study_SamplesSet/83f6dea6686e660fcc648f7a601df9dc.sol"},{"line":153,"column":42,"severity":"Warning","message":"Code contains empty blocks","ruleId":"no-empty-blocks","fix":null,"filePath":"Benchmarks/Study_SamplesSet/83f6dea6686e660fcc648f7a601df9dc.sol"},{"line":158,"column":32,"severity":"Warning","message":"Visibility modifier must be first in list of modifiers","ruleId":"visibility-modifier-order","fix":null,"filePath":"Benchmarks/Study_SamplesSet/83f6dea6686e660fcc648f7a601df9dc.sol"},{"line":162,"column":57,"severity":"Warning","message":"Visibility modifier must be first in list of modifiers","ruleId":"visibility-modifier-order","fix":null,"filePath":"Benchmarks/Study_SamplesSet/83f6dea6686e660fcc648f7a601df9dc.sol"},{"line":234,"column":5,"severity":"Warning","message":"Provide an error message for require","ruleId":"reason-string","fix":null,"filePath":"Benchmarks/Study_SamplesSet/83f6dea6686e660fcc648f7a601df9dc.sol"},{"line":234,"column":5,"severity":"Warning","message":"Use Custom Errors instead of require statements","ruleId":"custom-errors","fix":null,"filePath":"Benchmarks/Study_SamplesSet/83f6dea6686e660fcc648f7a601df9dc.sol"},{"line":235,"column":5,"severity":"Warning","message":"Provide an error message for require","ruleId":"reason-string","fix":null,"filePath":"Benchmarks/Study_SamplesSet/83f6dea6686e660fcc648f7a601df9dc.sol"},{"line":235,"column":5,"severity":"Warning","message":"Use Custom Errors instead of require statements","ruleId":"custom-errors","fix":null,"filePath":"Benchmarks/Study_SamplesSet/83f6dea6686e660fcc648f7a601df9dc.sol"},{"line":261,"column":62,"severity":"Warning","message":"Rule is set with explicit type [var/s: uint]","ruleId":"explicit-types","filePath":"Benchmarks/Study_SamplesSet/83f6dea6686e660fcc648f7a601df9dc.sol"},{"line":266,"column":49,"severity":"Warning","message":"Rule is set with explicit type [var/s: uint]","ruleId":"explicit-types","filePath":"Benchmarks/Study_SamplesSet/83f6dea6686e660fcc648f7a601df9dc.sol"},{"line":267,"column":61,"severity":"Warning","message":"Rule is set with explicit type [var/s: uint]","ruleId":"explicit-types","filePath":"Benchmarks/Study_SamplesSet/83f6dea6686e660fcc648f7a601df9dc.sol"},{"line":270,"column":22,"severity":"Warning","message":"Rule is set with explicit type [var/s: uint]","ruleId":"explicit-types","filePath":"Benchmarks/Study_SamplesSet/83f6dea6686e660fcc648f7a601df9dc.sol"},{"line":271,"column":36,"severity":"Warning","message":"Rule is set with explicit type [var/s: uint]","ruleId":"explicit-types","filePath":"Benchmarks/Study_SamplesSet/83f6dea6686e660fcc648f7a601df9dc.sol"},{"line":330,"column":9,"severity":"Warning","message":"Rule is set with explicit type [var/s: uint]","ruleId":"explicit-types","filePath":"Benchmarks/Study_SamplesSet/83f6dea6686e660fcc648f7a601df9dc.sol"},{"line":335,"column":9,"severity":"Warning","message":"Rule is set with explicit type [var/s: uint]","ruleId":"explicit-types","filePath":"Benchmarks/Study_SamplesSet/83f6dea6686e660fcc648f7a601df9dc.sol"},{"line":358,"column":9,"severity":"Warning","message":"Rule is set with explicit type [var/s: uint]","ruleId":"explicit-types","filePath":"Benchmarks/Study_SamplesSet/83f6dea6686e660fcc648f7a601df9dc.sol"},{"line":373,"column":5,"severity":"Warning","message":"Rule is set with explicit type [var/s: uint]","ruleId":"explicit-types","filePath":"Benchmarks/Study_SamplesSet/83f6dea6686e660fcc648f7a601df9dc.sol"},{"line":378,"column":39,"severity":"Warning","message":"Rule is set with explicit type [var/s: uint]","ruleId":"explicit-types","filePath":"Benchmarks/Study_SamplesSet/83f6dea6686e660fcc648f7a601df9dc.sol"},{"line":378,"column":56,"severity":"Warning","message":"Rule is set with explicit type [var/s: uint]","ruleId":"explicit-types","filePath":"Benchmarks/Study_SamplesSet/83f6dea6686e660fcc648f7a601df9dc.sol"},{"line":378,"column":73,"severity":"Warning","message":"Rule is set with explicit type [var/s: uint]","ruleId":"explicit-types","filePath":"Benchmarks/Study_SamplesSet/83f6dea6686e660fcc648f7a601df9dc.sol"},{"line":378,"column":88,"severity":"Warning","message":"Rule is set with explicit type [var/s: uint]","ruleId":"explicit-types","filePath":"Benchmarks/Study_SamplesSet/83f6dea6686e660fcc648f7a601df9dc.sol"},{"line":383,"column":27,"severity":"Warning","message":"Rule is set with explicit type [var/s: uint]","ruleId":"explicit-types","filePath":"Benchmarks/Study_SamplesSet/83f6dea6686e660fcc648f7a601df9dc.sol"},{"line":383,"column":43,"severity":"Warning","message":"Rule is set with explicit type [var/s: uint]","ruleId":"explicit-types","filePath":"Benchmarks/Study_SamplesSet/83f6dea6686e660fcc648f7a601df9dc.sol"},{"line":383,"column":111,"severity":"Warning","message":"Rule is set with explicit type [var/s: uint]","ruleId":"explicit-types","filePath":"Benchmarks/Study_SamplesSet/83f6dea6686e660fcc648f7a601df9dc.sol"},{"line":389,"column":62,"severity":"Warning","message":"Rule is set with explicit type [var/s: uint]","ruleId":"explicit-types","filePath":"Benchmarks/Study_SamplesSet/83f6dea6686e660fcc648f7a601df9dc.sol"},{"line":394,"column":5,"severity":"Warning","message":"Constant name must be in capitalized SNAKE_CASE","ruleId":"const-name-snakecase","fix":null,"filePath":"Benchmarks/Study_SamplesSet/83f6dea6686e660fcc648f7a601df9dc.sol"},{"line":399,"column":5,"severity":"Warning","message":"Constant name must be in capitalized SNAKE_CASE","ruleId":"const-name-snakecase","fix":null,"filePath":"Benchmarks/Study_SamplesSet/83f6dea6686e660fcc648f7a601df9dc.sol"},{"line":410,"column":5,"severity":"Error","message":"Explicitly mark visibility of state","ruleId":"state-visibility","fix":null,"filePath":"Benchmarks/Study_SamplesSet/83f6dea6686e660fcc648f7a601df9dc.sol"},{"line":410,"column":5,"severity":"Warning","message":"Rule is set with explicit type [var/s: uint]","ruleId":"explicit-types","filePath":"Benchmarks/Study_SamplesSet/83f6dea6686e660fcc648f7a601df9dc.sol"},{"line":415,"column":5,"severity":"Error","message":"Explicitly mark visibility of state","ruleId":"state-visibility","fix":null,"filePath":"Benchmarks/Study_SamplesSet/83f6dea6686e660fcc648f7a601df9dc.sol"},{"line":415,"column":5,"severity":"Warning","message":"Rule is set with explicit type [var/s: uint]","ruleId":"explicit-types","filePath":"Benchmarks/Study_SamplesSet/83f6dea6686e660fcc648f7a601df9dc.sol"},{"line":423,"column":5,"severity":"Warning","message":"Rule is set with explicit type [var/s: uint]","ruleId":"explicit-types","filePath":"Benchmarks/Study_SamplesSet/83f6dea6686e660fcc648f7a601df9dc.sol"},{"line":428,"column":49,"severity":"Warning","message":"Rule is set with explicit type [var/s: uint]","ruleId":"explicit-types","filePath":"Benchmarks/Study_SamplesSet/83f6dea6686e660fcc648f7a601df9dc.sol"},{"line":436,"column":61,"severity":"Warning","message":"Rule is set with explicit type [var/s: uint]","ruleId":"explicit-types","filePath":"Benchmarks/Study_SamplesSet/83f6dea6686e660fcc648f7a601df9dc.sol"},{"line":445,"column":39,"severity":"Warning","message":"Rule is set with explicit type [var/s: uint]","ruleId":"explicit-types","filePath":"Benchmarks/Study_SamplesSet/83f6dea6686e660fcc648f7a601df9dc.sol"},{"line":452,"column":22,"severity":"Warning","message":"Rule is set with explicit type [var/s: uint]","ruleId":"explicit-types","filePath":"Benchmarks/Study_SamplesSet/83f6dea6686e660fcc648f7a601df9dc.sol"},{"line":453,"column":9,"severity":"Warning","message":"Provide an error message for require","ruleId":"reason-string","fix":null,"filePath":"Benchmarks/Study_SamplesSet/83f6dea6686e660fcc648f7a601df9dc.sol"},{"line":453,"column":9,"severity":"Warning","message":"Use Custom Errors instead of require statements","ruleId":"custom-errors","fix":null,"filePath":"Benchmarks/Study_SamplesSet/83f6dea6686e660fcc648f7a601df9dc.sol"},{"line":461,"column":52,"severity":"Warning","message":"Rule is set with explicit type [var/s: uint]","ruleId":"explicit-types","filePath":"Benchmarks/Study_SamplesSet/83f6dea6686e660fcc648f7a601df9dc.sol"},{"line":476,"column":13,"severity":"Warning","message":"Rule is set with explicit type [var/s: uint]","ruleId":"explicit-types","filePath":"Benchmarks/Study_SamplesSet/83f6dea6686e660fcc648f7a601df9dc.sol"},{"line":479,"column":18,"severity":"Warning","message":"Rule is set with explicit type [var/s: uint]","ruleId":"explicit-types","filePath":"Benchmarks/Study_SamplesSet/83f6dea6686e660fcc648f7a601df9dc.sol"},{"line":492,"column":9,"severity":"Error","message":"Explicitly mark all external contracts as trusted or untrusted","ruleId":"mark-callable-contracts","filePath":"Benchmarks/Study_SamplesSet/83f6dea6686e660fcc648f7a601df9dc.sol"},{"line":500,"column":65,"severity":"Warning","message":"Visibility modifier must be first in list of modifiers","ruleId":"visibility-modifier-order","fix":null,"filePath":"Benchmarks/Study_SamplesSet/83f6dea6686e660fcc648f7a601df9dc.sol"},{"line":500,"column":36,"severity":"Warning","message":"Rule is set with explicit type [var/s: uint]","ruleId":"explicit-types","filePath":"Benchmarks/Study_SamplesSet/83f6dea6686e660fcc648f7a601df9dc.sol"},{"line":502,"column":9,"severity":"Warning","message":"Provide an error message for require","ruleId":"reason-string","fix":null,"filePath":"Benchmarks/Study_SamplesSet/83f6dea6686e660fcc648f7a601df9dc.sol"},{"line":502,"column":9,"severity":"Warning","message":"Use Custom Errors instead of require statements","ruleId":"custom-errors","fix":null,"filePath":"Benchmarks/Study_SamplesSet/83f6dea6686e660fcc648f7a601df9dc.sol"},{"line":505,"column":9,"severity":"Warning","message":"Provide an error message for require","ruleId":"reason-string","fix":null,"filePath":"Benchmarks/Study_SamplesSet/83f6dea6686e660fcc648f7a601df9dc.sol"},{"line":505,"column":9,"severity":"Warning","message":"Use Custom Errors instead of require statements","ruleId":"custom-errors","fix":null,"filePath":"Benchmarks/Study_SamplesSet/83f6dea6686e660fcc648f7a601df9dc.sol"},{"line":508,"column":9,"severity":"Warning","message":"Provide an error message for require","ruleId":"reason-string","fix":null,"filePath":"Benchmarks/Study_SamplesSet/83f6dea6686e660fcc648f7a601df9dc.sol"},{"line":508,"column":9,"severity":"Warning","message":"Use Custom Errors instead of require statements","ruleId":"custom-errors","fix":null,"filePath":"Benchmarks/Study_SamplesSet/83f6dea6686e660fcc648f7a601df9dc.sol"},{"line":517,"column":67,"severity":"Warning","message":"Rule is set with explicit type [var/s: uint]","ruleId":"explicit-types","filePath":"Benchmarks/Study_SamplesSet/83f6dea6686e660fcc648f7a601df9dc.sol"},{"line":531,"column":130,"severity":"Warning","message":"Visibility modifier must be first in list of modifiers","ruleId":"visibility-modifier-order","fix":null,"filePath":"Benchmarks/Study_SamplesSet/83f6dea6686e660fcc648f7a601df9dc.sol"},{"line":531,"column":28,"severity":"Warning","message":"Rule is set with explicit type [var/s: uint]","ruleId":"explicit-types","filePath":"Benchmarks/Study_SamplesSet/83f6dea6686e660fcc648f7a601df9dc.sol"},{"line":531,"column":46,"severity":"Warning","message":"Rule is set with explicit type [var/s: uint]","ruleId":"explicit-types","filePath":"Benchmarks/Study_SamplesSet/83f6dea6686e660fcc648f7a601df9dc.sol"},{"line":531,"column":62,"severity":"Warning","message":"Rule is set with explicit type [var/s: uint]","ruleId":"explicit-types","filePath":"Benchmarks/Study_SamplesSet/83f6dea6686e660fcc648f7a601df9dc.sol"},{"line":531,"column":79,"severity":"Warning","message":"Rule is set with explicit type [var/s: uint]","ruleId":"explicit-types","filePath":"Benchmarks/Study_SamplesSet/83f6dea6686e660fcc648f7a601df9dc.sol"},{"line":531,"column":148,"severity":"Warning","message":"Rule is set with explicit type [var/s: uint]","ruleId":"explicit-types","filePath":"Benchmarks/Study_SamplesSet/83f6dea6686e660fcc648f7a601df9dc.sol"},{"line":533,"column":9,"severity":"Warning","message":"Provide an error message for require","ruleId":"reason-string","fix":null,"filePath":"Benchmarks/Study_SamplesSet/83f6dea6686e660fcc648f7a601df9dc.sol"},{"line":533,"column":9,"severity":"Warning","message":"Use Custom Errors instead of require statements","ruleId":"custom-errors","fix":null,"filePath":"Benchmarks/Study_SamplesSet/83f6dea6686e660fcc648f7a601df9dc.sol"},{"line":533,"column":33,"severity":"Error","message":"Explicitly mark all external contracts as trusted or untrusted","ruleId":"mark-callable-contracts","filePath":"Benchmarks/Study_SamplesSet/83f6dea6686e660fcc648f7a601df9dc.sol"},{"line":537,"column":23,"severity":"Error","message":"Explicitly mark all external contracts as trusted or untrusted","ruleId":"mark-callable-contracts","filePath":"Benchmarks/Study_SamplesSet/83f6dea6686e660fcc648f7a601df9dc.sol"},{"line":537,"column":38,"severity":"Error","message":"Avoid making time-based decisions in your business logic","ruleId":"not-rely-on-time","fix":null,"filePath":"Benchmarks/Study_SamplesSet/83f6dea6686e660fcc648f7a601df9dc.sol"},{"line":540,"column":9,"severity":"Warning","message":"Rule is set with explicit type [var/s: uint]","ruleId":"explicit-types","filePath":"Benchmarks/Study_SamplesSet/83f6dea6686e660fcc648f7a601df9dc.sol"},{"line":543,"column":9,"severity":"Error","message":"Explicitly mark all external contracts as trusted or untrusted","ruleId":"mark-callable-contracts","filePath":"Benchmarks/Study_SamplesSet/83f6dea6686e660fcc648f7a601df9dc.sol"},{"line":559,"column":87,"severity":"Warning","message":"Visibility modifier must be first in list of modifiers","ruleId":"visibility-modifier-order","fix":null,"filePath":"Benchmarks/Study_SamplesSet/83f6dea6686e660fcc648f7a601df9dc.sol"},{"line":559,"column":31,"severity":"Warning","message":"Rule is set with explicit type [var/s: uint]","ruleId":"explicit-types","filePath":"Benchmarks/Study_SamplesSet/83f6dea6686e660fcc648f7a601df9dc.sol"},{"line":559,"column":41,"severity":"Warning","message":"Rule is set with explicit type [var/s: uint]","ruleId":"explicit-types","filePath":"Benchmarks/Study_SamplesSet/83f6dea6686e660fcc648f7a601df9dc.sol"},{"line":567,"column":95,"severity":"Warning","message":"Visibility modifier must be first in list of modifiers","ruleId":"visibility-modifier-order","fix":null,"filePath":"Benchmarks/Study_SamplesSet/83f6dea6686e660fcc648f7a601df9dc.sol"},{"line":567,"column":32,"severity":"Warning","message":"Rule is set with explicit type [var/s: uint]","ruleId":"explicit-types","filePath":"Benchmarks/Study_SamplesSet/83f6dea6686e660fcc648f7a601df9dc.sol"},{"line":567,"column":42,"severity":"Warning","message":"Rule is set with explicit type [var/s: uint]","ruleId":"explicit-types","filePath":"Benchmarks/Study_SamplesSet/83f6dea6686e660fcc648f7a601df9dc.sol"},{"line":576,"column":111,"severity":"Warning","message":"Visibility modifier must be first in list of modifiers","ruleId":"visibility-modifier-order","fix":null,"filePath":"Benchmarks/Study_SamplesSet/83f6dea6686e660fcc648f7a601df9dc.sol"},{"line":576,"column":33,"severity":"Warning","message":"Rule is set with explicit type [var/s: uint]","ruleId":"explicit-types","filePath":"Benchmarks/Study_SamplesSet/83f6dea6686e660fcc648f7a601df9dc.sol"},{"line":576,"column":43,"severity":"Warning","message":"Rule is set with explicit type [var/s: uint]","ruleId":"explicit-types","filePath":"Benchmarks/Study_SamplesSet/83f6dea6686e660fcc648f7a601df9dc.sol"},{"line":576,"column":61,"severity":"Warning","message":"Rule is set with explicit type [var/s: uint]","ruleId":"explicit-types","filePath":"Benchmarks/Study_SamplesSet/83f6dea6686e660fcc648f7a601df9dc.sol"},{"line":580,"column":44,"severity":"Error","message":"Avoid making time-based decisions in your business logic","ruleId":"not-rely-on-time","fix":null,"filePath":"Benchmarks/Study_SamplesSet/83f6dea6686e660fcc648f7a601df9dc.sol"},{"line":585,"column":9,"severity":"Error","message":"Explicitly mark all external contracts as trusted or untrusted","ruleId":"mark-callable-contracts","filePath":"Benchmarks/Study_SamplesSet/83f6dea6686e660fcc648f7a601df9dc.sol"},{"line":585,"column":25,"severity":"Error","message":"Avoid making time-based decisions in your business logic","ruleId":"not-rely-on-time","fix":null,"filePath":"Benchmarks/Study_SamplesSet/83f6dea6686e660fcc648f7a601df9dc.sol"},{"line":594,"column":26,"severity":"Warning","message":"Rule is set with explicit type [var/s: uint]","ruleId":"explicit-types","filePath":"Benchmarks/Study_SamplesSet/83f6dea6686e660fcc648f7a601df9dc.sol"},{"line":595,"column":9,"severity":"Warning","message":"Provide an error message for require","ruleId":"reason-string","fix":null,"filePath":"Benchmarks/Study_SamplesSet/83f6dea6686e660fcc648f7a601df9dc.sol"},{"line":595,"column":9,"severity":"Warning","message":"Use Custom Errors instead of require statements","ruleId":"custom-errors","fix":null,"filePath":"Benchmarks/Study_SamplesSet/83f6dea6686e660fcc648f7a601df9dc.sol"},{"line":610,"column":39,"severity":"Warning","message":"Rule is set with explicit type [var/s: uint]","ruleId":"explicit-types","filePath":"Benchmarks/Study_SamplesSet/83f6dea6686e660fcc648f7a601df9dc.sol"},{"line":610,"column":56,"severity":"Warning","message":"Rule is set with explicit type [var/s: uint]","ruleId":"explicit-types","filePath":"Benchmarks/Study_SamplesSet/83f6dea6686e660fcc648f7a601df9dc.sol"},{"line":616,"column":62,"severity":"Warning","message":"Rule is set with explicit type [var/s: uint]","ruleId":"explicit-types","filePath":"Benchmarks/Study_SamplesSet/83f6dea6686e660fcc648f7a601df9dc.sol"},{"line":621,"column":5,"severity":"Warning","message":"Constant name must be in capitalized SNAKE_CASE","ruleId":"const-name-snakecase","fix":null,"filePath":"Benchmarks/Study_SamplesSet/83f6dea6686e660fcc648f7a601df9dc.sol"},{"line":626,"column":5,"severity":"Warning","message":"Constant name must be in capitalized SNAKE_CASE","ruleId":"const-name-snakecase","fix":null,"filePath":"Benchmarks/Study_SamplesSet/83f6dea6686e660fcc648f7a601df9dc.sol"},{"line":637,"column":5,"severity":"Error","message":"Explicitly mark visibility of state","ruleId":"state-visibility","fix":null,"filePath":"Benchmarks/Study_SamplesSet/83f6dea6686e660fcc648f7a601df9dc.sol"},{"line":637,"column":5,"severity":"Warning","message":"Rule is set with explicit type [var/s: uint]","ruleId":"explicit-types","filePath":"Benchmarks/Study_SamplesSet/83f6dea6686e660fcc648f7a601df9dc.sol"},{"line":642,"column":5,"severity":"Error","message":"Explicitly mark visibility of state","ruleId":"state-visibility","fix":null,"filePath":"Benchmarks/Study_SamplesSet/83f6dea6686e660fcc648f7a601df9dc.sol"},{"line":642,"column":5,"severity":"Warning","message":"Rule is set with explicit type [var/s: uint]","ruleId":"explicit-types","filePath":"Benchmarks/Study_SamplesSet/83f6dea6686e660fcc648f7a601df9dc.sol"},{"line":650,"column":5,"severity":"Warning","message":"Rule is set with explicit type [var/s: uint]","ruleId":"explicit-types","filePath":"Benchmarks/Study_SamplesSet/83f6dea6686e660fcc648f7a601df9dc.sol"},{"line":655,"column":49,"severity":"Warning","message":"Rule is set with explicit type [var/s: uint]","ruleId":"explicit-types","filePath":"Benchmarks/Study_SamplesSet/83f6dea6686e660fcc648f7a601df9dc.sol"},{"line":663,"column":61,"severity":"Warning","message":"Rule is set with explicit type [var/s: uint]","ruleId":"explicit-types","filePath":"Benchmarks/Study_SamplesSet/83f6dea6686e660fcc648f7a601df9dc.sol"},{"line":672,"column":39,"severity":"Warning","message":"Rule is set with explicit type [var/s: uint]","ruleId":"explicit-types","filePath":"Benchmarks/Study_SamplesSet/83f6dea6686e660fcc648f7a601df9dc.sol"},{"line":679,"column":22,"severity":"Warning","message":"Rule is set with explicit type [var/s: uint]","ruleId":"explicit-types","filePath":"Benchmarks/Study_SamplesSet/83f6dea6686e660fcc648f7a601df9dc.sol"},{"line":680,"column":9,"severity":"Warning","message":"Provide an error message for require","ruleId":"reason-string","fix":null,"filePath":"Benchmarks/Study_SamplesSet/83f6dea6686e660fcc648f7a601df9dc.sol"},{"line":680,"column":9,"severity":"Warning","message":"Use Custom Errors instead of require statements","ruleId":"custom-errors","fix":null,"filePath":"Benchmarks/Study_SamplesSet/83f6dea6686e660fcc648f7a601df9dc.sol"},{"line":688,"column":52,"severity":"Warning","message":"Rule is set with explicit type [var/s: uint]","ruleId":"explicit-types","filePath":"Benchmarks/Study_SamplesSet/83f6dea6686e660fcc648f7a601df9dc.sol"},{"line":703,"column":13,"severity":"Warning","message":"Rule is set with explicit type [var/s: uint]","ruleId":"explicit-types","filePath":"Benchmarks/Study_SamplesSet/83f6dea6686e660fcc648f7a601df9dc.sol"},{"line":706,"column":18,"severity":"Warning","message":"Rule is set with explicit type [var/s: uint]","ruleId":"explicit-types","filePath":"Benchmarks/Study_SamplesSet/83f6dea6686e660fcc648f7a601df9dc.sol"},{"line":719,"column":9,"severity":"Error","message":"Explicitly mark all external contracts as trusted or untrusted","ruleId":"mark-callable-contracts","filePath":"Benchmarks/Study_SamplesSet/83f6dea6686e660fcc648f7a601df9dc.sol"},{"line":727,"column":65,"severity":"Warning","message":"Visibility modifier must be first in list of modifiers","ruleId":"visibility-modifier-order","fix":null,"filePath":"Benchmarks/Study_SamplesSet/83f6dea6686e660fcc648f7a601df9dc.sol"},{"line":727,"column":36,"severity":"Warning","message":"Rule is set with explicit type [var/s: uint]","ruleId":"explicit-types","filePath":"Benchmarks/Study_SamplesSet/83f6dea6686e660fcc648f7a601df9dc.sol"},{"line":729,"column":9,"severity":"Warning","message":"Provide an error message for require","ruleId":"reason-string","fix":null,"filePath":"Benchmarks/Study_SamplesSet/83f6dea6686e660fcc648f7a601df9dc.sol"},{"line":729,"column":9,"severity":"Warning","message":"Use Custom Errors instead of require statements","ruleId":"custom-errors","fix":null,"filePath":"Benchmarks/Study_SamplesSet/83f6dea6686e660fcc648f7a601df9dc.sol"},{"line":732,"column":9,"severity":"Warning","message":"Provide an error message for require","ruleId":"reason-string","fix":null,"filePath":"Benchmarks/Study_SamplesSet/83f6dea6686e660fcc648f7a601df9dc.sol"},{"line":732,"column":9,"severity":"Warning","message":"Use Custom Errors instead of require statements","ruleId":"custom-errors","fix":null,"filePath":"Benchmarks/Study_SamplesSet/83f6dea6686e660fcc648f7a601df9dc.sol"},{"line":735,"column":9,"severity":"Warning","message":"Provide an error message for require","ruleId":"reason-string","fix":null,"filePath":"Benchmarks/Study_SamplesSet/83f6dea6686e660fcc648f7a601df9dc.sol"},{"line":735,"column":9,"severity":"Warning","message":"Use Custom Errors instead of require statements","ruleId":"custom-errors","fix":null,"filePath":"Benchmarks/Study_SamplesSet/83f6dea6686e660fcc648f7a601df9dc.sol"},{"line":744,"column":67,"severity":"Warning","message":"Rule is set with explicit type [var/s: uint]","ruleId":"explicit-types","filePath":"Benchmarks/Study_SamplesSet/83f6dea6686e660fcc648f7a601df9dc.sol"},{"line":757,"column":66,"severity":"Warning","message":"Visibility modifier must be first in list of modifiers","ruleId":"visibility-modifier-order","fix":null,"filePath":"Benchmarks/Study_SamplesSet/83f6dea6686e660fcc648f7a601df9dc.sol"},{"line":757,"column":25,"severity":"Warning","message":"Rule is set with explicit type [var/s: uint]","ruleId":"explicit-types","filePath":"Benchmarks/Study_SamplesSet/83f6dea6686e660fcc648f7a601df9dc.sol"},{"line":757,"column":84,"severity":"Warning","message":"Rule is set with explicit type [var/s: uint]","ruleId":"explicit-types","filePath":"Benchmarks/Study_SamplesSet/83f6dea6686e660fcc648f7a601df9dc.sol"},{"line":760,"column":21,"severity":"Error","message":"Explicitly mark all external contracts as trusted or untrusted","ruleId":"mark-callable-contracts","filePath":"Benchmarks/Study_SamplesSet/83f6dea6686e660fcc648f7a601df9dc.sol"},{"line":760,"column":33,"severity":"Error","message":"Avoid making time-based decisions in your business logic","ruleId":"not-rely-on-time","fix":null,"filePath":"Benchmarks/Study_SamplesSet/83f6dea6686e660fcc648f7a601df9dc.sol"},{"line":763,"column":9,"severity":"Warning","message":"Rule is set with explicit type [var/s: uint]","ruleId":"explicit-types","filePath":"Benchmarks/Study_SamplesSet/83f6dea6686e660fcc648f7a601df9dc.sol"},{"line":766,"column":9,"severity":"Error","message":"Explicitly mark all external contracts as trusted or untrusted","ruleId":"mark-callable-contracts","filePath":"Benchmarks/Study_SamplesSet/83f6dea6686e660fcc648f7a601df9dc.sol"},{"line":778,"column":82,"severity":"Warning","message":"Visibility modifier must be first in list of modifiers","ruleId":"visibility-modifier-order","fix":null,"filePath":"Benchmarks/Study_SamplesSet/83f6dea6686e660fcc648f7a601df9dc.sol"},{"line":778,"column":27,"severity":"Warning","message":"Rule is set with explicit type [var/s: uint]","ruleId":"explicit-types","filePath":"Benchmarks/Study_SamplesSet/83f6dea6686e660fcc648f7a601df9dc.sol"},{"line":778,"column":37,"severity":"Warning","message":"Rule is set with explicit type [var/s: uint]","ruleId":"explicit-types","filePath":"Benchmarks/Study_SamplesSet/83f6dea6686e660fcc648f7a601df9dc.sol"},{"line":785,"column":69,"severity":"Warning","message":"Visibility modifier must be first in list of modifiers","ruleId":"visibility-modifier-order","fix":null,"filePath":"Benchmarks/Study_SamplesSet/83f6dea6686e660fcc648f7a601df9dc.sol"},{"line":785,"column":30,"severity":"Warning","message":"Rule is set with explicit type [var/s: uint]","ruleId":"explicit-types","filePath":"Benchmarks/Study_SamplesSet/83f6dea6686e660fcc648f7a601df9dc.sol"},{"line":788,"column":41,"severity":"Error","message":"Avoid making time-based decisions in your business logic","ruleId":"not-rely-on-time","fix":null,"filePath":"Benchmarks/Study_SamplesSet/83f6dea6686e660fcc648f7a601df9dc.sol"},{"line":798,"column":26,"severity":"Warning","message":"Rule is set with explicit type [var/s: uint]","ruleId":"explicit-types","filePath":"Benchmarks/Study_SamplesSet/83f6dea6686e660fcc648f7a601df9dc.sol"},{"line":799,"column":9,"severity":"Warning","message":"Provide an error message for require","ruleId":"reason-string","fix":null,"filePath":"Benchmarks/Study_SamplesSet/83f6dea6686e660fcc648f7a601df9dc.sol"},{"line":799,"column":9,"severity":"Warning","message":"Use Custom Errors instead of require statements","ruleId":"custom-errors","fix":null,"filePath":"Benchmarks/Study_SamplesSet/83f6dea6686e660fcc648f7a601df9dc.sol"},{"line":816,"column":23,"severity":"Warning","message":"Rule is set with explicit type [var/s: uint]","ruleId":"explicit-types","filePath":"Benchmarks/Study_SamplesSet/83f6dea6686e660fcc648f7a601df9dc.sol"},{"line":816,"column":41,"severity":"Warning","message":"Rule is set with explicit type [var/s: uint]","ruleId":"explicit-types","filePath":"Benchmarks/Study_SamplesSet/83f6dea6686e660fcc648f7a601df9dc.sol"},{"line":816,"column":76,"severity":"Warning","message":"Rule is set with explicit type [var/s: uint]","ruleId":"explicit-types","filePath":"Benchmarks/Study_SamplesSet/83f6dea6686e660fcc648f7a601df9dc.sol"},{"line":832,"column":23,"severity":"Warning","message":"Rule is set with explicit type [var/s: uint]","ruleId":"explicit-types","filePath":"Benchmarks/Study_SamplesSet/83f6dea6686e660fcc648f7a601df9dc.sol"},{"line":832,"column":40,"severity":"Warning","message":"Rule is set with explicit type [var/s: uint]","ruleId":"explicit-types","filePath":"Benchmarks/Study_SamplesSet/83f6dea6686e660fcc648f7a601df9dc.sol"},{"line":832,"column":58,"severity":"Warning","message":"Rule is set with explicit type [var/s: uint]","ruleId":"explicit-types","filePath":"Benchmarks/Study_SamplesSet/83f6dea6686e660fcc648f7a601df9dc.sol"},{"line":832,"column":95,"severity":"Warning","message":"Rule is set with explicit type [var/s: uint]","ruleId":"explicit-types","filePath":"Benchmarks/Study_SamplesSet/83f6dea6686e660fcc648f7a601df9dc.sol"},{"line":861,"column":5,"severity":"Error","message":"Explicitly mark visibility of state","ruleId":"state-visibility","fix":null,"filePath":"Benchmarks/Study_SamplesSet/83f6dea6686e660fcc648f7a601df9dc.sol"},{"line":866,"column":5,"severity":"Error","message":"Explicitly mark visibility of state","ruleId":"state-visibility","fix":null,"filePath":"Benchmarks/Study_SamplesSet/83f6dea6686e660fcc648f7a601df9dc.sol"},{"line":871,"column":5,"severity":"Error","message":"Explicitly mark visibility of state","ruleId":"state-visibility","fix":null,"filePath":"Benchmarks/Study_SamplesSet/83f6dea6686e660fcc648f7a601df9dc.sol"},{"line":871,"column":5,"severity":"Warning","message":"Variable name must be in mixedCase","ruleId":"var-name-mixedcase","fix":null,"filePath":"Benchmarks/Study_SamplesSet/83f6dea6686e660fcc648f7a601df9dc.sol"},{"line":876,"column":5,"severity":"Error","message":"Explicitly mark visibility of state","ruleId":"state-visibility","fix":null,"filePath":"Benchmarks/Study_SamplesSet/83f6dea6686e660fcc648f7a601df9dc.sol"},{"line":876,"column":5,"severity":"Warning","message":"Rule is set with explicit type [var/s: uint]","ruleId":"explicit-types","filePath":"Benchmarks/Study_SamplesSet/83f6dea6686e660fcc648f7a601df9dc.sol"},{"line":876,"column":5,"severity":"Warning","message":"Variable name must be in mixedCase","ruleId":"var-name-mixedcase","fix":null,"filePath":"Benchmarks/Study_SamplesSet/83f6dea6686e660fcc648f7a601df9dc.sol"},{"line":884,"column":82,"severity":"Warning","message":"Visibility modifier must be first in list of modifiers","ruleId":"visibility-modifier-order","fix":null,"filePath":"Benchmarks/Study_SamplesSet/83f6dea6686e660fcc648f7a601df9dc.sol"},{"line":885,"column":32,"severity":"Error","message":"Explicitly mark all external contracts as trusted or untrusted","ruleId":"mark-callable-contracts","filePath":"Benchmarks/Study_SamplesSet/83f6dea6686e660fcc648f7a601df9dc.sol"},{"line":892,"column":76,"severity":"Warning","message":"Visibility modifier must be first in list of modifiers","ruleId":"visibility-modifier-order","fix":null,"filePath":"Benchmarks/Study_SamplesSet/83f6dea6686e660fcc648f7a601df9dc.sol"},{"line":893,"column":29,"severity":"Error","message":"Explicitly mark all external contracts as trusted or untrusted","ruleId":"mark-callable-contracts","filePath":"Benchmarks/Study_SamplesSet/83f6dea6686e660fcc648f7a601df9dc.sol"},{"line":900,"column":89,"severity":"Warning","message":"Visibility modifier must be first in list of modifiers","ruleId":"visibility-modifier-order","fix":null,"filePath":"Benchmarks/Study_SamplesSet/83f6dea6686e660fcc648f7a601df9dc.sol"},{"line":901,"column":36,"severity":"Error","message":"Explicitly mark all external contracts as trusted or untrusted","ruleId":"mark-callable-contracts","filePath":"Benchmarks/Study_SamplesSet/83f6dea6686e660fcc648f7a601df9dc.sol"},{"line":908,"column":87,"severity":"Warning","message":"Visibility modifier must be first in list of modifiers","ruleId":"visibility-modifier-order","fix":null,"filePath":"Benchmarks/Study_SamplesSet/83f6dea6686e660fcc648f7a601df9dc.sol"},{"line":909,"column":35,"severity":"Error","message":"Explicitly mark all external contracts as trusted or untrusted","ruleId":"mark-callable-contracts","filePath":"Benchmarks/Study_SamplesSet/83f6dea6686e660fcc648f7a601df9dc.sol"},{"line":918,"column":28,"severity":"Warning","message":"Rule is set with explicit type [var/s: uint]","ruleId":"explicit-types","filePath":"Benchmarks/Study_SamplesSet/83f6dea6686e660fcc648f7a601df9dc.sol"},{"line":919,"column":9,"severity":"Warning","message":"Provide an error message for require","ruleId":"reason-string","fix":null,"filePath":"Benchmarks/Study_SamplesSet/83f6dea6686e660fcc648f7a601df9dc.sol"},{"line":919,"column":9,"severity":"Warning","message":"Use Custom Errors instead of require statements","ruleId":"custom-errors","fix":null,"filePath":"Benchmarks/Study_SamplesSet/83f6dea6686e660fcc648f7a601df9dc.sol"},{"line":929,"column":52,"severity":"Warning","message":"Rule is set with explicit type [var/s: uint]","ruleId":"explicit-types","filePath":"Benchmarks/Study_SamplesSet/83f6dea6686e660fcc648f7a601df9dc.sol"},{"line":929,"column":92,"severity":"Warning","message":"Rule is set with explicit type [var/s: uint]","ruleId":"explicit-types","filePath":"Benchmarks/Study_SamplesSet/83f6dea6686e660fcc648f7a601df9dc.sol"},{"line":930,"column":9,"severity":"Warning","message":"Rule is set with explicit type [var/s: uint]","ruleId":"explicit-types","filePath":"Benchmarks/Study_SamplesSet/83f6dea6686e660fcc648f7a601df9dc.sol"},{"line":937,"column":36,"severity":"Warning","message":"Rule is set with explicit type [var/s: uint]","ruleId":"explicit-types","filePath":"Benchmarks/Study_SamplesSet/83f6dea6686e660fcc648f7a601df9dc.sol"},{"line":937,"column":9,"severity":"Warning","message":"Rule is set with explicit type [var/s: uint]","ruleId":"explicit-types","filePath":"Benchmarks/Study_SamplesSet/83f6dea6686e660fcc648f7a601df9dc.sol"},{"line":939,"column":14,"severity":"Warning","message":"Rule is set with explicit type [var/s: uint]","ruleId":"explicit-types","filePath":"Benchmarks/Study_SamplesSet/83f6dea6686e660fcc648f7a601df9dc.sol"},{"line":940,"column":13,"severity":"Warning","message":"Rule is set with explicit type [var/s: uint]","ruleId":"explicit-types","filePath":"Benchmarks/Study_SamplesSet/83f6dea6686e660fcc648f7a601df9dc.sol"},{"line":941,"column":13,"severity":"Warning","message":"Rule is set with explicit type [var/s: uint]","ruleId":"explicit-types","filePath":"Benchmarks/Study_SamplesSet/83f6dea6686e660fcc648f7a601df9dc.sol"},{"line":948,"column":9,"severity":"Warning","message":"Rule is set with explicit type [var/s: uint]","ruleId":"explicit-types","filePath":"Benchmarks/Study_SamplesSet/83f6dea6686e660fcc648f7a601df9dc.sol"},{"line":949,"column":9,"severity":"Warning","message":"Rule is set with explicit type [var/s: uint]","ruleId":"explicit-types","filePath":"Benchmarks/Study_SamplesSet/83f6dea6686e660fcc648f7a601df9dc.sol"},{"line":950,"column":9,"severity":"Warning","message":"Rule is set with explicit type [var/s: uint]","ruleId":"explicit-types","filePath":"Benchmarks/Study_SamplesSet/83f6dea6686e660fcc648f7a601df9dc.sol"},{"line":952,"column":14,"severity":"Warning","message":"Rule is set with explicit type [var/s: uint]","ruleId":"explicit-types","filePath":"Benchmarks/Study_SamplesSet/83f6dea6686e660fcc648f7a601df9dc.sol"},{"line":953,"column":18,"severity":"Warning","message":"Rule is set with explicit type [var/s: uint]","ruleId":"explicit-types","filePath":"Benchmarks/Study_SamplesSet/83f6dea6686e660fcc648f7a601df9dc.sol"},{"line":973,"column":28,"severity":"Warning","message":"Rule is set with explicit type [var/s: uint]","ruleId":"explicit-types","filePath":"Benchmarks/Study_SamplesSet/83f6dea6686e660fcc648f7a601df9dc.sol"},{"line":973,"column":41,"severity":"Warning","message":"Rule is set with explicit type [var/s: uint]","ruleId":"explicit-types","filePath":"Benchmarks/Study_SamplesSet/83f6dea6686e660fcc648f7a601df9dc.sol"},{"line":973,"column":81,"severity":"Warning","message":"Rule is set with explicit type [var/s: uint]","ruleId":"explicit-types","filePath":"Benchmarks/Study_SamplesSet/83f6dea6686e660fcc648f7a601df9dc.sol"},{"line":974,"column":9,"severity":"Warning","message":"Rule is set with explicit type [var/s: uint]","ruleId":"explicit-types","filePath":"Benchmarks/Study_SamplesSet/83f6dea6686e660fcc648f7a601df9dc.sol"},{"line":978,"column":9,"severity":"Warning","message":"Rule is set with explicit type [var/s: uint]","ruleId":"explicit-types","filePath":"Benchmarks/Study_SamplesSet/83f6dea6686e660fcc648f7a601df9dc.sol"},{"line":980,"column":14,"severity":"Warning","message":"Rule is set with explicit type [var/s: uint]","ruleId":"explicit-types","filePath":"Benchmarks/Study_SamplesSet/83f6dea6686e660fcc648f7a601df9dc.sol"},{"line":986,"column":9,"severity":"Warning","message":"Rule is set with explicit type [var/s: uint]","ruleId":"explicit-types","filePath":"Benchmarks/Study_SamplesSet/83f6dea6686e660fcc648f7a601df9dc.sol"},{"line":987,"column":9,"severity":"Warning","message":"Rule is set with explicit type [var/s: uint]","ruleId":"explicit-types","filePath":"Benchmarks/Study_SamplesSet/83f6dea6686e660fcc648f7a601df9dc.sol"},{"line":989,"column":14,"severity":"Warning","message":"Rule is set with explicit type [var/s: uint]","ruleId":"explicit-types","filePath":"Benchmarks/Study_SamplesSet/83f6dea6686e660fcc648f7a601df9dc.sol"},{"line":990,"column":13,"severity":"Warning","message":"Rule is set with explicit type [var/s: uint]","ruleId":"explicit-types","filePath":"Benchmarks/Study_SamplesSet/83f6dea6686e660fcc648f7a601df9dc.sol"},{"line":991,"column":31,"severity":"Error","message":"Explicitly mark all external contracts as trusted or untrusted","ruleId":"mark-callable-contracts","filePath":"Benchmarks/Study_SamplesSet/83f6dea6686e660fcc648f7a601df9dc.sol"},{"line":1001,"column":9,"severity":"Warning","message":"Rule is set with explicit type [var/s: uint]","ruleId":"explicit-types","filePath":"Benchmarks/Study_SamplesSet/83f6dea6686e660fcc648f7a601df9dc.sol"},{"line":1004,"column":45,"severity":"Error","message":"Explicitly mark all external contracts as trusted or untrusted","ruleId":"mark-callable-contracts","filePath":"Benchmarks/Study_SamplesSet/83f6dea6686e660fcc648f7a601df9dc.sol"},{"line":1013,"column":31,"severity":"Warning","message":"Rule is set with explicit type [var/s: uint]","ruleId":"explicit-types","filePath":"Benchmarks/Study_SamplesSet/83f6dea6686e660fcc648f7a601df9dc.sol"},{"line":1013,"column":67,"severity":"Warning","message":"Rule is set with explicit type [var/s: uint]","ruleId":"explicit-types","filePath":"Benchmarks/Study_SamplesSet/83f6dea6686e660fcc648f7a601df9dc.sol"},{"line":1015,"column":9,"severity":"Warning","message":"Rule is set with explicit type [var/s: uint]","ruleId":"explicit-types","filePath":"Benchmarks/Study_SamplesSet/83f6dea6686e660fcc648f7a601df9dc.sol"},{"line":1017,"column":14,"severity":"Warning","message":"Rule is set with explicit type [var/s: uint]","ruleId":"explicit-types","filePath":"Benchmarks/Study_SamplesSet/83f6dea6686e660fcc648f7a601df9dc.sol"},{"line":1018,"column":29,"severity":"Error","message":"Explicitly mark all external contracts as trusted or untrusted","ruleId":"mark-callable-contracts","filePath":"Benchmarks/Study_SamplesSet/83f6dea6686e660fcc648f7a601df9dc.sol"},{"line":1032,"column":29,"severity":"Warning","message":"Rule is set with explicit type [var/s: uint]","ruleId":"explicit-types","filePath":"Benchmarks/Study_SamplesSet/83f6dea6686e660fcc648f7a601df9dc.sol"},{"line":1032,"column":76,"severity":"Warning","message":"Rule is set with explicit type [var/s: uint]","ruleId":"explicit-types","filePath":"Benchmarks/Study_SamplesSet/83f6dea6686e660fcc648f7a601df9dc.sol"},{"line":1032,"column":106,"severity":"Warning","message":"Rule is set with explicit type [var/s: uint]","ruleId":"explicit-types","filePath":"Benchmarks/Study_SamplesSet/83f6dea6686e660fcc648f7a601df9dc.sol"},{"line":1043,"column":5,"severity":"Warning","message":"Rule is set with explicit type [var/s: uint]","ruleId":"explicit-types","filePath":"Benchmarks/Study_SamplesSet/83f6dea6686e660fcc648f7a601df9dc.sol"},{"line":1052,"column":5,"severity":"Warning","message":"Rule is set with explicit type [var/s: uint]","ruleId":"explicit-types","filePath":"Benchmarks/Study_SamplesSet/83f6dea6686e660fcc648f7a601df9dc.sol"},{"line":1057,"column":5,"severity":"Warning","message":"Rule is set with explicit type [var/s: uint]","ruleId":"explicit-types","filePath":"Benchmarks/Study_SamplesSet/83f6dea6686e660fcc648f7a601df9dc.sol"},{"line":1057,"column":5,"severity":"Warning","message":"Rule is set with explicit type [var/s: uint]","ruleId":"explicit-types","filePath":"Benchmarks/Study_SamplesSet/83f6dea6686e660fcc648f7a601df9dc.sol"},{"line":1063,"column":109,"severity":"Warning","message":"Visibility modifier must be first in list of modifiers","ruleId":"visibility-modifier-order","fix":null,"filePath":"Benchmarks/Study_SamplesSet/83f6dea6686e660fcc648f7a601df9dc.sol"},{"line":1063,"column":24,"severity":"Warning","message":"Rule is set with explicit type [var/s: uint]","ruleId":"explicit-types","filePath":"Benchmarks/Study_SamplesSet/83f6dea6686e660fcc648f7a601df9dc.sol"},{"line":1064,"column":9,"severity":"Warning","message":"Rule is set with explicit type [var/s: uint]","ruleId":"explicit-types","filePath":"Benchmarks/Study_SamplesSet/83f6dea6686e660fcc648f7a601df9dc.sol"},{"line":1067,"column":9,"severity":"Warning","message":"Provide an error message for require","ruleId":"reason-string","fix":null,"filePath":"Benchmarks/Study_SamplesSet/83f6dea6686e660fcc648f7a601df9dc.sol"},{"line":1067,"column":9,"severity":"Warning","message":"Use Custom Errors instead of require statements","ruleId":"custom-errors","fix":null,"filePath":"Benchmarks/Study_SamplesSet/83f6dea6686e660fcc648f7a601df9dc.sol"},{"line":1070,"column":9,"severity":"Warning","message":"Rule is set with explicit type [var/s: uint]","ruleId":"explicit-types","filePath":"Benchmarks/Study_SamplesSet/83f6dea6686e660fcc648f7a601df9dc.sol"},{"line":1071,"column":9,"severity":"Warning","message":"Rule is set with explicit type [var/s: uint]","ruleId":"explicit-types","filePath":"Benchmarks/Study_SamplesSet/83f6dea6686e660fcc648f7a601df9dc.sol"},{"line":1075,"column":9,"severity":"Warning","message":"Rule is set with explicit type [var/s: uint]","ruleId":"explicit-types","filePath":"Benchmarks/Study_SamplesSet/83f6dea6686e660fcc648f7a601df9dc.sol"},{"line":1076,"column":9,"severity":"Warning","message":"Provide an error message for require","ruleId":"reason-string","fix":null,"filePath":"Benchmarks/Study_SamplesSet/83f6dea6686e660fcc648f7a601df9dc.sol"},{"line":1076,"column":9,"severity":"Warning","message":"Use Custom Errors instead of require statements","ruleId":"custom-errors","fix":null,"filePath":"Benchmarks/Study_SamplesSet/83f6dea6686e660fcc648f7a601df9dc.sol"},{"line":1079,"column":9,"severity":"Warning","message":"Rule is set with explicit type [var/s: uint]","ruleId":"explicit-types","filePath":"Benchmarks/Study_SamplesSet/83f6dea6686e660fcc648f7a601df9dc.sol"},{"line":1080,"column":9,"severity":"Warning","message":"Rule is set with explicit type [var/s: uint]","ruleId":"explicit-types","filePath":"Benchmarks/Study_SamplesSet/83f6dea6686e660fcc648f7a601df9dc.sol"},{"line":1081,"column":9,"severity":"Warning","message":"Rule is set with explicit type [var/s: uint]","ruleId":"explicit-types","filePath":"Benchmarks/Study_SamplesSet/83f6dea6686e660fcc648f7a601df9dc.sol"},{"line":1082,"column":9,"severity":"Warning","message":"Provide an error message for require","ruleId":"reason-string","fix":null,"filePath":"Benchmarks/Study_SamplesSet/83f6dea6686e660fcc648f7a601df9dc.sol"},{"line":1082,"column":9,"severity":"Warning","message":"Use Custom Errors instead of require statements","ruleId":"custom-errors","fix":null,"filePath":"Benchmarks/Study_SamplesSet/83f6dea6686e660fcc648f7a601df9dc.sol"},{"line":1097,"column":25,"severity":"Warning","message":"Rule is set with explicit type [var/s: uint]","ruleId":"explicit-types","filePath":"Benchmarks/Study_SamplesSet/83f6dea6686e660fcc648f7a601df9dc.sol"},{"line":1097,"column":48,"severity":"Warning","message":"Rule is set with explicit type [var/s: uint]","ruleId":"explicit-types","filePath":"Benchmarks/Study_SamplesSet/83f6dea6686e660fcc648f7a601df9dc.sol"},{"line":1113,"column":9,"severity":"Error","message":"Explicitly mark all external contracts as trusted or untrusted","ruleId":"mark-callable-contracts","filePath":"Benchmarks/Study_SamplesSet/83f6dea6686e660fcc648f7a601df9dc.sol"},{"line":1113,"column":27,"severity":"Error","message":"Avoid making time-based decisions in your business logic","ruleId":"not-rely-on-time","fix":null,"filePath":"Benchmarks/Study_SamplesSet/83f6dea6686e660fcc648f7a601df9dc.sol"},{"line":1123,"column":44,"severity":"Warning","message":"Rule is set with explicit type [var/s: uint]","ruleId":"explicit-types","filePath":"Benchmarks/Study_SamplesSet/83f6dea6686e660fcc648f7a601df9dc.sol"},{"line":1123,"column":76,"severity":"Warning","message":"Rule is set with explicit type [var/s: uint]","ruleId":"explicit-types","filePath":"Benchmarks/Study_SamplesSet/83f6dea6686e660fcc648f7a601df9dc.sol"},{"line":1123,"column":89,"severity":"Warning","message":"Rule is set with explicit type [var/s: uint]","ruleId":"explicit-types","filePath":"Benchmarks/Study_SamplesSet/83f6dea6686e660fcc648f7a601df9dc.sol"},{"line":1137,"column":42,"severity":"Warning","message":"Rule is set with explicit type [var/s: uint]","ruleId":"explicit-types","filePath":"Benchmarks/Study_SamplesSet/83f6dea6686e660fcc648f7a601df9dc.sol"},{"line":1153,"column":93,"severity":"Warning","message":"Visibility modifier must be first in list of modifiers","ruleId":"visibility-modifier-order","fix":null,"filePath":"Benchmarks/Study_SamplesSet/83f6dea6686e660fcc648f7a601df9dc.sol"},{"line":1153,"column":45,"severity":"Warning","message":"Rule is set with explicit type [var/s: uint]","ruleId":"explicit-types","filePath":"Benchmarks/Study_SamplesSet/83f6dea6686e660fcc648f7a601df9dc.sol"},{"line":1164,"column":34,"severity":"Warning","message":"Rule is set with explicit type [var/s: uint]","ruleId":"explicit-types","filePath":"Benchmarks/Study_SamplesSet/83f6dea6686e660fcc648f7a601df9dc.sol"},{"line":1165,"column":9,"severity":"Warning","message":"Provide an error message for require","ruleId":"reason-string","fix":null,"filePath":"Benchmarks/Study_SamplesSet/83f6dea6686e660fcc648f7a601df9dc.sol"},{"line":1165,"column":9,"severity":"Warning","message":"Use Custom Errors instead of require statements","ruleId":"custom-errors","fix":null,"filePath":"Benchmarks/Study_SamplesSet/83f6dea6686e660fcc648f7a601df9dc.sol"},{"line":1166,"column":9,"severity":"Warning","message":"Rule is set with explicit type [var/s: uint]","ruleId":"explicit-types","filePath":"Benchmarks/Study_SamplesSet/83f6dea6686e660fcc648f7a601df9dc.sol"},{"line":1167,"column":9,"severity":"Warning","message":"Rule is set with explicit type [var/s: uint]","ruleId":"explicit-types","filePath":"Benchmarks/Study_SamplesSet/83f6dea6686e660fcc648f7a601df9dc.sol"},{"line":1169,"column":9,"severity":"Warning","message":"Provide an error message for require","ruleId":"reason-string","fix":null,"filePath":"Benchmarks/Study_SamplesSet/83f6dea6686e660fcc648f7a601df9dc.sol"},{"line":1169,"column":9,"severity":"Warning","message":"Use Custom Errors instead of require statements","ruleId":"custom-errors","fix":null,"filePath":"Benchmarks/Study_SamplesSet/83f6dea6686e660fcc648f7a601df9dc.sol"},{"line":1173,"column":9,"severity":"Warning","message":"Provide an error message for require","ruleId":"reason-string","fix":null,"filePath":"Benchmarks/Study_SamplesSet/83f6dea6686e660fcc648f7a601df9dc.sol"},{"line":1173,"column":9,"severity":"Warning","message":"Use Custom Errors instead of require statements","ruleId":"custom-errors","fix":null,"filePath":"Benchmarks/Study_SamplesSet/83f6dea6686e660fcc648f7a601df9dc.sol"},{"line":1184,"column":29,"severity":"Warning","message":"Rule is set with explicit type [var/s: uint]","ruleId":"explicit-types","filePath":"Benchmarks/Study_SamplesSet/83f6dea6686e660fcc648f7a601df9dc.sol"},{"line":1184,"column":76,"severity":"Warning","message":"Rule is set with explicit type [var/s: uint]","ruleId":"explicit-types","filePath":"Benchmarks/Study_SamplesSet/83f6dea6686e660fcc648f7a601df9dc.sol"},{"line":1184,"column":100,"severity":"Warning","message":"Rule is set with explicit type [var/s: uint]","ruleId":"explicit-types","filePath":"Benchmarks/Study_SamplesSet/83f6dea6686e660fcc648f7a601df9dc.sol"},{"line":1184,"column":121,"severity":"Warning","message":"Rule is set with explicit type [var/s: uint]","ruleId":"explicit-types","filePath":"Benchmarks/Study_SamplesSet/83f6dea6686e660fcc648f7a601df9dc.sol"},{"line":1184,"column":137,"severity":"Warning","message":"Rule is set with explicit type [var/s: uint]","ruleId":"explicit-types","filePath":"Benchmarks/Study_SamplesSet/83f6dea6686e660fcc648f7a601df9dc.sol"},{"line":1184,"column":155,"severity":"Warning","message":"Rule is set with explicit type [var/s: uint]","ruleId":"explicit-types","filePath":"Benchmarks/Study_SamplesSet/83f6dea6686e660fcc648f7a601df9dc.sol"},{"line":1184,"column":186,"severity":"Warning","message":"Rule is set with explicit type [var/s: uint]","ruleId":"explicit-types","filePath":"Benchmarks/Study_SamplesSet/83f6dea6686e660fcc648f7a601df9dc.sol"},{"line":1184,"column":206,"severity":"Warning","message":"Rule is set with explicit type [var/s: uint]","ruleId":"explicit-types","filePath":"Benchmarks/Study_SamplesSet/83f6dea6686e660fcc648f7a601df9dc.sol"},{"line":1184,"column":227,"severity":"Warning","message":"Rule is set with explicit type [var/s: uint]","ruleId":"explicit-types","filePath":"Benchmarks/Study_SamplesSet/83f6dea6686e660fcc648f7a601df9dc.sol"},{"line":1195,"column":5,"severity":"Warning","message":"Rule is set with explicit type [var/s: uint]","ruleId":"explicit-types","filePath":"Benchmarks/Study_SamplesSet/83f6dea6686e660fcc648f7a601df9dc.sol"},{"line":1201,"column":5,"severity":"Warning","message":"Rule is set with explicit type [var/s: uint]","ruleId":"explicit-types","filePath":"Benchmarks/Study_SamplesSet/83f6dea6686e660fcc648f7a601df9dc.sol"},{"line":1208,"column":5,"severity":"Warning","message":"Rule is set with explicit type [var/s: uint]","ruleId":"explicit-types","filePath":"Benchmarks/Study_SamplesSet/83f6dea6686e660fcc648f7a601df9dc.sol"},{"line":1214,"column":5,"severity":"Warning","message":"Rule is set with explicit type [var/s: uint]","ruleId":"explicit-types","filePath":"Benchmarks/Study_SamplesSet/83f6dea6686e660fcc648f7a601df9dc.sol"},{"line":1220,"column":5,"severity":"Warning","message":"Rule is set with explicit type [var/s: uint]","ruleId":"explicit-types","filePath":"Benchmarks/Study_SamplesSet/83f6dea6686e660fcc648f7a601df9dc.sol"},{"line":1225,"column":5,"severity":"Warning","message":"Rule is set with explicit type [var/s: uint]","ruleId":"explicit-types","filePath":"Benchmarks/Study_SamplesSet/83f6dea6686e660fcc648f7a601df9dc.sol"},{"line":1230,"column":5,"severity":"Warning","message":"Rule is set with explicit type [var/s: uint]","ruleId":"explicit-types","filePath":"Benchmarks/Study_SamplesSet/83f6dea6686e660fcc648f7a601df9dc.sol"},{"line":1237,"column":133,"severity":"Warning","message":"Visibility modifier must be first in list of modifiers","ruleId":"visibility-modifier-order","fix":null,"filePath":"Benchmarks/Study_SamplesSet/83f6dea6686e660fcc648f7a601df9dc.sol"},{"line":1237,"column":24,"severity":"Warning","message":"Rule is set with explicit type [var/s: uint]","ruleId":"explicit-types","filePath":"Benchmarks/Study_SamplesSet/83f6dea6686e660fcc648f7a601df9dc.sol"},{"line":1237,"column":41,"severity":"Warning","message":"Rule is set with explicit type [var/s: uint]","ruleId":"explicit-types","filePath":"Benchmarks/Study_SamplesSet/83f6dea6686e660fcc648f7a601df9dc.sol"},{"line":1239,"column":9,"severity":"Warning","message":"Rule is set with explicit type [var/s: uint]","ruleId":"explicit-types","filePath":"Benchmarks/Study_SamplesSet/83f6dea6686e660fcc648f7a601df9dc.sol"},{"line":1240,"column":9,"severity":"Warning","message":"Rule is set with explicit type [var/s: uint]","ruleId":"explicit-types","filePath":"Benchmarks/Study_SamplesSet/83f6dea6686e660fcc648f7a601df9dc.sol"},{"line":1244,"column":9,"severity":"Warning","message":"Rule is set with explicit type [var/s: uint]","ruleId":"explicit-types","filePath":"Benchmarks/Study_SamplesSet/83f6dea6686e660fcc648f7a601df9dc.sol"},{"line":1245,"column":9,"severity":"Warning","message":"Provide an error message for require","ruleId":"reason-string","fix":null,"filePath":"Benchmarks/Study_SamplesSet/83f6dea6686e660fcc648f7a601df9dc.sol"},{"line":1245,"column":9,"severity":"Warning","message":"Use Custom Errors instead of require statements","ruleId":"custom-errors","fix":null,"filePath":"Benchmarks/Study_SamplesSet/83f6dea6686e660fcc648f7a601df9dc.sol"},{"line":1261,"column":30,"severity":"Warning","message":"Rule is set with explicit type [var/s: uint]","ruleId":"explicit-types","filePath":"Benchmarks/Study_SamplesSet/83f6dea6686e660fcc648f7a601df9dc.sol"},{"line":1261,"column":47,"severity":"Warning","message":"Rule is set with explicit type [var/s: uint]","ruleId":"explicit-types","filePath":"Benchmarks/Study_SamplesSet/83f6dea6686e660fcc648f7a601df9dc.sol"},{"line":1262,"column":9,"severity":"Warning","message":"Rule is set with explicit type [var/s: uint]","ruleId":"explicit-types","filePath":"Benchmarks/Study_SamplesSet/83f6dea6686e660fcc648f7a601df9dc.sol"},{"line":1263,"column":9,"severity":"Warning","message":"Rule is set with explicit type [var/s: uint]","ruleId":"explicit-types","filePath":"Benchmarks/Study_SamplesSet/83f6dea6686e660fcc648f7a601df9dc.sol"},{"line":1264,"column":9,"severity":"Warning","message":"Rule is set with explicit type [var/s: uint]","ruleId":"explicit-types","filePath":"Benchmarks/Study_SamplesSet/83f6dea6686e660fcc648f7a601df9dc.sol"},{"line":1268,"column":9,"severity":"Warning","message":"Rule is set with explicit type [var/s: uint]","ruleId":"explicit-types","filePath":"Benchmarks/Study_SamplesSet/83f6dea6686e660fcc648f7a601df9dc.sol"},{"line":1273,"column":9,"severity":"Warning","message":"Rule is set with explicit type [var/s: uint]","ruleId":"explicit-types","filePath":"Benchmarks/Study_SamplesSet/83f6dea6686e660fcc648f7a601df9dc.sol"},{"line":1274,"column":9,"severity":"Warning","message":"Rule is set with explicit type [var/s: uint]","ruleId":"explicit-types","filePath":"Benchmarks/Study_SamplesSet/83f6dea6686e660fcc648f7a601df9dc.sol"},{"line":1275,"column":9,"severity":"Warning","message":"Rule is set with explicit type [var/s: uint]","ruleId":"explicit-types","filePath":"Benchmarks/Study_SamplesSet/83f6dea6686e660fcc648f7a601df9dc.sol"},{"line":1276,"column":9,"severity":"Warning","message":"Rule is set with explicit type [var/s: uint]","ruleId":"explicit-types","filePath":"Benchmarks/Study_SamplesSet/83f6dea6686e660fcc648f7a601df9dc.sol"},{"line":1295,"column":13,"severity":"Warning","message":"Provide an error message for require","ruleId":"reason-string","fix":null,"filePath":"Benchmarks/Study_SamplesSet/83f6dea6686e660fcc648f7a601df9dc.sol"},{"line":1295,"column":13,"severity":"Warning","message":"Use Custom Errors instead of require statements","ruleId":"custom-errors","fix":null,"filePath":"Benchmarks/Study_SamplesSet/83f6dea6686e660fcc648f7a601df9dc.sol"},{"line":1313,"column":9,"severity":"Error","message":"Explicitly mark all external contracts as trusted or untrusted","ruleId":"mark-callable-contracts","filePath":"Benchmarks/Study_SamplesSet/83f6dea6686e660fcc648f7a601df9dc.sol"},{"line":1313,"column":27,"severity":"Error","message":"Avoid making time-based decisions in your business logic","ruleId":"not-rely-on-time","fix":null,"filePath":"Benchmarks/Study_SamplesSet/83f6dea6686e660fcc648f7a601df9dc.sol"},{"line":1319,"column":35,"severity":"Warning","message":"Rule is set with explicit type [var/s: uint]","ruleId":"explicit-types","filePath":"Benchmarks/Study_SamplesSet/83f6dea6686e660fcc648f7a601df9dc.sol"},{"line":1319,"column":52,"severity":"Warning","message":"Rule is set with explicit type [var/s: uint]","ruleId":"explicit-types","filePath":"Benchmarks/Study_SamplesSet/83f6dea6686e660fcc648f7a601df9dc.sol"},{"line":1319,"column":69,"severity":"Warning","message":"Rule is set with explicit type [var/s: uint]","ruleId":"explicit-types","filePath":"Benchmarks/Study_SamplesSet/83f6dea6686e660fcc648f7a601df9dc.sol"},{"line":1321,"column":9,"severity":"Warning","message":"Rule is set with explicit type [var/s: uint]","ruleId":"explicit-types","filePath":"Benchmarks/Study_SamplesSet/83f6dea6686e660fcc648f7a601df9dc.sol"},{"line":1322,"column":9,"severity":"Warning","message":"Rule is set with explicit type [var/s: uint]","ruleId":"explicit-types","filePath":"Benchmarks/Study_SamplesSet/83f6dea6686e660fcc648f7a601df9dc.sol"},{"line":1330,"column":31,"severity":"Warning","message":"Rule is set with explicit type [var/s: uint]","ruleId":"explicit-types","filePath":"Benchmarks/Study_SamplesSet/83f6dea6686e660fcc648f7a601df9dc.sol"},{"line":1330,"column":65,"severity":"Warning","message":"Rule is set with explicit type [var/s: uint]","ruleId":"explicit-types","filePath":"Benchmarks/Study_SamplesSet/83f6dea6686e660fcc648f7a601df9dc.sol"},{"line":1331,"column":9,"severity":"Warning","message":"Rule is set with explicit type [var/s: uint]","ruleId":"explicit-types","filePath":"Benchmarks/Study_SamplesSet/83f6dea6686e660fcc648f7a601df9dc.sol"},{"line":1332,"column":9,"severity":"Warning","message":"Rule is set with explicit type [var/s: uint]","ruleId":"explicit-types","filePath":"Benchmarks/Study_SamplesSet/83f6dea6686e660fcc648f7a601df9dc.sol"},{"line":1336,"column":9,"severity":"Warning","message":"Rule is set with explicit type [var/s: uint]","ruleId":"explicit-types","filePath":"Benchmarks/Study_SamplesSet/83f6dea6686e660fcc648f7a601df9dc.sol"},{"line":1339,"column":9,"severity":"Warning","message":"Rule is set with explicit type [var/s: uint]","ruleId":"explicit-types","filePath":"Benchmarks/Study_SamplesSet/83f6dea6686e660fcc648f7a601df9dc.sol"},{"line":1341,"column":9,"severity":"Warning","message":"Rule is set with explicit type [var/s: uint]","ruleId":"explicit-types","filePath":"Benchmarks/Study_SamplesSet/83f6dea6686e660fcc648f7a601df9dc.sol"},{"line":1357,"column":83,"severity":"Warning","message":"Visibility modifier must be first in list of modifiers","ruleId":"visibility-modifier-order","fix":null,"filePath":"Benchmarks/Study_SamplesSet/83f6dea6686e660fcc648f7a601df9dc.sol"},{"line":1357,"column":40,"severity":"Warning","message":"Rule is set with explicit type [var/s: uint]","ruleId":"explicit-types","filePath":"Benchmarks/Study_SamplesSet/83f6dea6686e660fcc648f7a601df9dc.sol"},{"line":1364,"column":85,"severity":"Warning","message":"Visibility modifier must be first in list of modifiers","ruleId":"visibility-modifier-order","fix":null,"filePath":"Benchmarks/Study_SamplesSet/83f6dea6686e660fcc648f7a601df9dc.sol"},{"line":1364,"column":41,"severity":"Warning","message":"Rule is set with explicit type [var/s: uint]","ruleId":"explicit-types","filePath":"Benchmarks/Study_SamplesSet/83f6dea6686e660fcc648f7a601df9dc.sol"},{"line":1371,"column":79,"severity":"Warning","message":"Visibility modifier must be first in list of modifiers","ruleId":"visibility-modifier-order","fix":null,"filePath":"Benchmarks/Study_SamplesSet/83f6dea6686e660fcc648f7a601df9dc.sol"},{"line":1371,"column":38,"severity":"Warning","message":"Rule is set with explicit type [var/s: uint]","ruleId":"explicit-types","filePath":"Benchmarks/Study_SamplesSet/83f6dea6686e660fcc648f7a601df9dc.sol"},{"line":1378,"column":81,"severity":"Warning","message":"Visibility modifier must be first in list of modifiers","ruleId":"visibility-modifier-order","fix":null,"filePath":"Benchmarks/Study_SamplesSet/83f6dea6686e660fcc648f7a601df9dc.sol"},{"line":1378,"column":39,"severity":"Warning","message":"Rule is set with explicit type [var/s: uint]","ruleId":"explicit-types","filePath":"Benchmarks/Study_SamplesSet/83f6dea6686e660fcc648f7a601df9dc.sol"},{"line":1385,"column":83,"severity":"Warning","message":"Visibility modifier must be first in list of modifiers","ruleId":"visibility-modifier-order","fix":null,"filePath":"Benchmarks/Study_SamplesSet/83f6dea6686e660fcc648f7a601df9dc.sol"},{"line":1385,"column":40,"severity":"Warning","message":"Rule is set with explicit type [var/s: uint]","ruleId":"explicit-types","filePath":"Benchmarks/Study_SamplesSet/83f6dea6686e660fcc648f7a601df9dc.sol"},{"line":1392,"column":101,"severity":"Warning","message":"Visibility modifier must be first in list of modifiers","ruleId":"visibility-modifier-order","fix":null,"filePath":"Benchmarks/Study_SamplesSet/83f6dea6686e660fcc648f7a601df9dc.sol"},{"line":1392,"column":49,"severity":"Warning","message":"Rule is set with explicit type [var/s: uint]","ruleId":"explicit-types","filePath":"Benchmarks/Study_SamplesSet/83f6dea6686e660fcc648f7a601df9dc.sol"},{"line":1399,"column":75,"severity":"Warning","message":"Visibility modifier must be first in list of modifiers","ruleId":"visibility-modifier-order","fix":null,"filePath":"Benchmarks/Study_SamplesSet/83f6dea6686e660fcc648f7a601df9dc.sol"},{"line":1399,"column":36,"severity":"Warning","message":"Rule is set with explicit type [var/s: uint]","ruleId":"explicit-types","filePath":"Benchmarks/Study_SamplesSet/83f6dea6686e660fcc648f7a601df9dc.sol"},{"line":1411,"column":34,"severity":"Warning","message":"Rule is set with explicit type [var/s: uint]","ruleId":"explicit-types","filePath":"Benchmarks/Study_SamplesSet/83f6dea6686e660fcc648f7a601df9dc.sol"},{"line":1412,"column":9,"severity":"Warning","message":"Provide an error message for require","ruleId":"reason-string","fix":null,"filePath":"Benchmarks/Study_SamplesSet/83f6dea6686e660fcc648f7a601df9dc.sol"},{"line":1412,"column":9,"severity":"Warning","message":"Use Custom Errors instead of require statements","ruleId":"custom-errors","fix":null,"filePath":"Benchmarks/Study_SamplesSet/83f6dea6686e660fcc648f7a601df9dc.sol"},{"line":1413,"column":9,"severity":"Warning","message":"Rule is set with explicit type [var/s: uint]","ruleId":"explicit-types","filePath":"Benchmarks/Study_SamplesSet/83f6dea6686e660fcc648f7a601df9dc.sol"},{"line":1414,"column":9,"severity":"Warning","message":"Rule is set with explicit type [var/s: uint]","ruleId":"explicit-types","filePath":"Benchmarks/Study_SamplesSet/83f6dea6686e660fcc648f7a601df9dc.sol"},{"line":1416,"column":9,"severity":"Warning","message":"Provide an error message for require","ruleId":"reason-string","fix":null,"filePath":"Benchmarks/Study_SamplesSet/83f6dea6686e660fcc648f7a601df9dc.sol"},{"line":1416,"column":9,"severity":"Warning","message":"Use Custom Errors instead of require statements","ruleId":"custom-errors","fix":null,"filePath":"Benchmarks/Study_SamplesSet/83f6dea6686e660fcc648f7a601df9dc.sol"},{"line":1419,"column":9,"severity":"Warning","message":"Provide an error message for require","ruleId":"reason-string","fix":null,"filePath":"Benchmarks/Study_SamplesSet/83f6dea6686e660fcc648f7a601df9dc.sol"},{"line":1419,"column":9,"severity":"Warning","message":"Use Custom Errors instead of require statements","ruleId":"custom-errors","fix":null,"filePath":"Benchmarks/Study_SamplesSet/83f6dea6686e660fcc648f7a601df9dc.sol"},{"line":1422,"column":9,"severity":"Warning","message":"Provide an error message for require","ruleId":"reason-string","fix":null,"filePath":"Benchmarks/Study_SamplesSet/83f6dea6686e660fcc648f7a601df9dc.sol"},{"line":1422,"column":9,"severity":"Warning","message":"Use Custom Errors instead of require statements","ruleId":"custom-errors","fix":null,"filePath":"Benchmarks/Study_SamplesSet/83f6dea6686e660fcc648f7a601df9dc.sol"},{"line":1422,"column":58,"severity":"Error","message":"Avoid making time-based decisions in your business logic","ruleId":"not-rely-on-time","fix":null,"filePath":"Benchmarks/Study_SamplesSet/83f6dea6686e660fcc648f7a601df9dc.sol"},{"line":1430,"column":37,"severity":"Warning","message":"Rule is set with explicit type [var/s: uint]","ruleId":"explicit-types","filePath":"Benchmarks/Study_SamplesSet/83f6dea6686e660fcc648f7a601df9dc.sol"},{"line":1433,"column":13,"severity":"Warning","message":"Provide an error message for require","ruleId":"reason-string","fix":null,"filePath":"Benchmarks/Study_SamplesSet/83f6dea6686e660fcc648f7a601df9dc.sol"},{"line":1433,"column":13,"severity":"Warning","message":"Use Custom Errors instead of require statements","ruleId":"custom-errors","fix":null,"filePath":"Benchmarks/Study_SamplesSet/83f6dea6686e660fcc648f7a601df9dc.sol"},{"line":1435,"column":13,"severity":"Warning","message":"Rule is set with explicit type [var/s: uint]","ruleId":"explicit-types","filePath":"Benchmarks/Study_SamplesSet/83f6dea6686e660fcc648f7a601df9dc.sol"},{"line":1437,"column":13,"severity":"Warning","message":"Provide an error message for require","ruleId":"reason-string","fix":null,"filePath":"Benchmarks/Study_SamplesSet/83f6dea6686e660fcc648f7a601df9dc.sol"},{"line":1437,"column":13,"severity":"Warning","message":"Use Custom Errors instead of require statements","ruleId":"custom-errors","fix":null,"filePath":"Benchmarks/Study_SamplesSet/83f6dea6686e660fcc648f7a601df9dc.sol"},{"line":1437,"column":66,"severity":"Error","message":"Avoid making time-based decisions in your business logic","ruleId":"not-rely-on-time","fix":null,"filePath":"Benchmarks/Study_SamplesSet/83f6dea6686e660fcc648f7a601df9dc.sol"},{"line":1449,"column":23,"severity":"Warning","message":"Rule is set with explicit type [var/s: uint]","ruleId":"explicit-types","filePath":"Benchmarks/Study_SamplesSet/83f6dea6686e660fcc648f7a601df9dc.sol"},{"line":1449,"column":70,"severity":"Warning","message":"Rule is set with explicit type [var/s: uint]","ruleId":"explicit-types","filePath":"Benchmarks/Study_SamplesSet/83f6dea6686e660fcc648f7a601df9dc.sol"},{"line":1449,"column":94,"severity":"Warning","message":"Rule is set with explicit type [var/s: uint]","ruleId":"explicit-types","filePath":"Benchmarks/Study_SamplesSet/83f6dea6686e660fcc648f7a601df9dc.sol"},{"line":1449,"column":115,"severity":"Warning","message":"Rule is set with explicit type [var/s: uint]","ruleId":"explicit-types","filePath":"Benchmarks/Study_SamplesSet/83f6dea6686e660fcc648f7a601df9dc.sol"},{"line":1449,"column":131,"severity":"Warning","message":"Rule is set with explicit type [var/s: uint]","ruleId":"explicit-types","filePath":"Benchmarks/Study_SamplesSet/83f6dea6686e660fcc648f7a601df9dc.sol"},{"line":1449,"column":149,"severity":"Warning","message":"Rule is set with explicit type [var/s: uint]","ruleId":"explicit-types","filePath":"Benchmarks/Study_SamplesSet/83f6dea6686e660fcc648f7a601df9dc.sol"},{"line":1449,"column":180,"severity":"Warning","message":"Rule is set with explicit type [var/s: uint]","ruleId":"explicit-types","filePath":"Benchmarks/Study_SamplesSet/83f6dea6686e660fcc648f7a601df9dc.sol"},{"line":1460,"column":5,"severity":"Warning","message":"Rule is set with explicit type [var/s: uint]","ruleId":"explicit-types","filePath":"Benchmarks/Study_SamplesSet/83f6dea6686e660fcc648f7a601df9dc.sol"},{"line":1466,"column":5,"severity":"Warning","message":"Rule is set with explicit type [var/s: uint]","ruleId":"explicit-types","filePath":"Benchmarks/Study_SamplesSet/83f6dea6686e660fcc648f7a601df9dc.sol"},{"line":1475,"column":5,"severity":"Warning","message":"Rule is set with explicit type [var/s: uint]","ruleId":"explicit-types","filePath":"Benchmarks/Study_SamplesSet/83f6dea6686e660fcc648f7a601df9dc.sol"},{"line":1482,"column":122,"severity":"Warning","message":"Visibility modifier must be first in list of modifiers","ruleId":"visibility-modifier-order","fix":null,"filePath":"Benchmarks/Study_SamplesSet/83f6dea6686e660fcc648f7a601df9dc.sol"},{"line":1482,"column":21,"severity":"Warning","message":"Rule is set with explicit type [var/s: uint]","ruleId":"explicit-types","filePath":"Benchmarks/Study_SamplesSet/83f6dea6686e660fcc648f7a601df9dc.sol"},{"line":1482,"column":38,"severity":"Warning","message":"Rule is set with explicit type [var/s: uint]","ruleId":"explicit-types","filePath":"Benchmarks/Study_SamplesSet/83f6dea6686e660fcc648f7a601df9dc.sol"},{"line":1486,"column":122,"severity":"Warning","message":"Visibility modifier must be first in list of modifiers","ruleId":"visibility-modifier-order","fix":null,"filePath":"Benchmarks/Study_SamplesSet/83f6dea6686e660fcc648f7a601df9dc.sol"},{"line":1486,"column":21,"severity":"Warning","message":"Rule is set with explicit type [var/s: uint]","ruleId":"explicit-types","filePath":"Benchmarks/Study_SamplesSet/83f6dea6686e660fcc648f7a601df9dc.sol"},{"line":1486,"column":38,"severity":"Warning","message":"Rule is set with explicit type [var/s: uint]","ruleId":"explicit-types","filePath":"Benchmarks/Study_SamplesSet/83f6dea6686e660fcc648f7a601df9dc.sol"},{"line":1490,"column":122,"severity":"Warning","message":"Visibility modifier must be first in list of modifiers","ruleId":"visibility-modifier-order","fix":null,"filePath":"Benchmarks/Study_SamplesSet/83f6dea6686e660fcc648f7a601df9dc.sol"},{"line":1490,"column":21,"severity":"Warning","message":"Rule is set with explicit type [var/s: uint]","ruleId":"explicit-types","filePath":"Benchmarks/Study_SamplesSet/83f6dea6686e660fcc648f7a601df9dc.sol"},{"line":1490,"column":38,"severity":"Warning","message":"Rule is set with explicit type [var/s: uint]","ruleId":"explicit-types","filePath":"Benchmarks/Study_SamplesSet/83f6dea6686e660fcc648f7a601df9dc.sol"},{"line":1501,"column":152,"severity":"Warning","message":"Visibility modifier must be first in list of modifiers","ruleId":"visibility-modifier-order","fix":null,"filePath":"Benchmarks/Study_SamplesSet/83f6dea6686e660fcc648f7a601df9dc.sol"},{"line":1501,"column":29,"severity":"Warning","message":"Rule is set with explicit type [var/s: uint]","ruleId":"explicit-types","filePath":"Benchmarks/Study_SamplesSet/83f6dea6686e660fcc648f7a601df9dc.sol"},{"line":1501,"column":46,"severity":"Warning","message":"Rule is set with explicit type [var/s: uint]","ruleId":"explicit-types","filePath":"Benchmarks/Study_SamplesSet/83f6dea6686e660fcc648f7a601df9dc.sol"},{"line":1501,"column":60,"severity":"Warning","message":"Rule is set with explicit type [var/s: uint]","ruleId":"explicit-types","filePath":"Benchmarks/Study_SamplesSet/83f6dea6686e660fcc648f7a601df9dc.sol"},{"line":1502,"column":9,"severity":"Warning","message":"Provide an error message for require","ruleId":"reason-string","fix":null,"filePath":"Benchmarks/Study_SamplesSet/83f6dea6686e660fcc648f7a601df9dc.sol"},{"line":1502,"column":9,"severity":"Warning","message":"Use Custom Errors instead of require statements","ruleId":"custom-errors","fix":null,"filePath":"Benchmarks/Study_SamplesSet/83f6dea6686e660fcc648f7a601df9dc.sol"},{"line":1512,"column":21,"severity":"Warning","message":"Rule is set with explicit type [var/s: uint]","ruleId":"explicit-types","filePath":"Benchmarks/Study_SamplesSet/83f6dea6686e660fcc648f7a601df9dc.sol"},{"line":1512,"column":38,"severity":"Warning","message":"Rule is set with explicit type [var/s: uint]","ruleId":"explicit-types","filePath":"Benchmarks/Study_SamplesSet/83f6dea6686e660fcc648f7a601df9dc.sol"},{"line":1512,"column":52,"severity":"Warning","message":"Rule is set with explicit type [var/s: uint]","ruleId":"explicit-types","filePath":"Benchmarks/Study_SamplesSet/83f6dea6686e660fcc648f7a601df9dc.sol"},{"line":1512,"column":74,"severity":"Warning","message":"Rule is set with explicit type [var/s: uint]","ruleId":"explicit-types","filePath":"Benchmarks/Study_SamplesSet/83f6dea6686e660fcc648f7a601df9dc.sol"},{"line":1514,"column":9,"severity":"Warning","message":"Rule is set with explicit type [var/s: uint]","ruleId":"explicit-types","filePath":"Benchmarks/Study_SamplesSet/83f6dea6686e660fcc648f7a601df9dc.sol"},{"line":1515,"column":9,"severity":"Warning","message":"Rule is set with explicit type [var/s: uint]","ruleId":"explicit-types","filePath":"Benchmarks/Study_SamplesSet/83f6dea6686e660fcc648f7a601df9dc.sol"},{"line":1516,"column":9,"severity":"Warning","message":"Rule is set with explicit type [var/s: uint]","ruleId":"explicit-types","filePath":"Benchmarks/Study_SamplesSet/83f6dea6686e660fcc648f7a601df9dc.sol"},{"line":1517,"column":9,"severity":"Warning","message":"Rule is set with explicit type [var/s: uint]","ruleId":"explicit-types","filePath":"Benchmarks/Study_SamplesSet/83f6dea6686e660fcc648f7a601df9dc.sol"},{"line":1518,"column":9,"severity":"Warning","message":"Rule is set with explicit type [var/s: uint]","ruleId":"explicit-types","filePath":"Benchmarks/Study_SamplesSet/83f6dea6686e660fcc648f7a601df9dc.sol"},{"line":1519,"column":9,"severity":"Warning","message":"Rule is set with explicit type [var/s: uint]","ruleId":"explicit-types","filePath":"Benchmarks/Study_SamplesSet/83f6dea6686e660fcc648f7a601df9dc.sol"},{"line":1523,"column":9,"severity":"Warning","message":"Provide an error message for require","ruleId":"reason-string","fix":null,"filePath":"Benchmarks/Study_SamplesSet/83f6dea6686e660fcc648f7a601df9dc.sol"},{"line":1523,"column":9,"severity":"Warning","message":"Use Custom Errors instead of require statements","ruleId":"custom-errors","fix":null,"filePath":"Benchmarks/Study_SamplesSet/83f6dea6686e660fcc648f7a601df9dc.sol"},{"line":1526,"column":9,"severity":"Warning","message":"Rule is set with explicit type [var/s: uint]","ruleId":"explicit-types","filePath":"Benchmarks/Study_SamplesSet/83f6dea6686e660fcc648f7a601df9dc.sol"},{"line":1530,"column":20,"severity":"Error","message":"Avoid making time-based decisions in your business logic","ruleId":"not-rely-on-time","fix":null,"filePath":"Benchmarks/Study_SamplesSet/83f6dea6686e660fcc648f7a601df9dc.sol"},{"line":1536,"column":9,"severity":"Warning","message":"Provide an error message for require","ruleId":"reason-string","fix":null,"filePath":"Benchmarks/Study_SamplesSet/83f6dea6686e660fcc648f7a601df9dc.sol"},{"line":1536,"column":9,"severity":"Warning","message":"Use Custom Errors instead of require statements","ruleId":"custom-errors","fix":null,"filePath":"Benchmarks/Study_SamplesSet/83f6dea6686e660fcc648f7a601df9dc.sol"},{"line":1539,"column":9,"severity":"Warning","message":"Rule is set with explicit type [var/s: uint]","ruleId":"explicit-types","filePath":"Benchmarks/Study_SamplesSet/83f6dea6686e660fcc648f7a601df9dc.sol"},{"line":1556,"column":26,"severity":"Warning","message":"Rule is set with explicit type [var/s: uint]","ruleId":"explicit-types","filePath":"Benchmarks/Study_SamplesSet/83f6dea6686e660fcc648f7a601df9dc.sol"},{"line":1556,"column":43,"severity":"Warning","message":"Rule is set with explicit type [var/s: uint]","ruleId":"explicit-types","filePath":"Benchmarks/Study_SamplesSet/83f6dea6686e660fcc648f7a601df9dc.sol"},{"line":1556,"column":57,"severity":"Warning","message":"Rule is set with explicit type [var/s: uint]","ruleId":"explicit-types","filePath":"Benchmarks/Study_SamplesSet/83f6dea6686e660fcc648f7a601df9dc.sol"},{"line":1556,"column":74,"severity":"Warning","message":"Rule is set with explicit type [var/s: uint]","ruleId":"explicit-types","filePath":"Benchmarks/Study_SamplesSet/83f6dea6686e660fcc648f7a601df9dc.sol"},{"line":1556,"column":96,"severity":"Warning","message":"Rule is set with explicit type [var/s: uint]","ruleId":"explicit-types","filePath":"Benchmarks/Study_SamplesSet/83f6dea6686e660fcc648f7a601df9dc.sol"},{"line":1558,"column":9,"severity":"Warning","message":"Rule is set with explicit type [var/s: uint]","ruleId":"explicit-types","filePath":"Benchmarks/Study_SamplesSet/83f6dea6686e660fcc648f7a601df9dc.sol"},{"line":1559,"column":9,"severity":"Warning","message":"Rule is set with explicit type [var/s: uint]","ruleId":"explicit-types","filePath":"Benchmarks/Study_SamplesSet/83f6dea6686e660fcc648f7a601df9dc.sol"},{"line":1563,"column":9,"severity":"Warning","message":"Rule is set with explicit type [var/s: uint]","ruleId":"explicit-types","filePath":"Benchmarks/Study_SamplesSet/83f6dea6686e660fcc648f7a601df9dc.sol"},{"line":1565,"column":9,"severity":"Warning","message":"Rule is set with explicit type [var/s: uint]","ruleId":"explicit-types","filePath":"Benchmarks/Study_SamplesSet/83f6dea6686e660fcc648f7a601df9dc.sol"},{"line":1566,"column":9,"severity":"Warning","message":"Rule is set with explicit type [var/s: uint]","ruleId":"explicit-types","filePath":"Benchmarks/Study_SamplesSet/83f6dea6686e660fcc648f7a601df9dc.sol"},{"line":1570,"column":14,"severity":"Warning","message":"Rule is set with explicit type [var/s: uint]","ruleId":"explicit-types","filePath":"Benchmarks/Study_SamplesSet/83f6dea6686e660fcc648f7a601df9dc.sol"},{"line":1572,"column":13,"severity":"Warning","message":"Rule is set with explicit type [var/s: uint]","ruleId":"explicit-types","filePath":"Benchmarks/Study_SamplesSet/83f6dea6686e660fcc648f7a601df9dc.sol"},{"line":1574,"column":13,"severity":"Warning","message":"Rule is set with explicit type [var/s: uint]","ruleId":"explicit-types","filePath":"Benchmarks/Study_SamplesSet/83f6dea6686e660fcc648f7a601df9dc.sol"},{"line":1590,"column":9,"severity":"Error","message":"Explicitly mark all external contracts as trusted or untrusted","ruleId":"mark-callable-contracts","filePath":"Benchmarks/Study_SamplesSet/83f6dea6686e660fcc648f7a601df9dc.sol"},{"line":1590,"column":21,"severity":"Error","message":"Avoid making time-based decisions in your business logic","ruleId":"not-rely-on-time","fix":null,"filePath":"Benchmarks/Study_SamplesSet/83f6dea6686e660fcc648f7a601df9dc.sol"},{"line":1597,"column":81,"severity":"Warning","message":"Visibility modifier must be first in list of modifiers","ruleId":"visibility-modifier-order","fix":null,"filePath":"Benchmarks/Study_SamplesSet/83f6dea6686e660fcc648f7a601df9dc.sol"},{"line":1597,"column":39,"severity":"Warning","message":"Rule is set with explicit type [var/s: uint]","ruleId":"explicit-types","filePath":"Benchmarks/Study_SamplesSet/83f6dea6686e660fcc648f7a601df9dc.sol"},{"line":1602,"column":115,"severity":"Warning","message":"Visibility modifier must be first in list of modifiers","ruleId":"visibility-modifier-order","fix":null,"filePath":"Benchmarks/Study_SamplesSet/83f6dea6686e660fcc648f7a601df9dc.sol"},{"line":1602,"column":56,"severity":"Warning","message":"Rule is set with explicit type [var/s: uint]","ruleId":"explicit-types","filePath":"Benchmarks/Study_SamplesSet/83f6dea6686e660fcc648f7a601df9dc.sol"},{"line":1607,"column":99,"severity":"Warning","message":"Visibility modifier must be first in list of modifiers","ruleId":"visibility-modifier-order","fix":null,"filePath":"Benchmarks/Study_SamplesSet/83f6dea6686e660fcc648f7a601df9dc.sol"},{"line":1607,"column":48,"severity":"Warning","message":"Rule is set with explicit type [var/s: uint]","ruleId":"explicit-types","filePath":"Benchmarks/Study_SamplesSet/83f6dea6686e660fcc648f7a601df9dc.sol"},{"line":1618,"column":30,"severity":"Warning","message":"Rule is set with explicit type [var/s: uint]","ruleId":"explicit-types","filePath":"Benchmarks/Study_SamplesSet/83f6dea6686e660fcc648f7a601df9dc.sol"},{"line":1619,"column":9,"severity":"Warning","message":"Provide an error message for require","ruleId":"reason-string","fix":null,"filePath":"Benchmarks/Study_SamplesSet/83f6dea6686e660fcc648f7a601df9dc.sol"},{"line":1619,"column":9,"severity":"Warning","message":"Use Custom Errors instead of require statements","ruleId":"custom-errors","fix":null,"filePath":"Benchmarks/Study_SamplesSet/83f6dea6686e660fcc648f7a601df9dc.sol"},{"line":1620,"column":9,"severity":"Warning","message":"Rule is set with explicit type [var/s: uint]","ruleId":"explicit-types","filePath":"Benchmarks/Study_SamplesSet/83f6dea6686e660fcc648f7a601df9dc.sol"},{"line":1622,"column":9,"severity":"Warning","message":"Provide an error message for require","ruleId":"reason-string","fix":null,"filePath":"Benchmarks/Study_SamplesSet/83f6dea6686e660fcc648f7a601df9dc.sol"},{"line":1622,"column":9,"severity":"Warning","message":"Use Custom Errors instead of require statements","ruleId":"custom-errors","fix":null,"filePath":"Benchmarks/Study_SamplesSet/83f6dea6686e660fcc648f7a601df9dc.sol"},{"line":1625,"column":9,"severity":"Warning","message":"Provide an error message for require","ruleId":"reason-string","fix":null,"filePath":"Benchmarks/Study_SamplesSet/83f6dea6686e660fcc648f7a601df9dc.sol"},{"line":1625,"column":9,"severity":"Warning","message":"Use Custom Errors instead of require statements","ruleId":"custom-errors","fix":null,"filePath":"Benchmarks/Study_SamplesSet/83f6dea6686e660fcc648f7a601df9dc.sol"},{"line":1633,"column":33,"severity":"Warning","message":"Rule is set with explicit type [var/s: uint]","ruleId":"explicit-types","filePath":"Benchmarks/Study_SamplesSet/83f6dea6686e660fcc648f7a601df9dc.sol"},{"line":1636,"column":13,"severity":"Warning","message":"Provide an error message for require","ruleId":"reason-string","fix":null,"filePath":"Benchmarks/Study_SamplesSet/83f6dea6686e660fcc648f7a601df9dc.sol"},{"line":1636,"column":13,"severity":"Warning","message":"Use Custom Errors instead of require statements","ruleId":"custom-errors","fix":null,"filePath":"Benchmarks/Study_SamplesSet/83f6dea6686e660fcc648f7a601df9dc.sol"},{"line":1661,"column":32,"severity":"Error","message":"Explicitly mark all external contracts as trusted or untrusted","ruleId":"mark-callable-contracts","filePath":"Benchmarks/Study_SamplesSet/83f6dea6686e660fcc648f7a601df9dc.sol"},{"line":1662,"column":29,"severity":"Error","message":"Explicitly mark all external contracts as trusted or untrusted","ruleId":"mark-callable-contracts","filePath":"Benchmarks/Study_SamplesSet/83f6dea6686e660fcc648f7a601df9dc.sol"},{"line":1663,"column":36,"severity":"Error","message":"Explicitly mark all external contracts as trusted or untrusted","ruleId":"mark-callable-contracts","filePath":"Benchmarks/Study_SamplesSet/83f6dea6686e660fcc648f7a601df9dc.sol"},{"line":1664,"column":35,"severity":"Error","message":"Explicitly mark all external contracts as trusted or untrusted","ruleId":"mark-callable-contracts","filePath":"Benchmarks/Study_SamplesSet/83f6dea6686e660fcc648f7a601df9dc.sol"},{"line":1671,"column":32,"severity":"Warning","message":"Rule is set with explicit type [var/s: uint]","ruleId":"explicit-types","filePath":"Benchmarks/Study_SamplesSet/83f6dea6686e660fcc648f7a601df9dc.sol"},{"line":1671,"column":65,"severity":"Warning","message":"Rule is set with explicit type [var/s: uint]","ruleId":"explicit-types","filePath":"Benchmarks/Study_SamplesSet/83f6dea6686e660fcc648f7a601df9dc.sol"},{"line":1671,"column":84,"severity":"Warning","message":"Rule is set with explicit type [var/s: uint]","ruleId":"explicit-types","filePath":"Benchmarks/Study_SamplesSet/83f6dea6686e660fcc648f7a601df9dc.sol"},{"line":1671,"column":97,"severity":"Warning","message":"Rule is set with explicit type [var/s: uint]","ruleId":"explicit-types","filePath":"Benchmarks/Study_SamplesSet/83f6dea6686e660fcc648f7a601df9dc.sol"},{"line":1671,"column":114,"severity":"Warning","message":"Rule is set with explicit type [var/s: uint]","ruleId":"explicit-types","filePath":"Benchmarks/Study_SamplesSet/83f6dea6686e660fcc648f7a601df9dc.sol"},{"line":1671,"column":143,"severity":"Warning","message":"Rule is set with explicit type [var/s: uint]","ruleId":"explicit-types","filePath":"Benchmarks/Study_SamplesSet/83f6dea6686e660fcc648f7a601df9dc.sol"},{"line":1672,"column":9,"severity":"Warning","message":"Provide an error message for require","ruleId":"reason-string","fix":null,"filePath":"Benchmarks/Study_SamplesSet/83f6dea6686e660fcc648f7a601df9dc.sol"},{"line":1672,"column":9,"severity":"Warning","message":"Use Custom Errors instead of require statements","ruleId":"custom-errors","fix":null,"filePath":"Benchmarks/Study_SamplesSet/83f6dea6686e660fcc648f7a601df9dc.sol"},{"line":1678,"column":60,"severity":"Error","message":"Avoid making time-based decisions in your business logic","ruleId":"not-rely-on-time","fix":null,"filePath":"Benchmarks/Study_SamplesSet/83f6dea6686e660fcc648f7a601df9dc.sol"},{"line":1686,"column":37,"severity":"Warning","message":"Rule is set with explicit type [var/s: uint]","ruleId":"explicit-types","filePath":"Benchmarks/Study_SamplesSet/83f6dea6686e660fcc648f7a601df9dc.sol"},{"line":1686,"column":70,"severity":"Warning","message":"Rule is set with explicit type [var/s: uint]","ruleId":"explicit-types","filePath":"Benchmarks/Study_SamplesSet/83f6dea6686e660fcc648f7a601df9dc.sol"},{"line":1686,"column":88,"severity":"Warning","message":"Rule is set with explicit type [var/s: uint]","ruleId":"explicit-types","filePath":"Benchmarks/Study_SamplesSet/83f6dea6686e660fcc648f7a601df9dc.sol"},{"line":1686,"column":112,"severity":"Warning","message":"Rule is set with explicit type [var/s: uint]","ruleId":"explicit-types","filePath":"Benchmarks/Study_SamplesSet/83f6dea6686e660fcc648f7a601df9dc.sol"},{"line":1686,"column":126,"severity":"Warning","message":"Rule is set with explicit type [var/s: uint]","ruleId":"explicit-types","filePath":"Benchmarks/Study_SamplesSet/83f6dea6686e660fcc648f7a601df9dc.sol"},{"line":1686,"column":142,"severity":"Warning","message":"Rule is set with explicit type [var/s: uint]","ruleId":"explicit-types","filePath":"Benchmarks/Study_SamplesSet/83f6dea6686e660fcc648f7a601df9dc.sol"},{"line":1687,"column":9,"severity":"Warning","message":"Provide an error message for require","ruleId":"reason-string","fix":null,"filePath":"Benchmarks/Study_SamplesSet/83f6dea6686e660fcc648f7a601df9dc.sol"},{"line":1687,"column":9,"severity":"Warning","message":"Use Custom Errors instead of require statements","ruleId":"custom-errors","fix":null,"filePath":"Benchmarks/Study_SamplesSet/83f6dea6686e660fcc648f7a601df9dc.sol"},{"line":1697,"column":29,"severity":"Warning","message":"Rule is set with explicit type [var/s: uint]","ruleId":"explicit-types","filePath":"Benchmarks/Study_SamplesSet/83f6dea6686e660fcc648f7a601df9dc.sol"},{"line":1697,"column":62,"severity":"Warning","message":"Rule is set with explicit type [var/s: uint]","ruleId":"explicit-types","filePath":"Benchmarks/Study_SamplesSet/83f6dea6686e660fcc648f7a601df9dc.sol"},{"line":1697,"column":81,"severity":"Warning","message":"Rule is set with explicit type [var/s: uint]","ruleId":"explicit-types","filePath":"Benchmarks/Study_SamplesSet/83f6dea6686e660fcc648f7a601df9dc.sol"},{"line":1697,"column":105,"severity":"Warning","message":"Rule is set with explicit type [var/s: uint]","ruleId":"explicit-types","filePath":"Benchmarks/Study_SamplesSet/83f6dea6686e660fcc648f7a601df9dc.sol"},{"line":1697,"column":125,"severity":"Warning","message":"Rule is set with explicit type [var/s: uint]","ruleId":"explicit-types","filePath":"Benchmarks/Study_SamplesSet/83f6dea6686e660fcc648f7a601df9dc.sol"},{"line":1698,"column":9,"severity":"Warning","message":"Provide an error message for require","ruleId":"reason-string","fix":null,"filePath":"Benchmarks/Study_SamplesSet/83f6dea6686e660fcc648f7a601df9dc.sol"},{"line":1698,"column":9,"severity":"Warning","message":"Use Custom Errors instead of require statements","ruleId":"custom-errors","fix":null,"filePath":"Benchmarks/Study_SamplesSet/83f6dea6686e660fcc648f7a601df9dc.sol"},{"line":1703,"column":64,"severity":"Error","message":"Avoid making time-based decisions in your business logic","ruleId":"not-rely-on-time","fix":null,"filePath":"Benchmarks/Study_SamplesSet/83f6dea6686e660fcc648f7a601df9dc.sol"},{"line":1710,"column":72,"severity":"Warning","message":"Rule is set with explicit type [var/s: uint]","ruleId":"explicit-types","filePath":"Benchmarks/Study_SamplesSet/83f6dea6686e660fcc648f7a601df9dc.sol"},{"line":1710,"column":88,"severity":"Warning","message":"Rule is set with explicit type [var/s: uint]","ruleId":"explicit-types","filePath":"Benchmarks/Study_SamplesSet/83f6dea6686e660fcc648f7a601df9dc.sol"},{"conclusion":"436 problem/s (49 error/s, 387 warning/s)"}]
