[{"line":1,"column":1,"severity":"Warning","message":"Found more than One contract per file. 5 contracts found!","ruleId":"one-contract-per-file","fix":null,"filePath":"Benchmarks/Study_SamplesSet/845b7f66cc76ff0cca29e747a67e6ed7.sol"},{"line":1,"column":1,"severity":"Error","message":"Compiler version ^0.4.18 does not satisfy the ^0.8.0 semver requirement","ruleId":"compiler-version","fix":null,"filePath":"Benchmarks/Study_SamplesSet/845b7f66cc76ff0cca29e747a67e6ed7.sol"},{"line":61,"column":5,"severity":"Warning","message":"Provide an error message for require","ruleId":"reason-string","fix":null,"filePath":"Benchmarks/Study_SamplesSet/845b7f66cc76ff0cca29e747a67e6ed7.sol"},{"line":61,"column":5,"severity":"Warning","message":"Use Custom Errors instead of require statements","ruleId":"custom-errors","fix":null,"filePath":"Benchmarks/Study_SamplesSet/845b7f66cc76ff0cca29e747a67e6ed7.sol"},{"line":67,"column":5,"severity":"Warning","message":"Provide an error message for require","ruleId":"reason-string","fix":null,"filePath":"Benchmarks/Study_SamplesSet/845b7f66cc76ff0cca29e747a67e6ed7.sol"},{"line":67,"column":5,"severity":"Warning","message":"Use Custom Errors instead of require statements","ruleId":"custom-errors","fix":null,"filePath":"Benchmarks/Study_SamplesSet/845b7f66cc76ff0cca29e747a67e6ed7.sol"},{"line":73,"column":5,"severity":"Warning","message":"Provide an error message for require","ruleId":"reason-string","fix":null,"filePath":"Benchmarks/Study_SamplesSet/845b7f66cc76ff0cca29e747a67e6ed7.sol"},{"line":73,"column":5,"severity":"Warning","message":"Use Custom Errors instead of require statements","ruleId":"custom-errors","fix":null,"filePath":"Benchmarks/Study_SamplesSet/845b7f66cc76ff0cca29e747a67e6ed7.sol"},{"line":83,"column":5,"severity":"Warning","message":"Provide an error message for require","ruleId":"reason-string","fix":null,"filePath":"Benchmarks/Study_SamplesSet/845b7f66cc76ff0cca29e747a67e6ed7.sol"},{"line":83,"column":5,"severity":"Warning","message":"Use Custom Errors instead of require statements","ruleId":"custom-errors","fix":null,"filePath":"Benchmarks/Study_SamplesSet/845b7f66cc76ff0cca29e747a67e6ed7.sol"},{"line":90,"column":5,"severity":"Warning","message":"Provide an error message for require","ruleId":"reason-string","fix":null,"filePath":"Benchmarks/Study_SamplesSet/845b7f66cc76ff0cca29e747a67e6ed7.sol"},{"line":90,"column":5,"severity":"Warning","message":"Use Custom Errors instead of require statements","ruleId":"custom-errors","fix":null,"filePath":"Benchmarks/Study_SamplesSet/845b7f66cc76ff0cca29e747a67e6ed7.sol"},{"line":95,"column":7,"severity":"Warning","message":"Provide an error message for require","ruleId":"reason-string","fix":null,"filePath":"Benchmarks/Study_SamplesSet/845b7f66cc76ff0cca29e747a67e6ed7.sol"},{"line":95,"column":7,"severity":"Warning","message":"Use Custom Errors instead of require statements","ruleId":"custom-errors","fix":null,"filePath":"Benchmarks/Study_SamplesSet/845b7f66cc76ff0cca29e747a67e6ed7.sol"},{"line":96,"column":7,"severity":"Warning","message":"Provide an error message for require","ruleId":"reason-string","fix":null,"filePath":"Benchmarks/Study_SamplesSet/845b7f66cc76ff0cca29e747a67e6ed7.sol"},{"line":96,"column":7,"severity":"Warning","message":"Use Custom Errors instead of require statements","ruleId":"custom-errors","fix":null,"filePath":"Benchmarks/Study_SamplesSet/845b7f66cc76ff0cca29e747a67e6ed7.sol"},{"line":102,"column":7,"severity":"Warning","message":"Provide an error message for require","ruleId":"reason-string","fix":null,"filePath":"Benchmarks/Study_SamplesSet/845b7f66cc76ff0cca29e747a67e6ed7.sol"},{"line":102,"column":7,"severity":"Warning","message":"Use Custom Errors instead of require statements","ruleId":"custom-errors","fix":null,"filePath":"Benchmarks/Study_SamplesSet/845b7f66cc76ff0cca29e747a67e6ed7.sol"},{"line":103,"column":7,"severity":"Warning","message":"Provide an error message for require","ruleId":"reason-string","fix":null,"filePath":"Benchmarks/Study_SamplesSet/845b7f66cc76ff0cca29e747a67e6ed7.sol"},{"line":103,"column":7,"severity":"Warning","message":"Use Custom Errors instead of require statements","ruleId":"custom-errors","fix":null,"filePath":"Benchmarks/Study_SamplesSet/845b7f66cc76ff0cca29e747a67e6ed7.sol"},{"line":145,"column":7,"severity":"Warning","message":"Provide an error message for require","ruleId":"reason-string","fix":null,"filePath":"Benchmarks/Study_SamplesSet/845b7f66cc76ff0cca29e747a67e6ed7.sol"},{"line":145,"column":7,"severity":"Warning","message":"Use Custom Errors instead of require statements","ruleId":"custom-errors","fix":null,"filePath":"Benchmarks/Study_SamplesSet/845b7f66cc76ff0cca29e747a67e6ed7.sol"},{"line":148,"column":7,"severity":"Error","message":"Explicitly mark all external contracts as trusted or untrusted","ruleId":"mark-callable-contracts","filePath":"Benchmarks/Study_SamplesSet/845b7f66cc76ff0cca29e747a67e6ed7.sol"},{"line":154,"column":7,"severity":"Warning","message":"Provide an error message for require","ruleId":"reason-string","fix":null,"filePath":"Benchmarks/Study_SamplesSet/845b7f66cc76ff0cca29e747a67e6ed7.sol"},{"line":154,"column":7,"severity":"Warning","message":"Use Custom Errors instead of require statements","ruleId":"custom-errors","fix":null,"filePath":"Benchmarks/Study_SamplesSet/845b7f66cc76ff0cca29e747a67e6ed7.sol"},{"line":160,"column":7,"severity":"Error","message":"Explicitly mark all external contracts as trusted or untrusted","ruleId":"mark-callable-contracts","filePath":"Benchmarks/Study_SamplesSet/845b7f66cc76ff0cca29e747a67e6ed7.sol"},{"line":170,"column":7,"severity":"Error","message":"Explicitly mark all external contracts as trusted or untrusted","ruleId":"mark-callable-contracts","filePath":"Benchmarks/Study_SamplesSet/845b7f66cc76ff0cca29e747a67e6ed7.sol"},{"line":176,"column":7,"severity":"Error","message":"Explicitly mark all external contracts as trusted or untrusted","ruleId":"mark-callable-contracts","filePath":"Benchmarks/Study_SamplesSet/845b7f66cc76ff0cca29e747a67e6ed7.sol"},{"line":178,"column":7,"severity":"Warning","message":"Provide an error message for require","ruleId":"reason-string","fix":null,"filePath":"Benchmarks/Study_SamplesSet/845b7f66cc76ff0cca29e747a67e6ed7.sol"},{"line":178,"column":7,"severity":"Warning","message":"Use Custom Errors instead of require statements","ruleId":"custom-errors","fix":null,"filePath":"Benchmarks/Study_SamplesSet/845b7f66cc76ff0cca29e747a67e6ed7.sol"},{"line":178,"column":15,"severity":"Error","message":"Avoid to use low level calls.","ruleId":"avoid-low-level-calls","fix":null,"filePath":"Benchmarks/Study_SamplesSet/845b7f66cc76ff0cca29e747a67e6ed7.sol"},{"line":178,"column":44,"severity":"Error","message":"Use \"keccak256\" instead of deprecated \"sha3\"","ruleId":"avoid-sha3","filePath":"Benchmarks/Study_SamplesSet/845b7f66cc76ff0cca29e747a67e6ed7.sol"},{"line":191,"column":32,"severity":"Warning","message":"Rule is set with explicit type [var/s: uint]","ruleId":"explicit-types","filePath":"Benchmarks/Study_SamplesSet/845b7f66cc76ff0cca29e747a67e6ed7.sol"},{"line":196,"column":33,"severity":"Warning","message":"Rule is set with explicit type [var/s: uint]","ruleId":"explicit-types","filePath":"Benchmarks/Study_SamplesSet/845b7f66cc76ff0cca29e747a67e6ed7.sol"},{"line":208,"column":3,"severity":"Warning","message":"Rule is set with explicit type [var/s: uint]","ruleId":"explicit-types","filePath":"Benchmarks/Study_SamplesSet/845b7f66cc76ff0cca29e747a67e6ed7.sol"},{"line":243,"column":5,"severity":"Warning","message":"Provide an error message for require","ruleId":"reason-string","fix":null,"filePath":"Benchmarks/Study_SamplesSet/845b7f66cc76ff0cca29e747a67e6ed7.sol"},{"line":243,"column":5,"severity":"Warning","message":"Use Custom Errors instead of require statements","ruleId":"custom-errors","fix":null,"filePath":"Benchmarks/Study_SamplesSet/845b7f66cc76ff0cca29e747a67e6ed7.sol"},{"line":247,"column":5,"severity":"Error","message":"Explicitly mark all external contracts as trusted or untrusted","ruleId":"mark-callable-contracts","filePath":"Benchmarks/Study_SamplesSet/845b7f66cc76ff0cca29e747a67e6ed7.sol"},{"line":251,"column":55,"severity":"Warning","message":"Rule is set with explicit type [var/s: uint]","ruleId":"explicit-types","filePath":"Benchmarks/Study_SamplesSet/845b7f66cc76ff0cca29e747a67e6ed7.sol"},{"line":287,"column":5,"severity":"Warning","message":"Provide an error message for require","ruleId":"reason-string","fix":null,"filePath":"Benchmarks/Study_SamplesSet/845b7f66cc76ff0cca29e747a67e6ed7.sol"},{"line":287,"column":5,"severity":"Warning","message":"Use Custom Errors instead of require statements","ruleId":"custom-errors","fix":null,"filePath":"Benchmarks/Study_SamplesSet/845b7f66cc76ff0cca29e747a67e6ed7.sol"},{"line":290,"column":5,"severity":"Warning","message":"Provide an error message for require","ruleId":"reason-string","fix":null,"filePath":"Benchmarks/Study_SamplesSet/845b7f66cc76ff0cca29e747a67e6ed7.sol"},{"line":290,"column":5,"severity":"Warning","message":"Use Custom Errors instead of require statements","ruleId":"custom-errors","fix":null,"filePath":"Benchmarks/Study_SamplesSet/845b7f66cc76ff0cca29e747a67e6ed7.sol"},{"line":303,"column":5,"severity":"Warning","message":"Provide an error message for require","ruleId":"reason-string","fix":null,"filePath":"Benchmarks/Study_SamplesSet/845b7f66cc76ff0cca29e747a67e6ed7.sol"},{"line":303,"column":5,"severity":"Warning","message":"Use Custom Errors instead of require statements","ruleId":"custom-errors","fix":null,"filePath":"Benchmarks/Study_SamplesSet/845b7f66cc76ff0cca29e747a67e6ed7.sol"},{"line":304,"column":5,"severity":"Warning","message":"Provide an error message for require","ruleId":"reason-string","fix":null,"filePath":"Benchmarks/Study_SamplesSet/845b7f66cc76ff0cca29e747a67e6ed7.sol"},{"line":304,"column":5,"severity":"Warning","message":"Use Custom Errors instead of require statements","ruleId":"custom-errors","fix":null,"filePath":"Benchmarks/Study_SamplesSet/845b7f66cc76ff0cca29e747a67e6ed7.sol"},{"line":319,"column":5,"severity":"Warning","message":"Provide an error message for require","ruleId":"reason-string","fix":null,"filePath":"Benchmarks/Study_SamplesSet/845b7f66cc76ff0cca29e747a67e6ed7.sol"},{"line":319,"column":5,"severity":"Warning","message":"Use Custom Errors instead of require statements","ruleId":"custom-errors","fix":null,"filePath":"Benchmarks/Study_SamplesSet/845b7f66cc76ff0cca29e747a67e6ed7.sol"},{"line":320,"column":5,"severity":"Warning","message":"Provide an error message for require","ruleId":"reason-string","fix":null,"filePath":"Benchmarks/Study_SamplesSet/845b7f66cc76ff0cca29e747a67e6ed7.sol"},{"line":320,"column":5,"severity":"Warning","message":"Use Custom Errors instead of require statements","ruleId":"custom-errors","fix":null,"filePath":"Benchmarks/Study_SamplesSet/845b7f66cc76ff0cca29e747a67e6ed7.sol"},{"line":321,"column":5,"severity":"Warning","message":"Provide an error message for require","ruleId":"reason-string","fix":null,"filePath":"Benchmarks/Study_SamplesSet/845b7f66cc76ff0cca29e747a67e6ed7.sol"},{"line":321,"column":5,"severity":"Warning","message":"Use Custom Errors instead of require statements","ruleId":"custom-errors","fix":null,"filePath":"Benchmarks/Study_SamplesSet/845b7f66cc76ff0cca29e747a67e6ed7.sol"},{"line":340,"column":5,"severity":"Error","message":"Explicitly mark all external contracts as trusted or untrusted","ruleId":"mark-callable-contracts","filePath":"Benchmarks/Study_SamplesSet/845b7f66cc76ff0cca29e747a67e6ed7.sol"},{"line":352,"column":3,"severity":"Error","message":"Explicitly mark visibility of state","ruleId":"state-visibility","fix":null,"filePath":"Benchmarks/Study_SamplesSet/845b7f66cc76ff0cca29e747a67e6ed7.sol"},{"line":354,"column":5,"severity":"Warning","message":"Provide an error message for require","ruleId":"reason-string","fix":null,"filePath":"Benchmarks/Study_SamplesSet/845b7f66cc76ff0cca29e747a67e6ed7.sol"},{"line":354,"column":5,"severity":"Warning","message":"Use Custom Errors instead of require statements","ruleId":"custom-errors","fix":null,"filePath":"Benchmarks/Study_SamplesSet/845b7f66cc76ff0cca29e747a67e6ed7.sol"},{"line":355,"column":5,"severity":"Warning","message":"Provide an error message for require","ruleId":"reason-string","fix":null,"filePath":"Benchmarks/Study_SamplesSet/845b7f66cc76ff0cca29e747a67e6ed7.sol"},{"line":355,"column":5,"severity":"Warning","message":"Use Custom Errors instead of require statements","ruleId":"custom-errors","fix":null,"filePath":"Benchmarks/Study_SamplesSet/845b7f66cc76ff0cca29e747a67e6ed7.sol"},{"line":358,"column":24,"severity":"Warning","message":"Rule is set with explicit type [var/s: uint]","ruleId":"explicit-types","filePath":"Benchmarks/Study_SamplesSet/845b7f66cc76ff0cca29e747a67e6ed7.sol"},{"line":371,"column":5,"severity":"Warning","message":"Provide an error message for require","ruleId":"reason-string","fix":null,"filePath":"Benchmarks/Study_SamplesSet/845b7f66cc76ff0cca29e747a67e6ed7.sol"},{"line":371,"column":5,"severity":"Warning","message":"Use Custom Errors instead of require statements","ruleId":"custom-errors","fix":null,"filePath":"Benchmarks/Study_SamplesSet/845b7f66cc76ff0cca29e747a67e6ed7.sol"},{"line":419,"column":5,"severity":"Error","message":"Explicitly mark all external contracts as trusted or untrusted","ruleId":"mark-callable-contracts","filePath":"Benchmarks/Study_SamplesSet/845b7f66cc76ff0cca29e747a67e6ed7.sol"},{"line":456,"column":35,"severity":"Warning","message":"Rule is set with explicit type [var/s: uint]","ruleId":"explicit-types","filePath":"Benchmarks/Study_SamplesSet/845b7f66cc76ff0cca29e747a67e6ed7.sol"},{"line":456,"column":70,"severity":"Warning","message":"Rule is set with explicit type [var/s: uint]","ruleId":"explicit-types","filePath":"Benchmarks/Study_SamplesSet/845b7f66cc76ff0cca29e747a67e6ed7.sol"},{"line":466,"column":3,"severity":"Warning","message":"Rule is set with explicit type [var/s: uint]","ruleId":"explicit-types","filePath":"Benchmarks/Study_SamplesSet/845b7f66cc76ff0cca29e747a67e6ed7.sol"},{"line":474,"column":35,"severity":"Warning","message":"Rule is set with explicit type [var/s: uint]","ruleId":"explicit-types","filePath":"Benchmarks/Study_SamplesSet/845b7f66cc76ff0cca29e747a67e6ed7.sol"},{"line":474,"column":71,"severity":"Warning","message":"Rule is set with explicit type [var/s: uint]","ruleId":"explicit-types","filePath":"Benchmarks/Study_SamplesSet/845b7f66cc76ff0cca29e747a67e6ed7.sol"},{"line":481,"column":25,"severity":"Warning","message":"Rule is set with explicit type [var/s: uint]","ruleId":"explicit-types","filePath":"Benchmarks/Study_SamplesSet/845b7f66cc76ff0cca29e747a67e6ed7.sol"},{"line":481,"column":65,"severity":"Warning","message":"Rule is set with explicit type [var/s: uint]","ruleId":"explicit-types","filePath":"Benchmarks/Study_SamplesSet/845b7f66cc76ff0cca29e747a67e6ed7.sol"},{"line":512,"column":5,"severity":"Warning","message":"Provide an error message for require","ruleId":"reason-string","fix":null,"filePath":"Benchmarks/Study_SamplesSet/845b7f66cc76ff0cca29e747a67e6ed7.sol"},{"line":512,"column":5,"severity":"Warning","message":"Use Custom Errors instead of require statements","ruleId":"custom-errors","fix":null,"filePath":"Benchmarks/Study_SamplesSet/845b7f66cc76ff0cca29e747a67e6ed7.sol"},{"line":519,"column":5,"severity":"Warning","message":"Provide an error message for require","ruleId":"reason-string","fix":null,"filePath":"Benchmarks/Study_SamplesSet/845b7f66cc76ff0cca29e747a67e6ed7.sol"},{"line":519,"column":5,"severity":"Warning","message":"Use Custom Errors instead of require statements","ruleId":"custom-errors","fix":null,"filePath":"Benchmarks/Study_SamplesSet/845b7f66cc76ff0cca29e747a67e6ed7.sol"},{"line":521,"column":5,"severity":"Warning","message":"Provide an error message for require","ruleId":"reason-string","fix":null,"filePath":"Benchmarks/Study_SamplesSet/845b7f66cc76ff0cca29e747a67e6ed7.sol"},{"line":521,"column":5,"severity":"Warning","message":"Use Custom Errors instead of require statements","ruleId":"custom-errors","fix":null,"filePath":"Benchmarks/Study_SamplesSet/845b7f66cc76ff0cca29e747a67e6ed7.sol"},{"line":531,"column":5,"severity":"Error","message":"Explicitly mark all external contracts as trusted or untrusted","ruleId":"mark-callable-contracts","filePath":"Benchmarks/Study_SamplesSet/845b7f66cc76ff0cca29e747a67e6ed7.sol"},{"line":532,"column":5,"severity":"Error","message":"Explicitly mark all external contracts as trusted or untrusted","ruleId":"mark-callable-contracts","filePath":"Benchmarks/Study_SamplesSet/845b7f66cc76ff0cca29e747a67e6ed7.sol"},{"line":543,"column":7,"severity":"Warning","message":"Provide an error message for require","ruleId":"reason-string","fix":null,"filePath":"Benchmarks/Study_SamplesSet/845b7f66cc76ff0cca29e747a67e6ed7.sol"},{"line":543,"column":7,"severity":"Warning","message":"Use Custom Errors instead of require statements","ruleId":"custom-errors","fix":null,"filePath":"Benchmarks/Study_SamplesSet/845b7f66cc76ff0cca29e747a67e6ed7.sol"},{"line":544,"column":7,"severity":"Error","message":"Explicitly mark all external contracts as trusted or untrusted","ruleId":"mark-callable-contracts","filePath":"Benchmarks/Study_SamplesSet/845b7f66cc76ff0cca29e747a67e6ed7.sol"},{"line":551,"column":25,"severity":"Error","message":"Explicitly mark all external contracts as trusted or untrusted","ruleId":"mark-callable-contracts","filePath":"Benchmarks/Study_SamplesSet/845b7f66cc76ff0cca29e747a67e6ed7.sol"},{"line":562,"column":49,"severity":"Warning","message":"Rule is set with explicit type [var/s: uint]","ruleId":"explicit-types","filePath":"Benchmarks/Study_SamplesSet/845b7f66cc76ff0cca29e747a67e6ed7.sol"},{"line":562,"column":69,"severity":"Warning","message":"Rule is set with explicit type [var/s: uint]","ruleId":"explicit-types","filePath":"Benchmarks/Study_SamplesSet/845b7f66cc76ff0cca29e747a67e6ed7.sol"},{"line":563,"column":49,"severity":"Warning","message":"Rule is set with explicit type [var/s: uint]","ruleId":"explicit-types","filePath":"Benchmarks/Study_SamplesSet/845b7f66cc76ff0cca29e747a67e6ed7.sol"},{"line":563,"column":69,"severity":"Warning","message":"Rule is set with explicit type [var/s: uint]","ruleId":"explicit-types","filePath":"Benchmarks/Study_SamplesSet/845b7f66cc76ff0cca29e747a67e6ed7.sol"},{"line":564,"column":48,"severity":"Warning","message":"Rule is set with explicit type [var/s: uint]","ruleId":"explicit-types","filePath":"Benchmarks/Study_SamplesSet/845b7f66cc76ff0cca29e747a67e6ed7.sol"},{"line":564,"column":68,"severity":"Warning","message":"Rule is set with explicit type [var/s: uint]","ruleId":"explicit-types","filePath":"Benchmarks/Study_SamplesSet/845b7f66cc76ff0cca29e747a67e6ed7.sol"},{"line":565,"column":80,"severity":"Warning","message":"Rule is set with explicit type [var/s: uint]","ruleId":"explicit-types","filePath":"Benchmarks/Study_SamplesSet/845b7f66cc76ff0cca29e747a67e6ed7.sol"},{"line":565,"column":100,"severity":"Warning","message":"Rule is set with explicit type [var/s: uint]","ruleId":"explicit-types","filePath":"Benchmarks/Study_SamplesSet/845b7f66cc76ff0cca29e747a67e6ed7.sol"},{"line":567,"column":5,"severity":"Error","message":"Explicitly mark visibility of state","ruleId":"state-visibility","fix":null,"filePath":"Benchmarks/Study_SamplesSet/845b7f66cc76ff0cca29e747a67e6ed7.sol"},{"line":567,"column":5,"severity":"Warning","message":"Rule is set with explicit type [var/s: uint]","ruleId":"explicit-types","filePath":"Benchmarks/Study_SamplesSet/845b7f66cc76ff0cca29e747a67e6ed7.sol"},{"line":567,"column":5,"severity":"Warning","message":"Rule is set with explicit type [var/s: uint]","ruleId":"explicit-types","filePath":"Benchmarks/Study_SamplesSet/845b7f66cc76ff0cca29e747a67e6ed7.sol"},{"line":568,"column":5,"severity":"Error","message":"Explicitly mark visibility of state","ruleId":"state-visibility","fix":null,"filePath":"Benchmarks/Study_SamplesSet/845b7f66cc76ff0cca29e747a67e6ed7.sol"},{"line":568,"column":5,"severity":"Warning","message":"Rule is set with explicit type [var/s: uint]","ruleId":"explicit-types","filePath":"Benchmarks/Study_SamplesSet/845b7f66cc76ff0cca29e747a67e6ed7.sol"},{"line":568,"column":5,"severity":"Warning","message":"Rule is set with explicit type [var/s: uint]","ruleId":"explicit-types","filePath":"Benchmarks/Study_SamplesSet/845b7f66cc76ff0cca29e747a67e6ed7.sol"},{"line":569,"column":5,"severity":"Error","message":"Explicitly mark visibility of state","ruleId":"state-visibility","fix":null,"filePath":"Benchmarks/Study_SamplesSet/845b7f66cc76ff0cca29e747a67e6ed7.sol"},{"line":569,"column":5,"severity":"Warning","message":"Rule is set with explicit type [var/s: uint]","ruleId":"explicit-types","filePath":"Benchmarks/Study_SamplesSet/845b7f66cc76ff0cca29e747a67e6ed7.sol"},{"line":569,"column":5,"severity":"Warning","message":"Rule is set with explicit type [var/s: uint]","ruleId":"explicit-types","filePath":"Benchmarks/Study_SamplesSet/845b7f66cc76ff0cca29e747a67e6ed7.sol"},{"line":570,"column":5,"severity":"Error","message":"Explicitly mark visibility of state","ruleId":"state-visibility","fix":null,"filePath":"Benchmarks/Study_SamplesSet/845b7f66cc76ff0cca29e747a67e6ed7.sol"},{"line":570,"column":5,"severity":"Warning","message":"Rule is set with explicit type [var/s: uint]","ruleId":"explicit-types","filePath":"Benchmarks/Study_SamplesSet/845b7f66cc76ff0cca29e747a67e6ed7.sol"},{"line":570,"column":5,"severity":"Warning","message":"Rule is set with explicit type [var/s: uint]","ruleId":"explicit-types","filePath":"Benchmarks/Study_SamplesSet/845b7f66cc76ff0cca29e747a67e6ed7.sol"},{"line":572,"column":5,"severity":"Error","message":"Explicitly mark visibility of state","ruleId":"state-visibility","fix":null,"filePath":"Benchmarks/Study_SamplesSet/845b7f66cc76ff0cca29e747a67e6ed7.sol"},{"line":572,"column":5,"severity":"Warning","message":"Rule is set with explicit type [var/s: uint]","ruleId":"explicit-types","filePath":"Benchmarks/Study_SamplesSet/845b7f66cc76ff0cca29e747a67e6ed7.sol"},{"line":573,"column":5,"severity":"Error","message":"Explicitly mark visibility of state","ruleId":"state-visibility","fix":null,"filePath":"Benchmarks/Study_SamplesSet/845b7f66cc76ff0cca29e747a67e6ed7.sol"},{"line":573,"column":5,"severity":"Warning","message":"Rule is set with explicit type [var/s: uint]","ruleId":"explicit-types","filePath":"Benchmarks/Study_SamplesSet/845b7f66cc76ff0cca29e747a67e6ed7.sol"},{"line":573,"column":5,"severity":"Warning","message":"Variable name must be in mixedCase","ruleId":"var-name-mixedcase","fix":null,"filePath":"Benchmarks/Study_SamplesSet/845b7f66cc76ff0cca29e747a67e6ed7.sol"},{"line":575,"column":29,"severity":"Warning","message":"Rule is set with explicit type [var/s: uint]","ruleId":"explicit-types","filePath":"Benchmarks/Study_SamplesSet/845b7f66cc76ff0cca29e747a67e6ed7.sol"},{"line":577,"column":7,"severity":"Warning","message":"Provide an error message for require","ruleId":"reason-string","fix":null,"filePath":"Benchmarks/Study_SamplesSet/845b7f66cc76ff0cca29e747a67e6ed7.sol"},{"line":577,"column":7,"severity":"Warning","message":"Use Custom Errors instead of require statements","ruleId":"custom-errors","fix":null,"filePath":"Benchmarks/Study_SamplesSet/845b7f66cc76ff0cca29e747a67e6ed7.sol"},{"line":580,"column":33,"severity":"Warning","message":"Rule is set with explicit type [var/s: uint]","ruleId":"explicit-types","filePath":"Benchmarks/Study_SamplesSet/845b7f66cc76ff0cca29e747a67e6ed7.sol"},{"line":582,"column":39,"severity":"Error","message":"Explicitly mark all external contracts as trusted or untrusted","ruleId":"mark-callable-contracts","filePath":"Benchmarks/Study_SamplesSet/845b7f66cc76ff0cca29e747a67e6ed7.sol"},{"line":585,"column":33,"severity":"Warning","message":"Rule is set with explicit type [var/s: uint]","ruleId":"explicit-types","filePath":"Benchmarks/Study_SamplesSet/845b7f66cc76ff0cca29e747a67e6ed7.sol"},{"line":585,"column":47,"severity":"Warning","message":"Rule is set with explicit type [var/s: uint]","ruleId":"explicit-types","filePath":"Benchmarks/Study_SamplesSet/845b7f66cc76ff0cca29e747a67e6ed7.sol"},{"line":585,"column":59,"severity":"Warning","message":"Rule is set with explicit type [var/s: uint]","ruleId":"explicit-types","filePath":"Benchmarks/Study_SamplesSet/845b7f66cc76ff0cca29e747a67e6ed7.sol"},{"line":585,"column":68,"severity":"Warning","message":"Rule is set with explicit type [var/s: uint]","ruleId":"explicit-types","filePath":"Benchmarks/Study_SamplesSet/845b7f66cc76ff0cca29e747a67e6ed7.sol"},{"line":592,"column":28,"severity":"Warning","message":"Rule is set with explicit type [var/s: uint]","ruleId":"explicit-types","filePath":"Benchmarks/Study_SamplesSet/845b7f66cc76ff0cca29e747a67e6ed7.sol"},{"line":592,"column":42,"severity":"Warning","message":"Rule is set with explicit type [var/s: uint]","ruleId":"explicit-types","filePath":"Benchmarks/Study_SamplesSet/845b7f66cc76ff0cca29e747a67e6ed7.sol"},{"line":593,"column":7,"severity":"Warning","message":"Provide an error message for require","ruleId":"reason-string","fix":null,"filePath":"Benchmarks/Study_SamplesSet/845b7f66cc76ff0cca29e747a67e6ed7.sol"},{"line":593,"column":7,"severity":"Warning","message":"Use Custom Errors instead of require statements","ruleId":"custom-errors","fix":null,"filePath":"Benchmarks/Study_SamplesSet/845b7f66cc76ff0cca29e747a67e6ed7.sol"},{"line":594,"column":7,"severity":"Warning","message":"Rule is set with explicit type [var/s: uint]","ruleId":"explicit-types","filePath":"Benchmarks/Study_SamplesSet/845b7f66cc76ff0cca29e747a67e6ed7.sol"},{"line":596,"column":7,"severity":"Warning","message":"Rule is set with explicit type [var/s: uint]","ruleId":"explicit-types","filePath":"Benchmarks/Study_SamplesSet/845b7f66cc76ff0cca29e747a67e6ed7.sol"},{"line":598,"column":9,"severity":"Warning","message":"Rule is set with explicit type [var/s: uint]","ruleId":"explicit-types","filePath":"Benchmarks/Study_SamplesSet/845b7f66cc76ff0cca29e747a67e6ed7.sol"},{"line":605,"column":11,"severity":"Error","message":"Explicitly mark all external contracts as trusted or untrusted","ruleId":"mark-callable-contracts","filePath":"Benchmarks/Study_SamplesSet/845b7f66cc76ff0cca29e747a67e6ed7.sol"},{"line":611,"column":7,"severity":"Error","message":"Explicitly mark all external contracts as trusted or untrusted","ruleId":"mark-callable-contracts","filePath":"Benchmarks/Study_SamplesSet/845b7f66cc76ff0cca29e747a67e6ed7.sol"},{"line":612,"column":7,"severity":"Error","message":"Explicitly mark all external contracts as trusted or untrusted","ruleId":"mark-callable-contracts","filePath":"Benchmarks/Study_SamplesSet/845b7f66cc76ff0cca29e747a67e6ed7.sol"},{"line":615,"column":28,"severity":"Warning","message":"Rule is set with explicit type [var/s: uint]","ruleId":"explicit-types","filePath":"Benchmarks/Study_SamplesSet/845b7f66cc76ff0cca29e747a67e6ed7.sol"},{"line":616,"column":7,"severity":"Warning","message":"Rule is set with explicit type [var/s: uint]","ruleId":"explicit-types","filePath":"Benchmarks/Study_SamplesSet/845b7f66cc76ff0cca29e747a67e6ed7.sol"},{"line":620,"column":7,"severity":"Error","message":"Explicitly mark all external contracts as trusted or untrusted","ruleId":"mark-callable-contracts","filePath":"Benchmarks/Study_SamplesSet/845b7f66cc76ff0cca29e747a67e6ed7.sol"},{"line":623,"column":27,"severity":"Warning","message":"Rule is set with explicit type [var/s: uint]","ruleId":"explicit-types","filePath":"Benchmarks/Study_SamplesSet/845b7f66cc76ff0cca29e747a67e6ed7.sol"},{"line":624,"column":7,"severity":"Warning","message":"Provide an error message for require","ruleId":"reason-string","fix":null,"filePath":"Benchmarks/Study_SamplesSet/845b7f66cc76ff0cca29e747a67e6ed7.sol"},{"line":624,"column":7,"severity":"Warning","message":"Use Custom Errors instead of require statements","ruleId":"custom-errors","fix":null,"filePath":"Benchmarks/Study_SamplesSet/845b7f66cc76ff0cca29e747a67e6ed7.sol"},{"line":625,"column":7,"severity":"Warning","message":"Provide an error message for require","ruleId":"reason-string","fix":null,"filePath":"Benchmarks/Study_SamplesSet/845b7f66cc76ff0cca29e747a67e6ed7.sol"},{"line":625,"column":7,"severity":"Warning","message":"Use Custom Errors instead of require statements","ruleId":"custom-errors","fix":null,"filePath":"Benchmarks/Study_SamplesSet/845b7f66cc76ff0cca29e747a67e6ed7.sol"},{"line":629,"column":28,"severity":"Warning","message":"Rule is set with explicit type [var/s: uint]","ruleId":"explicit-types","filePath":"Benchmarks/Study_SamplesSet/845b7f66cc76ff0cca29e747a67e6ed7.sol"},{"line":630,"column":7,"severity":"Warning","message":"Rule is set with explicit type [var/s: uint]","ruleId":"explicit-types","filePath":"Benchmarks/Study_SamplesSet/845b7f66cc76ff0cca29e747a67e6ed7.sol"},{"line":634,"column":7,"severity":"Error","message":"Explicitly mark all external contracts as trusted or untrusted","ruleId":"mark-callable-contracts","filePath":"Benchmarks/Study_SamplesSet/845b7f66cc76ff0cca29e747a67e6ed7.sol"},{"line":636,"column":28,"severity":"Warning","message":"Rule is set with explicit type [var/s: uint]","ruleId":"explicit-types","filePath":"Benchmarks/Study_SamplesSet/845b7f66cc76ff0cca29e747a67e6ed7.sol"},{"line":637,"column":7,"severity":"Warning","message":"Rule is set with explicit type [var/s: uint]","ruleId":"explicit-types","filePath":"Benchmarks/Study_SamplesSet/845b7f66cc76ff0cca29e747a67e6ed7.sol"},{"line":642,"column":7,"severity":"Error","message":"Explicitly mark all external contracts as trusted or untrusted","ruleId":"mark-callable-contracts","filePath":"Benchmarks/Study_SamplesSet/845b7f66cc76ff0cca29e747a67e6ed7.sol"},{"line":645,"column":33,"severity":"Warning","message":"Rule is set with explicit type [var/s: uint]","ruleId":"explicit-types","filePath":"Benchmarks/Study_SamplesSet/845b7f66cc76ff0cca29e747a67e6ed7.sol"},{"line":645,"column":68,"severity":"Warning","message":"Rule is set with explicit type [var/s: uint]","ruleId":"explicit-types","filePath":"Benchmarks/Study_SamplesSet/845b7f66cc76ff0cca29e747a67e6ed7.sol"},{"line":649,"column":28,"severity":"Warning","message":"Rule is set with explicit type [var/s: uint]","ruleId":"explicit-types","filePath":"Benchmarks/Study_SamplesSet/845b7f66cc76ff0cca29e747a67e6ed7.sol"},{"line":649,"column":63,"severity":"Warning","message":"Rule is set with explicit type [var/s: uint]","ruleId":"explicit-types","filePath":"Benchmarks/Study_SamplesSet/845b7f66cc76ff0cca29e747a67e6ed7.sol"},{"line":649,"column":83,"severity":"Warning","message":"Rule is set with explicit type [var/s: uint]","ruleId":"explicit-types","filePath":"Benchmarks/Study_SamplesSet/845b7f66cc76ff0cca29e747a67e6ed7.sol"},{"line":649,"column":95,"severity":"Warning","message":"Rule is set with explicit type [var/s: uint]","ruleId":"explicit-types","filePath":"Benchmarks/Study_SamplesSet/845b7f66cc76ff0cca29e747a67e6ed7.sol"},{"line":649,"column":104,"severity":"Warning","message":"Rule is set with explicit type [var/s: uint]","ruleId":"explicit-types","filePath":"Benchmarks/Study_SamplesSet/845b7f66cc76ff0cca29e747a67e6ed7.sol"},{"line":649,"column":122,"severity":"Warning","message":"Rule is set with explicit type [var/s: uint]","ruleId":"explicit-types","filePath":"Benchmarks/Study_SamplesSet/845b7f66cc76ff0cca29e747a67e6ed7.sol"},{"line":649,"column":144,"severity":"Warning","message":"Rule is set with explicit type [var/s: uint]","ruleId":"explicit-types","filePath":"Benchmarks/Study_SamplesSet/845b7f66cc76ff0cca29e747a67e6ed7.sol"},{"line":658,"column":156,"severity":"Warning","message":"Rule is set with explicit type [var/s: uint]","ruleId":"explicit-types","filePath":"Benchmarks/Study_SamplesSet/845b7f66cc76ff0cca29e747a67e6ed7.sol"},{"line":658,"column":176,"severity":"Warning","message":"Rule is set with explicit type [var/s: uint]","ruleId":"explicit-types","filePath":"Benchmarks/Study_SamplesSet/845b7f66cc76ff0cca29e747a67e6ed7.sol"},{"line":658,"column":188,"severity":"Warning","message":"Rule is set with explicit type [var/s: uint]","ruleId":"explicit-types","filePath":"Benchmarks/Study_SamplesSet/845b7f66cc76ff0cca29e747a67e6ed7.sol"},{"line":658,"column":197,"severity":"Warning","message":"Rule is set with explicit type [var/s: uint]","ruleId":"explicit-types","filePath":"Benchmarks/Study_SamplesSet/845b7f66cc76ff0cca29e747a67e6ed7.sol"},{"line":658,"column":215,"severity":"Warning","message":"Rule is set with explicit type [var/s: uint]","ruleId":"explicit-types","filePath":"Benchmarks/Study_SamplesSet/845b7f66cc76ff0cca29e747a67e6ed7.sol"},{"line":658,"column":237,"severity":"Warning","message":"Rule is set with explicit type [var/s: uint]","ruleId":"explicit-types","filePath":"Benchmarks/Study_SamplesSet/845b7f66cc76ff0cca29e747a67e6ed7.sol"},{"line":667,"column":7,"severity":"Warning","message":"Rule is set with explicit type [var/s: uint]","ruleId":"explicit-types","filePath":"Benchmarks/Study_SamplesSet/845b7f66cc76ff0cca29e747a67e6ed7.sol"},{"line":674,"column":54,"severity":"Warning","message":"Rule is set with explicit type [var/s: uint]","ruleId":"explicit-types","filePath":"Benchmarks/Study_SamplesSet/845b7f66cc76ff0cca29e747a67e6ed7.sol"},{"line":680,"column":7,"severity":"Warning","message":"Provide an error message for require","ruleId":"reason-string","fix":null,"filePath":"Benchmarks/Study_SamplesSet/845b7f66cc76ff0cca29e747a67e6ed7.sol"},{"line":680,"column":7,"severity":"Warning","message":"Use Custom Errors instead of require statements","ruleId":"custom-errors","fix":null,"filePath":"Benchmarks/Study_SamplesSet/845b7f66cc76ff0cca29e747a67e6ed7.sol"},{"line":702,"column":12,"severity":"Warning","message":"Rule is set with explicit type [var/s: uint]","ruleId":"explicit-types","filePath":"Benchmarks/Study_SamplesSet/845b7f66cc76ff0cca29e747a67e6ed7.sol"},{"line":703,"column":9,"severity":"Warning","message":"Provide an error message for require","ruleId":"reason-string","fix":null,"filePath":"Benchmarks/Study_SamplesSet/845b7f66cc76ff0cca29e747a67e6ed7.sol"},{"line":703,"column":9,"severity":"Warning","message":"Use Custom Errors instead of require statements","ruleId":"custom-errors","fix":null,"filePath":"Benchmarks/Study_SamplesSet/845b7f66cc76ff0cca29e747a67e6ed7.sol"},{"conclusion":"162 problem/s (28 error/s, 134 warning/s)"}]
