[{"line":1,"column":1,"severity":"Error","message":"Compiler version 0.4.8 does not satisfy the ^0.8.0 semver requirement","ruleId":"compiler-version","fix":null,"filePath":"Benchmarks/Study_SamplesSet/8484cfbcefc9ee4124b8ec72e11ab101.sol"},{"line":3,"column":1,"severity":"Warning","message":"Contract, Structs and Enums should be in CamelCase","ruleId":"contract-name-camelcase","filePath":"Benchmarks/Study_SamplesSet/8484cfbcefc9ee4124b8ec72e11ab101.sol"},{"line":4,"column":5,"severity":"Error","message":"Explicitly mark visibility in function","ruleId":"func-visibility","fix":null,"filePath":"Benchmarks/Study_SamplesSet/8484cfbcefc9ee4124b8ec72e11ab101.sol"},{"conclusion":"3 problem/s (2 error/s, 1 warning/s)"}]
