[{"line":1,"column":1,"severity":"Error","message":"Compiler version ^0.4.8 does not satisfy the ^0.8.0 semver requirement","ruleId":"compiler-version","fix":null,"filePath":"Benchmarks/Study_SamplesSet/89db610a595197be38ff8d5bdf6189d1.sol"},{"line":22,"column":5,"severity":"Error","message":"Explicitly mark visibility of state","ruleId":"state-visibility","fix":null,"filePath":"Benchmarks/Study_SamplesSet/89db610a595197be38ff8d5bdf6189d1.sol"},{"line":23,"column":5,"severity":"Error","message":"Explicitly mark visibility of state","ruleId":"state-visibility","fix":null,"filePath":"Benchmarks/Study_SamplesSet/89db610a595197be38ff8d5bdf6189d1.sol"},{"line":24,"column":5,"severity":"Error","message":"Explicitly mark visibility of state","ruleId":"state-visibility","fix":null,"filePath":"Benchmarks/Study_SamplesSet/89db610a595197be38ff8d5bdf6189d1.sol"},{"line":27,"column":5,"severity":"Error","message":"Explicitly mark visibility of state","ruleId":"state-visibility","fix":null,"filePath":"Benchmarks/Study_SamplesSet/89db610a595197be38ff8d5bdf6189d1.sol"},{"line":29,"column":5,"severity":"Error","message":"Explicitly mark visibility of state","ruleId":"state-visibility","fix":null,"filePath":"Benchmarks/Study_SamplesSet/89db610a595197be38ff8d5bdf6189d1.sol"},{"line":36,"column":5,"severity":"Error","message":"Explicitly mark visibility in function (Set ignoreConstructors to true if using solidity >=0.7.0)","ruleId":"func-visibility","fix":null,"filePath":"Benchmarks/Study_SamplesSet/89db610a595197be38ff8d5bdf6189d1.sol"},{"line":41,"column":5,"severity":"Error","message":"Explicitly mark visibility in function","ruleId":"func-visibility","fix":null,"filePath":"Benchmarks/Study_SamplesSet/89db610a595197be38ff8d5bdf6189d1.sol"},{"line":41,"column":32,"severity":"Warning","message":"Rule is set with explicit type [var/s: uint]","ruleId":"explicit-types","filePath":"Benchmarks/Study_SamplesSet/89db610a595197be38ff8d5bdf6189d1.sol"},{"line":41,"column":102,"severity":"Warning","message":"Rule is set with explicit type [var/s: uint]","ruleId":"explicit-types","filePath":"Benchmarks/Study_SamplesSet/89db610a595197be38ff8d5bdf6189d1.sol"},{"line":44,"column":13,"severity":"Error","message":"\"throw\" is deprecated, avoid to use it","ruleId":"avoid-throw","filePath":"Benchmarks/Study_SamplesSet/89db610a595197be38ff8d5bdf6189d1.sol"},{"line":52,"column":5,"severity":"Error","message":"Explicitly mark visibility in function","ruleId":"func-visibility","fix":null,"filePath":"Benchmarks/Study_SamplesSet/89db610a595197be38ff8d5bdf6189d1.sol"},{"line":52,"column":94,"severity":"Warning","message":"Rule is set with explicit type [var/s: uint]","ruleId":"explicit-types","filePath":"Benchmarks/Study_SamplesSet/89db610a595197be38ff8d5bdf6189d1.sol"},{"line":59,"column":5,"severity":"Error","message":"Explicitly mark visibility in function","ruleId":"func-visibility","fix":null,"filePath":"Benchmarks/Study_SamplesSet/89db610a595197be38ff8d5bdf6189d1.sol"},{"line":59,"column":52,"severity":"Warning","message":"Rule is set with explicit type [var/s: uint]","ruleId":"explicit-types","filePath":"Benchmarks/Study_SamplesSet/89db610a595197be38ff8d5bdf6189d1.sol"},{"line":68,"column":5,"severity":"Error","message":"Explicitly mark visibility in function","ruleId":"func-visibility","fix":null,"filePath":"Benchmarks/Study_SamplesSet/89db610a595197be38ff8d5bdf6189d1.sol"},{"line":68,"column":59,"severity":"Warning","message":"Rule is set with explicit type [var/s: uint]","ruleId":"explicit-types","filePath":"Benchmarks/Study_SamplesSet/89db610a595197be38ff8d5bdf6189d1.sol"},{"line":74,"column":5,"severity":"Error","message":"Explicitly mark visibility in function","ruleId":"func-visibility","fix":null,"filePath":"Benchmarks/Study_SamplesSet/89db610a595197be38ff8d5bdf6189d1.sol"},{"line":74,"column":135,"severity":"Warning","message":"Rule is set with explicit type [var/s: uint]","ruleId":"explicit-types","filePath":"Benchmarks/Study_SamplesSet/89db610a595197be38ff8d5bdf6189d1.sol"},{"line":77,"column":13,"severity":"Error","message":"\"throw\" is deprecated, avoid to use it","ruleId":"avoid-throw","filePath":"Benchmarks/Study_SamplesSet/89db610a595197be38ff8d5bdf6189d1.sol"},{"line":80,"column":9,"severity":"Warning","message":"Rule is set with explicit type [var/s: uint]","ruleId":"explicit-types","filePath":"Benchmarks/Study_SamplesSet/89db610a595197be38ff8d5bdf6189d1.sol"},{"line":93,"column":5,"severity":"Error","message":"Explicitly mark visibility in function","ruleId":"func-visibility","fix":null,"filePath":"Benchmarks/Study_SamplesSet/89db610a595197be38ff8d5bdf6189d1.sol"},{"line":93,"column":138,"severity":"Warning","message":"Rule is set with explicit type [var/s: uint]","ruleId":"explicit-types","filePath":"Benchmarks/Study_SamplesSet/89db610a595197be38ff8d5bdf6189d1.sol"},{"line":97,"column":13,"severity":"Error","message":"\"throw\" is deprecated, avoid to use it","ruleId":"avoid-throw","filePath":"Benchmarks/Study_SamplesSet/89db610a595197be38ff8d5bdf6189d1.sol"},{"line":100,"column":9,"severity":"Warning","message":"Rule is set with explicit type [var/s: uint]","ruleId":"explicit-types","filePath":"Benchmarks/Study_SamplesSet/89db610a595197be38ff8d5bdf6189d1.sol"},{"line":110,"column":5,"severity":"Error","message":"Explicitly mark visibility in function","ruleId":"func-visibility","fix":null,"filePath":"Benchmarks/Study_SamplesSet/89db610a595197be38ff8d5bdf6189d1.sol"},{"line":115,"column":5,"severity":"Error","message":"Explicitly mark visibility in function","ruleId":"func-visibility","fix":null,"filePath":"Benchmarks/Study_SamplesSet/89db610a595197be38ff8d5bdf6189d1.sol"},{"line":120,"column":5,"severity":"Error","message":"Explicitly mark visibility in function","ruleId":"func-visibility","fix":null,"filePath":"Benchmarks/Study_SamplesSet/89db610a595197be38ff8d5bdf6189d1.sol"},{"line":125,"column":5,"severity":"Error","message":"Explicitly mark visibility in function","ruleId":"func-visibility","fix":null,"filePath":"Benchmarks/Study_SamplesSet/89db610a595197be38ff8d5bdf6189d1.sol"},{"line":130,"column":5,"severity":"Error","message":"Explicitly mark visibility in function","ruleId":"func-visibility","fix":null,"filePath":"Benchmarks/Study_SamplesSet/89db610a595197be38ff8d5bdf6189d1.sol"},{"line":131,"column":9,"severity":"Error","message":"Use \"selfdestruct\" instead of deprecated \"suicide\"","ruleId":"avoid-suicide","filePath":"Benchmarks/Study_SamplesSet/89db610a595197be38ff8d5bdf6189d1.sol"},{"line":135,"column":5,"severity":"Error","message":"Explicitly mark visibility in function","ruleId":"func-visibility","fix":null,"filePath":"Benchmarks/Study_SamplesSet/89db610a595197be38ff8d5bdf6189d1.sol"},{"line":140,"column":5,"severity":"Error","message":"Explicitly mark visibility in function","ruleId":"func-visibility","fix":null,"filePath":"Benchmarks/Study_SamplesSet/89db610a595197be38ff8d5bdf6189d1.sol"},{"conclusion":"33 problem/s (24 error/s, 9 warning/s)"}]
