[{"line":1,"column":1,"severity":"Error","message":"Compiler version ^0.4.6 does not satisfy the ^0.8.0 semver requirement","ruleId":"compiler-version","fix":null,"filePath":"Benchmarks/Study_SamplesSet/8c2ee4db9f4dfdfa078356f1ebc3d887.sol"},{"line":14,"column":3,"severity":"Warning","message":"Rule is set with explicit type [var/s: uint]","ruleId":"explicit-types","filePath":"Benchmarks/Study_SamplesSet/8c2ee4db9f4dfdfa078356f1ebc3d887.sol"},{"line":19,"column":2,"severity":"Error","message":"Explicitly mark visibility in function (Set ignoreConstructors to true if using solidity >=0.7.0)","ruleId":"func-visibility","fix":null,"filePath":"Benchmarks/Study_SamplesSet/8c2ee4db9f4dfdfa078356f1ebc3d887.sol"},{"line":24,"column":27,"severity":"Error","message":"\"throw\" is deprecated, avoid to use it","ruleId":"avoid-throw","filePath":"Benchmarks/Study_SamplesSet/8c2ee4db9f4dfdfa078356f1ebc3d887.sol"},{"line":28,"column":38,"severity":"Warning","message":"Rule is set with explicit type [var/s: uint]","ruleId":"explicit-types","filePath":"Benchmarks/Study_SamplesSet/8c2ee4db9f4dfdfa078356f1ebc3d887.sol"},{"conclusion":"5 problem/s (3 error/s, 2 warning/s)"}]
