[{"line":1,"column":1,"severity":"Warning","message":"Found more than One contract per file. 10 contracts found!","ruleId":"one-contract-per-file","fix":null,"filePath":"Benchmarks/Study_SamplesSet/8cbfd6c3c06ade329197f2cbe8060738.sol"},{"line":1,"column":1,"severity":"Error","message":"Compiler version ^0.4.18 does not satisfy the ^0.8.0 semver requirement","ruleId":"compiler-version","fix":null,"filePath":"Benchmarks/Study_SamplesSet/8cbfd6c3c06ade329197f2cbe8060738.sol"},{"line":40,"column":7,"severity":"Warning","message":"Provide an error message for require","ruleId":"reason-string","fix":null,"filePath":"Benchmarks/Study_SamplesSet/8cbfd6c3c06ade329197f2cbe8060738.sol"},{"line":40,"column":7,"severity":"Warning","message":"Use Custom Errors instead of require statements","ruleId":"custom-errors","fix":null,"filePath":"Benchmarks/Study_SamplesSet/8cbfd6c3c06ade329197f2cbe8060738.sol"},{"line":45,"column":7,"severity":"Warning","message":"Provide an error message for require","ruleId":"reason-string","fix":null,"filePath":"Benchmarks/Study_SamplesSet/8cbfd6c3c06ade329197f2cbe8060738.sol"},{"line":45,"column":7,"severity":"Warning","message":"Use Custom Errors instead of require statements","ruleId":"custom-errors","fix":null,"filePath":"Benchmarks/Study_SamplesSet/8cbfd6c3c06ade329197f2cbe8060738.sol"},{"line":47,"column":7,"severity":"Error","message":"Explicitly mark all external contracts as trusted or untrusted","ruleId":"mark-callable-contracts","filePath":"Benchmarks/Study_SamplesSet/8cbfd6c3c06ade329197f2cbe8060738.sol"},{"line":53,"column":5,"severity":"Error","message":"Explicitly mark visibility of state","ruleId":"state-visibility","fix":null,"filePath":"Benchmarks/Study_SamplesSet/8cbfd6c3c06ade329197f2cbe8060738.sol"},{"line":56,"column":7,"severity":"Warning","message":"Provide an error message for require","ruleId":"reason-string","fix":null,"filePath":"Benchmarks/Study_SamplesSet/8cbfd6c3c06ade329197f2cbe8060738.sol"},{"line":56,"column":7,"severity":"Warning","message":"Use Custom Errors instead of require statements","ruleId":"custom-errors","fix":null,"filePath":"Benchmarks/Study_SamplesSet/8cbfd6c3c06ade329197f2cbe8060738.sol"},{"line":66,"column":7,"severity":"Warning","message":"Provide an error message for require","ruleId":"reason-string","fix":null,"filePath":"Benchmarks/Study_SamplesSet/8cbfd6c3c06ade329197f2cbe8060738.sol"},{"line":66,"column":7,"severity":"Warning","message":"Use Custom Errors instead of require statements","ruleId":"custom-errors","fix":null,"filePath":"Benchmarks/Study_SamplesSet/8cbfd6c3c06ade329197f2cbe8060738.sol"},{"line":73,"column":7,"severity":"Warning","message":"Provide an error message for require","ruleId":"reason-string","fix":null,"filePath":"Benchmarks/Study_SamplesSet/8cbfd6c3c06ade329197f2cbe8060738.sol"},{"line":73,"column":7,"severity":"Warning","message":"Use Custom Errors instead of require statements","ruleId":"custom-errors","fix":null,"filePath":"Benchmarks/Study_SamplesSet/8cbfd6c3c06ade329197f2cbe8060738.sol"},{"line":79,"column":7,"severity":"Warning","message":"Provide an error message for require","ruleId":"reason-string","fix":null,"filePath":"Benchmarks/Study_SamplesSet/8cbfd6c3c06ade329197f2cbe8060738.sol"},{"line":79,"column":7,"severity":"Warning","message":"Use Custom Errors instead of require statements","ruleId":"custom-errors","fix":null,"filePath":"Benchmarks/Study_SamplesSet/8cbfd6c3c06ade329197f2cbe8060738.sol"},{"line":80,"column":7,"severity":"Warning","message":"Provide an error message for require","ruleId":"reason-string","fix":null,"filePath":"Benchmarks/Study_SamplesSet/8cbfd6c3c06ade329197f2cbe8060738.sol"},{"line":80,"column":7,"severity":"Warning","message":"Use Custom Errors instead of require statements","ruleId":"custom-errors","fix":null,"filePath":"Benchmarks/Study_SamplesSet/8cbfd6c3c06ade329197f2cbe8060738.sol"},{"line":87,"column":1,"severity":"Warning","message":"Contract, Structs and Enums should be in CamelCase","ruleId":"contract-name-camelcase","filePath":"Benchmarks/Study_SamplesSet/8cbfd6c3c06ade329197f2cbe8060738.sol"},{"line":106,"column":5,"severity":"Error","message":"Explicitly mark visibility of state","ruleId":"state-visibility","fix":null,"filePath":"Benchmarks/Study_SamplesSet/8cbfd6c3c06ade329197f2cbe8060738.sol"},{"line":108,"column":5,"severity":"Error","message":"Explicitly mark visibility of state","ruleId":"state-visibility","fix":null,"filePath":"Benchmarks/Study_SamplesSet/8cbfd6c3c06ade329197f2cbe8060738.sol"},{"line":126,"column":7,"severity":"Error","message":"Explicitly mark all external contracts as trusted or untrusted","ruleId":"mark-callable-contracts","filePath":"Benchmarks/Study_SamplesSet/8cbfd6c3c06ade329197f2cbe8060738.sol"},{"line":148,"column":7,"severity":"Error","message":"Explicitly mark all external contracts as trusted or untrusted","ruleId":"mark-callable-contracts","filePath":"Benchmarks/Study_SamplesSet/8cbfd6c3c06ade329197f2cbe8060738.sol"},{"line":153,"column":7,"severity":"Warning","message":"Provide an error message for require","ruleId":"reason-string","fix":null,"filePath":"Benchmarks/Study_SamplesSet/8cbfd6c3c06ade329197f2cbe8060738.sol"},{"line":153,"column":7,"severity":"Warning","message":"Use Custom Errors instead of require statements","ruleId":"custom-errors","fix":null,"filePath":"Benchmarks/Study_SamplesSet/8cbfd6c3c06ade329197f2cbe8060738.sol"},{"line":155,"column":7,"severity":"Error","message":"Explicitly mark all external contracts as trusted or untrusted","ruleId":"mark-callable-contracts","filePath":"Benchmarks/Study_SamplesSet/8cbfd6c3c06ade329197f2cbe8060738.sol"},{"line":163,"column":49,"severity":"Warning","message":"Rule is set with explicit type [var/s: uint]","ruleId":"explicit-types","filePath":"Benchmarks/Study_SamplesSet/8cbfd6c3c06ade329197f2cbe8060738.sol"},{"line":165,"column":7,"severity":"Error","message":"Explicitly mark all external contracts as trusted or untrusted","ruleId":"mark-callable-contracts","filePath":"Benchmarks/Study_SamplesSet/8cbfd6c3c06ade329197f2cbe8060738.sol"},{"line":169,"column":49,"severity":"Warning","message":"Rule is set with explicit type [var/s: uint]","ruleId":"explicit-types","filePath":"Benchmarks/Study_SamplesSet/8cbfd6c3c06ade329197f2cbe8060738.sol"},{"line":170,"column":7,"severity":"Warning","message":"Rule is set with explicit type [var/s: uint]","ruleId":"explicit-types","filePath":"Benchmarks/Study_SamplesSet/8cbfd6c3c06ade329197f2cbe8060738.sol"},{"line":176,"column":7,"severity":"Error","message":"Explicitly mark all external contracts as trusted or untrusted","ruleId":"mark-callable-contracts","filePath":"Benchmarks/Study_SamplesSet/8cbfd6c3c06ade329197f2cbe8060738.sol"},{"line":190,"column":5,"severity":"Error","message":"Explicitly mark visibility of state","ruleId":"state-visibility","fix":null,"filePath":"Benchmarks/Study_SamplesSet/8cbfd6c3c06ade329197f2cbe8060738.sol"},{"line":191,"column":5,"severity":"Error","message":"Explicitly mark visibility of state","ruleId":"state-visibility","fix":null,"filePath":"Benchmarks/Study_SamplesSet/8cbfd6c3c06ade329197f2cbe8060738.sol"},{"line":199,"column":7,"severity":"Warning","message":"Provide an error message for require","ruleId":"reason-string","fix":null,"filePath":"Benchmarks/Study_SamplesSet/8cbfd6c3c06ade329197f2cbe8060738.sol"},{"line":199,"column":7,"severity":"Warning","message":"Use Custom Errors instead of require statements","ruleId":"custom-errors","fix":null,"filePath":"Benchmarks/Study_SamplesSet/8cbfd6c3c06ade329197f2cbe8060738.sol"},{"line":203,"column":53,"severity":"Warning","message":"Visibility modifier must be first in list of modifiers","ruleId":"visibility-modifier-order","fix":null,"filePath":"Benchmarks/Study_SamplesSet/8cbfd6c3c06ade329197f2cbe8060738.sol"},{"line":204,"column":7,"severity":"Warning","message":"Provide an error message for require","ruleId":"reason-string","fix":null,"filePath":"Benchmarks/Study_SamplesSet/8cbfd6c3c06ade329197f2cbe8060738.sol"},{"line":204,"column":7,"severity":"Warning","message":"Use Custom Errors instead of require statements","ruleId":"custom-errors","fix":null,"filePath":"Benchmarks/Study_SamplesSet/8cbfd6c3c06ade329197f2cbe8060738.sol"},{"line":207,"column":7,"severity":"Error","message":"Explicitly mark all external contracts as trusted or untrusted","ruleId":"mark-callable-contracts","filePath":"Benchmarks/Study_SamplesSet/8cbfd6c3c06ade329197f2cbe8060738.sol"},{"line":211,"column":55,"severity":"Warning","message":"Visibility modifier must be first in list of modifiers","ruleId":"visibility-modifier-order","fix":null,"filePath":"Benchmarks/Study_SamplesSet/8cbfd6c3c06ade329197f2cbe8060738.sol"},{"line":212,"column":7,"severity":"Warning","message":"Provide an error message for require","ruleId":"reason-string","fix":null,"filePath":"Benchmarks/Study_SamplesSet/8cbfd6c3c06ade329197f2cbe8060738.sol"},{"line":212,"column":7,"severity":"Warning","message":"Use Custom Errors instead of require statements","ruleId":"custom-errors","fix":null,"filePath":"Benchmarks/Study_SamplesSet/8cbfd6c3c06ade329197f2cbe8060738.sol"},{"line":216,"column":7,"severity":"Error","message":"Explicitly mark all external contracts as trusted or untrusted","ruleId":"mark-callable-contracts","filePath":"Benchmarks/Study_SamplesSet/8cbfd6c3c06ade329197f2cbe8060738.sol"},{"line":221,"column":7,"severity":"Warning","message":"Provide an error message for require","ruleId":"reason-string","fix":null,"filePath":"Benchmarks/Study_SamplesSet/8cbfd6c3c06ade329197f2cbe8060738.sol"},{"line":221,"column":7,"severity":"Warning","message":"Use Custom Errors instead of require statements","ruleId":"custom-errors","fix":null,"filePath":"Benchmarks/Study_SamplesSet/8cbfd6c3c06ade329197f2cbe8060738.sol"},{"line":228,"column":7,"severity":"Warning","message":"Provide an error message for require","ruleId":"reason-string","fix":null,"filePath":"Benchmarks/Study_SamplesSet/8cbfd6c3c06ade329197f2cbe8060738.sol"},{"line":228,"column":7,"severity":"Warning","message":"Use Custom Errors instead of require statements","ruleId":"custom-errors","fix":null,"filePath":"Benchmarks/Study_SamplesSet/8cbfd6c3c06ade329197f2cbe8060738.sol"},{"line":235,"column":7,"severity":"Warning","message":"Provide an error message for require","ruleId":"reason-string","fix":null,"filePath":"Benchmarks/Study_SamplesSet/8cbfd6c3c06ade329197f2cbe8060738.sol"},{"line":235,"column":7,"severity":"Warning","message":"Use Custom Errors instead of require statements","ruleId":"custom-errors","fix":null,"filePath":"Benchmarks/Study_SamplesSet/8cbfd6c3c06ade329197f2cbe8060738.sol"},{"line":239,"column":7,"severity":"Warning","message":"Provide an error message for require","ruleId":"reason-string","fix":null,"filePath":"Benchmarks/Study_SamplesSet/8cbfd6c3c06ade329197f2cbe8060738.sol"},{"line":239,"column":7,"severity":"Warning","message":"Use Custom Errors instead of require statements","ruleId":"custom-errors","fix":null,"filePath":"Benchmarks/Study_SamplesSet/8cbfd6c3c06ade329197f2cbe8060738.sol"},{"line":246,"column":68,"severity":"Warning","message":"Visibility modifier must be first in list of modifiers","ruleId":"visibility-modifier-order","fix":null,"filePath":"Benchmarks/Study_SamplesSet/8cbfd6c3c06ade329197f2cbe8060738.sol"},{"line":247,"column":7,"severity":"Warning","message":"Provide an error message for require","ruleId":"reason-string","fix":null,"filePath":"Benchmarks/Study_SamplesSet/8cbfd6c3c06ade329197f2cbe8060738.sol"},{"line":247,"column":7,"severity":"Warning","message":"Use Custom Errors instead of require statements","ruleId":"custom-errors","fix":null,"filePath":"Benchmarks/Study_SamplesSet/8cbfd6c3c06ade329197f2cbe8060738.sol"},{"line":248,"column":7,"severity":"Warning","message":"Provide an error message for require","ruleId":"reason-string","fix":null,"filePath":"Benchmarks/Study_SamplesSet/8cbfd6c3c06ade329197f2cbe8060738.sol"},{"line":248,"column":7,"severity":"Warning","message":"Use Custom Errors instead of require statements","ruleId":"custom-errors","fix":null,"filePath":"Benchmarks/Study_SamplesSet/8cbfd6c3c06ade329197f2cbe8060738.sol"},{"line":251,"column":7,"severity":"Warning","message":"Provide an error message for require","ruleId":"reason-string","fix":null,"filePath":"Benchmarks/Study_SamplesSet/8cbfd6c3c06ade329197f2cbe8060738.sol"},{"line":251,"column":7,"severity":"Warning","message":"Use Custom Errors instead of require statements","ruleId":"custom-errors","fix":null,"filePath":"Benchmarks/Study_SamplesSet/8cbfd6c3c06ade329197f2cbe8060738.sol"},{"line":254,"column":7,"severity":"Error","message":"Explicitly mark all external contracts as trusted or untrusted","ruleId":"mark-callable-contracts","filePath":"Benchmarks/Study_SamplesSet/8cbfd6c3c06ade329197f2cbe8060738.sol"},{"line":259,"column":70,"severity":"Warning","message":"Visibility modifier must be first in list of modifiers","ruleId":"visibility-modifier-order","fix":null,"filePath":"Benchmarks/Study_SamplesSet/8cbfd6c3c06ade329197f2cbe8060738.sol"},{"line":260,"column":7,"severity":"Warning","message":"Provide an error message for require","ruleId":"reason-string","fix":null,"filePath":"Benchmarks/Study_SamplesSet/8cbfd6c3c06ade329197f2cbe8060738.sol"},{"line":260,"column":7,"severity":"Warning","message":"Use Custom Errors instead of require statements","ruleId":"custom-errors","fix":null,"filePath":"Benchmarks/Study_SamplesSet/8cbfd6c3c06ade329197f2cbe8060738.sol"},{"line":261,"column":7,"severity":"Warning","message":"Provide an error message for require","ruleId":"reason-string","fix":null,"filePath":"Benchmarks/Study_SamplesSet/8cbfd6c3c06ade329197f2cbe8060738.sol"},{"line":261,"column":7,"severity":"Warning","message":"Use Custom Errors instead of require statements","ruleId":"custom-errors","fix":null,"filePath":"Benchmarks/Study_SamplesSet/8cbfd6c3c06ade329197f2cbe8060738.sol"},{"line":262,"column":7,"severity":"Warning","message":"Provide an error message for require","ruleId":"reason-string","fix":null,"filePath":"Benchmarks/Study_SamplesSet/8cbfd6c3c06ade329197f2cbe8060738.sol"},{"line":262,"column":7,"severity":"Warning","message":"Use Custom Errors instead of require statements","ruleId":"custom-errors","fix":null,"filePath":"Benchmarks/Study_SamplesSet/8cbfd6c3c06ade329197f2cbe8060738.sol"},{"line":265,"column":7,"severity":"Error","message":"Explicitly mark all external contracts as trusted or untrusted","ruleId":"mark-callable-contracts","filePath":"Benchmarks/Study_SamplesSet/8cbfd6c3c06ade329197f2cbe8060738.sol"},{"line":269,"column":66,"severity":"Warning","message":"Visibility modifier must be first in list of modifiers","ruleId":"visibility-modifier-order","fix":null,"filePath":"Benchmarks/Study_SamplesSet/8cbfd6c3c06ade329197f2cbe8060738.sol"},{"line":270,"column":7,"severity":"Warning","message":"Provide an error message for require","ruleId":"reason-string","fix":null,"filePath":"Benchmarks/Study_SamplesSet/8cbfd6c3c06ade329197f2cbe8060738.sol"},{"line":270,"column":7,"severity":"Warning","message":"Use Custom Errors instead of require statements","ruleId":"custom-errors","fix":null,"filePath":"Benchmarks/Study_SamplesSet/8cbfd6c3c06ade329197f2cbe8060738.sol"},{"line":271,"column":7,"severity":"Warning","message":"Provide an error message for require","ruleId":"reason-string","fix":null,"filePath":"Benchmarks/Study_SamplesSet/8cbfd6c3c06ade329197f2cbe8060738.sol"},{"line":271,"column":7,"severity":"Warning","message":"Use Custom Errors instead of require statements","ruleId":"custom-errors","fix":null,"filePath":"Benchmarks/Study_SamplesSet/8cbfd6c3c06ade329197f2cbe8060738.sol"},{"line":276,"column":7,"severity":"Warning","message":"Provide an error message for require","ruleId":"reason-string","fix":null,"filePath":"Benchmarks/Study_SamplesSet/8cbfd6c3c06ade329197f2cbe8060738.sol"},{"line":276,"column":7,"severity":"Warning","message":"Use Custom Errors instead of require statements","ruleId":"custom-errors","fix":null,"filePath":"Benchmarks/Study_SamplesSet/8cbfd6c3c06ade329197f2cbe8060738.sol"},{"line":281,"column":85,"severity":"Warning","message":"Visibility modifier must be first in list of modifiers","ruleId":"visibility-modifier-order","fix":null,"filePath":"Benchmarks/Study_SamplesSet/8cbfd6c3c06ade329197f2cbe8060738.sol"},{"line":282,"column":7,"severity":"Warning","message":"Provide an error message for require","ruleId":"reason-string","fix":null,"filePath":"Benchmarks/Study_SamplesSet/8cbfd6c3c06ade329197f2cbe8060738.sol"},{"line":282,"column":7,"severity":"Warning","message":"Use Custom Errors instead of require statements","ruleId":"custom-errors","fix":null,"filePath":"Benchmarks/Study_SamplesSet/8cbfd6c3c06ade329197f2cbe8060738.sol"},{"line":283,"column":7,"severity":"Warning","message":"Provide an error message for require","ruleId":"reason-string","fix":null,"filePath":"Benchmarks/Study_SamplesSet/8cbfd6c3c06ade329197f2cbe8060738.sol"},{"line":283,"column":7,"severity":"Warning","message":"Use Custom Errors instead of require statements","ruleId":"custom-errors","fix":null,"filePath":"Benchmarks/Study_SamplesSet/8cbfd6c3c06ade329197f2cbe8060738.sol"},{"line":284,"column":7,"severity":"Warning","message":"Provide an error message for require","ruleId":"reason-string","fix":null,"filePath":"Benchmarks/Study_SamplesSet/8cbfd6c3c06ade329197f2cbe8060738.sol"},{"line":284,"column":7,"severity":"Warning","message":"Use Custom Errors instead of require statements","ruleId":"custom-errors","fix":null,"filePath":"Benchmarks/Study_SamplesSet/8cbfd6c3c06ade329197f2cbe8060738.sol"},{"line":289,"column":7,"severity":"Warning","message":"Provide an error message for require","ruleId":"reason-string","fix":null,"filePath":"Benchmarks/Study_SamplesSet/8cbfd6c3c06ade329197f2cbe8060738.sol"},{"line":289,"column":7,"severity":"Warning","message":"Use Custom Errors instead of require statements","ruleId":"custom-errors","fix":null,"filePath":"Benchmarks/Study_SamplesSet/8cbfd6c3c06ade329197f2cbe8060738.sol"},{"line":296,"column":7,"severity":"Warning","message":"Constant name must be in capitalized SNAKE_CASE","ruleId":"const-name-snakecase","fix":null,"filePath":"Benchmarks/Study_SamplesSet/8cbfd6c3c06ade329197f2cbe8060738.sol"},{"line":297,"column":7,"severity":"Warning","message":"Constant name must be in capitalized SNAKE_CASE","ruleId":"const-name-snakecase","fix":null,"filePath":"Benchmarks/Study_SamplesSet/8cbfd6c3c06ade329197f2cbe8060738.sol"},{"line":298,"column":7,"severity":"Warning","message":"Constant name must be in capitalized SNAKE_CASE","ruleId":"const-name-snakecase","fix":null,"filePath":"Benchmarks/Study_SamplesSet/8cbfd6c3c06ade329197f2cbe8060738.sol"},{"line":299,"column":7,"severity":"Warning","message":"Variable name must be in mixedCase","ruleId":"var-name-mixedcase","fix":null,"filePath":"Benchmarks/Study_SamplesSet/8cbfd6c3c06ade329197f2cbe8060738.sol"},{"line":305,"column":9,"severity":"Warning","message":"Provide an error message for require","ruleId":"reason-string","fix":null,"filePath":"Benchmarks/Study_SamplesSet/8cbfd6c3c06ade329197f2cbe8060738.sol"},{"line":305,"column":9,"severity":"Warning","message":"Use Custom Errors instead of require statements","ruleId":"custom-errors","fix":null,"filePath":"Benchmarks/Study_SamplesSet/8cbfd6c3c06ade329197f2cbe8060738.sol"},{"line":309,"column":80,"severity":"Warning","message":"Visibility modifier must be first in list of modifiers","ruleId":"visibility-modifier-order","fix":null,"filePath":"Benchmarks/Study_SamplesSet/8cbfd6c3c06ade329197f2cbe8060738.sol"},{"line":310,"column":9,"severity":"Warning","message":"Provide an error message for require","ruleId":"reason-string","fix":null,"filePath":"Benchmarks/Study_SamplesSet/8cbfd6c3c06ade329197f2cbe8060738.sol"},{"line":310,"column":9,"severity":"Warning","message":"Use Custom Errors instead of require statements","ruleId":"custom-errors","fix":null,"filePath":"Benchmarks/Study_SamplesSet/8cbfd6c3c06ade329197f2cbe8060738.sol"},{"line":311,"column":9,"severity":"Warning","message":"Provide an error message for require","ruleId":"reason-string","fix":null,"filePath":"Benchmarks/Study_SamplesSet/8cbfd6c3c06ade329197f2cbe8060738.sol"},{"line":311,"column":9,"severity":"Warning","message":"Use Custom Errors instead of require statements","ruleId":"custom-errors","fix":null,"filePath":"Benchmarks/Study_SamplesSet/8cbfd6c3c06ade329197f2cbe8060738.sol"},{"line":312,"column":9,"severity":"Warning","message":"Provide an error message for require","ruleId":"reason-string","fix":null,"filePath":"Benchmarks/Study_SamplesSet/8cbfd6c3c06ade329197f2cbe8060738.sol"},{"line":312,"column":9,"severity":"Warning","message":"Use Custom Errors instead of require statements","ruleId":"custom-errors","fix":null,"filePath":"Benchmarks/Study_SamplesSet/8cbfd6c3c06ade329197f2cbe8060738.sol"},{"line":312,"column":17,"severity":"Error","message":"Explicitly mark all external contracts as trusted or untrusted","ruleId":"mark-callable-contracts","filePath":"Benchmarks/Study_SamplesSet/8cbfd6c3c06ade329197f2cbe8060738.sol"},{"line":319,"column":9,"severity":"Error","message":"Explicitly mark all external contracts as trusted or untrusted","ruleId":"mark-callable-contracts","filePath":"Benchmarks/Study_SamplesSet/8cbfd6c3c06ade329197f2cbe8060738.sol"},{"line":321,"column":9,"severity":"Error","message":"Explicitly mark all external contracts as trusted or untrusted","ruleId":"mark-callable-contracts","filePath":"Benchmarks/Study_SamplesSet/8cbfd6c3c06ade329197f2cbe8060738.sol"},{"line":322,"column":9,"severity":"Error","message":"Explicitly mark all external contracts as trusted or untrusted","ruleId":"mark-callable-contracts","filePath":"Benchmarks/Study_SamplesSet/8cbfd6c3c06ade329197f2cbe8060738.sol"},{"line":326,"column":100,"severity":"Warning","message":"Visibility modifier must be first in list of modifiers","ruleId":"visibility-modifier-order","fix":null,"filePath":"Benchmarks/Study_SamplesSet/8cbfd6c3c06ade329197f2cbe8060738.sol"},{"line":327,"column":9,"severity":"Warning","message":"Provide an error message for require","ruleId":"reason-string","fix":null,"filePath":"Benchmarks/Study_SamplesSet/8cbfd6c3c06ade329197f2cbe8060738.sol"},{"line":327,"column":9,"severity":"Warning","message":"Use Custom Errors instead of require statements","ruleId":"custom-errors","fix":null,"filePath":"Benchmarks/Study_SamplesSet/8cbfd6c3c06ade329197f2cbe8060738.sol"},{"line":328,"column":9,"severity":"Warning","message":"Provide an error message for require","ruleId":"reason-string","fix":null,"filePath":"Benchmarks/Study_SamplesSet/8cbfd6c3c06ade329197f2cbe8060738.sol"},{"line":328,"column":9,"severity":"Warning","message":"Use Custom Errors instead of require statements","ruleId":"custom-errors","fix":null,"filePath":"Benchmarks/Study_SamplesSet/8cbfd6c3c06ade329197f2cbe8060738.sol"},{"line":329,"column":9,"severity":"Warning","message":"Provide an error message for require","ruleId":"reason-string","fix":null,"filePath":"Benchmarks/Study_SamplesSet/8cbfd6c3c06ade329197f2cbe8060738.sol"},{"line":329,"column":9,"severity":"Warning","message":"Use Custom Errors instead of require statements","ruleId":"custom-errors","fix":null,"filePath":"Benchmarks/Study_SamplesSet/8cbfd6c3c06ade329197f2cbe8060738.sol"},{"line":330,"column":9,"severity":"Warning","message":"Provide an error message for require","ruleId":"reason-string","fix":null,"filePath":"Benchmarks/Study_SamplesSet/8cbfd6c3c06ade329197f2cbe8060738.sol"},{"line":330,"column":9,"severity":"Warning","message":"Use Custom Errors instead of require statements","ruleId":"custom-errors","fix":null,"filePath":"Benchmarks/Study_SamplesSet/8cbfd6c3c06ade329197f2cbe8060738.sol"},{"line":330,"column":17,"severity":"Error","message":"Explicitly mark all external contracts as trusted or untrusted","ruleId":"mark-callable-contracts","filePath":"Benchmarks/Study_SamplesSet/8cbfd6c3c06ade329197f2cbe8060738.sol"},{"line":337,"column":9,"severity":"Error","message":"Explicitly mark all external contracts as trusted or untrusted","ruleId":"mark-callable-contracts","filePath":"Benchmarks/Study_SamplesSet/8cbfd6c3c06ade329197f2cbe8060738.sol"},{"line":339,"column":9,"severity":"Error","message":"Explicitly mark all external contracts as trusted or untrusted","ruleId":"mark-callable-contracts","filePath":"Benchmarks/Study_SamplesSet/8cbfd6c3c06ade329197f2cbe8060738.sol"},{"line":340,"column":9,"severity":"Error","message":"Explicitly mark all external contracts as trusted or untrusted","ruleId":"mark-callable-contracts","filePath":"Benchmarks/Study_SamplesSet/8cbfd6c3c06ade329197f2cbe8060738.sol"},{"line":345,"column":1,"severity":"Warning","message":"Contract has 27 states declarations but allowed no more than 15","ruleId":"max-states-count","fix":null,"filePath":"Benchmarks/Study_SamplesSet/8cbfd6c3c06ade329197f2cbe8060738.sol"},{"line":351,"column":7,"severity":"Warning","message":"Variable name must be in mixedCase","ruleId":"var-name-mixedcase","fix":null,"filePath":"Benchmarks/Study_SamplesSet/8cbfd6c3c06ade329197f2cbe8060738.sol"},{"line":352,"column":7,"severity":"Warning","message":"Variable name must be in mixedCase","ruleId":"var-name-mixedcase","fix":null,"filePath":"Benchmarks/Study_SamplesSet/8cbfd6c3c06ade329197f2cbe8060738.sol"},{"line":353,"column":7,"severity":"Warning","message":"Variable name must be in mixedCase","ruleId":"var-name-mixedcase","fix":null,"filePath":"Benchmarks/Study_SamplesSet/8cbfd6c3c06ade329197f2cbe8060738.sol"},{"line":354,"column":7,"severity":"Warning","message":"Variable name must be in mixedCase","ruleId":"var-name-mixedcase","fix":null,"filePath":"Benchmarks/Study_SamplesSet/8cbfd6c3c06ade329197f2cbe8060738.sol"},{"line":355,"column":7,"severity":"Warning","message":"Variable name must be in mixedCase","ruleId":"var-name-mixedcase","fix":null,"filePath":"Benchmarks/Study_SamplesSet/8cbfd6c3c06ade329197f2cbe8060738.sol"},{"line":356,"column":7,"severity":"Warning","message":"Variable name must be in mixedCase","ruleId":"var-name-mixedcase","fix":null,"filePath":"Benchmarks/Study_SamplesSet/8cbfd6c3c06ade329197f2cbe8060738.sol"},{"line":357,"column":7,"severity":"Warning","message":"Variable name must be in mixedCase","ruleId":"var-name-mixedcase","fix":null,"filePath":"Benchmarks/Study_SamplesSet/8cbfd6c3c06ade329197f2cbe8060738.sol"},{"line":360,"column":7,"severity":"Warning","message":"Variable name must be in mixedCase","ruleId":"var-name-mixedcase","fix":null,"filePath":"Benchmarks/Study_SamplesSet/8cbfd6c3c06ade329197f2cbe8060738.sol"},{"line":361,"column":7,"severity":"Warning","message":"Variable name must be in mixedCase","ruleId":"var-name-mixedcase","fix":null,"filePath":"Benchmarks/Study_SamplesSet/8cbfd6c3c06ade329197f2cbe8060738.sol"},{"line":362,"column":7,"severity":"Warning","message":"Variable name must be in mixedCase","ruleId":"var-name-mixedcase","fix":null,"filePath":"Benchmarks/Study_SamplesSet/8cbfd6c3c06ade329197f2cbe8060738.sol"},{"line":363,"column":7,"severity":"Warning","message":"Variable name must be in mixedCase","ruleId":"var-name-mixedcase","fix":null,"filePath":"Benchmarks/Study_SamplesSet/8cbfd6c3c06ade329197f2cbe8060738.sol"},{"line":364,"column":7,"severity":"Warning","message":"Variable name must be in mixedCase","ruleId":"var-name-mixedcase","fix":null,"filePath":"Benchmarks/Study_SamplesSet/8cbfd6c3c06ade329197f2cbe8060738.sol"},{"line":365,"column":7,"severity":"Warning","message":"Variable name must be in mixedCase","ruleId":"var-name-mixedcase","fix":null,"filePath":"Benchmarks/Study_SamplesSet/8cbfd6c3c06ade329197f2cbe8060738.sol"},{"line":366,"column":7,"severity":"Warning","message":"Variable name must be in mixedCase","ruleId":"var-name-mixedcase","fix":null,"filePath":"Benchmarks/Study_SamplesSet/8cbfd6c3c06ade329197f2cbe8060738.sol"},{"line":369,"column":7,"severity":"Warning","message":"Variable name must be in mixedCase","ruleId":"var-name-mixedcase","fix":null,"filePath":"Benchmarks/Study_SamplesSet/8cbfd6c3c06ade329197f2cbe8060738.sol"},{"line":373,"column":7,"severity":"Warning","message":"Variable name must be in mixedCase","ruleId":"var-name-mixedcase","fix":null,"filePath":"Benchmarks/Study_SamplesSet/8cbfd6c3c06ade329197f2cbe8060738.sol"},{"line":374,"column":7,"severity":"Warning","message":"Variable name must be in mixedCase","ruleId":"var-name-mixedcase","fix":null,"filePath":"Benchmarks/Study_SamplesSet/8cbfd6c3c06ade329197f2cbe8060738.sol"},{"line":386,"column":9,"severity":"Warning","message":"Provide an error message for require","ruleId":"reason-string","fix":null,"filePath":"Benchmarks/Study_SamplesSet/8cbfd6c3c06ade329197f2cbe8060738.sol"},{"line":386,"column":9,"severity":"Warning","message":"Use Custom Errors instead of require statements","ruleId":"custom-errors","fix":null,"filePath":"Benchmarks/Study_SamplesSet/8cbfd6c3c06ade329197f2cbe8060738.sol"},{"line":408,"column":7,"severity":"Warning","message":"Provide an error message for require","ruleId":"reason-string","fix":null,"filePath":"Benchmarks/Study_SamplesSet/8cbfd6c3c06ade329197f2cbe8060738.sol"},{"line":408,"column":7,"severity":"Warning","message":"Use Custom Errors instead of require statements","ruleId":"custom-errors","fix":null,"filePath":"Benchmarks/Study_SamplesSet/8cbfd6c3c06ade329197f2cbe8060738.sol"},{"line":409,"column":7,"severity":"Warning","message":"Provide an error message for require","ruleId":"reason-string","fix":null,"filePath":"Benchmarks/Study_SamplesSet/8cbfd6c3c06ade329197f2cbe8060738.sol"},{"line":409,"column":7,"severity":"Warning","message":"Use Custom Errors instead of require statements","ruleId":"custom-errors","fix":null,"filePath":"Benchmarks/Study_SamplesSet/8cbfd6c3c06ade329197f2cbe8060738.sol"},{"line":414,"column":11,"severity":"Error","message":"Avoid making time-based decisions in your business logic","ruleId":"not-rely-on-time","fix":null,"filePath":"Benchmarks/Study_SamplesSet/8cbfd6c3c06ade329197f2cbe8060738.sol"},{"line":414,"column":40,"severity":"Error","message":"Avoid making time-based decisions in your business logic","ruleId":"not-rely-on-time","fix":null,"filePath":"Benchmarks/Study_SamplesSet/8cbfd6c3c06ade329197f2cbe8060738.sol"},{"line":415,"column":16,"severity":"Error","message":"Explicitly mark all external contracts as trusted or untrusted","ruleId":"mark-callable-contracts","filePath":"Benchmarks/Study_SamplesSet/8cbfd6c3c06ade329197f2cbe8060738.sol"},{"line":418,"column":18,"severity":"Error","message":"Avoid making time-based decisions in your business logic","ruleId":"not-rely-on-time","fix":null,"filePath":"Benchmarks/Study_SamplesSet/8cbfd6c3c06ade329197f2cbe8060738.sol"},{"line":418,"column":43,"severity":"Error","message":"Avoid making time-based decisions in your business logic","ruleId":"not-rely-on-time","fix":null,"filePath":"Benchmarks/Study_SamplesSet/8cbfd6c3c06ade329197f2cbe8060738.sol"},{"line":419,"column":16,"severity":"Error","message":"Explicitly mark all external contracts as trusted or untrusted","ruleId":"mark-callable-contracts","filePath":"Benchmarks/Study_SamplesSet/8cbfd6c3c06ade329197f2cbe8060738.sol"},{"line":424,"column":7,"severity":"Warning","message":"Provide an error message for require","ruleId":"reason-string","fix":null,"filePath":"Benchmarks/Study_SamplesSet/8cbfd6c3c06ade329197f2cbe8060738.sol"},{"line":424,"column":7,"severity":"Warning","message":"Use Custom Errors instead of require statements","ruleId":"custom-errors","fix":null,"filePath":"Benchmarks/Study_SamplesSet/8cbfd6c3c06ade329197f2cbe8060738.sol"},{"line":424,"column":15,"severity":"Error","message":"Explicitly mark all external contracts as trusted or untrusted","ruleId":"mark-callable-contracts","filePath":"Benchmarks/Study_SamplesSet/8cbfd6c3c06ade329197f2cbe8060738.sol"},{"line":430,"column":7,"severity":"Error","message":"Explicitly mark all external contracts as trusted or untrusted","ruleId":"mark-callable-contracts","filePath":"Benchmarks/Study_SamplesSet/8cbfd6c3c06ade329197f2cbe8060738.sol"},{"line":433,"column":99,"severity":"Warning","message":"Visibility modifier must be first in list of modifiers","ruleId":"visibility-modifier-order","fix":null,"filePath":"Benchmarks/Study_SamplesSet/8cbfd6c3c06ade329197f2cbe8060738.sol"},{"line":434,"column":7,"severity":"Warning","message":"Provide an error message for require","ruleId":"reason-string","fix":null,"filePath":"Benchmarks/Study_SamplesSet/8cbfd6c3c06ade329197f2cbe8060738.sol"},{"line":434,"column":7,"severity":"Warning","message":"Use Custom Errors instead of require statements","ruleId":"custom-errors","fix":null,"filePath":"Benchmarks/Study_SamplesSet/8cbfd6c3c06ade329197f2cbe8060738.sol"},{"line":435,"column":7,"severity":"Warning","message":"Provide an error message for require","ruleId":"reason-string","fix":null,"filePath":"Benchmarks/Study_SamplesSet/8cbfd6c3c06ade329197f2cbe8060738.sol"},{"line":435,"column":7,"severity":"Warning","message":"Use Custom Errors instead of require statements","ruleId":"custom-errors","fix":null,"filePath":"Benchmarks/Study_SamplesSet/8cbfd6c3c06ade329197f2cbe8060738.sol"},{"line":436,"column":7,"severity":"Warning","message":"Provide an error message for require","ruleId":"reason-string","fix":null,"filePath":"Benchmarks/Study_SamplesSet/8cbfd6c3c06ade329197f2cbe8060738.sol"},{"line":436,"column":7,"severity":"Warning","message":"Use Custom Errors instead of require statements","ruleId":"custom-errors","fix":null,"filePath":"Benchmarks/Study_SamplesSet/8cbfd6c3c06ade329197f2cbe8060738.sol"},{"line":437,"column":7,"severity":"Warning","message":"Provide an error message for require","ruleId":"reason-string","fix":null,"filePath":"Benchmarks/Study_SamplesSet/8cbfd6c3c06ade329197f2cbe8060738.sol"},{"line":437,"column":7,"severity":"Warning","message":"Use Custom Errors instead of require statements","ruleId":"custom-errors","fix":null,"filePath":"Benchmarks/Study_SamplesSet/8cbfd6c3c06ade329197f2cbe8060738.sol"},{"line":441,"column":11,"severity":"Error","message":"Avoid making time-based decisions in your business logic","ruleId":"not-rely-on-time","fix":null,"filePath":"Benchmarks/Study_SamplesSet/8cbfd6c3c06ade329197f2cbe8060738.sol"},{"line":441,"column":40,"severity":"Error","message":"Avoid making time-based decisions in your business logic","ruleId":"not-rely-on-time","fix":null,"filePath":"Benchmarks/Study_SamplesSet/8cbfd6c3c06ade329197f2cbe8060738.sol"},{"line":442,"column":16,"severity":"Error","message":"Explicitly mark all external contracts as trusted or untrusted","ruleId":"mark-callable-contracts","filePath":"Benchmarks/Study_SamplesSet/8cbfd6c3c06ade329197f2cbe8060738.sol"},{"line":447,"column":18,"severity":"Error","message":"Avoid making time-based decisions in your business logic","ruleId":"not-rely-on-time","fix":null,"filePath":"Benchmarks/Study_SamplesSet/8cbfd6c3c06ade329197f2cbe8060738.sol"},{"line":447,"column":43,"severity":"Error","message":"Avoid making time-based decisions in your business logic","ruleId":"not-rely-on-time","fix":null,"filePath":"Benchmarks/Study_SamplesSet/8cbfd6c3c06ade329197f2cbe8060738.sol"},{"line":448,"column":16,"severity":"Error","message":"Explicitly mark all external contracts as trusted or untrusted","ruleId":"mark-callable-contracts","filePath":"Benchmarks/Study_SamplesSet/8cbfd6c3c06ade329197f2cbe8060738.sol"},{"line":453,"column":7,"severity":"Warning","message":"Provide an error message for require","ruleId":"reason-string","fix":null,"filePath":"Benchmarks/Study_SamplesSet/8cbfd6c3c06ade329197f2cbe8060738.sol"},{"line":453,"column":7,"severity":"Warning","message":"Use Custom Errors instead of require statements","ruleId":"custom-errors","fix":null,"filePath":"Benchmarks/Study_SamplesSet/8cbfd6c3c06ade329197f2cbe8060738.sol"},{"line":453,"column":15,"severity":"Error","message":"Explicitly mark all external contracts as trusted or untrusted","ruleId":"mark-callable-contracts","filePath":"Benchmarks/Study_SamplesSet/8cbfd6c3c06ade329197f2cbe8060738.sol"},{"line":458,"column":7,"severity":"Error","message":"Explicitly mark all external contracts as trusted or untrusted","ruleId":"mark-callable-contracts","filePath":"Benchmarks/Study_SamplesSet/8cbfd6c3c06ade329197f2cbe8060738.sol"},{"line":468,"column":13,"severity":"Error","message":"Avoid making time-based decisions in your business logic","ruleId":"not-rely-on-time","fix":null,"filePath":"Benchmarks/Study_SamplesSet/8cbfd6c3c06ade329197f2cbe8060738.sol"},{"line":468,"column":42,"severity":"Error","message":"Avoid making time-based decisions in your business logic","ruleId":"not-rely-on-time","fix":null,"filePath":"Benchmarks/Study_SamplesSet/8cbfd6c3c06ade329197f2cbe8060738.sol"},{"line":470,"column":19,"severity":"Error","message":"Explicitly mark all external contracts as trusted or untrusted","ruleId":"mark-callable-contracts","filePath":"Benchmarks/Study_SamplesSet/8cbfd6c3c06ade329197f2cbe8060738.sol"},{"line":471,"column":20,"severity":"Error","message":"Avoid making time-based decisions in your business logic","ruleId":"not-rely-on-time","fix":null,"filePath":"Benchmarks/Study_SamplesSet/8cbfd6c3c06ade329197f2cbe8060738.sol"},{"line":471,"column":51,"severity":"Error","message":"Avoid making time-based decisions in your business logic","ruleId":"not-rely-on-time","fix":null,"filePath":"Benchmarks/Study_SamplesSet/8cbfd6c3c06ade329197f2cbe8060738.sol"},{"line":473,"column":19,"severity":"Error","message":"Explicitly mark all external contracts as trusted or untrusted","ruleId":"mark-callable-contracts","filePath":"Benchmarks/Study_SamplesSet/8cbfd6c3c06ade329197f2cbe8060738.sol"},{"line":474,"column":20,"severity":"Error","message":"Avoid making time-based decisions in your business logic","ruleId":"not-rely-on-time","fix":null,"filePath":"Benchmarks/Study_SamplesSet/8cbfd6c3c06ade329197f2cbe8060738.sol"},{"line":474,"column":51,"severity":"Error","message":"Avoid making time-based decisions in your business logic","ruleId":"not-rely-on-time","fix":null,"filePath":"Benchmarks/Study_SamplesSet/8cbfd6c3c06ade329197f2cbe8060738.sol"},{"line":476,"column":19,"severity":"Error","message":"Explicitly mark all external contracts as trusted or untrusted","ruleId":"mark-callable-contracts","filePath":"Benchmarks/Study_SamplesSet/8cbfd6c3c06ade329197f2cbe8060738.sol"},{"line":488,"column":13,"severity":"Error","message":"Avoid making time-based decisions in your business logic","ruleId":"not-rely-on-time","fix":null,"filePath":"Benchmarks/Study_SamplesSet/8cbfd6c3c06ade329197f2cbe8060738.sol"},{"line":488,"column":38,"severity":"Error","message":"Avoid making time-based decisions in your business logic","ruleId":"not-rely-on-time","fix":null,"filePath":"Benchmarks/Study_SamplesSet/8cbfd6c3c06ade329197f2cbe8060738.sol"},{"line":490,"column":19,"severity":"Error","message":"Explicitly mark all external contracts as trusted or untrusted","ruleId":"mark-callable-contracts","filePath":"Benchmarks/Study_SamplesSet/8cbfd6c3c06ade329197f2cbe8060738.sol"},{"line":491,"column":20,"severity":"Error","message":"Avoid making time-based decisions in your business logic","ruleId":"not-rely-on-time","fix":null,"filePath":"Benchmarks/Study_SamplesSet/8cbfd6c3c06ade329197f2cbe8060738.sol"},{"line":491,"column":47,"severity":"Error","message":"Avoid making time-based decisions in your business logic","ruleId":"not-rely-on-time","fix":null,"filePath":"Benchmarks/Study_SamplesSet/8cbfd6c3c06ade329197f2cbe8060738.sol"},{"line":493,"column":19,"severity":"Error","message":"Explicitly mark all external contracts as trusted or untrusted","ruleId":"mark-callable-contracts","filePath":"Benchmarks/Study_SamplesSet/8cbfd6c3c06ade329197f2cbe8060738.sol"},{"line":494,"column":20,"severity":"Error","message":"Avoid making time-based decisions in your business logic","ruleId":"not-rely-on-time","fix":null,"filePath":"Benchmarks/Study_SamplesSet/8cbfd6c3c06ade329197f2cbe8060738.sol"},{"line":494,"column":47,"severity":"Error","message":"Avoid making time-based decisions in your business logic","ruleId":"not-rely-on-time","fix":null,"filePath":"Benchmarks/Study_SamplesSet/8cbfd6c3c06ade329197f2cbe8060738.sol"},{"line":496,"column":19,"severity":"Error","message":"Explicitly mark all external contracts as trusted or untrusted","ruleId":"mark-callable-contracts","filePath":"Benchmarks/Study_SamplesSet/8cbfd6c3c06ade329197f2cbe8060738.sol"},{"line":497,"column":20,"severity":"Error","message":"Avoid making time-based decisions in your business logic","ruleId":"not-rely-on-time","fix":null,"filePath":"Benchmarks/Study_SamplesSet/8cbfd6c3c06ade329197f2cbe8060738.sol"},{"line":497,"column":47,"severity":"Error","message":"Avoid making time-based decisions in your business logic","ruleId":"not-rely-on-time","fix":null,"filePath":"Benchmarks/Study_SamplesSet/8cbfd6c3c06ade329197f2cbe8060738.sol"},{"line":498,"column":41,"severity":"Error","message":"Explicitly mark all external contracts as trusted or untrusted","ruleId":"mark-callable-contracts","filePath":"Benchmarks/Study_SamplesSet/8cbfd6c3c06ade329197f2cbe8060738.sol"},{"line":499,"column":19,"severity":"Error","message":"Explicitly mark all external contracts as trusted or untrusted","ruleId":"mark-callable-contracts","filePath":"Benchmarks/Study_SamplesSet/8cbfd6c3c06ade329197f2cbe8060738.sol"},{"line":520,"column":10,"severity":"Error","message":"Avoid making time-based decisions in your business logic","ruleId":"not-rely-on-time","fix":null,"filePath":"Benchmarks/Study_SamplesSet/8cbfd6c3c06ade329197f2cbe8060738.sol"},{"line":520,"column":39,"severity":"Error","message":"Avoid making time-based decisions in your business logic","ruleId":"not-rely-on-time","fix":null,"filePath":"Benchmarks/Study_SamplesSet/8cbfd6c3c06ade329197f2cbe8060738.sol"},{"line":522,"column":18,"severity":"Error","message":"Avoid making time-based decisions in your business logic","ruleId":"not-rely-on-time","fix":null,"filePath":"Benchmarks/Study_SamplesSet/8cbfd6c3c06ade329197f2cbe8060738.sol"},{"line":522,"column":43,"severity":"Error","message":"Avoid making time-based decisions in your business logic","ruleId":"not-rely-on-time","fix":null,"filePath":"Benchmarks/Study_SamplesSet/8cbfd6c3c06ade329197f2cbe8060738.sol"},{"line":530,"column":40,"severity":"Warning","message":"Visibility modifier must be first in list of modifiers","ruleId":"visibility-modifier-order","fix":null,"filePath":"Benchmarks/Study_SamplesSet/8cbfd6c3c06ade329197f2cbe8060738.sol"},{"line":534,"column":41,"severity":"Warning","message":"Visibility modifier must be first in list of modifiers","ruleId":"visibility-modifier-order","fix":null,"filePath":"Benchmarks/Study_SamplesSet/8cbfd6c3c06ade329197f2cbe8060738.sol"},{"line":538,"column":79,"severity":"Warning","message":"Visibility modifier must be first in list of modifiers","ruleId":"visibility-modifier-order","fix":null,"filePath":"Benchmarks/Study_SamplesSet/8cbfd6c3c06ade329197f2cbe8060738.sol"},{"line":539,"column":7,"severity":"Warning","message":"Provide an error message for require","ruleId":"reason-string","fix":null,"filePath":"Benchmarks/Study_SamplesSet/8cbfd6c3c06ade329197f2cbe8060738.sol"},{"line":539,"column":7,"severity":"Warning","message":"Use Custom Errors instead of require statements","ruleId":"custom-errors","fix":null,"filePath":"Benchmarks/Study_SamplesSet/8cbfd6c3c06ade329197f2cbe8060738.sol"},{"line":542,"column":9,"severity":"Error","message":"Explicitly mark all external contracts as trusted or untrusted","ruleId":"mark-callable-contracts","filePath":"Benchmarks/Study_SamplesSet/8cbfd6c3c06ade329197f2cbe8060738.sol"},{"line":543,"column":9,"severity":"Error","message":"Explicitly mark all external contracts as trusted or untrusted","ruleId":"mark-callable-contracts","filePath":"Benchmarks/Study_SamplesSet/8cbfd6c3c06ade329197f2cbe8060738.sol"},{"line":545,"column":9,"severity":"Error","message":"Explicitly mark all external contracts as trusted or untrusted","ruleId":"mark-callable-contracts","filePath":"Benchmarks/Study_SamplesSet/8cbfd6c3c06ade329197f2cbe8060738.sol"},{"line":546,"column":9,"severity":"Error","message":"Explicitly mark all external contracts as trusted or untrusted","ruleId":"mark-callable-contracts","filePath":"Benchmarks/Study_SamplesSet/8cbfd6c3c06ade329197f2cbe8060738.sol"},{"line":548,"column":9,"severity":"Error","message":"Explicitly mark all external contracts as trusted or untrusted","ruleId":"mark-callable-contracts","filePath":"Benchmarks/Study_SamplesSet/8cbfd6c3c06ade329197f2cbe8060738.sol"},{"line":549,"column":9,"severity":"Error","message":"Explicitly mark all external contracts as trusted or untrusted","ruleId":"mark-callable-contracts","filePath":"Benchmarks/Study_SamplesSet/8cbfd6c3c06ade329197f2cbe8060738.sol"},{"line":552,"column":1,"severity":"Error","message":"Explicitly mark all external contracts as trusted or untrusted","ruleId":"mark-callable-contracts","filePath":"Benchmarks/Study_SamplesSet/8cbfd6c3c06ade329197f2cbe8060738.sol"},{"line":553,"column":9,"severity":"Error","message":"Explicitly mark all external contracts as trusted or untrusted","ruleId":"mark-callable-contracts","filePath":"Benchmarks/Study_SamplesSet/8cbfd6c3c06ade329197f2cbe8060738.sol"},{"line":555,"column":9,"severity":"Error","message":"Explicitly mark all external contracts as trusted or untrusted","ruleId":"mark-callable-contracts","filePath":"Benchmarks/Study_SamplesSet/8cbfd6c3c06ade329197f2cbe8060738.sol"},{"line":556,"column":9,"severity":"Error","message":"Explicitly mark all external contracts as trusted or untrusted","ruleId":"mark-callable-contracts","filePath":"Benchmarks/Study_SamplesSet/8cbfd6c3c06ade329197f2cbe8060738.sol"},{"line":558,"column":9,"severity":"Error","message":"Explicitly mark all external contracts as trusted or untrusted","ruleId":"mark-callable-contracts","filePath":"Benchmarks/Study_SamplesSet/8cbfd6c3c06ade329197f2cbe8060738.sol"},{"line":559,"column":9,"severity":"Error","message":"Explicitly mark all external contracts as trusted or untrusted","ruleId":"mark-callable-contracts","filePath":"Benchmarks/Study_SamplesSet/8cbfd6c3c06ade329197f2cbe8060738.sol"},{"line":561,"column":9,"severity":"Error","message":"Explicitly mark all external contracts as trusted or untrusted","ruleId":"mark-callable-contracts","filePath":"Benchmarks/Study_SamplesSet/8cbfd6c3c06ade329197f2cbe8060738.sol"},{"line":562,"column":9,"severity":"Error","message":"Explicitly mark all external contracts as trusted or untrusted","ruleId":"mark-callable-contracts","filePath":"Benchmarks/Study_SamplesSet/8cbfd6c3c06ade329197f2cbe8060738.sol"},{"line":564,"column":9,"severity":"Error","message":"Explicitly mark all external contracts as trusted or untrusted","ruleId":"mark-callable-contracts","filePath":"Benchmarks/Study_SamplesSet/8cbfd6c3c06ade329197f2cbe8060738.sol"},{"line":565,"column":9,"severity":"Error","message":"Explicitly mark all external contracts as trusted or untrusted","ruleId":"mark-callable-contracts","filePath":"Benchmarks/Study_SamplesSet/8cbfd6c3c06ade329197f2cbe8060738.sol"},{"line":567,"column":9,"severity":"Error","message":"Explicitly mark all external contracts as trusted or untrusted","ruleId":"mark-callable-contracts","filePath":"Benchmarks/Study_SamplesSet/8cbfd6c3c06ade329197f2cbe8060738.sol"},{"line":568,"column":9,"severity":"Error","message":"Explicitly mark all external contracts as trusted or untrusted","ruleId":"mark-callable-contracts","filePath":"Benchmarks/Study_SamplesSet/8cbfd6c3c06ade329197f2cbe8060738.sol"},{"line":570,"column":9,"severity":"Error","message":"Explicitly mark all external contracts as trusted or untrusted","ruleId":"mark-callable-contracts","filePath":"Benchmarks/Study_SamplesSet/8cbfd6c3c06ade329197f2cbe8060738.sol"},{"line":571,"column":9,"severity":"Error","message":"Explicitly mark all external contracts as trusted or untrusted","ruleId":"mark-callable-contracts","filePath":"Benchmarks/Study_SamplesSet/8cbfd6c3c06ade329197f2cbe8060738.sol"},{"line":575,"column":62,"severity":"Warning","message":"Visibility modifier must be first in list of modifiers","ruleId":"visibility-modifier-order","fix":null,"filePath":"Benchmarks/Study_SamplesSet/8cbfd6c3c06ade329197f2cbe8060738.sol"},{"line":576,"column":7,"severity":"Warning","message":"Provide an error message for require","ruleId":"reason-string","fix":null,"filePath":"Benchmarks/Study_SamplesSet/8cbfd6c3c06ade329197f2cbe8060738.sol"},{"line":576,"column":7,"severity":"Warning","message":"Use Custom Errors instead of require statements","ruleId":"custom-errors","fix":null,"filePath":"Benchmarks/Study_SamplesSet/8cbfd6c3c06ade329197f2cbe8060738.sol"},{"line":578,"column":7,"severity":"Error","message":"Explicitly mark all external contracts as trusted or untrusted","ruleId":"mark-callable-contracts","filePath":"Benchmarks/Study_SamplesSet/8cbfd6c3c06ade329197f2cbe8060738.sol"},{"line":581,"column":67,"severity":"Warning","message":"Visibility modifier must be first in list of modifiers","ruleId":"visibility-modifier-order","fix":null,"filePath":"Benchmarks/Study_SamplesSet/8cbfd6c3c06ade329197f2cbe8060738.sol"},{"line":582,"column":7,"severity":"Warning","message":"Provide an error message for require","ruleId":"reason-string","fix":null,"filePath":"Benchmarks/Study_SamplesSet/8cbfd6c3c06ade329197f2cbe8060738.sol"},{"line":582,"column":7,"severity":"Warning","message":"Use Custom Errors instead of require statements","ruleId":"custom-errors","fix":null,"filePath":"Benchmarks/Study_SamplesSet/8cbfd6c3c06ade329197f2cbe8060738.sol"},{"line":584,"column":15,"severity":"Error","message":"Explicitly mark all external contracts as trusted or untrusted","ruleId":"mark-callable-contracts","filePath":"Benchmarks/Study_SamplesSet/8cbfd6c3c06ade329197f2cbe8060738.sol"},{"line":587,"column":42,"severity":"Warning","message":"Visibility modifier must be first in list of modifiers","ruleId":"visibility-modifier-order","fix":null,"filePath":"Benchmarks/Study_SamplesSet/8cbfd6c3c06ade329197f2cbe8060738.sol"},{"conclusion":"226 problem/s (88 error/s, 138 warning/s)"}]
