[{"line":1,"column":1,"severity":"Warning","message":"Found more than One contract per file. 6 contracts found!","ruleId":"one-contract-per-file","fix":null,"filePath":"Benchmarks/Study_SamplesSet/8d33efdfa6fb09dcb0f58a3d7fc62d45.sol"},{"line":1,"column":1,"severity":"Error","message":"Compiler version ^0.4.4 does not satisfy the ^0.8.0 semver requirement","ruleId":"compiler-version","fix":null,"filePath":"Benchmarks/Study_SamplesSet/8d33efdfa6fb09dcb0f58a3d7fc62d45.sol"},{"line":13,"column":3,"severity":"Error","message":"Explicitly mark visibility in function (Set ignoreConstructors to true if using solidity >=0.7.0)","ruleId":"func-visibility","fix":null,"filePath":"Benchmarks/Study_SamplesSet/8d33efdfa6fb09dcb0f58a3d7fc62d45.sol"},{"line":18,"column":30,"severity":"Error","message":"\"throw\" is deprecated, avoid to use it","ruleId":"avoid-throw","filePath":"Benchmarks/Study_SamplesSet/8d33efdfa6fb09dcb0f58a3d7fc62d45.sol"},{"line":22,"column":3,"severity":"Error","message":"Explicitly mark visibility in function","ruleId":"func-visibility","fix":null,"filePath":"Benchmarks/Study_SamplesSet/8d33efdfa6fb09dcb0f58a3d7fc62d45.sol"},{"line":29,"column":20,"severity":"Warning","message":"Rule is set with explicit type [var/s: uint]","ruleId":"explicit-types","filePath":"Benchmarks/Study_SamplesSet/8d33efdfa6fb09dcb0f58a3d7fc62d45.sol"},{"line":29,"column":28,"severity":"Warning","message":"Rule is set with explicit type [var/s: uint]","ruleId":"explicit-types","filePath":"Benchmarks/Study_SamplesSet/8d33efdfa6fb09dcb0f58a3d7fc62d45.sol"},{"line":29,"column":54,"severity":"Warning","message":"Rule is set with explicit type [var/s: uint]","ruleId":"explicit-types","filePath":"Benchmarks/Study_SamplesSet/8d33efdfa6fb09dcb0f58a3d7fc62d45.sol"},{"line":30,"column":5,"severity":"Warning","message":"Rule is set with explicit type [var/s: uint]","ruleId":"explicit-types","filePath":"Benchmarks/Study_SamplesSet/8d33efdfa6fb09dcb0f58a3d7fc62d45.sol"},{"line":35,"column":20,"severity":"Warning","message":"Rule is set with explicit type [var/s: uint]","ruleId":"explicit-types","filePath":"Benchmarks/Study_SamplesSet/8d33efdfa6fb09dcb0f58a3d7fc62d45.sol"},{"line":35,"column":28,"severity":"Warning","message":"Rule is set with explicit type [var/s: uint]","ruleId":"explicit-types","filePath":"Benchmarks/Study_SamplesSet/8d33efdfa6fb09dcb0f58a3d7fc62d45.sol"},{"line":35,"column":54,"severity":"Warning","message":"Rule is set with explicit type [var/s: uint]","ruleId":"explicit-types","filePath":"Benchmarks/Study_SamplesSet/8d33efdfa6fb09dcb0f58a3d7fc62d45.sol"},{"line":40,"column":20,"severity":"Warning","message":"Rule is set with explicit type [var/s: uint]","ruleId":"explicit-types","filePath":"Benchmarks/Study_SamplesSet/8d33efdfa6fb09dcb0f58a3d7fc62d45.sol"},{"line":40,"column":28,"severity":"Warning","message":"Rule is set with explicit type [var/s: uint]","ruleId":"explicit-types","filePath":"Benchmarks/Study_SamplesSet/8d33efdfa6fb09dcb0f58a3d7fc62d45.sol"},{"line":40,"column":54,"severity":"Warning","message":"Rule is set with explicit type [var/s: uint]","ruleId":"explicit-types","filePath":"Benchmarks/Study_SamplesSet/8d33efdfa6fb09dcb0f58a3d7fc62d45.sol"},{"line":41,"column":5,"severity":"Warning","message":"Rule is set with explicit type [var/s: uint]","ruleId":"explicit-types","filePath":"Benchmarks/Study_SamplesSet/8d33efdfa6fb09dcb0f58a3d7fc62d45.sol"},{"line":47,"column":21,"severity":"Error","message":"\"throw\" is deprecated, avoid to use it","ruleId":"avoid-throw","filePath":"Benchmarks/Study_SamplesSet/8d33efdfa6fb09dcb0f58a3d7fc62d45.sol"},{"line":52,"column":3,"severity":"Warning","message":"Rule is set with explicit type [var/s: uint]","ruleId":"explicit-types","filePath":"Benchmarks/Study_SamplesSet/8d33efdfa6fb09dcb0f58a3d7fc62d45.sol"},{"line":53,"column":3,"severity":"Error","message":"Explicitly mark visibility in function","ruleId":"func-visibility","fix":null,"filePath":"Benchmarks/Study_SamplesSet/8d33efdfa6fb09dcb0f58a3d7fc62d45.sol"},{"line":53,"column":53,"severity":"Warning","message":"Rule is set with explicit type [var/s: uint]","ruleId":"explicit-types","filePath":"Benchmarks/Study_SamplesSet/8d33efdfa6fb09dcb0f58a3d7fc62d45.sol"},{"line":54,"column":3,"severity":"Error","message":"Explicitly mark visibility in function","ruleId":"func-visibility","fix":null,"filePath":"Benchmarks/Study_SamplesSet/8d33efdfa6fb09dcb0f58a3d7fc62d45.sol"},{"line":54,"column":72,"severity":"Warning","message":"Rule is set with explicit type [var/s: uint]","ruleId":"explicit-types","filePath":"Benchmarks/Study_SamplesSet/8d33efdfa6fb09dcb0f58a3d7fc62d45.sol"},{"line":56,"column":3,"severity":"Error","message":"Explicitly mark visibility in function","ruleId":"func-visibility","fix":null,"filePath":"Benchmarks/Study_SamplesSet/8d33efdfa6fb09dcb0f58a3d7fc62d45.sol"},{"line":56,"column":33,"severity":"Warning","message":"Rule is set with explicit type [var/s: uint]","ruleId":"explicit-types","filePath":"Benchmarks/Study_SamplesSet/8d33efdfa6fb09dcb0f58a3d7fc62d45.sol"},{"line":57,"column":3,"severity":"Error","message":"Explicitly mark visibility in function","ruleId":"func-visibility","fix":null,"filePath":"Benchmarks/Study_SamplesSet/8d33efdfa6fb09dcb0f58a3d7fc62d45.sol"},{"line":57,"column":51,"severity":"Warning","message":"Rule is set with explicit type [var/s: uint]","ruleId":"explicit-types","filePath":"Benchmarks/Study_SamplesSet/8d33efdfa6fb09dcb0f58a3d7fc62d45.sol"},{"line":58,"column":3,"severity":"Error","message":"Explicitly mark visibility in function","ruleId":"func-visibility","fix":null,"filePath":"Benchmarks/Study_SamplesSet/8d33efdfa6fb09dcb0f58a3d7fc62d45.sol"},{"line":58,"column":37,"severity":"Warning","message":"Rule is set with explicit type [var/s: uint]","ruleId":"explicit-types","filePath":"Benchmarks/Study_SamplesSet/8d33efdfa6fb09dcb0f58a3d7fc62d45.sol"},{"line":59,"column":60,"severity":"Warning","message":"Rule is set with explicit type [var/s: uint]","ruleId":"explicit-types","filePath":"Benchmarks/Study_SamplesSet/8d33efdfa6fb09dcb0f58a3d7fc62d45.sol"},{"line":60,"column":66,"severity":"Warning","message":"Rule is set with explicit type [var/s: uint]","ruleId":"explicit-types","filePath":"Benchmarks/Study_SamplesSet/8d33efdfa6fb09dcb0f58a3d7fc62d45.sol"},{"line":65,"column":3,"severity":"Error","message":"Explicitly mark visibility of state","ruleId":"state-visibility","fix":null,"filePath":"Benchmarks/Study_SamplesSet/8d33efdfa6fb09dcb0f58a3d7fc62d45.sol"},{"line":65,"column":3,"severity":"Warning","message":"Rule is set with explicit type [var/s: uint]","ruleId":"explicit-types","filePath":"Benchmarks/Study_SamplesSet/8d33efdfa6fb09dcb0f58a3d7fc62d45.sol"},{"line":66,"column":3,"severity":"Error","message":"Explicitly mark visibility of state","ruleId":"state-visibility","fix":null,"filePath":"Benchmarks/Study_SamplesSet/8d33efdfa6fb09dcb0f58a3d7fc62d45.sol"},{"line":66,"column":3,"severity":"Warning","message":"Rule is set with explicit type [var/s: uint]","ruleId":"explicit-types","filePath":"Benchmarks/Study_SamplesSet/8d33efdfa6fb09dcb0f58a3d7fc62d45.sol"},{"line":68,"column":3,"severity":"Error","message":"Explicitly mark visibility in function","ruleId":"func-visibility","fix":null,"filePath":"Benchmarks/Study_SamplesSet/8d33efdfa6fb09dcb0f58a3d7fc62d45.sol"},{"line":68,"column":34,"severity":"Warning","message":"Rule is set with explicit type [var/s: uint]","ruleId":"explicit-types","filePath":"Benchmarks/Study_SamplesSet/8d33efdfa6fb09dcb0f58a3d7fc62d45.sol"},{"line":71,"column":5,"severity":"Error","message":"Explicitly mark all external contracts as trusted or untrusted","ruleId":"mark-callable-contracts","filePath":"Benchmarks/Study_SamplesSet/8d33efdfa6fb09dcb0f58a3d7fc62d45.sol"},{"line":75,"column":3,"severity":"Error","message":"Explicitly mark visibility in function","ruleId":"func-visibility","fix":null,"filePath":"Benchmarks/Study_SamplesSet/8d33efdfa6fb09dcb0f58a3d7fc62d45.sol"},{"line":75,"column":53,"severity":"Warning","message":"Rule is set with explicit type [var/s: uint]","ruleId":"explicit-types","filePath":"Benchmarks/Study_SamplesSet/8d33efdfa6fb09dcb0f58a3d7fc62d45.sol"},{"line":81,"column":5,"severity":"Error","message":"Explicitly mark all external contracts as trusted or untrusted","ruleId":"mark-callable-contracts","filePath":"Benchmarks/Study_SamplesSet/8d33efdfa6fb09dcb0f58a3d7fc62d45.sol"},{"line":85,"column":3,"severity":"Error","message":"Explicitly mark visibility in function","ruleId":"func-visibility","fix":null,"filePath":"Benchmarks/Study_SamplesSet/8d33efdfa6fb09dcb0f58a3d7fc62d45.sol"},{"line":85,"column":56,"severity":"Warning","message":"Rule is set with explicit type [var/s: uint]","ruleId":"explicit-types","filePath":"Benchmarks/Study_SamplesSet/8d33efdfa6fb09dcb0f58a3d7fc62d45.sol"},{"line":89,"column":3,"severity":"Error","message":"Explicitly mark visibility in function","ruleId":"func-visibility","fix":null,"filePath":"Benchmarks/Study_SamplesSet/8d33efdfa6fb09dcb0f58a3d7fc62d45.sol"},{"line":89,"column":38,"severity":"Warning","message":"Rule is set with explicit type [var/s: uint]","ruleId":"explicit-types","filePath":"Benchmarks/Study_SamplesSet/8d33efdfa6fb09dcb0f58a3d7fc62d45.sol"},{"line":91,"column":5,"severity":"Error","message":"Explicitly mark all external contracts as trusted or untrusted","ruleId":"mark-callable-contracts","filePath":"Benchmarks/Study_SamplesSet/8d33efdfa6fb09dcb0f58a3d7fc62d45.sol"},{"line":95,"column":3,"severity":"Error","message":"Explicitly mark visibility in function","ruleId":"func-visibility","fix":null,"filePath":"Benchmarks/Study_SamplesSet/8d33efdfa6fb09dcb0f58a3d7fc62d45.sol"},{"line":95,"column":74,"severity":"Warning","message":"Rule is set with explicit type [var/s: uint]","ruleId":"explicit-types","filePath":"Benchmarks/Study_SamplesSet/8d33efdfa6fb09dcb0f58a3d7fc62d45.sol"},{"line":102,"column":5,"severity":"Error","message":"Explicitly mark visibility of state","ruleId":"state-visibility","fix":null,"filePath":"Benchmarks/Study_SamplesSet/8d33efdfa6fb09dcb0f58a3d7fc62d45.sol"},{"line":104,"column":5,"severity":"Error","message":"Explicitly mark visibility in function (Set ignoreConstructors to true if using solidity >=0.7.0)","ruleId":"func-visibility","fix":null,"filePath":"Benchmarks/Study_SamplesSet/8d33efdfa6fb09dcb0f58a3d7fc62d45.sol"},{"line":109,"column":27,"severity":"Error","message":"\"throw\" is deprecated, avoid to use it","ruleId":"avoid-throw","filePath":"Benchmarks/Study_SamplesSet/8d33efdfa6fb09dcb0f58a3d7fc62d45.sol"},{"line":113,"column":5,"severity":"Error","message":"Explicitly mark visibility in function","ruleId":"func-visibility","fix":null,"filePath":"Benchmarks/Study_SamplesSet/8d33efdfa6fb09dcb0f58a3d7fc62d45.sol"},{"line":114,"column":27,"severity":"Error","message":"\"throw\" is deprecated, avoid to use it","ruleId":"avoid-throw","filePath":"Benchmarks/Study_SamplesSet/8d33efdfa6fb09dcb0f58a3d7fc62d45.sol"},{"line":118,"column":5,"severity":"Error","message":"Explicitly mark visibility in function","ruleId":"func-visibility","fix":null,"filePath":"Benchmarks/Study_SamplesSet/8d33efdfa6fb09dcb0f58a3d7fc62d45.sol"},{"line":119,"column":28,"severity":"Error","message":"\"throw\" is deprecated, avoid to use it","ruleId":"avoid-throw","filePath":"Benchmarks/Study_SamplesSet/8d33efdfa6fb09dcb0f58a3d7fc62d45.sol"},{"line":127,"column":5,"severity":"Warning","message":"Rule is set with explicit type [var/s: uint]","ruleId":"explicit-types","filePath":"Benchmarks/Study_SamplesSet/8d33efdfa6fb09dcb0f58a3d7fc62d45.sol"},{"line":130,"column":5,"severity":"Warning","message":"Rule is set with explicit type [var/s: uint]","ruleId":"explicit-types","filePath":"Benchmarks/Study_SamplesSet/8d33efdfa6fb09dcb0f58a3d7fc62d45.sol"},{"line":131,"column":5,"severity":"Warning","message":"Rule is set with explicit type [var/s: uint]","ruleId":"explicit-types","filePath":"Benchmarks/Study_SamplesSet/8d33efdfa6fb09dcb0f58a3d7fc62d45.sol"},{"line":132,"column":5,"severity":"Warning","message":"Rule is set with explicit type [var/s: uint]","ruleId":"explicit-types","filePath":"Benchmarks/Study_SamplesSet/8d33efdfa6fb09dcb0f58a3d7fc62d45.sol"},{"line":133,"column":5,"severity":"Warning","message":"Rule is set with explicit type [var/s: uint]","ruleId":"explicit-types","filePath":"Benchmarks/Study_SamplesSet/8d33efdfa6fb09dcb0f58a3d7fc62d45.sol"},{"line":134,"column":5,"severity":"Error","message":"Explicitly mark visibility of state","ruleId":"state-visibility","fix":null,"filePath":"Benchmarks/Study_SamplesSet/8d33efdfa6fb09dcb0f58a3d7fc62d45.sol"},{"line":134,"column":5,"severity":"Warning","message":"Rule is set with explicit type [var/s: uint]","ruleId":"explicit-types","filePath":"Benchmarks/Study_SamplesSet/8d33efdfa6fb09dcb0f58a3d7fc62d45.sol"},{"line":136,"column":5,"severity":"Error","message":"Explicitly mark visibility of state","ruleId":"state-visibility","fix":null,"filePath":"Benchmarks/Study_SamplesSet/8d33efdfa6fb09dcb0f58a3d7fc62d45.sol"},{"line":136,"column":5,"severity":"Warning","message":"Rule is set with explicit type [var/s: uint]","ruleId":"explicit-types","filePath":"Benchmarks/Study_SamplesSet/8d33efdfa6fb09dcb0f58a3d7fc62d45.sol"},{"line":136,"column":5,"severity":"Warning","message":"Variable name must be in mixedCase","ruleId":"var-name-mixedcase","fix":null,"filePath":"Benchmarks/Study_SamplesSet/8d33efdfa6fb09dcb0f58a3d7fc62d45.sol"},{"line":138,"column":45,"severity":"Warning","message":"Rule is set with explicit type [var/s: uint]","ruleId":"explicit-types","filePath":"Benchmarks/Study_SamplesSet/8d33efdfa6fb09dcb0f58a3d7fc62d45.sol"},{"line":139,"column":41,"severity":"Warning","message":"Rule is set with explicit type [var/s: uint]","ruleId":"explicit-types","filePath":"Benchmarks/Study_SamplesSet/8d33efdfa6fb09dcb0f58a3d7fc62d45.sol"},{"line":139,"column":54,"severity":"Warning","message":"Rule is set with explicit type [var/s: uint]","ruleId":"explicit-types","filePath":"Benchmarks/Study_SamplesSet/8d33efdfa6fb09dcb0f58a3d7fc62d45.sol"},{"line":139,"column":73,"severity":"Warning","message":"Rule is set with explicit type [var/s: uint]","ruleId":"explicit-types","filePath":"Benchmarks/Study_SamplesSet/8d33efdfa6fb09dcb0f58a3d7fc62d45.sol"},{"line":141,"column":5,"severity":"Error","message":"Explicitly mark visibility in function (Set ignoreConstructors to true if using solidity >=0.7.0)","ruleId":"func-visibility","fix":null,"filePath":"Benchmarks/Study_SamplesSet/8d33efdfa6fb09dcb0f58a3d7fc62d45.sol"},{"line":141,"column":29,"severity":"Warning","message":"Rule is set with explicit type [var/s: uint]","ruleId":"explicit-types","filePath":"Benchmarks/Study_SamplesSet/8d33efdfa6fb09dcb0f58a3d7fc62d45.sol"},{"line":146,"column":51,"severity":"Error","message":"Explicitly mark all external contracts as trusted or untrusted","ruleId":"mark-callable-contracts","filePath":"Benchmarks/Study_SamplesSet/8d33efdfa6fb09dcb0f58a3d7fc62d45.sol"},{"line":149,"column":49,"severity":"Warning","message":"Rule is set with explicit type [var/s: uint]","ruleId":"explicit-types","filePath":"Benchmarks/Study_SamplesSet/8d33efdfa6fb09dcb0f58a3d7fc62d45.sol"},{"line":149,"column":83,"severity":"Warning","message":"Rule is set with explicit type [var/s: uint]","ruleId":"explicit-types","filePath":"Benchmarks/Study_SamplesSet/8d33efdfa6fb09dcb0f58a3d7fc62d45.sol"},{"line":150,"column":9,"severity":"Warning","message":"Rule is set with explicit type [var/s: uint]","ruleId":"explicit-types","filePath":"Benchmarks/Study_SamplesSet/8d33efdfa6fb09dcb0f58a3d7fc62d45.sol"},{"line":157,"column":13,"severity":"Error","message":"Explicitly mark all external contracts as trusted or untrusted","ruleId":"mark-callable-contracts","filePath":"Benchmarks/Study_SamplesSet/8d33efdfa6fb09dcb0f58a3d7fc62d45.sol"},{"line":163,"column":5,"severity":"Error","message":"Explicitly mark visibility in function","ruleId":"func-visibility","fix":null,"filePath":"Benchmarks/Study_SamplesSet/8d33efdfa6fb09dcb0f58a3d7fc62d45.sol"},{"line":163,"column":5,"severity":"Error","message":"Fallback function must be simple","ruleId":"no-complex-fallback","fix":null,"filePath":"Benchmarks/Study_SamplesSet/8d33efdfa6fb09dcb0f58a3d7fc62d45.sol"},{"line":164,"column":9,"severity":"Warning","message":"Rule is set with explicit type [var/s: uint]","ruleId":"explicit-types","filePath":"Benchmarks/Study_SamplesSet/8d33efdfa6fb09dcb0f58a3d7fc62d45.sol"},{"line":165,"column":29,"severity":"Error","message":"\"throw\" is deprecated, avoid to use it","ruleId":"avoid-throw","filePath":"Benchmarks/Study_SamplesSet/8d33efdfa6fb09dcb0f58a3d7fc62d45.sol"},{"line":176,"column":9,"severity":"Warning","message":"Rule is set with explicit type [var/s: uint]","ruleId":"explicit-types","filePath":"Benchmarks/Study_SamplesSet/8d33efdfa6fb09dcb0f58a3d7fc62d45.sol"},{"line":177,"column":9,"severity":"Error","message":"Explicitly mark all external contracts as trusted or untrusted","ruleId":"mark-callable-contracts","filePath":"Benchmarks/Study_SamplesSet/8d33efdfa6fb09dcb0f58a3d7fc62d45.sol"},{"line":180,"column":5,"severity":"Error","message":"Explicitly mark visibility in function","ruleId":"func-visibility","fix":null,"filePath":"Benchmarks/Study_SamplesSet/8d33efdfa6fb09dcb0f58a3d7fc62d45.sol"},{"line":180,"column":52,"severity":"Warning","message":"Rule is set with explicit type [var/s: uint]","ruleId":"explicit-types","filePath":"Benchmarks/Study_SamplesSet/8d33efdfa6fb09dcb0f58a3d7fc62d45.sol"},{"line":184,"column":5,"severity":"Error","message":"Explicitly mark visibility in function","ruleId":"func-visibility","fix":null,"filePath":"Benchmarks/Study_SamplesSet/8d33efdfa6fb09dcb0f58a3d7fc62d45.sol"},{"line":184,"column":50,"severity":"Warning","message":"Rule is set with explicit type [var/s: uint]","ruleId":"explicit-types","filePath":"Benchmarks/Study_SamplesSet/8d33efdfa6fb09dcb0f58a3d7fc62d45.sol"},{"line":188,"column":5,"severity":"Error","message":"Explicitly mark visibility in function","ruleId":"func-visibility","fix":null,"filePath":"Benchmarks/Study_SamplesSet/8d33efdfa6fb09dcb0f58a3d7fc62d45.sol"},{"line":188,"column":44,"severity":"Warning","message":"Rule is set with explicit type [var/s: uint]","ruleId":"explicit-types","filePath":"Benchmarks/Study_SamplesSet/8d33efdfa6fb09dcb0f58a3d7fc62d45.sol"},{"line":192,"column":5,"severity":"Error","message":"Explicitly mark visibility in function","ruleId":"func-visibility","fix":null,"filePath":"Benchmarks/Study_SamplesSet/8d33efdfa6fb09dcb0f58a3d7fc62d45.sol"},{"line":192,"column":25,"severity":"Warning","message":"Rule is set with explicit type [var/s: uint]","ruleId":"explicit-types","filePath":"Benchmarks/Study_SamplesSet/8d33efdfa6fb09dcb0f58a3d7fc62d45.sol"},{"line":197,"column":5,"severity":"Error","message":"Explicitly mark visibility in function","ruleId":"func-visibility","fix":null,"filePath":"Benchmarks/Study_SamplesSet/8d33efdfa6fb09dcb0f58a3d7fc62d45.sol"},{"line":199,"column":13,"severity":"Error","message":"\"throw\" is deprecated, avoid to use it","ruleId":"avoid-throw","filePath":"Benchmarks/Study_SamplesSet/8d33efdfa6fb09dcb0f58a3d7fc62d45.sol"},{"conclusion":"91 problem/s (42 error/s, 49 warning/s)"}]
