[{"line":8,"column":1,"severity":"Warning","message":"Found more than One contract per file. 3 contracts found!","ruleId":"one-contract-per-file","fix":null,"filePath":"Benchmarks/Study_SamplesSet/8d48645daadbca28270db15fc340f2db.sol"},{"line":8,"column":1,"severity":"Error","message":"Compiler version ^0.4.6 does not satisfy the ^0.8.0 semver requirement","ruleId":"compiler-version","fix":null,"filePath":"Benchmarks/Study_SamplesSet/8d48645daadbca28270db15fc340f2db.sol"},{"line":10,"column":1,"severity":"Warning","message":"Contract, Structs and Enums should be in CamelCase","ruleId":"contract-name-camelcase","filePath":"Benchmarks/Study_SamplesSet/8d48645daadbca28270db15fc340f2db.sol"},{"line":11,"column":2,"severity":"Error","message":"Explicitly mark visibility in function","ruleId":"func-visibility","fix":null,"filePath":"Benchmarks/Study_SamplesSet/8d48645daadbca28270db15fc340f2db.sol"},{"line":11,"column":58,"severity":"Warning","message":"Rule is set with explicit type [var/s: uint]","ruleId":"explicit-types","filePath":"Benchmarks/Study_SamplesSet/8d48645daadbca28270db15fc340f2db.sol"},{"line":11,"column":92,"severity":"Warning","message":"Code contains empty blocks","ruleId":"no-empty-blocks","fix":null,"filePath":"Benchmarks/Study_SamplesSet/8d48645daadbca28270db15fc340f2db.sol"},{"line":12,"column":2,"severity":"Error","message":"Explicitly mark visibility in function","ruleId":"func-visibility","fix":null,"filePath":"Benchmarks/Study_SamplesSet/8d48645daadbca28270db15fc340f2db.sol"},{"line":12,"column":18,"severity":"Warning","message":"Code contains empty blocks","ruleId":"no-empty-blocks","fix":null,"filePath":"Benchmarks/Study_SamplesSet/8d48645daadbca28270db15fc340f2db.sol"},{"line":18,"column":20,"severity":"Warning","message":"Rule is set with explicit type [var/s: uint]","ruleId":"explicit-types","filePath":"Benchmarks/Study_SamplesSet/8d48645daadbca28270db15fc340f2db.sol"},{"line":18,"column":28,"severity":"Warning","message":"Rule is set with explicit type [var/s: uint]","ruleId":"explicit-types","filePath":"Benchmarks/Study_SamplesSet/8d48645daadbca28270db15fc340f2db.sol"},{"line":18,"column":54,"severity":"Warning","message":"Rule is set with explicit type [var/s: uint]","ruleId":"explicit-types","filePath":"Benchmarks/Study_SamplesSet/8d48645daadbca28270db15fc340f2db.sol"},{"line":19,"column":5,"severity":"Warning","message":"Rule is set with explicit type [var/s: uint]","ruleId":"explicit-types","filePath":"Benchmarks/Study_SamplesSet/8d48645daadbca28270db15fc340f2db.sol"},{"line":24,"column":20,"severity":"Warning","message":"Rule is set with explicit type [var/s: uint]","ruleId":"explicit-types","filePath":"Benchmarks/Study_SamplesSet/8d48645daadbca28270db15fc340f2db.sol"},{"line":24,"column":28,"severity":"Warning","message":"Rule is set with explicit type [var/s: uint]","ruleId":"explicit-types","filePath":"Benchmarks/Study_SamplesSet/8d48645daadbca28270db15fc340f2db.sol"},{"line":24,"column":54,"severity":"Warning","message":"Rule is set with explicit type [var/s: uint]","ruleId":"explicit-types","filePath":"Benchmarks/Study_SamplesSet/8d48645daadbca28270db15fc340f2db.sol"},{"line":29,"column":20,"severity":"Warning","message":"Rule is set with explicit type [var/s: uint]","ruleId":"explicit-types","filePath":"Benchmarks/Study_SamplesSet/8d48645daadbca28270db15fc340f2db.sol"},{"line":29,"column":28,"severity":"Warning","message":"Rule is set with explicit type [var/s: uint]","ruleId":"explicit-types","filePath":"Benchmarks/Study_SamplesSet/8d48645daadbca28270db15fc340f2db.sol"},{"line":29,"column":54,"severity":"Warning","message":"Rule is set with explicit type [var/s: uint]","ruleId":"explicit-types","filePath":"Benchmarks/Study_SamplesSet/8d48645daadbca28270db15fc340f2db.sol"},{"line":30,"column":5,"severity":"Warning","message":"Rule is set with explicit type [var/s: uint]","ruleId":"explicit-types","filePath":"Benchmarks/Study_SamplesSet/8d48645daadbca28270db15fc340f2db.sol"},{"line":36,"column":21,"severity":"Error","message":"\"throw\" is deprecated, avoid to use it","ruleId":"avoid-throw","filePath":"Benchmarks/Study_SamplesSet/8d48645daadbca28270db15fc340f2db.sol"},{"line":45,"column":2,"severity":"Warning","message":"Rule is set with explicit type [var/s: uint]","ruleId":"explicit-types","filePath":"Benchmarks/Study_SamplesSet/8d48645daadbca28270db15fc340f2db.sol"},{"line":47,"column":2,"severity":"Warning","message":"Rule is set with explicit type [var/s: uint]","ruleId":"explicit-types","filePath":"Benchmarks/Study_SamplesSet/8d48645daadbca28270db15fc340f2db.sol"},{"line":49,"column":2,"severity":"Warning","message":"Rule is set with explicit type [var/s: uint]","ruleId":"explicit-types","filePath":"Benchmarks/Study_SamplesSet/8d48645daadbca28270db15fc340f2db.sol"},{"line":51,"column":2,"severity":"Warning","message":"Rule is set with explicit type [var/s: uint]","ruleId":"explicit-types","filePath":"Benchmarks/Study_SamplesSet/8d48645daadbca28270db15fc340f2db.sol"},{"line":53,"column":2,"severity":"Warning","message":"Rule is set with explicit type [var/s: uint]","ruleId":"explicit-types","filePath":"Benchmarks/Study_SamplesSet/8d48645daadbca28270db15fc340f2db.sol"},{"line":55,"column":2,"severity":"Warning","message":"Rule is set with explicit type [var/s: uint]","ruleId":"explicit-types","filePath":"Benchmarks/Study_SamplesSet/8d48645daadbca28270db15fc340f2db.sol"},{"line":56,"column":2,"severity":"Warning","message":"Rule is set with explicit type [var/s: uint]","ruleId":"explicit-types","filePath":"Benchmarks/Study_SamplesSet/8d48645daadbca28270db15fc340f2db.sol"},{"line":62,"column":2,"severity":"Error","message":"Explicitly mark visibility of state","ruleId":"state-visibility","fix":null,"filePath":"Benchmarks/Study_SamplesSet/8d48645daadbca28270db15fc340f2db.sol"},{"line":64,"column":2,"severity":"Error","message":"Explicitly mark visibility of state","ruleId":"state-visibility","fix":null,"filePath":"Benchmarks/Study_SamplesSet/8d48645daadbca28270db15fc340f2db.sol"},{"line":66,"column":2,"severity":"Error","message":"Explicitly mark visibility of state","ruleId":"state-visibility","fix":null,"filePath":"Benchmarks/Study_SamplesSet/8d48645daadbca28270db15fc340f2db.sol"},{"line":68,"column":41,"severity":"Warning","message":"Rule is set with explicit type [var/s: uint]","ruleId":"explicit-types","filePath":"Benchmarks/Study_SamplesSet/8d48645daadbca28270db15fc340f2db.sol"},{"line":69,"column":37,"severity":"Warning","message":"Rule is set with explicit type [var/s: uint]","ruleId":"explicit-types","filePath":"Benchmarks/Study_SamplesSet/8d48645daadbca28270db15fc340f2db.sol"},{"line":69,"column":71,"severity":"Warning","message":"Rule is set with explicit type [var/s: uint]","ruleId":"explicit-types","filePath":"Benchmarks/Study_SamplesSet/8d48645daadbca28270db15fc340f2db.sol"},{"line":74,"column":5,"severity":"Error","message":"Explicitly mark visibility in function (Set ignoreConstructors to true if using solidity >=0.7.0)","ruleId":"func-visibility","fix":null,"filePath":"Benchmarks/Study_SamplesSet/8d48645daadbca28270db15fc340f2db.sol"},{"line":79,"column":5,"severity":"Error","message":"Explicitly mark visibility in function","ruleId":"func-visibility","fix":null,"filePath":"Benchmarks/Study_SamplesSet/8d48645daadbca28270db15fc340f2db.sol"},{"line":89,"column":5,"severity":"Error","message":"Explicitly mark visibility in function","ruleId":"func-visibility","fix":null,"filePath":"Benchmarks/Study_SamplesSet/8d48645daadbca28270db15fc340f2db.sol"},{"line":90,"column":6,"severity":"Warning","message":"Rule is set with explicit type [var/s: uint]","ruleId":"explicit-types","filePath":"Benchmarks/Study_SamplesSet/8d48645daadbca28270db15fc340f2db.sol"},{"line":91,"column":6,"severity":"Warning","message":"Rule is set with explicit type [var/s: uint]","ruleId":"explicit-types","filePath":"Benchmarks/Study_SamplesSet/8d48645daadbca28270db15fc340f2db.sol"},{"line":92,"column":25,"severity":"Error","message":"\"throw\" is deprecated, avoid to use it","ruleId":"avoid-throw","filePath":"Benchmarks/Study_SamplesSet/8d48645daadbca28270db15fc340f2db.sol"},{"line":93,"column":3,"severity":"Warning","message":"Rule is set with explicit type [var/s: uint]","ruleId":"explicit-types","filePath":"Benchmarks/Study_SamplesSet/8d48645daadbca28270db15fc340f2db.sol"},{"line":94,"column":24,"severity":"Error","message":"Avoid making time-based decisions in your business logic","ruleId":"not-rely-on-time","fix":null,"filePath":"Benchmarks/Study_SamplesSet/8d48645daadbca28270db15fc340f2db.sol"},{"line":94,"column":74,"severity":"Error","message":"\"throw\" is deprecated, avoid to use it","ruleId":"avoid-throw","filePath":"Benchmarks/Study_SamplesSet/8d48645daadbca28270db15fc340f2db.sol"},{"line":95,"column":30,"severity":"Error","message":"\"throw\" is deprecated, avoid to use it","ruleId":"avoid-throw","filePath":"Benchmarks/Study_SamplesSet/8d48645daadbca28270db15fc340f2db.sol"},{"line":96,"column":3,"severity":"Error","message":"Possible reentrancy vulnerabilities. Avoid state changes after transfer.","ruleId":"reentrancy","fix":null,"filePath":"Benchmarks/Study_SamplesSet/8d48645daadbca28270db15fc340f2db.sol"},{"line":97,"column":3,"severity":"Error","message":"Possible reentrancy vulnerabilities. Avoid state changes after transfer.","ruleId":"reentrancy","fix":null,"filePath":"Benchmarks/Study_SamplesSet/8d48645daadbca28270db15fc340f2db.sol"},{"line":98,"column":3,"severity":"Error","message":"Possible reentrancy vulnerabilities. Avoid state changes after transfer.","ruleId":"reentrancy","fix":null,"filePath":"Benchmarks/Study_SamplesSet/8d48645daadbca28270db15fc340f2db.sol"},{"line":99,"column":67,"severity":"Error","message":"\"throw\" is deprecated, avoid to use it","ruleId":"avoid-throw","filePath":"Benchmarks/Study_SamplesSet/8d48645daadbca28270db15fc340f2db.sol"},{"line":100,"column":9,"severity":"Error","message":"Explicitly mark all external contracts as trusted or untrusted","ruleId":"mark-callable-contracts","filePath":"Benchmarks/Study_SamplesSet/8d48645daadbca28270db15fc340f2db.sol"},{"line":104,"column":5,"severity":"Error","message":"Explicitly mark visibility in function","ruleId":"func-visibility","fix":null,"filePath":"Benchmarks/Study_SamplesSet/8d48645daadbca28270db15fc340f2db.sol"},{"line":106,"column":16,"severity":"Error","message":"Avoid making time-based decisions in your business logic","ruleId":"not-rely-on-time","fix":null,"filePath":"Benchmarks/Study_SamplesSet/8d48645daadbca28270db15fc340f2db.sol"},{"line":111,"column":36,"severity":"Error","message":"Avoid making time-based decisions in your business logic","ruleId":"not-rely-on-time","fix":null,"filePath":"Benchmarks/Study_SamplesSet/8d48645daadbca28270db15fc340f2db.sol"},{"line":114,"column":5,"severity":"Error","message":"Explicitly mark visibility in function","ruleId":"func-visibility","fix":null,"filePath":"Benchmarks/Study_SamplesSet/8d48645daadbca28270db15fc340f2db.sol"},{"line":118,"column":13,"severity":"Error","message":"Explicitly mark all external contracts as trusted or untrusted","ruleId":"mark-callable-contracts","filePath":"Benchmarks/Study_SamplesSet/8d48645daadbca28270db15fc340f2db.sol"},{"line":125,"column":2,"severity":"Error","message":"Explicitly mark visibility in function","ruleId":"func-visibility","fix":null,"filePath":"Benchmarks/Study_SamplesSet/8d48645daadbca28270db15fc340f2db.sol"},{"line":126,"column":3,"severity":"Warning","message":"Rule is set with explicit type [var/s: uint]","ruleId":"explicit-types","filePath":"Benchmarks/Study_SamplesSet/8d48645daadbca28270db15fc340f2db.sol"},{"line":131,"column":6,"severity":"Error","message":"Explicitly mark all external contracts as trusted or untrusted","ruleId":"mark-callable-contracts","filePath":"Benchmarks/Study_SamplesSet/8d48645daadbca28270db15fc340f2db.sol"},{"line":133,"column":6,"severity":"Error","message":"Possible reentrancy vulnerabilities. Avoid state changes after transfer.","ruleId":"reentrancy","fix":null,"filePath":"Benchmarks/Study_SamplesSet/8d48645daadbca28270db15fc340f2db.sol"},{"conclusion":"57 problem/s (27 error/s, 30 warning/s)"}]
