[{"line":1,"column":1,"severity":"Warning","message":"Found more than One contract per file. 10 contracts found!","ruleId":"one-contract-per-file","fix":null,"filePath":"Benchmarks/Study_SamplesSet/8e0370c2052793e0d08a87eb9e9e680f.sol"},{"line":1,"column":1,"severity":"Error","message":"Compiler version ^0.4.18 does not satisfy the ^0.8.0 semver requirement","ruleId":"compiler-version","fix":null,"filePath":"Benchmarks/Study_SamplesSet/8e0370c2052793e0d08a87eb9e9e680f.sol"},{"line":63,"column":3,"severity":"Error","message":"Explicitly mark visibility of state","ruleId":"state-visibility","fix":null,"filePath":"Benchmarks/Study_SamplesSet/8e0370c2052793e0d08a87eb9e9e680f.sol"},{"line":71,"column":5,"severity":"Warning","message":"Provide an error message for require","ruleId":"reason-string","fix":null,"filePath":"Benchmarks/Study_SamplesSet/8e0370c2052793e0d08a87eb9e9e680f.sol"},{"line":71,"column":5,"severity":"Warning","message":"Use Custom Errors instead of require statements","ruleId":"custom-errors","fix":null,"filePath":"Benchmarks/Study_SamplesSet/8e0370c2052793e0d08a87eb9e9e680f.sol"},{"line":72,"column":5,"severity":"Warning","message":"Provide an error message for require","ruleId":"reason-string","fix":null,"filePath":"Benchmarks/Study_SamplesSet/8e0370c2052793e0d08a87eb9e9e680f.sol"},{"line":72,"column":5,"severity":"Warning","message":"Use Custom Errors instead of require statements","ruleId":"custom-errors","fix":null,"filePath":"Benchmarks/Study_SamplesSet/8e0370c2052793e0d08a87eb9e9e680f.sol"},{"line":77,"column":5,"severity":"Error","message":"Explicitly mark all external contracts as trusted or untrusted","ruleId":"mark-callable-contracts","filePath":"Benchmarks/Study_SamplesSet/8e0370c2052793e0d08a87eb9e9e680f.sol"},{"line":111,"column":5,"severity":"Warning","message":"Provide an error message for require","ruleId":"reason-string","fix":null,"filePath":"Benchmarks/Study_SamplesSet/8e0370c2052793e0d08a87eb9e9e680f.sol"},{"line":111,"column":5,"severity":"Warning","message":"Use Custom Errors instead of require statements","ruleId":"custom-errors","fix":null,"filePath":"Benchmarks/Study_SamplesSet/8e0370c2052793e0d08a87eb9e9e680f.sol"},{"line":112,"column":5,"severity":"Warning","message":"Provide an error message for require","ruleId":"reason-string","fix":null,"filePath":"Benchmarks/Study_SamplesSet/8e0370c2052793e0d08a87eb9e9e680f.sol"},{"line":112,"column":5,"severity":"Warning","message":"Use Custom Errors instead of require statements","ruleId":"custom-errors","fix":null,"filePath":"Benchmarks/Study_SamplesSet/8e0370c2052793e0d08a87eb9e9e680f.sol"},{"line":113,"column":5,"severity":"Warning","message":"Provide an error message for require","ruleId":"reason-string","fix":null,"filePath":"Benchmarks/Study_SamplesSet/8e0370c2052793e0d08a87eb9e9e680f.sol"},{"line":113,"column":5,"severity":"Warning","message":"Use Custom Errors instead of require statements","ruleId":"custom-errors","fix":null,"filePath":"Benchmarks/Study_SamplesSet/8e0370c2052793e0d08a87eb9e9e680f.sol"},{"line":118,"column":5,"severity":"Error","message":"Explicitly mark all external contracts as trusted or untrusted","ruleId":"mark-callable-contracts","filePath":"Benchmarks/Study_SamplesSet/8e0370c2052793e0d08a87eb9e9e680f.sol"},{"line":134,"column":5,"severity":"Error","message":"Explicitly mark all external contracts as trusted or untrusted","ruleId":"mark-callable-contracts","filePath":"Benchmarks/Study_SamplesSet/8e0370c2052793e0d08a87eb9e9e680f.sol"},{"line":154,"column":48,"severity":"Warning","message":"Rule is set with explicit type [var/s: uint]","ruleId":"explicit-types","filePath":"Benchmarks/Study_SamplesSet/8e0370c2052793e0d08a87eb9e9e680f.sol"},{"line":156,"column":5,"severity":"Error","message":"Explicitly mark all external contracts as trusted or untrusted","ruleId":"mark-callable-contracts","filePath":"Benchmarks/Study_SamplesSet/8e0370c2052793e0d08a87eb9e9e680f.sol"},{"line":160,"column":48,"severity":"Warning","message":"Rule is set with explicit type [var/s: uint]","ruleId":"explicit-types","filePath":"Benchmarks/Study_SamplesSet/8e0370c2052793e0d08a87eb9e9e680f.sol"},{"line":161,"column":5,"severity":"Warning","message":"Rule is set with explicit type [var/s: uint]","ruleId":"explicit-types","filePath":"Benchmarks/Study_SamplesSet/8e0370c2052793e0d08a87eb9e9e680f.sol"},{"line":167,"column":5,"severity":"Error","message":"Explicitly mark all external contracts as trusted or untrusted","ruleId":"mark-callable-contracts","filePath":"Benchmarks/Study_SamplesSet/8e0370c2052793e0d08a87eb9e9e680f.sol"},{"line":172,"column":5,"severity":"Warning","message":"Provide an error message for revert","ruleId":"reason-string","fix":null,"filePath":"Benchmarks/Study_SamplesSet/8e0370c2052793e0d08a87eb9e9e680f.sol"},{"line":172,"column":5,"severity":"Warning","message":"Use Custom Errors instead of revert statements","ruleId":"custom-errors","fix":null,"filePath":"Benchmarks/Study_SamplesSet/8e0370c2052793e0d08a87eb9e9e680f.sol"},{"line":202,"column":5,"severity":"Warning","message":"Provide an error message for require","ruleId":"reason-string","fix":null,"filePath":"Benchmarks/Study_SamplesSet/8e0370c2052793e0d08a87eb9e9e680f.sol"},{"line":202,"column":5,"severity":"Warning","message":"Use Custom Errors instead of require statements","ruleId":"custom-errors","fix":null,"filePath":"Benchmarks/Study_SamplesSet/8e0370c2052793e0d08a87eb9e9e680f.sol"},{"line":211,"column":58,"severity":"Warning","message":"Visibility modifier must be first in list of modifiers","ruleId":"visibility-modifier-order","fix":null,"filePath":"Benchmarks/Study_SamplesSet/8e0370c2052793e0d08a87eb9e9e680f.sol"},{"line":212,"column":5,"severity":"Warning","message":"Provide an error message for require","ruleId":"reason-string","fix":null,"filePath":"Benchmarks/Study_SamplesSet/8e0370c2052793e0d08a87eb9e9e680f.sol"},{"line":212,"column":5,"severity":"Warning","message":"Use Custom Errors instead of require statements","ruleId":"custom-errors","fix":null,"filePath":"Benchmarks/Study_SamplesSet/8e0370c2052793e0d08a87eb9e9e680f.sol"},{"line":213,"column":5,"severity":"Error","message":"Explicitly mark all external contracts as trusted or untrusted","ruleId":"mark-callable-contracts","filePath":"Benchmarks/Study_SamplesSet/8e0370c2052793e0d08a87eb9e9e680f.sol"},{"line":234,"column":5,"severity":"Warning","message":"Provide an error message for require","ruleId":"reason-string","fix":null,"filePath":"Benchmarks/Study_SamplesSet/8e0370c2052793e0d08a87eb9e9e680f.sol"},{"line":234,"column":5,"severity":"Warning","message":"Use Custom Errors instead of require statements","ruleId":"custom-errors","fix":null,"filePath":"Benchmarks/Study_SamplesSet/8e0370c2052793e0d08a87eb9e9e680f.sol"},{"line":244,"column":65,"severity":"Warning","message":"Visibility modifier must be first in list of modifiers","ruleId":"visibility-modifier-order","fix":null,"filePath":"Benchmarks/Study_SamplesSet/8e0370c2052793e0d08a87eb9e9e680f.sol"},{"line":247,"column":5,"severity":"Error","message":"Explicitly mark all external contracts as trusted or untrusted","ruleId":"mark-callable-contracts","filePath":"Benchmarks/Study_SamplesSet/8e0370c2052793e0d08a87eb9e9e680f.sol"},{"line":248,"column":5,"severity":"Error","message":"Explicitly mark all external contracts as trusted or untrusted","ruleId":"mark-callable-contracts","filePath":"Benchmarks/Study_SamplesSet/8e0370c2052793e0d08a87eb9e9e680f.sol"},{"line":256,"column":38,"severity":"Warning","message":"Visibility modifier must be first in list of modifiers","ruleId":"visibility-modifier-order","fix":null,"filePath":"Benchmarks/Study_SamplesSet/8e0370c2052793e0d08a87eb9e9e680f.sol"},{"line":258,"column":5,"severity":"Error","message":"Explicitly mark all external contracts as trusted or untrusted","ruleId":"mark-callable-contracts","filePath":"Benchmarks/Study_SamplesSet/8e0370c2052793e0d08a87eb9e9e680f.sol"},{"line":267,"column":3,"severity":"Warning","message":"Rule is set with explicit type [var/s: uint]","ruleId":"explicit-types","filePath":"Benchmarks/Study_SamplesSet/8e0370c2052793e0d08a87eb9e9e680f.sol"},{"line":269,"column":3,"severity":"Warning","message":"Rule is set with explicit type [var/s: uint]","ruleId":"explicit-types","filePath":"Benchmarks/Study_SamplesSet/8e0370c2052793e0d08a87eb9e9e680f.sol"},{"line":271,"column":3,"severity":"Warning","message":"Constant name must be in capitalized SNAKE_CASE","ruleId":"const-name-snakecase","fix":null,"filePath":"Benchmarks/Study_SamplesSet/8e0370c2052793e0d08a87eb9e9e680f.sol"},{"line":273,"column":3,"severity":"Warning","message":"Constant name must be in capitalized SNAKE_CASE","ruleId":"const-name-snakecase","fix":null,"filePath":"Benchmarks/Study_SamplesSet/8e0370c2052793e0d08a87eb9e9e680f.sol"},{"line":275,"column":3,"severity":"Warning","message":"Constant name must be in capitalized SNAKE_CASE","ruleId":"const-name-snakecase","fix":null,"filePath":"Benchmarks/Study_SamplesSet/8e0370c2052793e0d08a87eb9e9e680f.sol"},{"line":277,"column":3,"severity":"Warning","message":"Rule is set with explicit type [var/s: uint]","ruleId":"explicit-types","filePath":"Benchmarks/Study_SamplesSet/8e0370c2052793e0d08a87eb9e9e680f.sol"},{"line":279,"column":3,"severity":"Warning","message":"Rule is set with explicit type [var/s: uint]","ruleId":"explicit-types","filePath":"Benchmarks/Study_SamplesSet/8e0370c2052793e0d08a87eb9e9e680f.sol"},{"line":281,"column":3,"severity":"Warning","message":"Rule is set with explicit type [var/s: uint]","ruleId":"explicit-types","filePath":"Benchmarks/Study_SamplesSet/8e0370c2052793e0d08a87eb9e9e680f.sol"},{"line":283,"column":3,"severity":"Warning","message":"Rule is set with explicit type [var/s: uint]","ruleId":"explicit-types","filePath":"Benchmarks/Study_SamplesSet/8e0370c2052793e0d08a87eb9e9e680f.sol"},{"line":285,"column":3,"severity":"Warning","message":"Rule is set with explicit type [var/s: uint]","ruleId":"explicit-types","filePath":"Benchmarks/Study_SamplesSet/8e0370c2052793e0d08a87eb9e9e680f.sol"},{"line":289,"column":3,"severity":"Warning","message":"Rule is set with explicit type [var/s: uint]","ruleId":"explicit-types","filePath":"Benchmarks/Study_SamplesSet/8e0370c2052793e0d08a87eb9e9e680f.sol"},{"line":291,"column":3,"severity":"Warning","message":"Rule is set with explicit type [var/s: uint]","ruleId":"explicit-types","filePath":"Benchmarks/Study_SamplesSet/8e0370c2052793e0d08a87eb9e9e680f.sol"},{"line":295,"column":3,"severity":"Warning","message":"Rule is set with explicit type [var/s: uint]","ruleId":"explicit-types","filePath":"Benchmarks/Study_SamplesSet/8e0370c2052793e0d08a87eb9e9e680f.sol"},{"line":297,"column":3,"severity":"Warning","message":"Rule is set with explicit type [var/s: uint]","ruleId":"explicit-types","filePath":"Benchmarks/Study_SamplesSet/8e0370c2052793e0d08a87eb9e9e680f.sol"},{"line":303,"column":3,"severity":"Warning","message":"Rule is set with explicit type [var/s: uint]","ruleId":"explicit-types","filePath":"Benchmarks/Study_SamplesSet/8e0370c2052793e0d08a87eb9e9e680f.sol"},{"line":314,"column":55,"severity":"Warning","message":"Rule is set with explicit type [var/s: uint]","ruleId":"explicit-types","filePath":"Benchmarks/Study_SamplesSet/8e0370c2052793e0d08a87eb9e9e680f.sol"},{"line":318,"column":65,"severity":"Warning","message":"Visibility modifier must be first in list of modifiers","ruleId":"visibility-modifier-order","fix":null,"filePath":"Benchmarks/Study_SamplesSet/8e0370c2052793e0d08a87eb9e9e680f.sol"},{"line":345,"column":34,"severity":"Warning","message":"Rule is set with explicit type [var/s: uint]","ruleId":"explicit-types","filePath":"Benchmarks/Study_SamplesSet/8e0370c2052793e0d08a87eb9e9e680f.sol"},{"line":346,"column":8,"severity":"Error","message":"Avoid making time-based decisions in your business logic","ruleId":"not-rely-on-time","fix":null,"filePath":"Benchmarks/Study_SamplesSet/8e0370c2052793e0d08a87eb9e9e680f.sol"},{"line":351,"column":5,"severity":"Warning","message":"Provide an error message for require","ruleId":"reason-string","fix":null,"filePath":"Benchmarks/Study_SamplesSet/8e0370c2052793e0d08a87eb9e9e680f.sol"},{"line":351,"column":5,"severity":"Warning","message":"Use Custom Errors instead of require statements","ruleId":"custom-errors","fix":null,"filePath":"Benchmarks/Study_SamplesSet/8e0370c2052793e0d08a87eb9e9e680f.sol"},{"line":351,"column":13,"severity":"Error","message":"Avoid making time-based decisions in your business logic","ruleId":"not-rely-on-time","fix":null,"filePath":"Benchmarks/Study_SamplesSet/8e0370c2052793e0d08a87eb9e9e680f.sol"},{"line":351,"column":39,"severity":"Error","message":"Avoid making time-based decisions in your business logic","ruleId":"not-rely-on-time","fix":null,"filePath":"Benchmarks/Study_SamplesSet/8e0370c2052793e0d08a87eb9e9e680f.sol"},{"line":354,"column":5,"severity":"Error","message":"Explicitly mark all external contracts as trusted or untrusted","ruleId":"mark-callable-contracts","filePath":"Benchmarks/Study_SamplesSet/8e0370c2052793e0d08a87eb9e9e680f.sol"},{"line":356,"column":5,"severity":"Warning","message":"Rule is set with explicit type [var/s: uint]","ruleId":"explicit-types","filePath":"Benchmarks/Study_SamplesSet/8e0370c2052793e0d08a87eb9e9e680f.sol"},{"line":362,"column":5,"severity":"Warning","message":"Provide an error message for require","ruleId":"reason-string","fix":null,"filePath":"Benchmarks/Study_SamplesSet/8e0370c2052793e0d08a87eb9e9e680f.sol"},{"line":362,"column":5,"severity":"Warning","message":"Use Custom Errors instead of require statements","ruleId":"custom-errors","fix":null,"filePath":"Benchmarks/Study_SamplesSet/8e0370c2052793e0d08a87eb9e9e680f.sol"},{"line":367,"column":54,"severity":"Warning","message":"Visibility modifier must be first in list of modifiers","ruleId":"visibility-modifier-order","fix":null,"filePath":"Benchmarks/Study_SamplesSet/8e0370c2052793e0d08a87eb9e9e680f.sol"},{"line":367,"column":26,"severity":"Warning","message":"Rule is set with explicit type [var/s: uint]","ruleId":"explicit-types","filePath":"Benchmarks/Study_SamplesSet/8e0370c2052793e0d08a87eb9e9e680f.sol"},{"line":371,"column":24,"severity":"Error","message":"Avoid making time-based decisions in your business logic","ruleId":"not-rely-on-time","fix":null,"filePath":"Benchmarks/Study_SamplesSet/8e0370c2052793e0d08a87eb9e9e680f.sol"},{"line":387,"column":5,"severity":"Warning","message":"Provide an error message for require","ruleId":"reason-string","fix":null,"filePath":"Benchmarks/Study_SamplesSet/8e0370c2052793e0d08a87eb9e9e680f.sol"},{"line":387,"column":5,"severity":"Warning","message":"Use Custom Errors instead of require statements","ruleId":"custom-errors","fix":null,"filePath":"Benchmarks/Study_SamplesSet/8e0370c2052793e0d08a87eb9e9e680f.sol"},{"line":388,"column":5,"severity":"Warning","message":"Rule is set with explicit type [var/s: uint]","ruleId":"explicit-types","filePath":"Benchmarks/Study_SamplesSet/8e0370c2052793e0d08a87eb9e9e680f.sol"},{"line":401,"column":25,"severity":"Warning","message":"Rule is set with explicit type [var/s: uint]","ruleId":"explicit-types","filePath":"Benchmarks/Study_SamplesSet/8e0370c2052793e0d08a87eb9e9e680f.sol"},{"line":402,"column":5,"severity":"Warning","message":"Provide an error message for require","ruleId":"reason-string","fix":null,"filePath":"Benchmarks/Study_SamplesSet/8e0370c2052793e0d08a87eb9e9e680f.sol"},{"line":402,"column":5,"severity":"Warning","message":"Use Custom Errors instead of require statements","ruleId":"custom-errors","fix":null,"filePath":"Benchmarks/Study_SamplesSet/8e0370c2052793e0d08a87eb9e9e680f.sol"},{"line":403,"column":9,"severity":"Warning","message":"Rule is set with explicit type [var/s: uint]","ruleId":"explicit-types","filePath":"Benchmarks/Study_SamplesSet/8e0370c2052793e0d08a87eb9e9e680f.sol"},{"line":406,"column":9,"severity":"Warning","message":"Rule is set with explicit type [var/s: uint]","ruleId":"explicit-types","filePath":"Benchmarks/Study_SamplesSet/8e0370c2052793e0d08a87eb9e9e680f.sol"},{"line":414,"column":7,"severity":"Error","message":"Possible reentrancy vulnerabilities. Avoid state changes after transfer.","ruleId":"reentrancy","fix":null,"filePath":"Benchmarks/Study_SamplesSet/8e0370c2052793e0d08a87eb9e9e680f.sol"},{"line":415,"column":7,"severity":"Error","message":"Possible reentrancy vulnerabilities. Avoid state changes after transfer.","ruleId":"reentrancy","fix":null,"filePath":"Benchmarks/Study_SamplesSet/8e0370c2052793e0d08a87eb9e9e680f.sol"},{"line":416,"column":7,"severity":"Error","message":"Possible reentrancy vulnerabilities. Avoid state changes after transfer.","ruleId":"reentrancy","fix":null,"filePath":"Benchmarks/Study_SamplesSet/8e0370c2052793e0d08a87eb9e9e680f.sol"},{"line":422,"column":31,"severity":"Warning","message":"Rule is set with explicit type [var/s: uint]","ruleId":"explicit-types","filePath":"Benchmarks/Study_SamplesSet/8e0370c2052793e0d08a87eb9e9e680f.sol"},{"line":422,"column":45,"severity":"Warning","message":"Rule is set with explicit type [var/s: uint]","ruleId":"explicit-types","filePath":"Benchmarks/Study_SamplesSet/8e0370c2052793e0d08a87eb9e9e680f.sol"},{"line":423,"column":5,"severity":"Warning","message":"Provide an error message for require","ruleId":"reason-string","fix":null,"filePath":"Benchmarks/Study_SamplesSet/8e0370c2052793e0d08a87eb9e9e680f.sol"},{"line":423,"column":5,"severity":"Warning","message":"Use Custom Errors instead of require statements","ruleId":"custom-errors","fix":null,"filePath":"Benchmarks/Study_SamplesSet/8e0370c2052793e0d08a87eb9e9e680f.sol"},{"line":424,"column":9,"severity":"Warning","message":"Rule is set with explicit type [var/s: uint]","ruleId":"explicit-types","filePath":"Benchmarks/Study_SamplesSet/8e0370c2052793e0d08a87eb9e9e680f.sol"},{"line":427,"column":9,"severity":"Warning","message":"Rule is set with explicit type [var/s: uint]","ruleId":"explicit-types","filePath":"Benchmarks/Study_SamplesSet/8e0370c2052793e0d08a87eb9e9e680f.sol"},{"line":444,"column":37,"severity":"Warning","message":"Code contains empty blocks","ruleId":"no-empty-blocks","fix":null,"filePath":"Benchmarks/Study_SamplesSet/8e0370c2052793e0d08a87eb9e9e680f.sol"},{"line":457,"column":3,"severity":"Warning","message":"Rule is set with explicit type [var/s: uint]","ruleId":"explicit-types","filePath":"Benchmarks/Study_SamplesSet/8e0370c2052793e0d08a87eb9e9e680f.sol"},{"line":459,"column":3,"severity":"Warning","message":"Rule is set with explicit type [var/s: uint]","ruleId":"explicit-types","filePath":"Benchmarks/Study_SamplesSet/8e0370c2052793e0d08a87eb9e9e680f.sol"},{"line":461,"column":3,"severity":"Warning","message":"Rule is set with explicit type [var/s: uint]","ruleId":"explicit-types","filePath":"Benchmarks/Study_SamplesSet/8e0370c2052793e0d08a87eb9e9e680f.sol"},{"line":463,"column":3,"severity":"Warning","message":"Rule is set with explicit type [var/s: uint]","ruleId":"explicit-types","filePath":"Benchmarks/Study_SamplesSet/8e0370c2052793e0d08a87eb9e9e680f.sol"},{"line":465,"column":3,"severity":"Warning","message":"Rule is set with explicit type [var/s: uint]","ruleId":"explicit-types","filePath":"Benchmarks/Study_SamplesSet/8e0370c2052793e0d08a87eb9e9e680f.sol"},{"line":467,"column":3,"severity":"Warning","message":"Rule is set with explicit type [var/s: uint]","ruleId":"explicit-types","filePath":"Benchmarks/Study_SamplesSet/8e0370c2052793e0d08a87eb9e9e680f.sol"},{"line":469,"column":3,"severity":"Warning","message":"Rule is set with explicit type [var/s: uint]","ruleId":"explicit-types","filePath":"Benchmarks/Study_SamplesSet/8e0370c2052793e0d08a87eb9e9e680f.sol"},{"line":474,"column":5,"severity":"Warning","message":"Rule is set with explicit type [var/s: uint]","ruleId":"explicit-types","filePath":"Benchmarks/Study_SamplesSet/8e0370c2052793e0d08a87eb9e9e680f.sol"},{"line":475,"column":5,"severity":"Warning","message":"Rule is set with explicit type [var/s: uint]","ruleId":"explicit-types","filePath":"Benchmarks/Study_SamplesSet/8e0370c2052793e0d08a87eb9e9e680f.sol"},{"line":482,"column":23,"severity":"Warning","message":"Rule is set with explicit type [var/s: uint]","ruleId":"explicit-types","filePath":"Benchmarks/Study_SamplesSet/8e0370c2052793e0d08a87eb9e9e680f.sol"},{"line":486,"column":21,"severity":"Warning","message":"Rule is set with explicit type [var/s: uint]","ruleId":"explicit-types","filePath":"Benchmarks/Study_SamplesSet/8e0370c2052793e0d08a87eb9e9e680f.sol"},{"line":494,"column":21,"severity":"Warning","message":"Rule is set with explicit type [var/s: uint]","ruleId":"explicit-types","filePath":"Benchmarks/Study_SamplesSet/8e0370c2052793e0d08a87eb9e9e680f.sol"},{"line":498,"column":32,"severity":"Warning","message":"Rule is set with explicit type [var/s: uint]","ruleId":"explicit-types","filePath":"Benchmarks/Study_SamplesSet/8e0370c2052793e0d08a87eb9e9e680f.sol"},{"line":502,"column":54,"severity":"Warning","message":"Rule is set with explicit type [var/s: uint]","ruleId":"explicit-types","filePath":"Benchmarks/Study_SamplesSet/8e0370c2052793e0d08a87eb9e9e680f.sol"},{"line":506,"column":25,"severity":"Warning","message":"Rule is set with explicit type [var/s: uint]","ruleId":"explicit-types","filePath":"Benchmarks/Study_SamplesSet/8e0370c2052793e0d08a87eb9e9e680f.sol"},{"line":506,"column":37,"severity":"Warning","message":"Rule is set with explicit type [var/s: uint]","ruleId":"explicit-types","filePath":"Benchmarks/Study_SamplesSet/8e0370c2052793e0d08a87eb9e9e680f.sol"},{"line":507,"column":21,"severity":"Error","message":"Explicitly mark all external contracts as trusted or untrusted","ruleId":"mark-callable-contracts","filePath":"Benchmarks/Study_SamplesSet/8e0370c2052793e0d08a87eb9e9e680f.sol"},{"line":510,"column":42,"severity":"Warning","message":"Rule is set with explicit type [var/s: uint]","ruleId":"explicit-types","filePath":"Benchmarks/Study_SamplesSet/8e0370c2052793e0d08a87eb9e9e680f.sol"},{"line":511,"column":5,"severity":"Warning","message":"Rule is set with explicit type [var/s: uint]","ruleId":"explicit-types","filePath":"Benchmarks/Study_SamplesSet/8e0370c2052793e0d08a87eb9e9e680f.sol"},{"line":512,"column":10,"severity":"Warning","message":"Rule is set with explicit type [var/s: uint]","ruleId":"explicit-types","filePath":"Benchmarks/Study_SamplesSet/8e0370c2052793e0d08a87eb9e9e680f.sol"},{"line":519,"column":56,"severity":"Warning","message":"Rule is set with explicit type [var/s: uint]","ruleId":"explicit-types","filePath":"Benchmarks/Study_SamplesSet/8e0370c2052793e0d08a87eb9e9e680f.sol"},{"line":520,"column":5,"severity":"Warning","message":"Rule is set with explicit type [var/s: uint]","ruleId":"explicit-types","filePath":"Benchmarks/Study_SamplesSet/8e0370c2052793e0d08a87eb9e9e680f.sol"},{"line":521,"column":10,"severity":"Warning","message":"Rule is set with explicit type [var/s: uint]","ruleId":"explicit-types","filePath":"Benchmarks/Study_SamplesSet/8e0370c2052793e0d08a87eb9e9e680f.sol"},{"line":524,"column":11,"severity":"Error","message":"Avoid making time-based decisions in your business logic","ruleId":"not-rely-on-time","fix":null,"filePath":"Benchmarks/Study_SamplesSet/8e0370c2052793e0d08a87eb9e9e680f.sol"},{"line":527,"column":5,"severity":"Warning","message":"Provide an error message for revert","ruleId":"reason-string","fix":null,"filePath":"Benchmarks/Study_SamplesSet/8e0370c2052793e0d08a87eb9e9e680f.sol"},{"line":527,"column":5,"severity":"Warning","message":"Use Custom Errors instead of revert statements","ruleId":"custom-errors","fix":null,"filePath":"Benchmarks/Study_SamplesSet/8e0370c2052793e0d08a87eb9e9e680f.sol"},{"line":530,"column":45,"severity":"Warning","message":"Rule is set with explicit type [var/s: uint]","ruleId":"explicit-types","filePath":"Benchmarks/Study_SamplesSet/8e0370c2052793e0d08a87eb9e9e680f.sol"},{"line":531,"column":5,"severity":"Warning","message":"Provide an error message for require","ruleId":"reason-string","fix":null,"filePath":"Benchmarks/Study_SamplesSet/8e0370c2052793e0d08a87eb9e9e680f.sol"},{"line":531,"column":5,"severity":"Warning","message":"Use Custom Errors instead of require statements","ruleId":"custom-errors","fix":null,"filePath":"Benchmarks/Study_SamplesSet/8e0370c2052793e0d08a87eb9e9e680f.sol"},{"line":531,"column":13,"severity":"Error","message":"Avoid making time-based decisions in your business logic","ruleId":"not-rely-on-time","fix":null,"filePath":"Benchmarks/Study_SamplesSet/8e0370c2052793e0d08a87eb9e9e680f.sol"},{"line":531,"column":29,"severity":"Error","message":"Avoid making time-based decisions in your business logic","ruleId":"not-rely-on-time","fix":null,"filePath":"Benchmarks/Study_SamplesSet/8e0370c2052793e0d08a87eb9e9e680f.sol"},{"line":536,"column":5,"severity":"Warning","message":"Provide an error message for require","ruleId":"reason-string","fix":null,"filePath":"Benchmarks/Study_SamplesSet/8e0370c2052793e0d08a87eb9e9e680f.sol"},{"line":536,"column":5,"severity":"Warning","message":"Use Custom Errors instead of require statements","ruleId":"custom-errors","fix":null,"filePath":"Benchmarks/Study_SamplesSet/8e0370c2052793e0d08a87eb9e9e680f.sol"},{"line":536,"column":13,"severity":"Error","message":"Avoid making time-based decisions in your business logic","ruleId":"not-rely-on-time","fix":null,"filePath":"Benchmarks/Study_SamplesSet/8e0370c2052793e0d08a87eb9e9e680f.sol"},{"line":536,"column":29,"severity":"Error","message":"Avoid making time-based decisions in your business logic","ruleId":"not-rely-on-time","fix":null,"filePath":"Benchmarks/Study_SamplesSet/8e0370c2052793e0d08a87eb9e9e680f.sol"},{"line":538,"column":5,"severity":"Error","message":"Possible reentrancy vulnerabilities. Avoid state changes after transfer.","ruleId":"reentrancy","fix":null,"filePath":"Benchmarks/Study_SamplesSet/8e0370c2052793e0d08a87eb9e9e680f.sol"},{"line":539,"column":5,"severity":"Warning","message":"Rule is set with explicit type [var/s: uint]","ruleId":"explicit-types","filePath":"Benchmarks/Study_SamplesSet/8e0370c2052793e0d08a87eb9e9e680f.sol"},{"line":540,"column":5,"severity":"Warning","message":"Rule is set with explicit type [var/s: uint]","ruleId":"explicit-types","filePath":"Benchmarks/Study_SamplesSet/8e0370c2052793e0d08a87eb9e9e680f.sol"},{"line":542,"column":7,"severity":"Error","message":"Possible reentrancy vulnerabilities. Avoid state changes after transfer.","ruleId":"reentrancy","fix":null,"filePath":"Benchmarks/Study_SamplesSet/8e0370c2052793e0d08a87eb9e9e680f.sol"},{"line":542,"column":56,"severity":"Error","message":"Explicitly mark all external contracts as trusted or untrusted","ruleId":"mark-callable-contracts","filePath":"Benchmarks/Study_SamplesSet/8e0370c2052793e0d08a87eb9e9e680f.sol"},{"conclusion":"124 problem/s (28 error/s, 96 warning/s)"}]
