[{"line":1,"column":1,"severity":"Error","message":"Compiler version ^0.4.0 does not satisfy the ^0.8.0 semver requirement","ruleId":"compiler-version","fix":null,"filePath":"Benchmarks/Study_SamplesSet/9045fc7594e11f67ccb16b64c92f665e.sol"},{"line":5,"column":5,"severity":"Warning","message":"Rule is set with explicit type [var/s: uint]","ruleId":"explicit-types","filePath":"Benchmarks/Study_SamplesSet/9045fc7594e11f67ccb16b64c92f665e.sol"},{"line":6,"column":5,"severity":"Warning","message":"Rule is set with explicit type [var/s: uint]","ruleId":"explicit-types","filePath":"Benchmarks/Study_SamplesSet/9045fc7594e11f67ccb16b64c92f665e.sol"},{"line":7,"column":5,"severity":"Warning","message":"Rule is set with explicit type [var/s: uint]","ruleId":"explicit-types","filePath":"Benchmarks/Study_SamplesSet/9045fc7594e11f67ccb16b64c92f665e.sol"},{"line":8,"column":5,"severity":"Warning","message":"Rule is set with explicit type [var/s: uint]","ruleId":"explicit-types","filePath":"Benchmarks/Study_SamplesSet/9045fc7594e11f67ccb16b64c92f665e.sol"},{"line":9,"column":5,"severity":"Warning","message":"Rule is set with explicit type [var/s: uint]","ruleId":"explicit-types","filePath":"Benchmarks/Study_SamplesSet/9045fc7594e11f67ccb16b64c92f665e.sol"},{"line":14,"column":5,"severity":"Warning","message":"Rule is set with explicit type [var/s: uint]","ruleId":"explicit-types","filePath":"Benchmarks/Study_SamplesSet/9045fc7594e11f67ccb16b64c92f665e.sol"},{"line":15,"column":5,"severity":"Warning","message":"Rule is set with explicit type [var/s: uint]","ruleId":"explicit-types","filePath":"Benchmarks/Study_SamplesSet/9045fc7594e11f67ccb16b64c92f665e.sol"},{"line":16,"column":5,"severity":"Warning","message":"Event name must be in CamelCase","ruleId":"event-name-camelcase","filePath":"Benchmarks/Study_SamplesSet/9045fc7594e11f67ccb16b64c92f665e.sol"},{"line":16,"column":28,"severity":"Warning","message":"Rule is set with explicit type [var/s: uint]","ruleId":"explicit-types","filePath":"Benchmarks/Study_SamplesSet/9045fc7594e11f67ccb16b64c92f665e.sol"},{"line":16,"column":41,"severity":"Warning","message":"Rule is set with explicit type [var/s: uint]","ruleId":"explicit-types","filePath":"Benchmarks/Study_SamplesSet/9045fc7594e11f67ccb16b64c92f665e.sol"},{"line":17,"column":5,"severity":"Warning","message":"Event name must be in CamelCase","ruleId":"event-name-camelcase","filePath":"Benchmarks/Study_SamplesSet/9045fc7594e11f67ccb16b64c92f665e.sol"},{"line":17,"column":22,"severity":"Warning","message":"Rule is set with explicit type [var/s: uint]","ruleId":"explicit-types","filePath":"Benchmarks/Study_SamplesSet/9045fc7594e11f67ccb16b64c92f665e.sol"},{"line":17,"column":35,"severity":"Warning","message":"Rule is set with explicit type [var/s: uint]","ruleId":"explicit-types","filePath":"Benchmarks/Study_SamplesSet/9045fc7594e11f67ccb16b64c92f665e.sol"},{"line":18,"column":5,"severity":"Warning","message":"Event name must be in CamelCase","ruleId":"event-name-camelcase","filePath":"Benchmarks/Study_SamplesSet/9045fc7594e11f67ccb16b64c92f665e.sol"},{"line":18,"column":21,"severity":"Warning","message":"Rule is set with explicit type [var/s: uint]","ruleId":"explicit-types","filePath":"Benchmarks/Study_SamplesSet/9045fc7594e11f67ccb16b64c92f665e.sol"},{"line":18,"column":48,"severity":"Warning","message":"Rule is set with explicit type [var/s: uint]","ruleId":"explicit-types","filePath":"Benchmarks/Study_SamplesSet/9045fc7594e11f67ccb16b64c92f665e.sol"},{"line":21,"column":9,"severity":"Warning","message":"Rule is set with explicit type [var/s: uint]","ruleId":"explicit-types","filePath":"Benchmarks/Study_SamplesSet/9045fc7594e11f67ccb16b64c92f665e.sol"},{"line":22,"column":9,"severity":"Warning","message":"Rule is set with explicit type [var/s: uint]","ruleId":"explicit-types","filePath":"Benchmarks/Study_SamplesSet/9045fc7594e11f67ccb16b64c92f665e.sol"},{"line":23,"column":9,"severity":"Warning","message":"Rule is set with explicit type [var/s: uint]","ruleId":"explicit-types","filePath":"Benchmarks/Study_SamplesSet/9045fc7594e11f67ccb16b64c92f665e.sol"},{"line":24,"column":9,"severity":"Warning","message":"Rule is set with explicit type [var/s: uint]","ruleId":"explicit-types","filePath":"Benchmarks/Study_SamplesSet/9045fc7594e11f67ccb16b64c92f665e.sol"},{"line":25,"column":9,"severity":"Warning","message":"Rule is set with explicit type [var/s: uint]","ruleId":"explicit-types","filePath":"Benchmarks/Study_SamplesSet/9045fc7594e11f67ccb16b64c92f665e.sol"},{"line":26,"column":9,"severity":"Warning","message":"Rule is set with explicit type [var/s: uint]","ruleId":"explicit-types","filePath":"Benchmarks/Study_SamplesSet/9045fc7594e11f67ccb16b64c92f665e.sol"},{"line":27,"column":9,"severity":"Warning","message":"Rule is set with explicit type [var/s: uint]","ruleId":"explicit-types","filePath":"Benchmarks/Study_SamplesSet/9045fc7594e11f67ccb16b64c92f665e.sol"},{"line":28,"column":9,"severity":"Warning","message":"Rule is set with explicit type [var/s: uint]","ruleId":"explicit-types","filePath":"Benchmarks/Study_SamplesSet/9045fc7594e11f67ccb16b64c92f665e.sol"},{"line":29,"column":9,"severity":"Warning","message":"Rule is set with explicit type [var/s: uint]","ruleId":"explicit-types","filePath":"Benchmarks/Study_SamplesSet/9045fc7594e11f67ccb16b64c92f665e.sol"},{"line":36,"column":42,"severity":"Error","message":"Avoid making time-based decisions in your business logic","ruleId":"not-rely-on-time","fix":null,"filePath":"Benchmarks/Study_SamplesSet/9045fc7594e11f67ccb16b64c92f665e.sol"},{"line":41,"column":9,"severity":"Warning","message":"Provide an error message for require","ruleId":"reason-string","fix":null,"filePath":"Benchmarks/Study_SamplesSet/9045fc7594e11f67ccb16b64c92f665e.sol"},{"line":41,"column":9,"severity":"Warning","message":"Use Custom Errors instead of require statements","ruleId":"custom-errors","fix":null,"filePath":"Benchmarks/Study_SamplesSet/9045fc7594e11f67ccb16b64c92f665e.sol"},{"line":49,"column":48,"severity":"Warning","message":"Rule is set with explicit type [var/s: uint]","ruleId":"explicit-types","filePath":"Benchmarks/Study_SamplesSet/9045fc7594e11f67ccb16b64c92f665e.sol"},{"line":50,"column":26,"severity":"Warning","message":"Rule is set with explicit type [var/s: uint]","ruleId":"explicit-types","filePath":"Benchmarks/Study_SamplesSet/9045fc7594e11f67ccb16b64c92f665e.sol"},{"line":50,"column":31,"severity":"Error","message":"Do not rely on \"block.blockhash\". Miners can influence its value.","ruleId":"not-rely-on-block-hash","fix":null,"filePath":"Benchmarks/Study_SamplesSet/9045fc7594e11f67ccb16b64c92f665e.sol"},{"line":51,"column":27,"severity":"Warning","message":"Rule is set with explicit type [var/s: uint]","ruleId":"explicit-types","filePath":"Benchmarks/Study_SamplesSet/9045fc7594e11f67ccb16b64c92f665e.sol"},{"line":51,"column":32,"severity":"Error","message":"Do not rely on \"block.blockhash\". Miners can influence its value.","ruleId":"not-rely-on-block-hash","fix":null,"filePath":"Benchmarks/Study_SamplesSet/9045fc7594e11f67ccb16b64c92f665e.sol"},{"line":52,"column":26,"severity":"Warning","message":"Rule is set with explicit type [var/s: uint]","ruleId":"explicit-types","filePath":"Benchmarks/Study_SamplesSet/9045fc7594e11f67ccb16b64c92f665e.sol"},{"line":52,"column":31,"severity":"Error","message":"Do not rely on \"block.blockhash\". Miners can influence its value.","ruleId":"not-rely-on-block-hash","fix":null,"filePath":"Benchmarks/Study_SamplesSet/9045fc7594e11f67ccb16b64c92f665e.sol"},{"line":53,"column":27,"severity":"Warning","message":"Rule is set with explicit type [var/s: uint]","ruleId":"explicit-types","filePath":"Benchmarks/Study_SamplesSet/9045fc7594e11f67ccb16b64c92f665e.sol"},{"line":53,"column":32,"severity":"Error","message":"Do not rely on \"block.blockhash\". Miners can influence its value.","ruleId":"not-rely-on-block-hash","fix":null,"filePath":"Benchmarks/Study_SamplesSet/9045fc7594e11f67ccb16b64c92f665e.sol"},{"line":57,"column":50,"severity":"Warning","message":"Visibility modifier must be first in list of modifiers","ruleId":"visibility-modifier-order","fix":null,"filePath":"Benchmarks/Study_SamplesSet/9045fc7594e11f67ccb16b64c92f665e.sol"},{"line":57,"column":23,"severity":"Warning","message":"Rule is set with explicit type [var/s: uint]","ruleId":"explicit-types","filePath":"Benchmarks/Study_SamplesSet/9045fc7594e11f67ccb16b64c92f665e.sol"},{"line":58,"column":9,"severity":"Warning","message":"Provide an error message for require","ruleId":"reason-string","fix":null,"filePath":"Benchmarks/Study_SamplesSet/9045fc7594e11f67ccb16b64c92f665e.sol"},{"line":58,"column":9,"severity":"Warning","message":"Use Custom Errors instead of require statements","ruleId":"custom-errors","fix":null,"filePath":"Benchmarks/Study_SamplesSet/9045fc7594e11f67ccb16b64c92f665e.sol"},{"line":60,"column":28,"severity":"Error","message":"Avoid making time-based decisions in your business logic","ruleId":"not-rely-on-time","fix":null,"filePath":"Benchmarks/Study_SamplesSet/9045fc7594e11f67ccb16b64c92f665e.sol"},{"line":63,"column":51,"severity":"Warning","message":"Visibility modifier must be first in list of modifiers","ruleId":"visibility-modifier-order","fix":null,"filePath":"Benchmarks/Study_SamplesSet/9045fc7594e11f67ccb16b64c92f665e.sol"},{"line":67,"column":60,"severity":"Warning","message":"Visibility modifier must be first in list of modifiers","ruleId":"visibility-modifier-order","fix":null,"filePath":"Benchmarks/Study_SamplesSet/9045fc7594e11f67ccb16b64c92f665e.sol"},{"line":67,"column":27,"severity":"Warning","message":"Rule is set with explicit type [var/s: uint]","ruleId":"explicit-types","filePath":"Benchmarks/Study_SamplesSet/9045fc7594e11f67ccb16b64c92f665e.sol"},{"line":68,"column":9,"severity":"Warning","message":"Provide an error message for require","ruleId":"reason-string","fix":null,"filePath":"Benchmarks/Study_SamplesSet/9045fc7594e11f67ccb16b64c92f665e.sol"},{"line":68,"column":9,"severity":"Warning","message":"Use Custom Errors instead of require statements","ruleId":"custom-errors","fix":null,"filePath":"Benchmarks/Study_SamplesSet/9045fc7594e11f67ccb16b64c92f665e.sol"},{"line":72,"column":58,"severity":"Warning","message":"Visibility modifier must be first in list of modifiers","ruleId":"visibility-modifier-order","fix":null,"filePath":"Benchmarks/Study_SamplesSet/9045fc7594e11f67ccb16b64c92f665e.sol"},{"line":72,"column":26,"severity":"Warning","message":"Rule is set with explicit type [var/s: uint]","ruleId":"explicit-types","filePath":"Benchmarks/Study_SamplesSet/9045fc7594e11f67ccb16b64c92f665e.sol"},{"line":73,"column":9,"severity":"Warning","message":"Provide an error message for require","ruleId":"reason-string","fix":null,"filePath":"Benchmarks/Study_SamplesSet/9045fc7594e11f67ccb16b64c92f665e.sol"},{"line":73,"column":9,"severity":"Warning","message":"Use Custom Errors instead of require statements","ruleId":"custom-errors","fix":null,"filePath":"Benchmarks/Study_SamplesSet/9045fc7594e11f67ccb16b64c92f665e.sol"},{"line":77,"column":64,"severity":"Warning","message":"Visibility modifier must be first in list of modifiers","ruleId":"visibility-modifier-order","fix":null,"filePath":"Benchmarks/Study_SamplesSet/9045fc7594e11f67ccb16b64c92f665e.sol"},{"line":77,"column":29,"severity":"Warning","message":"Rule is set with explicit type [var/s: uint]","ruleId":"explicit-types","filePath":"Benchmarks/Study_SamplesSet/9045fc7594e11f67ccb16b64c92f665e.sol"},{"line":78,"column":9,"severity":"Warning","message":"Provide an error message for require","ruleId":"reason-string","fix":null,"filePath":"Benchmarks/Study_SamplesSet/9045fc7594e11f67ccb16b64c92f665e.sol"},{"line":78,"column":9,"severity":"Warning","message":"Use Custom Errors instead of require statements","ruleId":"custom-errors","fix":null,"filePath":"Benchmarks/Study_SamplesSet/9045fc7594e11f67ccb16b64c92f665e.sol"},{"line":82,"column":48,"severity":"Warning","message":"Visibility modifier must be first in list of modifiers","ruleId":"visibility-modifier-order","fix":null,"filePath":"Benchmarks/Study_SamplesSet/9045fc7594e11f67ccb16b64c92f665e.sol"},{"line":82,"column":21,"severity":"Warning","message":"Rule is set with explicit type [var/s: uint]","ruleId":"explicit-types","filePath":"Benchmarks/Study_SamplesSet/9045fc7594e11f67ccb16b64c92f665e.sol"},{"line":83,"column":9,"severity":"Warning","message":"Provide an error message for require","ruleId":"reason-string","fix":null,"filePath":"Benchmarks/Study_SamplesSet/9045fc7594e11f67ccb16b64c92f665e.sol"},{"line":83,"column":9,"severity":"Warning","message":"Use Custom Errors instead of require statements","ruleId":"custom-errors","fix":null,"filePath":"Benchmarks/Study_SamplesSet/9045fc7594e11f67ccb16b64c92f665e.sol"},{"line":87,"column":60,"severity":"Warning","message":"Visibility modifier must be first in list of modifiers","ruleId":"visibility-modifier-order","fix":null,"filePath":"Benchmarks/Study_SamplesSet/9045fc7594e11f67ccb16b64c92f665e.sol"},{"line":87,"column":27,"severity":"Warning","message":"Rule is set with explicit type [var/s: uint]","ruleId":"explicit-types","filePath":"Benchmarks/Study_SamplesSet/9045fc7594e11f67ccb16b64c92f665e.sol"},{"line":88,"column":9,"severity":"Warning","message":"Provide an error message for require","ruleId":"reason-string","fix":null,"filePath":"Benchmarks/Study_SamplesSet/9045fc7594e11f67ccb16b64c92f665e.sol"},{"line":88,"column":9,"severity":"Warning","message":"Use Custom Errors instead of require statements","ruleId":"custom-errors","fix":null,"filePath":"Benchmarks/Study_SamplesSet/9045fc7594e11f67ccb16b64c92f665e.sol"},{"line":89,"column":9,"severity":"Warning","message":"Provide an error message for require","ruleId":"reason-string","fix":null,"filePath":"Benchmarks/Study_SamplesSet/9045fc7594e11f67ccb16b64c92f665e.sol"},{"line":89,"column":9,"severity":"Warning","message":"Use Custom Errors instead of require statements","ruleId":"custom-errors","fix":null,"filePath":"Benchmarks/Study_SamplesSet/9045fc7594e11f67ccb16b64c92f665e.sol"},{"line":93,"column":22,"severity":"Warning","message":"Rule is set with explicit type [var/s: uint]","ruleId":"explicit-types","filePath":"Benchmarks/Study_SamplesSet/9045fc7594e11f67ccb16b64c92f665e.sol"},{"line":93,"column":57,"severity":"Warning","message":"Rule is set with explicit type [var/s: uint]","ruleId":"explicit-types","filePath":"Benchmarks/Study_SamplesSet/9045fc7594e11f67ccb16b64c92f665e.sol"},{"line":94,"column":57,"severity":"Warning","message":"Rule is set with explicit type [var/s: uint]","ruleId":"explicit-types","filePath":"Benchmarks/Study_SamplesSet/9045fc7594e11f67ccb16b64c92f665e.sol"},{"line":95,"column":57,"severity":"Warning","message":"Rule is set with explicit type [var/s: uint]","ruleId":"explicit-types","filePath":"Benchmarks/Study_SamplesSet/9045fc7594e11f67ccb16b64c92f665e.sol"},{"line":96,"column":57,"severity":"Warning","message":"Rule is set with explicit type [var/s: uint]","ruleId":"explicit-types","filePath":"Benchmarks/Study_SamplesSet/9045fc7594e11f67ccb16b64c92f665e.sol"},{"line":97,"column":57,"severity":"Warning","message":"Rule is set with explicit type [var/s: uint]","ruleId":"explicit-types","filePath":"Benchmarks/Study_SamplesSet/9045fc7594e11f67ccb16b64c92f665e.sol"},{"line":99,"column":57,"severity":"Warning","message":"Rule is set with explicit type [var/s: uint]","ruleId":"explicit-types","filePath":"Benchmarks/Study_SamplesSet/9045fc7594e11f67ccb16b64c92f665e.sol"},{"line":101,"column":57,"severity":"Warning","message":"Rule is set with explicit type [var/s: uint]","ruleId":"explicit-types","filePath":"Benchmarks/Study_SamplesSet/9045fc7594e11f67ccb16b64c92f665e.sol"},{"line":103,"column":57,"severity":"Warning","message":"Rule is set with explicit type [var/s: uint]","ruleId":"explicit-types","filePath":"Benchmarks/Study_SamplesSet/9045fc7594e11f67ccb16b64c92f665e.sol"},{"line":104,"column":9,"severity":"Warning","message":"Provide an error message for require","ruleId":"reason-string","fix":null,"filePath":"Benchmarks/Study_SamplesSet/9045fc7594e11f67ccb16b64c92f665e.sol"},{"line":104,"column":9,"severity":"Warning","message":"Use Custom Errors instead of require statements","ruleId":"custom-errors","fix":null,"filePath":"Benchmarks/Study_SamplesSet/9045fc7594e11f67ccb16b64c92f665e.sol"},{"line":120,"column":26,"severity":"Warning","message":"Rule is set with explicit type [var/s: uint]","ruleId":"explicit-types","filePath":"Benchmarks/Study_SamplesSet/9045fc7594e11f67ccb16b64c92f665e.sol"},{"line":120,"column":61,"severity":"Warning","message":"Rule is set with explicit type [var/s: uint]","ruleId":"explicit-types","filePath":"Benchmarks/Study_SamplesSet/9045fc7594e11f67ccb16b64c92f665e.sol"},{"line":121,"column":9,"severity":"Warning","message":"Rule is set with explicit type [var/s: uint]","ruleId":"explicit-types","filePath":"Benchmarks/Study_SamplesSet/9045fc7594e11f67ccb16b64c92f665e.sol"},{"line":122,"column":9,"severity":"Warning","message":"Rule is set with explicit type [var/s: uint]","ruleId":"explicit-types","filePath":"Benchmarks/Study_SamplesSet/9045fc7594e11f67ccb16b64c92f665e.sol"},{"line":123,"column":9,"severity":"Warning","message":"Provide an error message for require","ruleId":"reason-string","fix":null,"filePath":"Benchmarks/Study_SamplesSet/9045fc7594e11f67ccb16b64c92f665e.sol"},{"line":123,"column":9,"severity":"Warning","message":"Use Custom Errors instead of require statements","ruleId":"custom-errors","fix":null,"filePath":"Benchmarks/Study_SamplesSet/9045fc7594e11f67ccb16b64c92f665e.sol"},{"line":131,"column":25,"severity":"Warning","message":"Rule is set with explicit type [var/s: uint]","ruleId":"explicit-types","filePath":"Benchmarks/Study_SamplesSet/9045fc7594e11f67ccb16b64c92f665e.sol"},{"line":132,"column":9,"severity":"Warning","message":"Provide an error message for require","ruleId":"reason-string","fix":null,"filePath":"Benchmarks/Study_SamplesSet/9045fc7594e11f67ccb16b64c92f665e.sol"},{"line":132,"column":9,"severity":"Warning","message":"Use Custom Errors instead of require statements","ruleId":"custom-errors","fix":null,"filePath":"Benchmarks/Study_SamplesSet/9045fc7594e11f67ccb16b64c92f665e.sol"},{"line":136,"column":28,"severity":"Error","message":"Avoid making time-based decisions in your business logic","ruleId":"not-rely-on-time","fix":null,"filePath":"Benchmarks/Study_SamplesSet/9045fc7594e11f67ccb16b64c92f665e.sol"},{"line":140,"column":13,"severity":"Warning","message":"Provide an error message for require","ruleId":"reason-string","fix":null,"filePath":"Benchmarks/Study_SamplesSet/9045fc7594e11f67ccb16b64c92f665e.sol"},{"line":140,"column":13,"severity":"Warning","message":"Use Custom Errors instead of require statements","ruleId":"custom-errors","fix":null,"filePath":"Benchmarks/Study_SamplesSet/9045fc7594e11f67ccb16b64c92f665e.sol"},{"line":141,"column":13,"severity":"Warning","message":"Provide an error message for require","ruleId":"reason-string","fix":null,"filePath":"Benchmarks/Study_SamplesSet/9045fc7594e11f67ccb16b64c92f665e.sol"},{"line":141,"column":13,"severity":"Warning","message":"Use Custom Errors instead of require statements","ruleId":"custom-errors","fix":null,"filePath":"Benchmarks/Study_SamplesSet/9045fc7594e11f67ccb16b64c92f665e.sol"},{"line":141,"column":22,"severity":"Error","message":"Avoid making time-based decisions in your business logic","ruleId":"not-rely-on-time","fix":null,"filePath":"Benchmarks/Study_SamplesSet/9045fc7594e11f67ccb16b64c92f665e.sol"},{"line":142,"column":13,"severity":"Warning","message":"Provide an error message for require","ruleId":"reason-string","fix":null,"filePath":"Benchmarks/Study_SamplesSet/9045fc7594e11f67ccb16b64c92f665e.sol"},{"line":142,"column":13,"severity":"Warning","message":"Use Custom Errors instead of require statements","ruleId":"custom-errors","fix":null,"filePath":"Benchmarks/Study_SamplesSet/9045fc7594e11f67ccb16b64c92f665e.sol"},{"line":145,"column":28,"severity":"Error","message":"Avoid making time-based decisions in your business logic","ruleId":"not-rely-on-time","fix":null,"filePath":"Benchmarks/Study_SamplesSet/9045fc7594e11f67ccb16b64c92f665e.sol"},{"line":148,"column":13,"severity":"Error","message":"Possible reentrancy vulnerabilities. Avoid state changes after transfer.","ruleId":"reentrancy","fix":null,"filePath":"Benchmarks/Study_SamplesSet/9045fc7594e11f67ccb16b64c92f665e.sol"},{"line":152,"column":23,"severity":"Warning","message":"Rule is set with explicit type [var/s: uint]","ruleId":"explicit-types","filePath":"Benchmarks/Study_SamplesSet/9045fc7594e11f67ccb16b64c92f665e.sol"},{"line":154,"column":9,"severity":"Warning","message":"Provide an error message for require","ruleId":"reason-string","fix":null,"filePath":"Benchmarks/Study_SamplesSet/9045fc7594e11f67ccb16b64c92f665e.sol"},{"line":154,"column":9,"severity":"Warning","message":"Use Custom Errors instead of require statements","ruleId":"custom-errors","fix":null,"filePath":"Benchmarks/Study_SamplesSet/9045fc7594e11f67ccb16b64c92f665e.sol"},{"line":155,"column":9,"severity":"Warning","message":"Provide an error message for require","ruleId":"reason-string","fix":null,"filePath":"Benchmarks/Study_SamplesSet/9045fc7594e11f67ccb16b64c92f665e.sol"},{"line":155,"column":9,"severity":"Warning","message":"Use Custom Errors instead of require statements","ruleId":"custom-errors","fix":null,"filePath":"Benchmarks/Study_SamplesSet/9045fc7594e11f67ccb16b64c92f665e.sol"},{"line":156,"column":9,"severity":"Warning","message":"Provide an error message for require","ruleId":"reason-string","fix":null,"filePath":"Benchmarks/Study_SamplesSet/9045fc7594e11f67ccb16b64c92f665e.sol"},{"line":156,"column":9,"severity":"Warning","message":"Use Custom Errors instead of require statements","ruleId":"custom-errors","fix":null,"filePath":"Benchmarks/Study_SamplesSet/9045fc7594e11f67ccb16b64c92f665e.sol"},{"line":156,"column":18,"severity":"Error","message":"Avoid making time-based decisions in your business logic","ruleId":"not-rely-on-time","fix":null,"filePath":"Benchmarks/Study_SamplesSet/9045fc7594e11f67ccb16b64c92f665e.sol"},{"line":158,"column":13,"severity":"Warning","message":"Rule is set with explicit type [var/s: uint]","ruleId":"explicit-types","filePath":"Benchmarks/Study_SamplesSet/9045fc7594e11f67ccb16b64c92f665e.sol"},{"line":164,"column":13,"severity":"Warning","message":"Provide an error message for require","ruleId":"reason-string","fix":null,"filePath":"Benchmarks/Study_SamplesSet/9045fc7594e11f67ccb16b64c92f665e.sol"},{"line":164,"column":13,"severity":"Warning","message":"Use Custom Errors instead of require statements","ruleId":"custom-errors","fix":null,"filePath":"Benchmarks/Study_SamplesSet/9045fc7594e11f67ccb16b64c92f665e.sol"},{"line":171,"column":24,"severity":"Error","message":"Avoid making time-based decisions in your business logic","ruleId":"not-rely-on-time","fix":null,"filePath":"Benchmarks/Study_SamplesSet/9045fc7594e11f67ccb16b64c92f665e.sol"},{"line":177,"column":9,"severity":"Warning","message":"Provide an error message for require","ruleId":"reason-string","fix":null,"filePath":"Benchmarks/Study_SamplesSet/9045fc7594e11f67ccb16b64c92f665e.sol"},{"line":177,"column":9,"severity":"Warning","message":"Use Custom Errors instead of require statements","ruleId":"custom-errors","fix":null,"filePath":"Benchmarks/Study_SamplesSet/9045fc7594e11f67ccb16b64c92f665e.sol"},{"line":189,"column":49,"severity":"Warning","message":"Rule is set with explicit type [var/s: uint]","ruleId":"explicit-types","filePath":"Benchmarks/Study_SamplesSet/9045fc7594e11f67ccb16b64c92f665e.sol"},{"line":190,"column":9,"severity":"Warning","message":"Provide an error message for require","ruleId":"reason-string","fix":null,"filePath":"Benchmarks/Study_SamplesSet/9045fc7594e11f67ccb16b64c92f665e.sol"},{"line":190,"column":9,"severity":"Warning","message":"Use Custom Errors instead of require statements","ruleId":"custom-errors","fix":null,"filePath":"Benchmarks/Study_SamplesSet/9045fc7594e11f67ccb16b64c92f665e.sol"},{"line":191,"column":9,"severity":"Warning","message":"Provide an error message for require","ruleId":"reason-string","fix":null,"filePath":"Benchmarks/Study_SamplesSet/9045fc7594e11f67ccb16b64c92f665e.sol"},{"line":191,"column":9,"severity":"Warning","message":"Use Custom Errors instead of require statements","ruleId":"custom-errors","fix":null,"filePath":"Benchmarks/Study_SamplesSet/9045fc7594e11f67ccb16b64c92f665e.sol"},{"line":196,"column":27,"severity":"Error","message":"Avoid making time-based decisions in your business logic","ruleId":"not-rely-on-time","fix":null,"filePath":"Benchmarks/Study_SamplesSet/9045fc7594e11f67ccb16b64c92f665e.sol"},{"conclusion":"116 problem/s (14 error/s, 102 warning/s)"}]
