[{"line":1,"column":1,"severity":"Error","message":"Compiler version ^0.4.6 does not satisfy the ^0.8.0 semver requirement","ruleId":"compiler-version","fix":null,"filePath":"Benchmarks/Study_SamplesSet/90c5f8dcbf4ca70970afa3b3eceb3740.sol"},{"line":4,"column":5,"severity":"Error","message":"Explicitly mark visibility of state","ruleId":"state-visibility","fix":null,"filePath":"Benchmarks/Study_SamplesSet/90c5f8dcbf4ca70970afa3b3eceb3740.sol"},{"line":4,"column":5,"severity":"Warning","message":"Variable name must be in mixedCase","ruleId":"var-name-mixedcase","fix":null,"filePath":"Benchmarks/Study_SamplesSet/90c5f8dcbf4ca70970afa3b3eceb3740.sol"},{"line":5,"column":5,"severity":"Warning","message":"Variable name must be in mixedCase","ruleId":"var-name-mixedcase","fix":null,"filePath":"Benchmarks/Study_SamplesSet/90c5f8dcbf4ca70970afa3b3eceb3740.sol"},{"line":6,"column":5,"severity":"Warning","message":"Rule is set with explicit type [var/s: uint]","ruleId":"explicit-types","filePath":"Benchmarks/Study_SamplesSet/90c5f8dcbf4ca70970afa3b3eceb3740.sol"},{"line":6,"column":5,"severity":"Warning","message":"Variable name must be in mixedCase","ruleId":"var-name-mixedcase","fix":null,"filePath":"Benchmarks/Study_SamplesSet/90c5f8dcbf4ca70970afa3b3eceb3740.sol"},{"line":7,"column":5,"severity":"Warning","message":"Rule is set with explicit type [var/s: uint]","ruleId":"explicit-types","filePath":"Benchmarks/Study_SamplesSet/90c5f8dcbf4ca70970afa3b3eceb3740.sol"},{"line":8,"column":5,"severity":"Warning","message":"Rule is set with explicit type [var/s: uint]","ruleId":"explicit-types","filePath":"Benchmarks/Study_SamplesSet/90c5f8dcbf4ca70970afa3b3eceb3740.sol"},{"line":9,"column":5,"severity":"Warning","message":"Rule is set with explicit type [var/s: uint]","ruleId":"explicit-types","filePath":"Benchmarks/Study_SamplesSet/90c5f8dcbf4ca70970afa3b3eceb3740.sol"},{"line":10,"column":5,"severity":"Warning","message":"Rule is set with explicit type [var/s: uint]","ruleId":"explicit-types","filePath":"Benchmarks/Study_SamplesSet/90c5f8dcbf4ca70970afa3b3eceb3740.sol"},{"line":10,"column":5,"severity":"Warning","message":"Variable name must be in mixedCase","ruleId":"var-name-mixedcase","fix":null,"filePath":"Benchmarks/Study_SamplesSet/90c5f8dcbf4ca70970afa3b3eceb3740.sol"},{"line":15,"column":7,"severity":"Warning","message":"Rule is set with explicit type [var/s: uint]","ruleId":"explicit-types","filePath":"Benchmarks/Study_SamplesSet/90c5f8dcbf4ca70970afa3b3eceb3740.sol"},{"line":16,"column":7,"severity":"Warning","message":"Rule is set with explicit type [var/s: uint]","ruleId":"explicit-types","filePath":"Benchmarks/Study_SamplesSet/90c5f8dcbf4ca70970afa3b3eceb3740.sol"},{"line":17,"column":7,"severity":"Warning","message":"Rule is set with explicit type [var/s: uint]","ruleId":"explicit-types","filePath":"Benchmarks/Study_SamplesSet/90c5f8dcbf4ca70970afa3b3eceb3740.sol"},{"line":18,"column":7,"severity":"Warning","message":"Rule is set with explicit type [var/s: uint]","ruleId":"explicit-types","filePath":"Benchmarks/Study_SamplesSet/90c5f8dcbf4ca70970afa3b3eceb3740.sol"},{"line":22,"column":5,"severity":"Warning","message":"Rule is set with explicit type [var/s: uint]","ruleId":"explicit-types","filePath":"Benchmarks/Study_SamplesSet/90c5f8dcbf4ca70970afa3b3eceb3740.sol"},{"line":23,"column":5,"severity":"Warning","message":"Rule is set with explicit type [var/s: uint]","ruleId":"explicit-types","filePath":"Benchmarks/Study_SamplesSet/90c5f8dcbf4ca70970afa3b3eceb3740.sol"},{"line":24,"column":5,"severity":"Warning","message":"Rule is set with explicit type [var/s: uint]","ruleId":"explicit-types","filePath":"Benchmarks/Study_SamplesSet/90c5f8dcbf4ca70970afa3b3eceb3740.sol"},{"line":25,"column":5,"severity":"Warning","message":"Rule is set with explicit type [var/s: uint]","ruleId":"explicit-types","filePath":"Benchmarks/Study_SamplesSet/90c5f8dcbf4ca70970afa3b3eceb3740.sol"},{"line":25,"column":5,"severity":"Warning","message":"Rule is set with explicit type [var/s: uint]","ruleId":"explicit-types","filePath":"Benchmarks/Study_SamplesSet/90c5f8dcbf4ca70970afa3b3eceb3740.sol"},{"line":25,"column":5,"severity":"Warning","message":"Variable name must be in mixedCase","ruleId":"var-name-mixedcase","fix":null,"filePath":"Benchmarks/Study_SamplesSet/90c5f8dcbf4ca70970afa3b3eceb3740.sol"},{"line":28,"column":5,"severity":"Error","message":"Explicitly mark visibility in function (Set ignoreConstructors to true if using solidity >=0.7.0)","ruleId":"func-visibility","fix":null,"filePath":"Benchmarks/Study_SamplesSet/90c5f8dcbf4ca70970afa3b3eceb3740.sol"},{"line":29,"column":7,"severity":"Error","message":"Explicitly mark all external contracts as trusted or untrusted","ruleId":"mark-callable-contracts","filePath":"Benchmarks/Study_SamplesSet/90c5f8dcbf4ca70970afa3b3eceb3740.sol"},{"line":33,"column":7,"severity":"Error","message":"Explicitly mark all external contracts as trusted or untrusted","ruleId":"mark-callable-contracts","filePath":"Benchmarks/Study_SamplesSet/90c5f8dcbf4ca70970afa3b3eceb3740.sol"},{"line":36,"column":5,"severity":"Warning","message":"Function name must be in mixedCase","ruleId":"func-name-mixedcase","fix":null,"filePath":"Benchmarks/Study_SamplesSet/90c5f8dcbf4ca70970afa3b3eceb3740.sol"},{"line":36,"column":5,"severity":"Error","message":"Explicitly mark visibility in function","ruleId":"func-visibility","fix":null,"filePath":"Benchmarks/Study_SamplesSet/90c5f8dcbf4ca70970afa3b3eceb3740.sol"},{"line":38,"column":11,"severity":"Error","message":"\"throw\" is deprecated, avoid to use it","ruleId":"avoid-throw","filePath":"Benchmarks/Study_SamplesSet/90c5f8dcbf4ca70970afa3b3eceb3740.sol"},{"line":39,"column":7,"severity":"Error","message":"Explicitly mark all external contracts as trusted or untrusted","ruleId":"mark-callable-contracts","filePath":"Benchmarks/Study_SamplesSet/90c5f8dcbf4ca70970afa3b3eceb3740.sol"},{"line":42,"column":5,"severity":"Error","message":"Explicitly mark visibility in function","ruleId":"func-visibility","fix":null,"filePath":"Benchmarks/Study_SamplesSet/90c5f8dcbf4ca70970afa3b3eceb3740.sol"},{"line":42,"column":23,"severity":"Warning","message":"Rule is set with explicit type [var/s: uint]","ruleId":"explicit-types","filePath":"Benchmarks/Study_SamplesSet/90c5f8dcbf4ca70970afa3b3eceb3740.sol"},{"line":42,"column":35,"severity":"Warning","message":"Rule is set with explicit type [var/s: uint]","ruleId":"explicit-types","filePath":"Benchmarks/Study_SamplesSet/90c5f8dcbf4ca70970afa3b3eceb3740.sol"},{"line":44,"column":11,"severity":"Error","message":"\"throw\" is deprecated, avoid to use it","ruleId":"avoid-throw","filePath":"Benchmarks/Study_SamplesSet/90c5f8dcbf4ca70970afa3b3eceb3740.sol"},{"line":45,"column":7,"severity":"Error","message":"Explicitly mark all external contracts as trusted or untrusted","ruleId":"mark-callable-contracts","filePath":"Benchmarks/Study_SamplesSet/90c5f8dcbf4ca70970afa3b3eceb3740.sol"},{"line":46,"column":7,"severity":"Error","message":"Explicitly mark all external contracts as trusted or untrusted","ruleId":"mark-callable-contracts","filePath":"Benchmarks/Study_SamplesSet/90c5f8dcbf4ca70970afa3b3eceb3740.sol"},{"line":49,"column":5,"severity":"Error","message":"Explicitly mark visibility in function","ruleId":"func-visibility","fix":null,"filePath":"Benchmarks/Study_SamplesSet/90c5f8dcbf4ca70970afa3b3eceb3740.sol"},{"line":49,"column":21,"severity":"Warning","message":"Rule is set with explicit type [var/s: uint]","ruleId":"explicit-types","filePath":"Benchmarks/Study_SamplesSet/90c5f8dcbf4ca70970afa3b3eceb3740.sol"},{"line":51,"column":11,"severity":"Error","message":"\"throw\" is deprecated, avoid to use it","ruleId":"avoid-throw","filePath":"Benchmarks/Study_SamplesSet/90c5f8dcbf4ca70970afa3b3eceb3740.sol"},{"line":52,"column":7,"severity":"Error","message":"Explicitly mark all external contracts as trusted or untrusted","ruleId":"mark-callable-contracts","filePath":"Benchmarks/Study_SamplesSet/90c5f8dcbf4ca70970afa3b3eceb3740.sol"},{"line":55,"column":5,"severity":"Error","message":"Explicitly mark visibility in function","ruleId":"func-visibility","fix":null,"filePath":"Benchmarks/Study_SamplesSet/90c5f8dcbf4ca70970afa3b3eceb3740.sol"},{"line":57,"column":11,"severity":"Error","message":"\"throw\" is deprecated, avoid to use it","ruleId":"avoid-throw","filePath":"Benchmarks/Study_SamplesSet/90c5f8dcbf4ca70970afa3b3eceb3740.sol"},{"line":61,"column":5,"severity":"Error","message":"Explicitly mark visibility in function","ruleId":"func-visibility","fix":null,"filePath":"Benchmarks/Study_SamplesSet/90c5f8dcbf4ca70970afa3b3eceb3740.sol"},{"line":61,"column":28,"severity":"Warning","message":"Rule is set with explicit type [var/s: uint]","ruleId":"explicit-types","filePath":"Benchmarks/Study_SamplesSet/90c5f8dcbf4ca70970afa3b3eceb3740.sol"},{"line":63,"column":11,"severity":"Error","message":"\"throw\" is deprecated, avoid to use it","ruleId":"avoid-throw","filePath":"Benchmarks/Study_SamplesSet/90c5f8dcbf4ca70970afa3b3eceb3740.sol"},{"line":65,"column":19,"severity":"Error","message":"Check result of \"send\" call","ruleId":"check-send-result","fix":null,"filePath":"Benchmarks/Study_SamplesSet/90c5f8dcbf4ca70970afa3b3eceb3740.sol"},{"line":67,"column":9,"severity":"Error","message":"\"throw\" is deprecated, avoid to use it","ruleId":"avoid-throw","filePath":"Benchmarks/Study_SamplesSet/90c5f8dcbf4ca70970afa3b3eceb3740.sol"},{"line":70,"column":5,"severity":"Error","message":"Explicitly mark visibility in function","ruleId":"func-visibility","fix":null,"filePath":"Benchmarks/Study_SamplesSet/90c5f8dcbf4ca70970afa3b3eceb3740.sol"},{"line":72,"column":11,"severity":"Error","message":"\"throw\" is deprecated, avoid to use it","ruleId":"avoid-throw","filePath":"Benchmarks/Study_SamplesSet/90c5f8dcbf4ca70970afa3b3eceb3740.sol"},{"line":73,"column":19,"severity":"Error","message":"Check result of \"send\" call","ruleId":"check-send-result","fix":null,"filePath":"Benchmarks/Study_SamplesSet/90c5f8dcbf4ca70970afa3b3eceb3740.sol"},{"line":74,"column":7,"severity":"Error","message":"Possible reentrancy vulnerabilities. Avoid state changes after transfer.","ruleId":"reentrancy","fix":null,"filePath":"Benchmarks/Study_SamplesSet/90c5f8dcbf4ca70970afa3b3eceb3740.sol"},{"line":76,"column":9,"severity":"Error","message":"\"throw\" is deprecated, avoid to use it","ruleId":"avoid-throw","filePath":"Benchmarks/Study_SamplesSet/90c5f8dcbf4ca70970afa3b3eceb3740.sol"},{"line":79,"column":5,"severity":"Error","message":"Explicitly mark visibility in function","ruleId":"func-visibility","fix":null,"filePath":"Benchmarks/Study_SamplesSet/90c5f8dcbf4ca70970afa3b3eceb3740.sol"},{"line":79,"column":23,"severity":"Warning","message":"Rule is set with explicit type [var/s: uint]","ruleId":"explicit-types","filePath":"Benchmarks/Study_SamplesSet/90c5f8dcbf4ca70970afa3b3eceb3740.sol"},{"line":79,"column":58,"severity":"Warning","message":"Rule is set with explicit type [var/s: uint]","ruleId":"explicit-types","filePath":"Benchmarks/Study_SamplesSet/90c5f8dcbf4ca70970afa3b3eceb3740.sol"},{"line":83,"column":5,"severity":"Error","message":"Explicitly mark visibility in function","ruleId":"func-visibility","fix":null,"filePath":"Benchmarks/Study_SamplesSet/90c5f8dcbf4ca70970afa3b3eceb3740.sol"},{"line":83,"column":51,"severity":"Warning","message":"Rule is set with explicit type [var/s: uint]","ruleId":"explicit-types","filePath":"Benchmarks/Study_SamplesSet/90c5f8dcbf4ca70970afa3b3eceb3740.sol"},{"line":87,"column":5,"severity":"Error","message":"Explicitly mark visibility in function","ruleId":"func-visibility","fix":null,"filePath":"Benchmarks/Study_SamplesSet/90c5f8dcbf4ca70970afa3b3eceb3740.sol"},{"line":87,"column":50,"severity":"Warning","message":"Rule is set with explicit type [var/s: uint]","ruleId":"explicit-types","filePath":"Benchmarks/Study_SamplesSet/90c5f8dcbf4ca70970afa3b3eceb3740.sol"},{"line":91,"column":5,"severity":"Error","message":"Explicitly mark visibility in function","ruleId":"func-visibility","fix":null,"filePath":"Benchmarks/Study_SamplesSet/90c5f8dcbf4ca70970afa3b3eceb3740.sol"},{"line":91,"column":49,"severity":"Warning","message":"Rule is set with explicit type [var/s: uint]","ruleId":"explicit-types","filePath":"Benchmarks/Study_SamplesSet/90c5f8dcbf4ca70970afa3b3eceb3740.sol"},{"line":95,"column":5,"severity":"Error","message":"Explicitly mark visibility in function","ruleId":"func-visibility","fix":null,"filePath":"Benchmarks/Study_SamplesSet/90c5f8dcbf4ca70970afa3b3eceb3740.sol"},{"line":95,"column":23,"severity":"Warning","message":"Rule is set with explicit type [var/s: uint]","ruleId":"explicit-types","filePath":"Benchmarks/Study_SamplesSet/90c5f8dcbf4ca70970afa3b3eceb3740.sol"},{"line":95,"column":54,"severity":"Warning","message":"Rule is set with explicit type [var/s: uint]","ruleId":"explicit-types","filePath":"Benchmarks/Study_SamplesSet/90c5f8dcbf4ca70970afa3b3eceb3740.sol"},{"line":95,"column":65,"severity":"Warning","message":"Rule is set with explicit type [var/s: uint]","ruleId":"explicit-types","filePath":"Benchmarks/Study_SamplesSet/90c5f8dcbf4ca70970afa3b3eceb3740.sol"},{"line":95,"column":76,"severity":"Warning","message":"Rule is set with explicit type [var/s: uint]","ruleId":"explicit-types","filePath":"Benchmarks/Study_SamplesSet/90c5f8dcbf4ca70970afa3b3eceb3740.sol"},{"line":95,"column":86,"severity":"Warning","message":"Rule is set with explicit type [var/s: uint]","ruleId":"explicit-types","filePath":"Benchmarks/Study_SamplesSet/90c5f8dcbf4ca70970afa3b3eceb3740.sol"},{"line":100,"column":5,"severity":"Error","message":"Explicitly mark visibility in function","ruleId":"func-visibility","fix":null,"filePath":"Benchmarks/Study_SamplesSet/90c5f8dcbf4ca70970afa3b3eceb3740.sol"},{"line":100,"column":45,"severity":"Warning","message":"Rule is set with explicit type [var/s: uint]","ruleId":"explicit-types","filePath":"Benchmarks/Study_SamplesSet/90c5f8dcbf4ca70970afa3b3eceb3740.sol"},{"line":104,"column":5,"severity":"Warning","message":"Function name must be in mixedCase","ruleId":"func-name-mixedcase","fix":null,"filePath":"Benchmarks/Study_SamplesSet/90c5f8dcbf4ca70970afa3b3eceb3740.sol"},{"line":104,"column":5,"severity":"Error","message":"Explicitly mark visibility in function","ruleId":"func-visibility","fix":null,"filePath":"Benchmarks/Study_SamplesSet/90c5f8dcbf4ca70970afa3b3eceb3740.sol"},{"line":108,"column":5,"severity":"Warning","message":"Function name must be in mixedCase","ruleId":"func-name-mixedcase","fix":null,"filePath":"Benchmarks/Study_SamplesSet/90c5f8dcbf4ca70970afa3b3eceb3740.sol"},{"line":108,"column":5,"severity":"Error","message":"Explicitly mark visibility in function","ruleId":"func-visibility","fix":null,"filePath":"Benchmarks/Study_SamplesSet/90c5f8dcbf4ca70970afa3b3eceb3740.sol"},{"line":108,"column":23,"severity":"Warning","message":"Rule is set with explicit type [var/s: uint]","ruleId":"explicit-types","filePath":"Benchmarks/Study_SamplesSet/90c5f8dcbf4ca70970afa3b3eceb3740.sol"},{"line":111,"column":21,"severity":"Error","message":"Check result of \"send\" call","ruleId":"check-send-result","fix":null,"filePath":"Benchmarks/Study_SamplesSet/90c5f8dcbf4ca70970afa3b3eceb3740.sol"},{"line":113,"column":11,"severity":"Error","message":"\"throw\" is deprecated, avoid to use it","ruleId":"avoid-throw","filePath":"Benchmarks/Study_SamplesSet/90c5f8dcbf4ca70970afa3b3eceb3740.sol"},{"line":115,"column":9,"severity":"Error","message":"\"throw\" is deprecated, avoid to use it","ruleId":"avoid-throw","filePath":"Benchmarks/Study_SamplesSet/90c5f8dcbf4ca70970afa3b3eceb3740.sol"},{"line":119,"column":5,"severity":"Error","message":"Explicitly mark visibility in function","ruleId":"func-visibility","fix":null,"filePath":"Benchmarks/Study_SamplesSet/90c5f8dcbf4ca70970afa3b3eceb3740.sol"},{"line":119,"column":26,"severity":"Warning","message":"Rule is set with explicit type [var/s: uint]","ruleId":"explicit-types","filePath":"Benchmarks/Study_SamplesSet/90c5f8dcbf4ca70970afa3b3eceb3740.sol"},{"line":119,"column":37,"severity":"Warning","message":"Rule is set with explicit type [var/s: uint]","ruleId":"explicit-types","filePath":"Benchmarks/Study_SamplesSet/90c5f8dcbf4ca70970afa3b3eceb3740.sol"},{"line":121,"column":7,"severity":"Warning","message":"Rule is set with explicit type [var/s: uint]","ruleId":"explicit-types","filePath":"Benchmarks/Study_SamplesSet/90c5f8dcbf4ca70970afa3b3eceb3740.sol"},{"line":122,"column":7,"severity":"Warning","message":"Rule is set with explicit type [var/s: uint]","ruleId":"explicit-types","filePath":"Benchmarks/Study_SamplesSet/90c5f8dcbf4ca70970afa3b3eceb3740.sol"},{"line":125,"column":9,"severity":"Error","message":"\"throw\" is deprecated, avoid to use it","ruleId":"avoid-throw","filePath":"Benchmarks/Study_SamplesSet/90c5f8dcbf4ca70970afa3b3eceb3740.sol"},{"line":128,"column":9,"severity":"Error","message":"\"throw\" is deprecated, avoid to use it","ruleId":"avoid-throw","filePath":"Benchmarks/Study_SamplesSet/90c5f8dcbf4ca70970afa3b3eceb3740.sol"},{"line":131,"column":9,"severity":"Error","message":"\"throw\" is deprecated, avoid to use it","ruleId":"avoid-throw","filePath":"Benchmarks/Study_SamplesSet/90c5f8dcbf4ca70970afa3b3eceb3740.sol"},{"line":134,"column":9,"severity":"Error","message":"\"throw\" is deprecated, avoid to use it","ruleId":"avoid-throw","filePath":"Benchmarks/Study_SamplesSet/90c5f8dcbf4ca70970afa3b3eceb3740.sol"},{"line":146,"column":30,"severity":"Error","message":"Explicitly mark all external contracts as trusted or untrusted","ruleId":"mark-callable-contracts","filePath":"Benchmarks/Study_SamplesSet/90c5f8dcbf4ca70970afa3b3eceb3740.sol"},{"line":148,"column":30,"severity":"Error","message":"Avoid making time-based decisions in your business logic","ruleId":"not-rely-on-time","fix":null,"filePath":"Benchmarks/Study_SamplesSet/90c5f8dcbf4ca70970afa3b3eceb3740.sol"},{"line":155,"column":5,"severity":"Error","message":"Explicitly mark visibility in function","ruleId":"func-visibility","fix":null,"filePath":"Benchmarks/Study_SamplesSet/90c5f8dcbf4ca70970afa3b3eceb3740.sol"},{"line":155,"column":24,"severity":"Warning","message":"Rule is set with explicit type [var/s: uint]","ruleId":"explicit-types","filePath":"Benchmarks/Study_SamplesSet/90c5f8dcbf4ca70970afa3b3eceb3740.sol"},{"line":157,"column":7,"severity":"Warning","message":"Rule is set with explicit type [var/s: uint]","ruleId":"explicit-types","filePath":"Benchmarks/Study_SamplesSet/90c5f8dcbf4ca70970afa3b3eceb3740.sol"},{"line":159,"column":41,"severity":"Error","message":"Avoid making time-based decisions in your business logic","ruleId":"not-rely-on-time","fix":null,"filePath":"Benchmarks/Study_SamplesSet/90c5f8dcbf4ca70970afa3b3eceb3740.sol"},{"line":160,"column":17,"severity":"Error","message":"Explicitly mark all external contracts as trusted or untrusted","ruleId":"mark-callable-contracts","filePath":"Benchmarks/Study_SamplesSet/90c5f8dcbf4ca70970afa3b3eceb3740.sol"},{"line":161,"column":16,"severity":"Error","message":"Avoid making time-based decisions in your business logic","ruleId":"not-rely-on-time","fix":null,"filePath":"Benchmarks/Study_SamplesSet/90c5f8dcbf4ca70970afa3b3eceb3740.sol"},{"line":162,"column":17,"severity":"Error","message":"Explicitly mark all external contracts as trusted or untrusted","ruleId":"mark-callable-contracts","filePath":"Benchmarks/Study_SamplesSet/90c5f8dcbf4ca70970afa3b3eceb3740.sol"},{"line":164,"column":9,"severity":"Error","message":"\"throw\" is deprecated, avoid to use it","ruleId":"avoid-throw","filePath":"Benchmarks/Study_SamplesSet/90c5f8dcbf4ca70970afa3b3eceb3740.sol"},{"line":171,"column":9,"severity":"Warning","message":"Rule is set with explicit type [var/s: uint]","ruleId":"explicit-types","filePath":"Benchmarks/Study_SamplesSet/90c5f8dcbf4ca70970afa3b3eceb3740.sol"},{"line":177,"column":5,"severity":"Error","message":"Explicitly mark visibility in function","ruleId":"func-visibility","fix":null,"filePath":"Benchmarks/Study_SamplesSet/90c5f8dcbf4ca70970afa3b3eceb3740.sol"},{"line":177,"column":26,"severity":"Error","message":"Explicitly mark all external contracts as trusted or untrusted","ruleId":"mark-callable-contracts","filePath":"Benchmarks/Study_SamplesSet/90c5f8dcbf4ca70970afa3b3eceb3740.sol"},{"conclusion":"97 problem/s (52 error/s, 45 warning/s)"}]
