[{"line":2,"column":1,"severity":"Warning","message":"Found more than One contract per file. 13 contracts found!","ruleId":"one-contract-per-file","fix":null,"filePath":"Benchmarks/Study_SamplesSet/9111142444f821af1093dacad1bf56af.sol"},{"line":2,"column":1,"severity":"Error","message":"Compiler version ^0.4.11 does not satisfy the ^0.8.0 semver requirement","ruleId":"compiler-version","fix":null,"filePath":"Benchmarks/Study_SamplesSet/9111142444f821af1093dacad1bf56af.sol"},{"line":47,"column":5,"severity":"Error","message":"Explicitly mark visibility in function","ruleId":"func-visibility","fix":null,"filePath":"Benchmarks/Study_SamplesSet/9111142444f821af1093dacad1bf56af.sol"},{"line":52,"column":9,"severity":"Warning","message":"Rule is set with explicit type [var/s: uint]","ruleId":"explicit-types","filePath":"Benchmarks/Study_SamplesSet/9111142444f821af1093dacad1bf56af.sol"},{"line":52,"column":32,"severity":"Warning","message":"Rule is set with explicit type [var/s: uint]","ruleId":"explicit-types","filePath":"Benchmarks/Study_SamplesSet/9111142444f821af1093dacad1bf56af.sol"},{"line":74,"column":5,"severity":"Error","message":"Explicitly mark visibility in function","ruleId":"func-visibility","fix":null,"filePath":"Benchmarks/Study_SamplesSet/9111142444f821af1093dacad1bf56af.sol"},{"line":79,"column":9,"severity":"Warning","message":"Rule is set with explicit type [var/s: uint]","ruleId":"explicit-types","filePath":"Benchmarks/Study_SamplesSet/9111142444f821af1093dacad1bf56af.sol"},{"line":84,"column":1,"severity":"Error","message":"Compiler version ^0.4.15 does not satisfy the ^0.8.0 semver requirement","ruleId":"compiler-version","fix":null,"filePath":"Benchmarks/Study_SamplesSet/9111142444f821af1093dacad1bf56af.sol"},{"line":113,"column":9,"severity":"Warning","message":"Provide an error message for require","ruleId":"reason-string","fix":null,"filePath":"Benchmarks/Study_SamplesSet/9111142444f821af1093dacad1bf56af.sol"},{"line":113,"column":9,"severity":"Warning","message":"Use Custom Errors instead of require statements","ruleId":"custom-errors","fix":null,"filePath":"Benchmarks/Study_SamplesSet/9111142444f821af1093dacad1bf56af.sol"},{"line":125,"column":9,"severity":"Error","message":"Explicitly mark all external contracts as trusted or untrusted","ruleId":"mark-callable-contracts","filePath":"Benchmarks/Study_SamplesSet/9111142444f821af1093dacad1bf56af.sol"},{"line":131,"column":9,"severity":"Warning","message":"Provide an error message for require","ruleId":"reason-string","fix":null,"filePath":"Benchmarks/Study_SamplesSet/9111142444f821af1093dacad1bf56af.sol"},{"line":131,"column":9,"severity":"Warning","message":"Use Custom Errors instead of require statements","ruleId":"custom-errors","fix":null,"filePath":"Benchmarks/Study_SamplesSet/9111142444f821af1093dacad1bf56af.sol"},{"line":137,"column":9,"severity":"Error","message":"Explicitly mark all external contracts as trusted or untrusted","ruleId":"mark-callable-contracts","filePath":"Benchmarks/Study_SamplesSet/9111142444f821af1093dacad1bf56af.sol"},{"line":145,"column":9,"severity":"Warning","message":"Provide an error message for require","ruleId":"reason-string","fix":null,"filePath":"Benchmarks/Study_SamplesSet/9111142444f821af1093dacad1bf56af.sol"},{"line":145,"column":9,"severity":"Warning","message":"Use Custom Errors instead of require statements","ruleId":"custom-errors","fix":null,"filePath":"Benchmarks/Study_SamplesSet/9111142444f821af1093dacad1bf56af.sol"},{"line":151,"column":9,"severity":"Error","message":"Explicitly mark all external contracts as trusted or untrusted","ruleId":"mark-callable-contracts","filePath":"Benchmarks/Study_SamplesSet/9111142444f821af1093dacad1bf56af.sol"},{"line":160,"column":9,"severity":"Warning","message":"Provide an error message for require","ruleId":"reason-string","fix":null,"filePath":"Benchmarks/Study_SamplesSet/9111142444f821af1093dacad1bf56af.sol"},{"line":160,"column":9,"severity":"Warning","message":"Use Custom Errors instead of require statements","ruleId":"custom-errors","fix":null,"filePath":"Benchmarks/Study_SamplesSet/9111142444f821af1093dacad1bf56af.sol"},{"line":163,"column":9,"severity":"Error","message":"Explicitly mark all external contracts as trusted or untrusted","ruleId":"mark-callable-contracts","filePath":"Benchmarks/Study_SamplesSet/9111142444f821af1093dacad1bf56af.sol"},{"line":168,"column":1,"severity":"Error","message":"Compiler version ^0.4.15 does not satisfy the ^0.8.0 semver requirement","ruleId":"compiler-version","fix":null,"filePath":"Benchmarks/Study_SamplesSet/9111142444f821af1093dacad1bf56af.sol"},{"line":202,"column":1,"severity":"Error","message":"Compiler version ^0.4.15 does not satisfy the ^0.8.0 semver requirement","ruleId":"compiler-version","fix":null,"filePath":"Benchmarks/Study_SamplesSet/9111142444f821af1093dacad1bf56af.sol"},{"line":253,"column":9,"severity":"Warning","message":"Provide an error message for require","ruleId":"reason-string","fix":null,"filePath":"Benchmarks/Study_SamplesSet/9111142444f821af1093dacad1bf56af.sol"},{"line":253,"column":9,"severity":"Warning","message":"Use Custom Errors instead of require statements","ruleId":"custom-errors","fix":null,"filePath":"Benchmarks/Study_SamplesSet/9111142444f821af1093dacad1bf56af.sol"},{"line":263,"column":9,"severity":"Error","message":"Explicitly mark all external contracts as trusted or untrusted","ruleId":"mark-callable-contracts","filePath":"Benchmarks/Study_SamplesSet/9111142444f821af1093dacad1bf56af.sol"},{"line":270,"column":56,"severity":"Warning","message":"Visibility modifier must be first in list of modifiers","ruleId":"visibility-modifier-order","fix":null,"filePath":"Benchmarks/Study_SamplesSet/9111142444f821af1093dacad1bf56af.sol"},{"line":278,"column":9,"severity":"Warning","message":"Provide an error message for require","ruleId":"reason-string","fix":null,"filePath":"Benchmarks/Study_SamplesSet/9111142444f821af1093dacad1bf56af.sol"},{"line":278,"column":9,"severity":"Warning","message":"Use Custom Errors instead of require statements","ruleId":"custom-errors","fix":null,"filePath":"Benchmarks/Study_SamplesSet/9111142444f821af1093dacad1bf56af.sol"},{"line":286,"column":13,"severity":"Error","message":"Explicitly mark all external contracts as trusted or untrusted","ruleId":"mark-callable-contracts","filePath":"Benchmarks/Study_SamplesSet/9111142444f821af1093dacad1bf56af.sol"},{"line":292,"column":9,"severity":"Warning","message":"Provide an error message for require","ruleId":"reason-string","fix":null,"filePath":"Benchmarks/Study_SamplesSet/9111142444f821af1093dacad1bf56af.sol"},{"line":292,"column":9,"severity":"Warning","message":"Use Custom Errors instead of require statements","ruleId":"custom-errors","fix":null,"filePath":"Benchmarks/Study_SamplesSet/9111142444f821af1093dacad1bf56af.sol"},{"line":293,"column":9,"severity":"Error","message":"Explicitly mark all external contracts as trusted or untrusted","ruleId":"mark-callable-contracts","filePath":"Benchmarks/Study_SamplesSet/9111142444f821af1093dacad1bf56af.sol"},{"line":306,"column":44,"severity":"Warning","message":"Rule is set with explicit type [var/s: uint]","ruleId":"explicit-types","filePath":"Benchmarks/Study_SamplesSet/9111142444f821af1093dacad1bf56af.sol"},{"line":310,"column":1,"severity":"Error","message":"Compiler version ^0.4.11 does not satisfy the ^0.8.0 semver requirement","ruleId":"compiler-version","fix":null,"filePath":"Benchmarks/Study_SamplesSet/9111142444f821af1093dacad1bf56af.sol"},{"line":337,"column":5,"severity":"Error","message":"Explicitly mark visibility in function","ruleId":"func-visibility","fix":null,"filePath":"Benchmarks/Study_SamplesSet/9111142444f821af1093dacad1bf56af.sol"},{"line":337,"column":60,"severity":"Warning","message":"Rule is set with explicit type [var/s: uint]","ruleId":"explicit-types","filePath":"Benchmarks/Study_SamplesSet/9111142444f821af1093dacad1bf56af.sol"},{"line":338,"column":5,"severity":"Error","message":"Explicitly mark visibility of state","ruleId":"state-visibility","fix":null,"filePath":"Benchmarks/Study_SamplesSet/9111142444f821af1093dacad1bf56af.sol"},{"line":347,"column":5,"severity":"Error","message":"Explicitly mark visibility of state","ruleId":"state-visibility","fix":null,"filePath":"Benchmarks/Study_SamplesSet/9111142444f821af1093dacad1bf56af.sol"},{"line":347,"column":5,"severity":"Warning","message":"Rule is set with explicit type [var/s: uint]","ruleId":"explicit-types","filePath":"Benchmarks/Study_SamplesSet/9111142444f821af1093dacad1bf56af.sol"},{"line":348,"column":5,"severity":"Error","message":"Explicitly mark visibility of state","ruleId":"state-visibility","fix":null,"filePath":"Benchmarks/Study_SamplesSet/9111142444f821af1093dacad1bf56af.sol"},{"line":348,"column":5,"severity":"Warning","message":"Rule is set with explicit type [var/s: uint]","ruleId":"explicit-types","filePath":"Benchmarks/Study_SamplesSet/9111142444f821af1093dacad1bf56af.sol"},{"line":349,"column":5,"severity":"Error","message":"Explicitly mark visibility of state","ruleId":"state-visibility","fix":null,"filePath":"Benchmarks/Study_SamplesSet/9111142444f821af1093dacad1bf56af.sol"},{"line":349,"column":5,"severity":"Warning","message":"Rule is set with explicit type [var/s: uint]","ruleId":"explicit-types","filePath":"Benchmarks/Study_SamplesSet/9111142444f821af1093dacad1bf56af.sol"},{"line":372,"column":9,"severity":"Warning","message":"Rule is set with explicit type [var/s: uint]","ruleId":"explicit-types","filePath":"Benchmarks/Study_SamplesSet/9111142444f821af1093dacad1bf56af.sol"},{"line":381,"column":5,"severity":"Error","message":"Explicitly mark visibility of state","ruleId":"state-visibility","fix":null,"filePath":"Benchmarks/Study_SamplesSet/9111142444f821af1093dacad1bf56af.sol"},{"line":382,"column":5,"severity":"Error","message":"Explicitly mark visibility of state","ruleId":"state-visibility","fix":null,"filePath":"Benchmarks/Study_SamplesSet/9111142444f821af1093dacad1bf56af.sol"},{"line":387,"column":5,"severity":"Error","message":"Explicitly mark visibility of state","ruleId":"state-visibility","fix":null,"filePath":"Benchmarks/Study_SamplesSet/9111142444f821af1093dacad1bf56af.sol"},{"line":388,"column":5,"severity":"Error","message":"Explicitly mark visibility of state","ruleId":"state-visibility","fix":null,"filePath":"Benchmarks/Study_SamplesSet/9111142444f821af1093dacad1bf56af.sol"},{"line":400,"column":9,"severity":"Warning","message":"Provide an error message for require","ruleId":"reason-string","fix":null,"filePath":"Benchmarks/Study_SamplesSet/9111142444f821af1093dacad1bf56af.sol"},{"line":400,"column":9,"severity":"Warning","message":"Use Custom Errors instead of require statements","ruleId":"custom-errors","fix":null,"filePath":"Benchmarks/Study_SamplesSet/9111142444f821af1093dacad1bf56af.sol"},{"line":415,"column":62,"severity":"Warning","message":"Visibility modifier must be first in list of modifiers","ruleId":"visibility-modifier-order","fix":null,"filePath":"Benchmarks/Study_SamplesSet/9111142444f821af1093dacad1bf56af.sol"},{"line":418,"column":17,"severity":"Error","message":"Explicitly mark all external contracts as trusted or untrusted","ruleId":"mark-callable-contracts","filePath":"Benchmarks/Study_SamplesSet/9111142444f821af1093dacad1bf56af.sol"},{"line":434,"column":5,"severity":"Error","message":"Explicitly mark visibility in function","ruleId":"func-visibility","fix":null,"filePath":"Benchmarks/Study_SamplesSet/9111142444f821af1093dacad1bf56af.sol"},{"line":441,"column":9,"severity":"Warning","message":"Provide an error message for require","ruleId":"reason-string","fix":null,"filePath":"Benchmarks/Study_SamplesSet/9111142444f821af1093dacad1bf56af.sol"},{"line":441,"column":9,"severity":"Warning","message":"Use Custom Errors instead of require statements","ruleId":"custom-errors","fix":null,"filePath":"Benchmarks/Study_SamplesSet/9111142444f821af1093dacad1bf56af.sol"},{"line":445,"column":21,"severity":"Error","message":"Explicitly mark all external contracts as trusted or untrusted","ruleId":"mark-callable-contracts","filePath":"Benchmarks/Study_SamplesSet/9111142444f821af1093dacad1bf56af.sol"},{"line":446,"column":13,"severity":"Error","message":"Explicitly mark all external contracts as trusted or untrusted","ruleId":"mark-callable-contracts","filePath":"Benchmarks/Study_SamplesSet/9111142444f821af1093dacad1bf56af.sol"},{"line":455,"column":9,"severity":"Error","message":"Explicitly mark all external contracts as trusted or untrusted","ruleId":"mark-callable-contracts","filePath":"Benchmarks/Study_SamplesSet/9111142444f821af1093dacad1bf56af.sol"},{"line":469,"column":5,"severity":"Error","message":"Explicitly mark visibility in function","ruleId":"func-visibility","fix":null,"filePath":"Benchmarks/Study_SamplesSet/9111142444f821af1093dacad1bf56af.sol"},{"line":477,"column":9,"severity":"Warning","message":"Provide an error message for require","ruleId":"reason-string","fix":null,"filePath":"Benchmarks/Study_SamplesSet/9111142444f821af1093dacad1bf56af.sol"},{"line":477,"column":9,"severity":"Warning","message":"Use Custom Errors instead of require statements","ruleId":"custom-errors","fix":null,"filePath":"Benchmarks/Study_SamplesSet/9111142444f821af1093dacad1bf56af.sol"},{"line":477,"column":36,"severity":"Error","message":"Explicitly mark all external contracts as trusted or untrusted","ruleId":"mark-callable-contracts","filePath":"Benchmarks/Study_SamplesSet/9111142444f821af1093dacad1bf56af.sol"},{"line":478,"column":9,"severity":"Warning","message":"Provide an error message for require","ruleId":"reason-string","fix":null,"filePath":"Benchmarks/Study_SamplesSet/9111142444f821af1093dacad1bf56af.sol"},{"line":478,"column":9,"severity":"Warning","message":"Use Custom Errors instead of require statements","ruleId":"custom-errors","fix":null,"filePath":"Benchmarks/Study_SamplesSet/9111142444f821af1093dacad1bf56af.sol"},{"line":483,"column":9,"severity":"Error","message":"Explicitly mark all external contracts as trusted or untrusted","ruleId":"mark-callable-contracts","filePath":"Benchmarks/Study_SamplesSet/9111142444f821af1093dacad1bf56af.sol"},{"line":498,"column":5,"severity":"Error","message":"Explicitly mark visibility in function","ruleId":"func-visibility","fix":null,"filePath":"Benchmarks/Study_SamplesSet/9111142444f821af1093dacad1bf56af.sol"},{"line":505,"column":9,"severity":"Warning","message":"Provide an error message for require","ruleId":"reason-string","fix":null,"filePath":"Benchmarks/Study_SamplesSet/9111142444f821af1093dacad1bf56af.sol"},{"line":505,"column":9,"severity":"Warning","message":"Use Custom Errors instead of require statements","ruleId":"custom-errors","fix":null,"filePath":"Benchmarks/Study_SamplesSet/9111142444f821af1093dacad1bf56af.sol"},{"line":509,"column":21,"severity":"Error","message":"Explicitly mark all external contracts as trusted or untrusted","ruleId":"mark-callable-contracts","filePath":"Benchmarks/Study_SamplesSet/9111142444f821af1093dacad1bf56af.sol"},{"line":510,"column":13,"severity":"Error","message":"Explicitly mark all external contracts as trusted or untrusted","ruleId":"mark-callable-contracts","filePath":"Benchmarks/Study_SamplesSet/9111142444f821af1093dacad1bf56af.sol"},{"line":519,"column":9,"severity":"Error","message":"Explicitly mark all external contracts as trusted or untrusted","ruleId":"mark-callable-contracts","filePath":"Benchmarks/Study_SamplesSet/9111142444f821af1093dacad1bf56af.sol"},{"line":535,"column":5,"severity":"Error","message":"Explicitly mark visibility in function","ruleId":"func-visibility","fix":null,"filePath":"Benchmarks/Study_SamplesSet/9111142444f821af1093dacad1bf56af.sol"},{"line":542,"column":9,"severity":"Warning","message":"Provide an error message for require","ruleId":"reason-string","fix":null,"filePath":"Benchmarks/Study_SamplesSet/9111142444f821af1093dacad1bf56af.sol"},{"line":542,"column":9,"severity":"Warning","message":"Use Custom Errors instead of require statements","ruleId":"custom-errors","fix":null,"filePath":"Benchmarks/Study_SamplesSet/9111142444f821af1093dacad1bf56af.sol"},{"line":542,"column":39,"severity":"Error","message":"Explicitly mark all external contracts as trusted or untrusted","ruleId":"mark-callable-contracts","filePath":"Benchmarks/Study_SamplesSet/9111142444f821af1093dacad1bf56af.sol"},{"line":543,"column":9,"severity":"Warning","message":"Provide an error message for require","ruleId":"reason-string","fix":null,"filePath":"Benchmarks/Study_SamplesSet/9111142444f821af1093dacad1bf56af.sol"},{"line":543,"column":9,"severity":"Warning","message":"Use Custom Errors instead of require statements","ruleId":"custom-errors","fix":null,"filePath":"Benchmarks/Study_SamplesSet/9111142444f821af1093dacad1bf56af.sol"},{"line":548,"column":9,"severity":"Error","message":"Explicitly mark all external contracts as trusted or untrusted","ruleId":"mark-callable-contracts","filePath":"Benchmarks/Study_SamplesSet/9111142444f821af1093dacad1bf56af.sol"},{"line":565,"column":5,"severity":"Error","message":"Explicitly mark visibility in function","ruleId":"func-visibility","fix":null,"filePath":"Benchmarks/Study_SamplesSet/9111142444f821af1093dacad1bf56af.sol"},{"line":573,"column":9,"severity":"Warning","message":"Provide an error message for require","ruleId":"reason-string","fix":null,"filePath":"Benchmarks/Study_SamplesSet/9111142444f821af1093dacad1bf56af.sol"},{"line":573,"column":9,"severity":"Warning","message":"Use Custom Errors instead of require statements","ruleId":"custom-errors","fix":null,"filePath":"Benchmarks/Study_SamplesSet/9111142444f821af1093dacad1bf56af.sol"},{"line":577,"column":13,"severity":"Warning","message":"Provide an error message for require","ruleId":"reason-string","fix":null,"filePath":"Benchmarks/Study_SamplesSet/9111142444f821af1093dacad1bf56af.sol"},{"line":577,"column":13,"severity":"Warning","message":"Use Custom Errors instead of require statements","ruleId":"custom-errors","fix":null,"filePath":"Benchmarks/Study_SamplesSet/9111142444f821af1093dacad1bf56af.sol"},{"line":577,"column":37,"severity":"Error","message":"Explicitly mark all external contracts as trusted or untrusted","ruleId":"mark-callable-contracts","filePath":"Benchmarks/Study_SamplesSet/9111142444f821af1093dacad1bf56af.sol"},{"line":578,"column":13,"severity":"Warning","message":"Provide an error message for require","ruleId":"reason-string","fix":null,"filePath":"Benchmarks/Study_SamplesSet/9111142444f821af1093dacad1bf56af.sol"},{"line":578,"column":13,"severity":"Warning","message":"Use Custom Errors instead of require statements","ruleId":"custom-errors","fix":null,"filePath":"Benchmarks/Study_SamplesSet/9111142444f821af1093dacad1bf56af.sol"},{"line":578,"column":43,"severity":"Error","message":"Explicitly mark all external contracts as trusted or untrusted","ruleId":"mark-callable-contracts","filePath":"Benchmarks/Study_SamplesSet/9111142444f821af1093dacad1bf56af.sol"},{"line":583,"column":21,"severity":"Error","message":"Explicitly mark all external contracts as trusted or untrusted","ruleId":"mark-callable-contracts","filePath":"Benchmarks/Study_SamplesSet/9111142444f821af1093dacad1bf56af.sol"},{"line":584,"column":13,"severity":"Error","message":"Explicitly mark all external contracts as trusted or untrusted","ruleId":"mark-callable-contracts","filePath":"Benchmarks/Study_SamplesSet/9111142444f821af1093dacad1bf56af.sol"},{"line":594,"column":9,"severity":"Error","message":"Explicitly mark all external contracts as trusted or untrusted","ruleId":"mark-callable-contracts","filePath":"Benchmarks/Study_SamplesSet/9111142444f821af1093dacad1bf56af.sol"},{"line":610,"column":5,"severity":"Error","message":"Explicitly mark visibility in function","ruleId":"func-visibility","fix":null,"filePath":"Benchmarks/Study_SamplesSet/9111142444f821af1093dacad1bf56af.sol"},{"line":618,"column":9,"severity":"Warning","message":"Provide an error message for require","ruleId":"reason-string","fix":null,"filePath":"Benchmarks/Study_SamplesSet/9111142444f821af1093dacad1bf56af.sol"},{"line":618,"column":9,"severity":"Warning","message":"Use Custom Errors instead of require statements","ruleId":"custom-errors","fix":null,"filePath":"Benchmarks/Study_SamplesSet/9111142444f821af1093dacad1bf56af.sol"},{"line":618,"column":38,"severity":"Error","message":"Explicitly mark all external contracts as trusted or untrusted","ruleId":"mark-callable-contracts","filePath":"Benchmarks/Study_SamplesSet/9111142444f821af1093dacad1bf56af.sol"},{"line":619,"column":9,"severity":"Warning","message":"Provide an error message for require","ruleId":"reason-string","fix":null,"filePath":"Benchmarks/Study_SamplesSet/9111142444f821af1093dacad1bf56af.sol"},{"line":619,"column":9,"severity":"Warning","message":"Use Custom Errors instead of require statements","ruleId":"custom-errors","fix":null,"filePath":"Benchmarks/Study_SamplesSet/9111142444f821af1093dacad1bf56af.sol"},{"line":624,"column":9,"severity":"Error","message":"Explicitly mark all external contracts as trusted or untrusted","ruleId":"mark-callable-contracts","filePath":"Benchmarks/Study_SamplesSet/9111142444f821af1093dacad1bf56af.sol"},{"line":636,"column":5,"severity":"Error","message":"Explicitly mark visibility in function","ruleId":"func-visibility","fix":null,"filePath":"Benchmarks/Study_SamplesSet/9111142444f821af1093dacad1bf56af.sol"},{"line":636,"column":50,"severity":"Warning","message":"Rule is set with explicit type [var/s: uint]","ruleId":"explicit-types","filePath":"Benchmarks/Study_SamplesSet/9111142444f821af1093dacad1bf56af.sol"},{"line":645,"column":5,"severity":"Error","message":"Explicitly mark visibility in function","ruleId":"func-visibility","fix":null,"filePath":"Benchmarks/Study_SamplesSet/9111142444f821af1093dacad1bf56af.sol"},{"line":646,"column":9,"severity":"Warning","message":"Rule is set with explicit type [var/s: uint]","ruleId":"explicit-types","filePath":"Benchmarks/Study_SamplesSet/9111142444f821af1093dacad1bf56af.sol"},{"line":667,"column":5,"severity":"Error","message":"Explicitly mark visibility in function","ruleId":"func-visibility","fix":null,"filePath":"Benchmarks/Study_SamplesSet/9111142444f821af1093dacad1bf56af.sol"},{"line":667,"column":49,"severity":"Warning","message":"Rule is set with explicit type [var/s: uint]","ruleId":"explicit-types","filePath":"Benchmarks/Study_SamplesSet/9111142444f821af1093dacad1bf56af.sol"},{"line":681,"column":5,"severity":"Error","message":"Explicitly mark visibility in function","ruleId":"func-visibility","fix":null,"filePath":"Benchmarks/Study_SamplesSet/9111142444f821af1093dacad1bf56af.sol"},{"line":681,"column":54,"severity":"Warning","message":"Rule is set with explicit type [var/s: uint]","ruleId":"explicit-types","filePath":"Benchmarks/Study_SamplesSet/9111142444f821af1093dacad1bf56af.sol"},{"line":698,"column":5,"severity":"Error","message":"Explicitly mark visibility in function","ruleId":"func-visibility","fix":null,"filePath":"Benchmarks/Study_SamplesSet/9111142444f821af1093dacad1bf56af.sol"},{"line":748,"column":27,"severity":"Error","message":"Use \"keccak256\" instead of deprecated \"sha3\"","ruleId":"avoid-sha3","filePath":"Benchmarks/Study_SamplesSet/9111142444f821af1093dacad1bf56af.sol"},{"line":754,"column":22,"severity":"Error","message":"Explicitly mark all external contracts as trusted or untrusted","ruleId":"mark-callable-contracts","filePath":"Benchmarks/Study_SamplesSet/9111142444f821af1093dacad1bf56af.sol"},{"line":763,"column":9,"severity":"Warning","message":"Provide an error message for require","ruleId":"reason-string","fix":null,"filePath":"Benchmarks/Study_SamplesSet/9111142444f821af1093dacad1bf56af.sol"},{"line":763,"column":9,"severity":"Warning","message":"Use Custom Errors instead of require statements","ruleId":"custom-errors","fix":null,"filePath":"Benchmarks/Study_SamplesSet/9111142444f821af1093dacad1bf56af.sol"},{"line":771,"column":9,"severity":"Warning","message":"Provide an error message for require","ruleId":"reason-string","fix":null,"filePath":"Benchmarks/Study_SamplesSet/9111142444f821af1093dacad1bf56af.sol"},{"line":771,"column":9,"severity":"Warning","message":"Use Custom Errors instead of require statements","ruleId":"custom-errors","fix":null,"filePath":"Benchmarks/Study_SamplesSet/9111142444f821af1093dacad1bf56af.sol"},{"line":776,"column":5,"severity":"Error","message":"Explicitly mark visibility of state","ruleId":"state-visibility","fix":null,"filePath":"Benchmarks/Study_SamplesSet/9111142444f821af1093dacad1bf56af.sol"},{"line":787,"column":14,"severity":"Warning","message":"Rule is set with explicit type [var/s: uint]","ruleId":"explicit-types","filePath":"Benchmarks/Study_SamplesSet/9111142444f821af1093dacad1bf56af.sol"},{"line":797,"column":56,"severity":"Warning","message":"Rule is set with explicit type [var/s: uint]","ruleId":"explicit-types","filePath":"Benchmarks/Study_SamplesSet/9111142444f821af1093dacad1bf56af.sol"},{"line":807,"column":55,"severity":"Warning","message":"Rule is set with explicit type [var/s: uint]","ruleId":"explicit-types","filePath":"Benchmarks/Study_SamplesSet/9111142444f821af1093dacad1bf56af.sol"},{"line":811,"column":14,"severity":"Warning","message":"Rule is set with explicit type [var/s: uint]","ruleId":"explicit-types","filePath":"Benchmarks/Study_SamplesSet/9111142444f821af1093dacad1bf56af.sol"},{"line":823,"column":62,"severity":"Warning","message":"Rule is set with explicit type [var/s: uint]","ruleId":"explicit-types","filePath":"Benchmarks/Study_SamplesSet/9111142444f821af1093dacad1bf56af.sol"},{"line":824,"column":31,"severity":"Error","message":"Explicitly mark all external contracts as trusted or untrusted","ruleId":"mark-callable-contracts","filePath":"Benchmarks/Study_SamplesSet/9111142444f821af1093dacad1bf56af.sol"},{"line":833,"column":5,"severity":"Error","message":"Explicitly mark visibility in function","ruleId":"func-visibility","fix":null,"filePath":"Benchmarks/Study_SamplesSet/9111142444f821af1093dacad1bf56af.sol"},{"line":836,"column":31,"severity":"Error","message":"Explicitly mark all external contracts as trusted or untrusted","ruleId":"mark-callable-contracts","filePath":"Benchmarks/Study_SamplesSet/9111142444f821af1093dacad1bf56af.sol"},{"line":852,"column":35,"severity":"Error","message":"Explicitly mark all external contracts as trusted or untrusted","ruleId":"mark-callable-contracts","filePath":"Benchmarks/Study_SamplesSet/9111142444f821af1093dacad1bf56af.sol"},{"line":863,"column":9,"severity":"Warning","message":"Provide an error message for require","ruleId":"reason-string","fix":null,"filePath":"Benchmarks/Study_SamplesSet/9111142444f821af1093dacad1bf56af.sol"},{"line":863,"column":9,"severity":"Warning","message":"Use Custom Errors instead of require statements","ruleId":"custom-errors","fix":null,"filePath":"Benchmarks/Study_SamplesSet/9111142444f821af1093dacad1bf56af.sol"},{"line":890,"column":9,"severity":"Warning","message":"Variable name must be in mixedCase","ruleId":"var-name-mixedcase","fix":null,"filePath":"Benchmarks/Study_SamplesSet/9111142444f821af1093dacad1bf56af.sol"},{"line":891,"column":9,"severity":"Error","message":"Avoid to use inline assembly. It is acceptable only in rare cases","ruleId":"no-inline-assembly","fix":null,"filePath":"Benchmarks/Study_SamplesSet/9111142444f821af1093dacad1bf56af.sol"},{"line":909,"column":1,"severity":"Error","message":"Compiler version ^0.4.11 does not satisfy the ^0.8.0 semver requirement","ruleId":"compiler-version","fix":null,"filePath":"Benchmarks/Study_SamplesSet/9111142444f821af1093dacad1bf56af.sol"},{"line":948,"column":5,"severity":"Error","message":"Explicitly mark visibility in function (Set ignoreConstructors to true if using solidity >=0.7.0)","ruleId":"func-visibility","fix":null,"filePath":"Benchmarks/Study_SamplesSet/9111142444f821af1093dacad1bf56af.sol"},{"line":963,"column":5,"severity":"Error","message":"Explicitly mark visibility in function","ruleId":"func-visibility","fix":null,"filePath":"Benchmarks/Study_SamplesSet/9111142444f821af1093dacad1bf56af.sol"},{"line":966,"column":48,"severity":"Error","message":"Explicitly mark all external contracts as trusted or untrusted","ruleId":"mark-callable-contracts","filePath":"Benchmarks/Study_SamplesSet/9111142444f821af1093dacad1bf56af.sol"},{"line":973,"column":9,"severity":"Warning","message":"Provide an error message for require","ruleId":"reason-string","fix":null,"filePath":"Benchmarks/Study_SamplesSet/9111142444f821af1093dacad1bf56af.sol"},{"line":973,"column":9,"severity":"Warning","message":"Use Custom Errors instead of require statements","ruleId":"custom-errors","fix":null,"filePath":"Benchmarks/Study_SamplesSet/9111142444f821af1093dacad1bf56af.sol"},{"line":973,"column":37,"severity":"Error","message":"Explicitly mark all external contracts as trusted or untrusted","ruleId":"mark-callable-contracts","filePath":"Benchmarks/Study_SamplesSet/9111142444f821af1093dacad1bf56af.sol"},{"line":975,"column":9,"severity":"Warning","message":"Rule is set with explicit type [var/s: uint]","ruleId":"explicit-types","filePath":"Benchmarks/Study_SamplesSet/9111142444f821af1093dacad1bf56af.sol"},{"line":977,"column":9,"severity":"Warning","message":"Provide an error message for require","ruleId":"reason-string","fix":null,"filePath":"Benchmarks/Study_SamplesSet/9111142444f821af1093dacad1bf56af.sol"},{"line":977,"column":9,"severity":"Warning","message":"Use Custom Errors instead of require statements","ruleId":"custom-errors","fix":null,"filePath":"Benchmarks/Study_SamplesSet/9111142444f821af1093dacad1bf56af.sol"},{"line":993,"column":9,"severity":"Error","message":"Explicitly mark all external contracts as trusted or untrusted","ruleId":"mark-callable-contracts","filePath":"Benchmarks/Study_SamplesSet/9111142444f821af1093dacad1bf56af.sol"},{"line":1009,"column":5,"severity":"Error","message":"Explicitly mark visibility in function","ruleId":"func-visibility","fix":null,"filePath":"Benchmarks/Study_SamplesSet/9111142444f821af1093dacad1bf56af.sol"},{"line":1012,"column":9,"severity":"Warning","message":"Rule is set with explicit type [var/s: uint]","ruleId":"explicit-types","filePath":"Benchmarks/Study_SamplesSet/9111142444f821af1093dacad1bf56af.sol"},{"line":1024,"column":9,"severity":"Warning","message":"Provide an error message for require","ruleId":"reason-string","fix":null,"filePath":"Benchmarks/Study_SamplesSet/9111142444f821af1093dacad1bf56af.sol"},{"line":1024,"column":9,"severity":"Warning","message":"Use Custom Errors instead of require statements","ruleId":"custom-errors","fix":null,"filePath":"Benchmarks/Study_SamplesSet/9111142444f821af1093dacad1bf56af.sol"},{"line":1024,"column":34,"severity":"Error","message":"Explicitly mark all external contracts as trusted or untrusted","ruleId":"mark-callable-contracts","filePath":"Benchmarks/Study_SamplesSet/9111142444f821af1093dacad1bf56af.sol"},{"line":1046,"column":9,"severity":"Warning","message":"Rule is set with explicit type [var/s: uint]","ruleId":"explicit-types","filePath":"Benchmarks/Study_SamplesSet/9111142444f821af1093dacad1bf56af.sol"},{"line":1060,"column":17,"severity":"Warning","message":"Rule is set with explicit type [var/s: uint]","ruleId":"explicit-types","filePath":"Benchmarks/Study_SamplesSet/9111142444f821af1093dacad1bf56af.sol"},{"line":1118,"column":5,"severity":"Error","message":"Explicitly mark visibility in function","ruleId":"func-visibility","fix":null,"filePath":"Benchmarks/Study_SamplesSet/9111142444f821af1093dacad1bf56af.sol"},{"line":1118,"column":40,"severity":"Warning","message":"Rule is set with explicit type [var/s: uint]","ruleId":"explicit-types","filePath":"Benchmarks/Study_SamplesSet/9111142444f821af1093dacad1bf56af.sol"},{"line":1124,"column":9,"severity":"Warning","message":"Provide an error message for require","ruleId":"reason-string","fix":null,"filePath":"Benchmarks/Study_SamplesSet/9111142444f821af1093dacad1bf56af.sol"},{"line":1124,"column":9,"severity":"Warning","message":"Use Custom Errors instead of require statements","ruleId":"custom-errors","fix":null,"filePath":"Benchmarks/Study_SamplesSet/9111142444f821af1093dacad1bf56af.sol"},{"line":1124,"column":34,"severity":"Error","message":"Explicitly mark all external contracts as trusted or untrusted","ruleId":"mark-callable-contracts","filePath":"Benchmarks/Study_SamplesSet/9111142444f821af1093dacad1bf56af.sol"},{"line":1147,"column":5,"severity":"Error","message":"Explicitly mark visibility in function","ruleId":"func-visibility","fix":null,"filePath":"Benchmarks/Study_SamplesSet/9111142444f821af1093dacad1bf56af.sol"},{"line":1147,"column":46,"severity":"Warning","message":"Rule is set with explicit type [var/s: uint]","ruleId":"explicit-types","filePath":"Benchmarks/Study_SamplesSet/9111142444f821af1093dacad1bf56af.sol"},{"line":1150,"column":9,"severity":"Warning","message":"Provide an error message for require","ruleId":"reason-string","fix":null,"filePath":"Benchmarks/Study_SamplesSet/9111142444f821af1093dacad1bf56af.sol"},{"line":1150,"column":9,"severity":"Warning","message":"Use Custom Errors instead of require statements","ruleId":"custom-errors","fix":null,"filePath":"Benchmarks/Study_SamplesSet/9111142444f821af1093dacad1bf56af.sol"},{"line":1150,"column":34,"severity":"Error","message":"Explicitly mark all external contracts as trusted or untrusted","ruleId":"mark-callable-contracts","filePath":"Benchmarks/Study_SamplesSet/9111142444f821af1093dacad1bf56af.sol"},{"line":1167,"column":5,"severity":"Error","message":"Explicitly mark visibility in function","ruleId":"func-visibility","fix":null,"filePath":"Benchmarks/Study_SamplesSet/9111142444f821af1093dacad1bf56af.sol"},{"line":1167,"column":45,"severity":"Warning","message":"Rule is set with explicit type [var/s: uint]","ruleId":"explicit-types","filePath":"Benchmarks/Study_SamplesSet/9111142444f821af1093dacad1bf56af.sol"},{"line":1170,"column":9,"severity":"Warning","message":"Provide an error message for require","ruleId":"reason-string","fix":null,"filePath":"Benchmarks/Study_SamplesSet/9111142444f821af1093dacad1bf56af.sol"},{"line":1170,"column":9,"severity":"Warning","message":"Use Custom Errors instead of require statements","ruleId":"custom-errors","fix":null,"filePath":"Benchmarks/Study_SamplesSet/9111142444f821af1093dacad1bf56af.sol"},{"line":1170,"column":34,"severity":"Error","message":"Explicitly mark all external contracts as trusted or untrusted","ruleId":"mark-callable-contracts","filePath":"Benchmarks/Study_SamplesSet/9111142444f821af1093dacad1bf56af.sol"},{"line":1189,"column":5,"severity":"Error","message":"Explicitly mark visibility in function","ruleId":"func-visibility","fix":null,"filePath":"Benchmarks/Study_SamplesSet/9111142444f821af1093dacad1bf56af.sol"},{"line":1194,"column":9,"severity":"Error","message":"Explicitly mark all external contracts as trusted or untrusted","ruleId":"mark-callable-contracts","filePath":"Benchmarks/Study_SamplesSet/9111142444f821af1093dacad1bf56af.sol"},{"line":1200,"column":5,"severity":"Error","message":"Explicitly mark visibility in function","ruleId":"func-visibility","fix":null,"filePath":"Benchmarks/Study_SamplesSet/9111142444f821af1093dacad1bf56af.sol"},{"line":1200,"column":44,"severity":"Warning","message":"Rule is set with explicit type [var/s: uint]","ruleId":"explicit-types","filePath":"Benchmarks/Study_SamplesSet/9111142444f821af1093dacad1bf56af.sol"},{"line":1204,"column":9,"severity":"Warning","message":"Provide an error message for require","ruleId":"reason-string","fix":null,"filePath":"Benchmarks/Study_SamplesSet/9111142444f821af1093dacad1bf56af.sol"},{"line":1204,"column":9,"severity":"Warning","message":"Use Custom Errors instead of require statements","ruleId":"custom-errors","fix":null,"filePath":"Benchmarks/Study_SamplesSet/9111142444f821af1093dacad1bf56af.sol"},{"line":1223,"column":5,"severity":"Error","message":"Explicitly mark visibility of state","ruleId":"state-visibility","fix":null,"filePath":"Benchmarks/Study_SamplesSet/9111142444f821af1093dacad1bf56af.sol"},{"line":1223,"column":5,"severity":"Warning","message":"Rule is set with explicit type [var/s: uint]","ruleId":"explicit-types","filePath":"Benchmarks/Study_SamplesSet/9111142444f821af1093dacad1bf56af.sol"},{"line":1235,"column":5,"severity":"Error","message":"Explicitly mark visibility in function","ruleId":"func-visibility","fix":null,"filePath":"Benchmarks/Study_SamplesSet/9111142444f821af1093dacad1bf56af.sol"},{"line":1237,"column":9,"severity":"Warning","message":"Rule is set with explicit type [var/s: uint]","ruleId":"explicit-types","filePath":"Benchmarks/Study_SamplesSet/9111142444f821af1093dacad1bf56af.sol"},{"line":1240,"column":14,"severity":"Warning","message":"Rule is set with explicit type [var/s: uint]","ruleId":"explicit-types","filePath":"Benchmarks/Study_SamplesSet/9111142444f821af1093dacad1bf56af.sol"},{"line":1242,"column":13,"severity":"Warning","message":"Rule is set with explicit type [var/s: uint]","ruleId":"explicit-types","filePath":"Benchmarks/Study_SamplesSet/9111142444f821af1093dacad1bf56af.sol"},{"line":1252,"column":5,"severity":"Error","message":"Explicitly mark visibility in function","ruleId":"func-visibility","fix":null,"filePath":"Benchmarks/Study_SamplesSet/9111142444f821af1093dacad1bf56af.sol"},{"line":1252,"column":24,"severity":"Warning","message":"Rule is set with explicit type [var/s: uint]","ruleId":"explicit-types","filePath":"Benchmarks/Study_SamplesSet/9111142444f821af1093dacad1bf56af.sol"},{"line":1253,"column":14,"severity":"Warning","message":"Rule is set with explicit type [var/s: uint]","ruleId":"explicit-types","filePath":"Benchmarks/Study_SamplesSet/9111142444f821af1093dacad1bf56af.sol"},{"line":1255,"column":13,"severity":"Warning","message":"Rule is set with explicit type [var/s: uint]","ruleId":"explicit-types","filePath":"Benchmarks/Study_SamplesSet/9111142444f821af1093dacad1bf56af.sol"},{"line":1265,"column":5,"severity":"Error","message":"Explicitly mark visibility in function","ruleId":"func-visibility","fix":null,"filePath":"Benchmarks/Study_SamplesSet/9111142444f821af1093dacad1bf56af.sol"},{"line":1265,"column":30,"severity":"Warning","message":"Rule is set with explicit type [var/s: uint]","ruleId":"explicit-types","filePath":"Benchmarks/Study_SamplesSet/9111142444f821af1093dacad1bf56af.sol"},{"line":1266,"column":14,"severity":"Warning","message":"Rule is set with explicit type [var/s: uint]","ruleId":"explicit-types","filePath":"Benchmarks/Study_SamplesSet/9111142444f821af1093dacad1bf56af.sol"},{"line":1268,"column":13,"severity":"Warning","message":"Rule is set with explicit type [var/s: uint]","ruleId":"explicit-types","filePath":"Benchmarks/Study_SamplesSet/9111142444f821af1093dacad1bf56af.sol"},{"line":1278,"column":5,"severity":"Error","message":"Explicitly mark visibility in function","ruleId":"func-visibility","fix":null,"filePath":"Benchmarks/Study_SamplesSet/9111142444f821af1093dacad1bf56af.sol"},{"line":1278,"column":29,"severity":"Warning","message":"Rule is set with explicit type [var/s: uint]","ruleId":"explicit-types","filePath":"Benchmarks/Study_SamplesSet/9111142444f821af1093dacad1bf56af.sol"},{"line":1279,"column":14,"severity":"Warning","message":"Rule is set with explicit type [var/s: uint]","ruleId":"explicit-types","filePath":"Benchmarks/Study_SamplesSet/9111142444f821af1093dacad1bf56af.sol"},{"line":1281,"column":13,"severity":"Warning","message":"Rule is set with explicit type [var/s: uint]","ruleId":"explicit-types","filePath":"Benchmarks/Study_SamplesSet/9111142444f821af1093dacad1bf56af.sol"},{"line":1290,"column":5,"severity":"Error","message":"Explicitly mark visibility in function","ruleId":"func-visibility","fix":null,"filePath":"Benchmarks/Study_SamplesSet/9111142444f821af1093dacad1bf56af.sol"},{"line":1291,"column":14,"severity":"Warning","message":"Rule is set with explicit type [var/s: uint]","ruleId":"explicit-types","filePath":"Benchmarks/Study_SamplesSet/9111142444f821af1093dacad1bf56af.sol"},{"line":1308,"column":9,"severity":"Warning","message":"Rule is set with explicit type [var/s: uint]","ruleId":"explicit-types","filePath":"Benchmarks/Study_SamplesSet/9111142444f821af1093dacad1bf56af.sol"},{"line":1315,"column":9,"severity":"Warning","message":"Provide an error message for require","ruleId":"reason-string","fix":null,"filePath":"Benchmarks/Study_SamplesSet/9111142444f821af1093dacad1bf56af.sol"},{"line":1315,"column":9,"severity":"Warning","message":"Use Custom Errors instead of require statements","ruleId":"custom-errors","fix":null,"filePath":"Benchmarks/Study_SamplesSet/9111142444f821af1093dacad1bf56af.sol"},{"line":1315,"column":37,"severity":"Error","message":"Explicitly mark all external contracts as trusted or untrusted","ruleId":"mark-callable-contracts","filePath":"Benchmarks/Study_SamplesSet/9111142444f821af1093dacad1bf56af.sol"},{"line":1316,"column":9,"severity":"Warning","message":"Provide an error message for require","ruleId":"reason-string","fix":null,"filePath":"Benchmarks/Study_SamplesSet/9111142444f821af1093dacad1bf56af.sol"},{"line":1316,"column":9,"severity":"Warning","message":"Use Custom Errors instead of require statements","ruleId":"custom-errors","fix":null,"filePath":"Benchmarks/Study_SamplesSet/9111142444f821af1093dacad1bf56af.sol"},{"line":1346,"column":9,"severity":"Warning","message":"Rule is set with explicit type [var/s: uint]","ruleId":"explicit-types","filePath":"Benchmarks/Study_SamplesSet/9111142444f821af1093dacad1bf56af.sol"},{"line":1367,"column":9,"severity":"Warning","message":"Rule is set with explicit type [var/s: uint]","ruleId":"explicit-types","filePath":"Benchmarks/Study_SamplesSet/9111142444f821af1093dacad1bf56af.sol"},{"line":1372,"column":9,"severity":"Warning","message":"Provide an error message for require","ruleId":"reason-string","fix":null,"filePath":"Benchmarks/Study_SamplesSet/9111142444f821af1093dacad1bf56af.sol"},{"line":1372,"column":9,"severity":"Warning","message":"Use Custom Errors instead of require statements","ruleId":"custom-errors","fix":null,"filePath":"Benchmarks/Study_SamplesSet/9111142444f821af1093dacad1bf56af.sol"},{"line":1372,"column":44,"severity":"Error","message":"Explicitly mark all external contracts as trusted or untrusted","ruleId":"mark-callable-contracts","filePath":"Benchmarks/Study_SamplesSet/9111142444f821af1093dacad1bf56af.sol"},{"line":1376,"column":14,"severity":"Warning","message":"Rule is set with explicit type [var/s: uint]","ruleId":"explicit-types","filePath":"Benchmarks/Study_SamplesSet/9111142444f821af1093dacad1bf56af.sol"},{"line":1401,"column":9,"severity":"Warning","message":"Rule is set with explicit type [var/s: uint]","ruleId":"explicit-types","filePath":"Benchmarks/Study_SamplesSet/9111142444f821af1093dacad1bf56af.sol"},{"line":1402,"column":9,"severity":"Warning","message":"Rule is set with explicit type [var/s: uint]","ruleId":"explicit-types","filePath":"Benchmarks/Study_SamplesSet/9111142444f821af1093dacad1bf56af.sol"},{"line":1408,"column":14,"severity":"Warning","message":"Rule is set with explicit type [var/s: uint]","ruleId":"explicit-types","filePath":"Benchmarks/Study_SamplesSet/9111142444f821af1093dacad1bf56af.sol"},{"line":1433,"column":9,"severity":"Warning","message":"Rule is set with explicit type [var/s: uint]","ruleId":"explicit-types","filePath":"Benchmarks/Study_SamplesSet/9111142444f821af1093dacad1bf56af.sol"},{"line":1438,"column":9,"severity":"Warning","message":"Provide an error message for require","ruleId":"reason-string","fix":null,"filePath":"Benchmarks/Study_SamplesSet/9111142444f821af1093dacad1bf56af.sol"},{"line":1438,"column":9,"severity":"Warning","message":"Use Custom Errors instead of require statements","ruleId":"custom-errors","fix":null,"filePath":"Benchmarks/Study_SamplesSet/9111142444f821af1093dacad1bf56af.sol"},{"line":1438,"column":37,"severity":"Error","message":"Explicitly mark all external contracts as trusted or untrusted","ruleId":"mark-callable-contracts","filePath":"Benchmarks/Study_SamplesSet/9111142444f821af1093dacad1bf56af.sol"},{"line":1439,"column":9,"severity":"Warning","message":"Provide an error message for require","ruleId":"reason-string","fix":null,"filePath":"Benchmarks/Study_SamplesSet/9111142444f821af1093dacad1bf56af.sol"},{"line":1439,"column":9,"severity":"Warning","message":"Use Custom Errors instead of require statements","ruleId":"custom-errors","fix":null,"filePath":"Benchmarks/Study_SamplesSet/9111142444f821af1093dacad1bf56af.sol"},{"line":1457,"column":49,"severity":"Warning","message":"Rule is set with explicit type [var/s: uint]","ruleId":"explicit-types","filePath":"Benchmarks/Study_SamplesSet/9111142444f821af1093dacad1bf56af.sol"},{"line":1458,"column":9,"severity":"Warning","message":"Rule is set with explicit type [var/s: uint]","ruleId":"explicit-types","filePath":"Benchmarks/Study_SamplesSet/9111142444f821af1093dacad1bf56af.sol"},{"line":1467,"column":9,"severity":"Warning","message":"Provide an error message for require","ruleId":"reason-string","fix":null,"filePath":"Benchmarks/Study_SamplesSet/9111142444f821af1093dacad1bf56af.sol"},{"line":1467,"column":9,"severity":"Warning","message":"Use Custom Errors instead of require statements","ruleId":"custom-errors","fix":null,"filePath":"Benchmarks/Study_SamplesSet/9111142444f821af1093dacad1bf56af.sol"},{"line":1471,"column":9,"severity":"Error","message":"Explicitly mark all external contracts as trusted or untrusted","ruleId":"mark-callable-contracts","filePath":"Benchmarks/Study_SamplesSet/9111142444f821af1093dacad1bf56af.sol"},{"line":1492,"column":5,"severity":"Error","message":"Explicitly mark visibility in function","ruleId":"func-visibility","fix":null,"filePath":"Benchmarks/Study_SamplesSet/9111142444f821af1093dacad1bf56af.sol"},{"line":1557,"column":9,"severity":"Warning","message":"Rule is set with explicit type [var/s: uint]","ruleId":"explicit-types","filePath":"Benchmarks/Study_SamplesSet/9111142444f821af1093dacad1bf56af.sol"},{"line":1558,"column":25,"severity":"Warning","message":"Rule is set with explicit type [var/s: uint]","ruleId":"explicit-types","filePath":"Benchmarks/Study_SamplesSet/9111142444f821af1093dacad1bf56af.sol"},{"line":1560,"column":9,"severity":"Warning","message":"Rule is set with explicit type [var/s: uint]","ruleId":"explicit-types","filePath":"Benchmarks/Study_SamplesSet/9111142444f821af1093dacad1bf56af.sol"},{"line":1575,"column":17,"severity":"Warning","message":"Provide an error message for require","ruleId":"reason-string","fix":null,"filePath":"Benchmarks/Study_SamplesSet/9111142444f821af1093dacad1bf56af.sol"},{"line":1575,"column":17,"severity":"Warning","message":"Use Custom Errors instead of require statements","ruleId":"custom-errors","fix":null,"filePath":"Benchmarks/Study_SamplesSet/9111142444f821af1093dacad1bf56af.sol"},{"line":1605,"column":9,"severity":"Warning","message":"Rule is set with explicit type [var/s: uint]","ruleId":"explicit-types","filePath":"Benchmarks/Study_SamplesSet/9111142444f821af1093dacad1bf56af.sol"},{"line":1606,"column":25,"severity":"Warning","message":"Rule is set with explicit type [var/s: uint]","ruleId":"explicit-types","filePath":"Benchmarks/Study_SamplesSet/9111142444f821af1093dacad1bf56af.sol"},{"line":1663,"column":9,"severity":"Warning","message":"Rule is set with explicit type [var/s: uint]","ruleId":"explicit-types","filePath":"Benchmarks/Study_SamplesSet/9111142444f821af1093dacad1bf56af.sol"},{"line":1664,"column":25,"severity":"Warning","message":"Rule is set with explicit type [var/s: uint]","ruleId":"explicit-types","filePath":"Benchmarks/Study_SamplesSet/9111142444f821af1093dacad1bf56af.sol"},{"line":1691,"column":42,"severity":"Warning","message":"Rule is set with explicit type [var/s: uint]","ruleId":"explicit-types","filePath":"Benchmarks/Study_SamplesSet/9111142444f821af1093dacad1bf56af.sol"},{"line":1692,"column":16,"severity":"Error","message":"Avoid making time-based decisions in your business logic","ruleId":"not-rely-on-time","fix":null,"filePath":"Benchmarks/Study_SamplesSet/9111142444f821af1093dacad1bf56af.sol"},{"line":1696,"column":60,"severity":"Warning","message":"Rule is set with explicit type [var/s: uint]","ruleId":"explicit-types","filePath":"Benchmarks/Study_SamplesSet/9111142444f821af1093dacad1bf56af.sol"},{"line":1702,"column":1,"severity":"Error","message":"Compiler version ^0.4.18 does not satisfy the ^0.8.0 semver requirement","ruleId":"compiler-version","fix":null,"filePath":"Benchmarks/Study_SamplesSet/9111142444f821af1093dacad1bf56af.sol"},{"line":1707,"column":31,"severity":"Warning","message":"Provide an error message for require","ruleId":"reason-string","fix":null,"filePath":"Benchmarks/Study_SamplesSet/9111142444f821af1093dacad1bf56af.sol"},{"line":1707,"column":31,"severity":"Warning","message":"Use Custom Errors instead of require statements","ruleId":"custom-errors","fix":null,"filePath":"Benchmarks/Study_SamplesSet/9111142444f821af1093dacad1bf56af.sol"},{"line":1721,"column":1,"severity":"Error","message":"Compiler version ^0.4.18 does not satisfy the ^0.8.0 semver requirement","ruleId":"compiler-version","fix":null,"filePath":"Benchmarks/Study_SamplesSet/9111142444f821af1093dacad1bf56af.sol"},{"line":1736,"column":53,"severity":"Warning","message":"Rule is set with explicit type [var/s: uint]","ruleId":"explicit-types","filePath":"Benchmarks/Study_SamplesSet/9111142444f821af1093dacad1bf56af.sol"},{"line":1744,"column":58,"severity":"Warning","message":"Rule is set with explicit type [var/s: uint]","ruleId":"explicit-types","filePath":"Benchmarks/Study_SamplesSet/9111142444f821af1093dacad1bf56af.sol"},{"line":1749,"column":1,"severity":"Error","message":"Compiler version ^0.4.18 does not satisfy the ^0.8.0 semver requirement","ruleId":"compiler-version","fix":null,"filePath":"Benchmarks/Study_SamplesSet/9111142444f821af1093dacad1bf56af.sol"},{"line":1791,"column":29,"severity":"Error","message":"Use double quotes for string literals","ruleId":"quotes","filePath":"Benchmarks/Study_SamplesSet/9111142444f821af1093dacad1bf56af.sol"},{"line":1812,"column":5,"severity":"Warning","message":"Rule is set with explicit type [var/s: uint]","ruleId":"explicit-types","filePath":"Benchmarks/Study_SamplesSet/9111142444f821af1093dacad1bf56af.sol"},{"line":1815,"column":5,"severity":"Warning","message":"Rule is set with explicit type [var/s: uint]","ruleId":"explicit-types","filePath":"Benchmarks/Study_SamplesSet/9111142444f821af1093dacad1bf56af.sol"},{"line":1820,"column":5,"severity":"Error","message":"Explicitly mark visibility of state","ruleId":"state-visibility","fix":null,"filePath":"Benchmarks/Study_SamplesSet/9111142444f821af1093dacad1bf56af.sol"},{"line":1823,"column":5,"severity":"Error","message":"Explicitly mark visibility of state","ruleId":"state-visibility","fix":null,"filePath":"Benchmarks/Study_SamplesSet/9111142444f821af1093dacad1bf56af.sol"},{"line":1826,"column":5,"severity":"Error","message":"Explicitly mark visibility of state","ruleId":"state-visibility","fix":null,"filePath":"Benchmarks/Study_SamplesSet/9111142444f821af1093dacad1bf56af.sol"},{"line":1854,"column":9,"severity":"Warning","message":"Rule is set with explicit type [var/s: uint]","ruleId":"explicit-types","filePath":"Benchmarks/Study_SamplesSet/9111142444f821af1093dacad1bf56af.sol"},{"line":1860,"column":24,"severity":"Error","message":"Explicitly mark all external contracts as trusted or untrusted","ruleId":"mark-callable-contracts","filePath":"Benchmarks/Study_SamplesSet/9111142444f821af1093dacad1bf56af.sol"},{"line":1864,"column":23,"severity":"Error","message":"Explicitly mark all external contracts as trusted or untrusted","ruleId":"mark-callable-contracts","filePath":"Benchmarks/Study_SamplesSet/9111142444f821af1093dacad1bf56af.sol"},{"line":1880,"column":9,"severity":"Warning","message":"Provide an error message for require","ruleId":"reason-string","fix":null,"filePath":"Benchmarks/Study_SamplesSet/9111142444f821af1093dacad1bf56af.sol"},{"line":1880,"column":9,"severity":"Warning","message":"Use Custom Errors instead of require statements","ruleId":"custom-errors","fix":null,"filePath":"Benchmarks/Study_SamplesSet/9111142444f821af1093dacad1bf56af.sol"},{"line":1898,"column":13,"severity":"Warning","message":"Provide an error message for require","ruleId":"reason-string","fix":null,"filePath":"Benchmarks/Study_SamplesSet/9111142444f821af1093dacad1bf56af.sol"},{"line":1898,"column":13,"severity":"Warning","message":"Use Custom Errors instead of require statements","ruleId":"custom-errors","fix":null,"filePath":"Benchmarks/Study_SamplesSet/9111142444f821af1093dacad1bf56af.sol"},{"line":1913,"column":53,"severity":"Warning","message":"Rule is set with explicit type [var/s: uint]","ruleId":"explicit-types","filePath":"Benchmarks/Study_SamplesSet/9111142444f821af1093dacad1bf56af.sol"},{"line":1920,"column":12,"severity":"Warning","message":"Provide an error message for require","ruleId":"reason-string","fix":null,"filePath":"Benchmarks/Study_SamplesSet/9111142444f821af1093dacad1bf56af.sol"},{"line":1920,"column":12,"severity":"Warning","message":"Use Custom Errors instead of require statements","ruleId":"custom-errors","fix":null,"filePath":"Benchmarks/Study_SamplesSet/9111142444f821af1093dacad1bf56af.sol"},{"line":1923,"column":12,"severity":"Warning","message":"Provide an error message for require","ruleId":"reason-string","fix":null,"filePath":"Benchmarks/Study_SamplesSet/9111142444f821af1093dacad1bf56af.sol"},{"line":1923,"column":12,"severity":"Warning","message":"Use Custom Errors instead of require statements","ruleId":"custom-errors","fix":null,"filePath":"Benchmarks/Study_SamplesSet/9111142444f821af1093dacad1bf56af.sol"},{"line":1934,"column":16,"severity":"Warning","message":"Provide an error message for require","ruleId":"reason-string","fix":null,"filePath":"Benchmarks/Study_SamplesSet/9111142444f821af1093dacad1bf56af.sol"},{"line":1934,"column":16,"severity":"Warning","message":"Use Custom Errors instead of require statements","ruleId":"custom-errors","fix":null,"filePath":"Benchmarks/Study_SamplesSet/9111142444f821af1093dacad1bf56af.sol"},{"line":1934,"column":24,"severity":"Error","message":"Explicitly mark all external contracts as trusted or untrusted","ruleId":"mark-callable-contracts","filePath":"Benchmarks/Study_SamplesSet/9111142444f821af1093dacad1bf56af.sol"},{"line":1944,"column":12,"severity":"Warning","message":"Provide an error message for require","ruleId":"reason-string","fix":null,"filePath":"Benchmarks/Study_SamplesSet/9111142444f821af1093dacad1bf56af.sol"},{"line":1944,"column":12,"severity":"Warning","message":"Use Custom Errors instead of require statements","ruleId":"custom-errors","fix":null,"filePath":"Benchmarks/Study_SamplesSet/9111142444f821af1093dacad1bf56af.sol"},{"line":1948,"column":12,"severity":"Error","message":"Explicitly mark all external contracts as trusted or untrusted","ruleId":"mark-callable-contracts","filePath":"Benchmarks/Study_SamplesSet/9111142444f821af1093dacad1bf56af.sol"},{"line":1966,"column":9,"severity":"Warning","message":"Provide an error message for require","ruleId":"reason-string","fix":null,"filePath":"Benchmarks/Study_SamplesSet/9111142444f821af1093dacad1bf56af.sol"},{"line":1966,"column":9,"severity":"Warning","message":"Use Custom Errors instead of require statements","ruleId":"custom-errors","fix":null,"filePath":"Benchmarks/Study_SamplesSet/9111142444f821af1093dacad1bf56af.sol"},{"line":1972,"column":9,"severity":"Warning","message":"Provide an error message for require","ruleId":"reason-string","fix":null,"filePath":"Benchmarks/Study_SamplesSet/9111142444f821af1093dacad1bf56af.sol"},{"line":1972,"column":9,"severity":"Warning","message":"Use Custom Errors instead of require statements","ruleId":"custom-errors","fix":null,"filePath":"Benchmarks/Study_SamplesSet/9111142444f821af1093dacad1bf56af.sol"},{"line":1976,"column":13,"severity":"Warning","message":"Provide an error message for require","ruleId":"reason-string","fix":null,"filePath":"Benchmarks/Study_SamplesSet/9111142444f821af1093dacad1bf56af.sol"},{"line":1976,"column":13,"severity":"Warning","message":"Use Custom Errors instead of require statements","ruleId":"custom-errors","fix":null,"filePath":"Benchmarks/Study_SamplesSet/9111142444f821af1093dacad1bf56af.sol"},{"line":1976,"column":21,"severity":"Error","message":"Explicitly mark all external contracts as trusted or untrusted","ruleId":"mark-callable-contracts","filePath":"Benchmarks/Study_SamplesSet/9111142444f821af1093dacad1bf56af.sol"},{"line":1980,"column":9,"severity":"Error","message":"Explicitly mark all external contracts as trusted or untrusted","ruleId":"mark-callable-contracts","filePath":"Benchmarks/Study_SamplesSet/9111142444f821af1093dacad1bf56af.sol"},{"line":2003,"column":9,"severity":"Warning","message":"Provide an error message for require","ruleId":"reason-string","fix":null,"filePath":"Benchmarks/Study_SamplesSet/9111142444f821af1093dacad1bf56af.sol"},{"line":2003,"column":9,"severity":"Warning","message":"Use Custom Errors instead of require statements","ruleId":"custom-errors","fix":null,"filePath":"Benchmarks/Study_SamplesSet/9111142444f821af1093dacad1bf56af.sol"},{"line":2005,"column":9,"severity":"Error","message":"Explicitly mark all external contracts as trusted or untrusted","ruleId":"mark-callable-contracts","filePath":"Benchmarks/Study_SamplesSet/9111142444f821af1093dacad1bf56af.sol"},{"line":2017,"column":53,"severity":"Warning","message":"Rule is set with explicit type [var/s: uint]","ruleId":"explicit-types","filePath":"Benchmarks/Study_SamplesSet/9111142444f821af1093dacad1bf56af.sol"},{"line":2030,"column":42,"severity":"Warning","message":"Rule is set with explicit type [var/s: uint]","ruleId":"explicit-types","filePath":"Benchmarks/Study_SamplesSet/9111142444f821af1093dacad1bf56af.sol"},{"line":2031,"column":18,"severity":"Warning","message":"Rule is set with explicit type [var/s: uint]","ruleId":"explicit-types","filePath":"Benchmarks/Study_SamplesSet/9111142444f821af1093dacad1bf56af.sol"},{"line":2056,"column":28,"severity":"Warning","message":"Rule is set with explicit type [var/s: uint]","ruleId":"explicit-types","filePath":"Benchmarks/Study_SamplesSet/9111142444f821af1093dacad1bf56af.sol"},{"line":2056,"column":71,"severity":"Warning","message":"Rule is set with explicit type [var/s: uint]","ruleId":"explicit-types","filePath":"Benchmarks/Study_SamplesSet/9111142444f821af1093dacad1bf56af.sol"},{"line":2095,"column":9,"severity":"Warning","message":"Rule is set with explicit type [var/s: uint]","ruleId":"explicit-types","filePath":"Benchmarks/Study_SamplesSet/9111142444f821af1093dacad1bf56af.sol"},{"line":2111,"column":9,"severity":"Error","message":"Explicitly mark all external contracts as trusted or untrusted","ruleId":"mark-callable-contracts","filePath":"Benchmarks/Study_SamplesSet/9111142444f821af1093dacad1bf56af.sol"},{"line":2123,"column":45,"severity":"Warning","message":"Rule is set with explicit type [var/s: uint]","ruleId":"explicit-types","filePath":"Benchmarks/Study_SamplesSet/9111142444f821af1093dacad1bf56af.sol"},{"line":2125,"column":9,"severity":"Warning","message":"Rule is set with explicit type [var/s: uint]","ruleId":"explicit-types","filePath":"Benchmarks/Study_SamplesSet/9111142444f821af1093dacad1bf56af.sol"},{"line":2126,"column":9,"severity":"Warning","message":"Provide an error message for require","ruleId":"reason-string","fix":null,"filePath":"Benchmarks/Study_SamplesSet/9111142444f821af1093dacad1bf56af.sol"},{"line":2126,"column":9,"severity":"Warning","message":"Use Custom Errors instead of require statements","ruleId":"custom-errors","fix":null,"filePath":"Benchmarks/Study_SamplesSet/9111142444f821af1093dacad1bf56af.sol"},{"line":2127,"column":9,"severity":"Warning","message":"Rule is set with explicit type [var/s: uint]","ruleId":"explicit-types","filePath":"Benchmarks/Study_SamplesSet/9111142444f821af1093dacad1bf56af.sol"},{"line":2128,"column":9,"severity":"Warning","message":"Provide an error message for require","ruleId":"reason-string","fix":null,"filePath":"Benchmarks/Study_SamplesSet/9111142444f821af1093dacad1bf56af.sol"},{"line":2128,"column":9,"severity":"Warning","message":"Use Custom Errors instead of require statements","ruleId":"custom-errors","fix":null,"filePath":"Benchmarks/Study_SamplesSet/9111142444f821af1093dacad1bf56af.sol"},{"line":2131,"column":9,"severity":"Error","message":"Explicitly mark all external contracts as trusted or untrusted","ruleId":"mark-callable-contracts","filePath":"Benchmarks/Study_SamplesSet/9111142444f821af1093dacad1bf56af.sol"},{"line":2140,"column":44,"severity":"Warning","message":"Rule is set with explicit type [var/s: uint]","ruleId":"explicit-types","filePath":"Benchmarks/Study_SamplesSet/9111142444f821af1093dacad1bf56af.sol"},{"line":2141,"column":22,"severity":"Warning","message":"Visibility modifier must be first in list of modifiers","ruleId":"visibility-modifier-order","fix":null,"filePath":"Benchmarks/Study_SamplesSet/9111142444f821af1093dacad1bf56af.sol"},{"line":2142,"column":9,"severity":"Warning","message":"Rule is set with explicit type [var/s: uint]","ruleId":"explicit-types","filePath":"Benchmarks/Study_SamplesSet/9111142444f821af1093dacad1bf56af.sol"},{"line":2143,"column":9,"severity":"Warning","message":"Provide an error message for require","ruleId":"reason-string","fix":null,"filePath":"Benchmarks/Study_SamplesSet/9111142444f821af1093dacad1bf56af.sol"},{"line":2143,"column":9,"severity":"Warning","message":"Use Custom Errors instead of require statements","ruleId":"custom-errors","fix":null,"filePath":"Benchmarks/Study_SamplesSet/9111142444f821af1093dacad1bf56af.sol"},{"line":2144,"column":9,"severity":"Warning","message":"Rule is set with explicit type [var/s: uint]","ruleId":"explicit-types","filePath":"Benchmarks/Study_SamplesSet/9111142444f821af1093dacad1bf56af.sol"},{"line":2145,"column":9,"severity":"Warning","message":"Provide an error message for require","ruleId":"reason-string","fix":null,"filePath":"Benchmarks/Study_SamplesSet/9111142444f821af1093dacad1bf56af.sol"},{"line":2145,"column":9,"severity":"Warning","message":"Use Custom Errors instead of require statements","ruleId":"custom-errors","fix":null,"filePath":"Benchmarks/Study_SamplesSet/9111142444f821af1093dacad1bf56af.sol"},{"line":2148,"column":9,"severity":"Error","message":"Explicitly mark all external contracts as trusted or untrusted","ruleId":"mark-callable-contracts","filePath":"Benchmarks/Study_SamplesSet/9111142444f821af1093dacad1bf56af.sol"},{"line":2171,"column":59,"severity":"Warning","message":"Rule is set with explicit type [var/s: uint]","ruleId":"explicit-types","filePath":"Benchmarks/Study_SamplesSet/9111142444f821af1093dacad1bf56af.sol"},{"line":2172,"column":16,"severity":"Warning","message":"Visibility modifier must be first in list of modifiers","ruleId":"visibility-modifier-order","fix":null,"filePath":"Benchmarks/Study_SamplesSet/9111142444f821af1093dacad1bf56af.sol"},{"line":2172,"column":34,"severity":"Warning","message":"Rule is set with explicit type [var/s: uint]","ruleId":"explicit-types","filePath":"Benchmarks/Study_SamplesSet/9111142444f821af1093dacad1bf56af.sol"},{"line":2181,"column":9,"severity":"Warning","message":"Rule is set with explicit type [var/s: uint]","ruleId":"explicit-types","filePath":"Benchmarks/Study_SamplesSet/9111142444f821af1093dacad1bf56af.sol"},{"line":2182,"column":9,"severity":"Warning","message":"Rule is set with explicit type [var/s: uint]","ruleId":"explicit-types","filePath":"Benchmarks/Study_SamplesSet/9111142444f821af1093dacad1bf56af.sol"},{"line":2184,"column":13,"severity":"Warning","message":"Rule is set with explicit type [var/s: uint]","ruleId":"explicit-types","filePath":"Benchmarks/Study_SamplesSet/9111142444f821af1093dacad1bf56af.sol"},{"line":2198,"column":65,"severity":"Warning","message":"Rule is set with explicit type [var/s: uint]","ruleId":"explicit-types","filePath":"Benchmarks/Study_SamplesSet/9111142444f821af1093dacad1bf56af.sol"},{"line":2214,"column":49,"severity":"Warning","message":"Visibility modifier must be first in list of modifiers","ruleId":"visibility-modifier-order","fix":null,"filePath":"Benchmarks/Study_SamplesSet/9111142444f821af1093dacad1bf56af.sol"},{"line":2215,"column":9,"severity":"Warning","message":"Rule is set with explicit type [var/s: uint]","ruleId":"explicit-types","filePath":"Benchmarks/Study_SamplesSet/9111142444f821af1093dacad1bf56af.sol"},{"line":2217,"column":9,"severity":"Error","message":"Avoid to use inline assembly. It is acceptable only in rare cases","ruleId":"no-inline-assembly","fix":null,"filePath":"Benchmarks/Study_SamplesSet/9111142444f821af1093dacad1bf56af.sol"},{"line":2224,"column":39,"severity":"Warning","message":"Visibility modifier must be first in list of modifiers","ruleId":"visibility-modifier-order","fix":null,"filePath":"Benchmarks/Study_SamplesSet/9111142444f821af1093dacad1bf56af.sol"},{"line":2224,"column":18,"severity":"Warning","message":"Rule is set with explicit type [var/s: uint]","ruleId":"explicit-types","filePath":"Benchmarks/Study_SamplesSet/9111142444f821af1093dacad1bf56af.sol"},{"line":2224,"column":26,"severity":"Warning","message":"Rule is set with explicit type [var/s: uint]","ruleId":"explicit-types","filePath":"Benchmarks/Study_SamplesSet/9111142444f821af1093dacad1bf56af.sol"},{"line":2224,"column":57,"severity":"Warning","message":"Rule is set with explicit type [var/s: uint]","ruleId":"explicit-types","filePath":"Benchmarks/Study_SamplesSet/9111142444f821af1093dacad1bf56af.sol"},{"line":2231,"column":5,"severity":"Error","message":"Fallback function must be simple","ruleId":"no-complex-fallback","fix":null,"filePath":"Benchmarks/Study_SamplesSet/9111142444f821af1093dacad1bf56af.sol"},{"line":2232,"column":9,"severity":"Warning","message":"Provide an error message for require","ruleId":"reason-string","fix":null,"filePath":"Benchmarks/Study_SamplesSet/9111142444f821af1093dacad1bf56af.sol"},{"line":2232,"column":9,"severity":"Warning","message":"Use Custom Errors instead of require statements","ruleId":"custom-errors","fix":null,"filePath":"Benchmarks/Study_SamplesSet/9111142444f821af1093dacad1bf56af.sol"},{"line":2233,"column":9,"severity":"Warning","message":"Provide an error message for require","ruleId":"reason-string","fix":null,"filePath":"Benchmarks/Study_SamplesSet/9111142444f821af1093dacad1bf56af.sol"},{"line":2233,"column":9,"severity":"Warning","message":"Use Custom Errors instead of require statements","ruleId":"custom-errors","fix":null,"filePath":"Benchmarks/Study_SamplesSet/9111142444f821af1093dacad1bf56af.sol"},{"line":2233,"column":17,"severity":"Error","message":"Explicitly mark all external contracts as trusted or untrusted","ruleId":"mark-callable-contracts","filePath":"Benchmarks/Study_SamplesSet/9111142444f821af1093dacad1bf56af.sol"},{"line":2251,"column":9,"severity":"Warning","message":"Rule is set with explicit type [var/s: uint]","ruleId":"explicit-types","filePath":"Benchmarks/Study_SamplesSet/9111142444f821af1093dacad1bf56af.sol"},{"line":2253,"column":9,"severity":"Error","message":"Explicitly mark all external contracts as trusted or untrusted","ruleId":"mark-callable-contracts","filePath":"Benchmarks/Study_SamplesSet/9111142444f821af1093dacad1bf56af.sol"},{"line":2259,"column":78,"severity":"Warning","message":"Rule is set with explicit type [var/s: uint]","ruleId":"explicit-types","filePath":"Benchmarks/Study_SamplesSet/9111142444f821af1093dacad1bf56af.sol"},{"line":2261,"column":54,"severity":"Warning","message":"Rule is set with explicit type [var/s: uint]","ruleId":"explicit-types","filePath":"Benchmarks/Study_SamplesSet/9111142444f821af1093dacad1bf56af.sol"},{"line":2292,"column":9,"severity":"Warning","message":"Rule is set with explicit type [var/s: uint]","ruleId":"explicit-types","filePath":"Benchmarks/Study_SamplesSet/9111142444f821af1093dacad1bf56af.sol"},{"line":2314,"column":1,"severity":"Error","message":"Compiler version ^0.4.13 does not satisfy the ^0.8.0 semver requirement","ruleId":"compiler-version","fix":null,"filePath":"Benchmarks/Study_SamplesSet/9111142444f821af1093dacad1bf56af.sol"},{"line":2330,"column":5,"severity":"Error","message":"Explicitly mark visibility of state","ruleId":"state-visibility","fix":null,"filePath":"Benchmarks/Study_SamplesSet/9111142444f821af1093dacad1bf56af.sol"},{"line":2330,"column":5,"severity":"Warning","message":"Rule is set with explicit type [var/s: uint]","ruleId":"explicit-types","filePath":"Benchmarks/Study_SamplesSet/9111142444f821af1093dacad1bf56af.sol"},{"line":2331,"column":5,"severity":"Error","message":"Explicitly mark visibility of state","ruleId":"state-visibility","fix":null,"filePath":"Benchmarks/Study_SamplesSet/9111142444f821af1093dacad1bf56af.sol"},{"line":2331,"column":5,"severity":"Warning","message":"Rule is set with explicit type [var/s: uint]","ruleId":"explicit-types","filePath":"Benchmarks/Study_SamplesSet/9111142444f821af1093dacad1bf56af.sol"},{"line":2332,"column":5,"severity":"Error","message":"Explicitly mark visibility of state","ruleId":"state-visibility","fix":null,"filePath":"Benchmarks/Study_SamplesSet/9111142444f821af1093dacad1bf56af.sol"},{"line":2332,"column":5,"severity":"Warning","message":"Rule is set with explicit type [var/s: uint]","ruleId":"explicit-types","filePath":"Benchmarks/Study_SamplesSet/9111142444f821af1093dacad1bf56af.sol"},{"line":2333,"column":5,"severity":"Error","message":"Explicitly mark visibility of state","ruleId":"state-visibility","fix":null,"filePath":"Benchmarks/Study_SamplesSet/9111142444f821af1093dacad1bf56af.sol"},{"line":2333,"column":5,"severity":"Warning","message":"Rule is set with explicit type [var/s: uint]","ruleId":"explicit-types","filePath":"Benchmarks/Study_SamplesSet/9111142444f821af1093dacad1bf56af.sol"},{"line":2342,"column":72,"severity":"Warning","message":"Rule is set with explicit type [var/s: uint]","ruleId":"explicit-types","filePath":"Benchmarks/Study_SamplesSet/9111142444f821af1093dacad1bf56af.sol"},{"line":2350,"column":62,"severity":"Warning","message":"Visibility modifier must be first in list of modifiers","ruleId":"visibility-modifier-order","fix":null,"filePath":"Benchmarks/Study_SamplesSet/9111142444f821af1093dacad1bf56af.sol"},{"line":2352,"column":7,"severity":"Warning","message":"Provide an error message for require","ruleId":"reason-string","fix":null,"filePath":"Benchmarks/Study_SamplesSet/9111142444f821af1093dacad1bf56af.sol"},{"line":2352,"column":7,"severity":"Warning","message":"Use Custom Errors instead of require statements","ruleId":"custom-errors","fix":null,"filePath":"Benchmarks/Study_SamplesSet/9111142444f821af1093dacad1bf56af.sol"},{"line":2352,"column":29,"severity":"Error","message":"Avoid to use tx.origin","ruleId":"avoid-tx-origin","fix":null,"filePath":"Benchmarks/Study_SamplesSet/9111142444f821af1093dacad1bf56af.sol"},{"line":2359,"column":5,"severity":"Error","message":"Explicitly mark visibility in function","ruleId":"func-visibility","fix":null,"filePath":"Benchmarks/Study_SamplesSet/9111142444f821af1093dacad1bf56af.sol"},{"line":2365,"column":9,"severity":"Warning","message":"Provide an error message for require","ruleId":"reason-string","fix":null,"filePath":"Benchmarks/Study_SamplesSet/9111142444f821af1093dacad1bf56af.sol"},{"line":2365,"column":9,"severity":"Warning","message":"Use Custom Errors instead of require statements","ruleId":"custom-errors","fix":null,"filePath":"Benchmarks/Study_SamplesSet/9111142444f821af1093dacad1bf56af.sol"},{"line":2366,"column":91,"severity":"Error","message":"Explicitly mark all external contracts as trusted or untrusted","ruleId":"mark-callable-contracts","filePath":"Benchmarks/Study_SamplesSet/9111142444f821af1093dacad1bf56af.sol"},{"line":2372,"column":7,"severity":"Warning","message":"Provide an error message for require","ruleId":"reason-string","fix":null,"filePath":"Benchmarks/Study_SamplesSet/9111142444f821af1093dacad1bf56af.sol"},{"line":2372,"column":7,"severity":"Warning","message":"Use Custom Errors instead of require statements","ruleId":"custom-errors","fix":null,"filePath":"Benchmarks/Study_SamplesSet/9111142444f821af1093dacad1bf56af.sol"},{"line":2377,"column":9,"severity":"Warning","message":"Provide an error message for require","ruleId":"reason-string","fix":null,"filePath":"Benchmarks/Study_SamplesSet/9111142444f821af1093dacad1bf56af.sol"},{"line":2377,"column":9,"severity":"Warning","message":"Use Custom Errors instead of require statements","ruleId":"custom-errors","fix":null,"filePath":"Benchmarks/Study_SamplesSet/9111142444f821af1093dacad1bf56af.sol"},{"line":2382,"column":9,"severity":"Warning","message":"Provide an error message for require","ruleId":"reason-string","fix":null,"filePath":"Benchmarks/Study_SamplesSet/9111142444f821af1093dacad1bf56af.sol"},{"line":2382,"column":9,"severity":"Warning","message":"Use Custom Errors instead of require statements","ruleId":"custom-errors","fix":null,"filePath":"Benchmarks/Study_SamplesSet/9111142444f821af1093dacad1bf56af.sol"},{"line":2391,"column":9,"severity":"Warning","message":"Provide an error message for require","ruleId":"reason-string","fix":null,"filePath":"Benchmarks/Study_SamplesSet/9111142444f821af1093dacad1bf56af.sol"},{"line":2391,"column":9,"severity":"Warning","message":"Use Custom Errors instead of require statements","ruleId":"custom-errors","fix":null,"filePath":"Benchmarks/Study_SamplesSet/9111142444f821af1093dacad1bf56af.sol"},{"line":2397,"column":9,"severity":"Warning","message":"Variable \"pledgeAdmin\" is unused","ruleId":"no-unused-vars","fix":null,"filePath":"Benchmarks/Study_SamplesSet/9111142444f821af1093dacad1bf56af.sol"},{"line":2401,"column":9,"severity":"Warning","message":"Rule is set with explicit type [var/s: uint]","ruleId":"explicit-types","filePath":"Benchmarks/Study_SamplesSet/9111142444f821af1093dacad1bf56af.sol"},{"line":2402,"column":37,"severity":"Warning","message":"Rule is set with explicit type [var/s: uint]","ruleId":"explicit-types","filePath":"Benchmarks/Study_SamplesSet/9111142444f821af1093dacad1bf56af.sol"},{"line":2403,"column":9,"severity":"Warning","message":"Provide an error message for require","ruleId":"reason-string","fix":null,"filePath":"Benchmarks/Study_SamplesSet/9111142444f821af1093dacad1bf56af.sol"},{"line":2403,"column":9,"severity":"Warning","message":"Use Custom Errors instead of require statements","ruleId":"custom-errors","fix":null,"filePath":"Benchmarks/Study_SamplesSet/9111142444f821af1093dacad1bf56af.sol"},{"line":2421,"column":9,"severity":"Warning","message":"Variable \"pledgeAdmin\" is unused","ruleId":"no-unused-vars","fix":null,"filePath":"Benchmarks/Study_SamplesSet/9111142444f821af1093dacad1bf56af.sol"},{"line":2425,"column":9,"severity":"Warning","message":"Rule is set with explicit type [var/s: uint]","ruleId":"explicit-types","filePath":"Benchmarks/Study_SamplesSet/9111142444f821af1093dacad1bf56af.sol"},{"line":2427,"column":7,"severity":"Warning","message":"Provide an error message for require","ruleId":"reason-string","fix":null,"filePath":"Benchmarks/Study_SamplesSet/9111142444f821af1093dacad1bf56af.sol"},{"line":2427,"column":7,"severity":"Warning","message":"Use Custom Errors instead of require statements","ruleId":"custom-errors","fix":null,"filePath":"Benchmarks/Study_SamplesSet/9111142444f821af1093dacad1bf56af.sol"},{"line":2437,"column":9,"severity":"Error","message":"Explicitly mark all external contracts as trusted or untrusted","ruleId":"mark-callable-contracts","filePath":"Benchmarks/Study_SamplesSet/9111142444f821af1093dacad1bf56af.sol"},{"line":2442,"column":9,"severity":"Warning","message":"Provide an error message for require","ruleId":"reason-string","fix":null,"filePath":"Benchmarks/Study_SamplesSet/9111142444f821af1093dacad1bf56af.sol"},{"line":2442,"column":9,"severity":"Warning","message":"Use Custom Errors instead of require statements","ruleId":"custom-errors","fix":null,"filePath":"Benchmarks/Study_SamplesSet/9111142444f821af1093dacad1bf56af.sol"},{"line":2447,"column":40,"severity":"Warning","message":"Rule is set with explicit type [var/s: uint]","ruleId":"explicit-types","filePath":"Benchmarks/Study_SamplesSet/9111142444f821af1093dacad1bf56af.sol"},{"line":2448,"column":7,"severity":"Warning","message":"Provide an error message for require","ruleId":"reason-string","fix":null,"filePath":"Benchmarks/Study_SamplesSet/9111142444f821af1093dacad1bf56af.sol"},{"line":2448,"column":7,"severity":"Warning","message":"Use Custom Errors instead of require statements","ruleId":"custom-errors","fix":null,"filePath":"Benchmarks/Study_SamplesSet/9111142444f821af1093dacad1bf56af.sol"},{"line":2462,"column":51,"severity":"Warning","message":"Rule is set with explicit type [var/s: uint]","ruleId":"explicit-types","filePath":"Benchmarks/Study_SamplesSet/9111142444f821af1093dacad1bf56af.sol"},{"line":2463,"column":7,"severity":"Warning","message":"Provide an error message for require","ruleId":"reason-string","fix":null,"filePath":"Benchmarks/Study_SamplesSet/9111142444f821af1093dacad1bf56af.sol"},{"line":2463,"column":7,"severity":"Warning","message":"Use Custom Errors instead of require statements","ruleId":"custom-errors","fix":null,"filePath":"Benchmarks/Study_SamplesSet/9111142444f821af1093dacad1bf56af.sol"},{"line":2463,"column":15,"severity":"Error","message":"Avoid to use low level calls.","ruleId":"avoid-low-level-calls","fix":null,"filePath":"Benchmarks/Study_SamplesSet/9111142444f821af1093dacad1bf56af.sol"},{"line":2463,"column":15,"severity":"Error","message":"Avoid to use \".call.value()()\"","ruleId":"avoid-call-value","fix":null,"filePath":"Benchmarks/Study_SamplesSet/9111142444f821af1093dacad1bf56af.sol"},{"line":2473,"column":25,"severity":"Warning","message":"Variable \"_owner\" is unused","ruleId":"no-unused-vars","fix":null,"filePath":"Benchmarks/Study_SamplesSet/9111142444f821af1093dacad1bf56af.sol"},{"line":2483,"column":51,"severity":"Warning","message":"Rule is set with explicit type [var/s: uint]","ruleId":"explicit-types","filePath":"Benchmarks/Study_SamplesSet/9111142444f821af1093dacad1bf56af.sol"},{"line":2483,"column":23,"severity":"Warning","message":"Variable \"_from\" is unused","ruleId":"no-unused-vars","fix":null,"filePath":"Benchmarks/Study_SamplesSet/9111142444f821af1093dacad1bf56af.sol"},{"line":2483,"column":38,"severity":"Warning","message":"Variable \"_to\" is unused","ruleId":"no-unused-vars","fix":null,"filePath":"Benchmarks/Study_SamplesSet/9111142444f821af1093dacad1bf56af.sol"},{"line":2483,"column":51,"severity":"Warning","message":"Variable \"_amount\" is unused","ruleId":"no-unused-vars","fix":null,"filePath":"Benchmarks/Study_SamplesSet/9111142444f821af1093dacad1bf56af.sol"},{"line":2493,"column":56,"severity":"Warning","message":"Rule is set with explicit type [var/s: uint]","ruleId":"explicit-types","filePath":"Benchmarks/Study_SamplesSet/9111142444f821af1093dacad1bf56af.sol"},{"line":2493,"column":22,"severity":"Warning","message":"Variable \"_owner\" is unused","ruleId":"no-unused-vars","fix":null,"filePath":"Benchmarks/Study_SamplesSet/9111142444f821af1093dacad1bf56af.sol"},{"line":2493,"column":38,"severity":"Warning","message":"Variable \"_spender\" is unused","ruleId":"no-unused-vars","fix":null,"filePath":"Benchmarks/Study_SamplesSet/9111142444f821af1093dacad1bf56af.sol"},{"line":2493,"column":56,"severity":"Warning","message":"Variable \"_amount\" is unused","ruleId":"no-unused-vars","fix":null,"filePath":"Benchmarks/Study_SamplesSet/9111142444f821af1093dacad1bf56af.sol"},{"line":2499,"column":1,"severity":"Error","message":"Compiler version ^0.4.13 does not satisfy the ^0.8.0 semver requirement","ruleId":"compiler-version","fix":null,"filePath":"Benchmarks/Study_SamplesSet/9111142444f821af1093dacad1bf56af.sol"},{"line":2505,"column":5,"severity":"Error","message":"Explicitly mark visibility in function (Set ignoreConstructors to true if using solidity >=0.7.0)","ruleId":"func-visibility","fix":null,"filePath":"Benchmarks/Study_SamplesSet/9111142444f821af1093dacad1bf56af.sol"},{"line":2510,"column":5,"severity":"Error","message":"Explicitly mark visibility in function","ruleId":"func-visibility","fix":null,"filePath":"Benchmarks/Study_SamplesSet/9111142444f821af1093dacad1bf56af.sol"},{"conclusion":"373 problem/s (124 error/s, 249 warning/s)"}]
