[{"line":1,"column":1,"severity":"Warning","message":"Found more than One contract per file. 3 contracts found!","ruleId":"one-contract-per-file","fix":null,"filePath":"Benchmarks/Study_SamplesSet/92cf79d9b486c810a1f9b5cbd3d9da70.sol"},{"line":1,"column":1,"severity":"Error","message":"Compiler version ^0.5.11 does not satisfy the ^0.8.0 semver requirement","ruleId":"compiler-version","fix":null,"filePath":"Benchmarks/Study_SamplesSet/92cf79d9b486c810a1f9b5cbd3d9da70.sol"},{"line":5,"column":1,"severity":"Warning","message":"Function name must be in mixedCase","ruleId":"func-name-mixedcase","fix":null,"filePath":"Benchmarks/Study_SamplesSet/92cf79d9b486c810a1f9b5cbd3d9da70.sol"},{"line":5,"column":25,"severity":"Warning","message":"Variable name must be in mixedCase","ruleId":"var-name-mixedcase","fix":null,"filePath":"Benchmarks/Study_SamplesSet/92cf79d9b486c810a1f9b5cbd3d9da70.sol"},{"line":6,"column":9,"severity":"Warning","message":"Provide an error message for require","ruleId":"reason-string","fix":null,"filePath":"Benchmarks/Study_SamplesSet/92cf79d9b486c810a1f9b5cbd3d9da70.sol"},{"line":6,"column":9,"severity":"Warning","message":"Use Custom Errors instead of require statements","ruleId":"custom-errors","fix":null,"filePath":"Benchmarks/Study_SamplesSet/92cf79d9b486c810a1f9b5cbd3d9da70.sol"},{"line":6,"column":17,"severity":"Error","message":"Avoid to use tx.origin","ruleId":"avoid-tx-origin","fix":null,"filePath":"Benchmarks/Study_SamplesSet/92cf79d9b486c810a1f9b5cbd3d9da70.sol"},{"line":9,"column":1,"severity":"Warning","message":"Function name must be in mixedCase","ruleId":"func-name-mixedcase","fix":null,"filePath":"Benchmarks/Study_SamplesSet/92cf79d9b486c810a1f9b5cbd3d9da70.sol"},{"line":9,"column":27,"severity":"Warning","message":"Variable name must be in mixedCase","ruleId":"var-name-mixedcase","fix":null,"filePath":"Benchmarks/Study_SamplesSet/92cf79d9b486c810a1f9b5cbd3d9da70.sol"},{"line":10,"column":9,"severity":"Warning","message":"Provide an error message for require","ruleId":"reason-string","fix":null,"filePath":"Benchmarks/Study_SamplesSet/92cf79d9b486c810a1f9b5cbd3d9da70.sol"},{"line":10,"column":9,"severity":"Warning","message":"Use Custom Errors instead of require statements","ruleId":"custom-errors","fix":null,"filePath":"Benchmarks/Study_SamplesSet/92cf79d9b486c810a1f9b5cbd3d9da70.sol"},{"line":10,"column":17,"severity":"Error","message":"Avoid to use tx.origin","ruleId":"avoid-tx-origin","fix":null,"filePath":"Benchmarks/Study_SamplesSet/92cf79d9b486c810a1f9b5cbd3d9da70.sol"},{"line":13,"column":1,"severity":"Warning","message":"Function name must be in mixedCase","ruleId":"func-name-mixedcase","fix":null,"filePath":"Benchmarks/Study_SamplesSet/92cf79d9b486c810a1f9b5cbd3d9da70.sol"},{"line":13,"column":60,"severity":"Warning","message":"Variable name must be in mixedCase","ruleId":"var-name-mixedcase","fix":null,"filePath":"Benchmarks/Study_SamplesSet/92cf79d9b486c810a1f9b5cbd3d9da70.sol"},{"line":14,"column":9,"severity":"Warning","message":"Provide an error message for require","ruleId":"reason-string","fix":null,"filePath":"Benchmarks/Study_SamplesSet/92cf79d9b486c810a1f9b5cbd3d9da70.sol"},{"line":14,"column":9,"severity":"Warning","message":"Use Custom Errors instead of require statements","ruleId":"custom-errors","fix":null,"filePath":"Benchmarks/Study_SamplesSet/92cf79d9b486c810a1f9b5cbd3d9da70.sol"},{"line":14,"column":17,"severity":"Error","message":"Avoid to use tx.origin","ruleId":"avoid-tx-origin","fix":null,"filePath":"Benchmarks/Study_SamplesSet/92cf79d9b486c810a1f9b5cbd3d9da70.sol"},{"line":18,"column":1,"severity":"Warning","message":"Function name must be in mixedCase","ruleId":"func-name-mixedcase","fix":null,"filePath":"Benchmarks/Study_SamplesSet/92cf79d9b486c810a1f9b5cbd3d9da70.sol"},{"line":18,"column":24,"severity":"Warning","message":"Variable name must be in mixedCase","ruleId":"var-name-mixedcase","fix":null,"filePath":"Benchmarks/Study_SamplesSet/92cf79d9b486c810a1f9b5cbd3d9da70.sol"},{"line":19,"column":9,"severity":"Warning","message":"Provide an error message for require","ruleId":"reason-string","fix":null,"filePath":"Benchmarks/Study_SamplesSet/92cf79d9b486c810a1f9b5cbd3d9da70.sol"},{"line":19,"column":9,"severity":"Warning","message":"Use Custom Errors instead of require statements","ruleId":"custom-errors","fix":null,"filePath":"Benchmarks/Study_SamplesSet/92cf79d9b486c810a1f9b5cbd3d9da70.sol"},{"line":19,"column":17,"severity":"Error","message":"Avoid to use tx.origin","ruleId":"avoid-tx-origin","fix":null,"filePath":"Benchmarks/Study_SamplesSet/92cf79d9b486c810a1f9b5cbd3d9da70.sol"},{"line":57,"column":3,"severity":"Warning","message":"Function name must be in mixedCase","ruleId":"func-name-mixedcase","fix":null,"filePath":"Benchmarks/Study_SamplesSet/92cf79d9b486c810a1f9b5cbd3d9da70.sol"},{"line":57,"column":56,"severity":"Warning","message":"Rule is set with explicit type [var/s: uint]","ruleId":"explicit-types","filePath":"Benchmarks/Study_SamplesSet/92cf79d9b486c810a1f9b5cbd3d9da70.sol"},{"line":57,"column":68,"severity":"Warning","message":"Variable name must be in mixedCase","ruleId":"var-name-mixedcase","fix":null,"filePath":"Benchmarks/Study_SamplesSet/92cf79d9b486c810a1f9b5cbd3d9da70.sol"},{"line":58,"column":2,"severity":"Warning","message":"Provide an error message for require","ruleId":"reason-string","fix":null,"filePath":"Benchmarks/Study_SamplesSet/92cf79d9b486c810a1f9b5cbd3d9da70.sol"},{"line":58,"column":2,"severity":"Warning","message":"Use Custom Errors instead of require statements","ruleId":"custom-errors","fix":null,"filePath":"Benchmarks/Study_SamplesSet/92cf79d9b486c810a1f9b5cbd3d9da70.sol"},{"line":58,"column":11,"severity":"Error","message":"Avoid to use tx.origin","ruleId":"avoid-tx-origin","fix":null,"filePath":"Benchmarks/Study_SamplesSet/92cf79d9b486c810a1f9b5cbd3d9da70.sol"},{"line":63,"column":3,"severity":"Warning","message":"Function name must be in mixedCase","ruleId":"func-name-mixedcase","fix":null,"filePath":"Benchmarks/Study_SamplesSet/92cf79d9b486c810a1f9b5cbd3d9da70.sol"},{"line":63,"column":46,"severity":"Warning","message":"Rule is set with explicit type [var/s: uint]","ruleId":"explicit-types","filePath":"Benchmarks/Study_SamplesSet/92cf79d9b486c810a1f9b5cbd3d9da70.sol"},{"line":63,"column":58,"severity":"Warning","message":"Variable name must be in mixedCase","ruleId":"var-name-mixedcase","fix":null,"filePath":"Benchmarks/Study_SamplesSet/92cf79d9b486c810a1f9b5cbd3d9da70.sol"},{"line":64,"column":3,"severity":"Warning","message":"Provide an error message for require","ruleId":"reason-string","fix":null,"filePath":"Benchmarks/Study_SamplesSet/92cf79d9b486c810a1f9b5cbd3d9da70.sol"},{"line":64,"column":3,"severity":"Warning","message":"Use Custom Errors instead of require statements","ruleId":"custom-errors","fix":null,"filePath":"Benchmarks/Study_SamplesSet/92cf79d9b486c810a1f9b5cbd3d9da70.sol"},{"line":64,"column":11,"severity":"Error","message":"Avoid to use tx.origin","ruleId":"avoid-tx-origin","fix":null,"filePath":"Benchmarks/Study_SamplesSet/92cf79d9b486c810a1f9b5cbd3d9da70.sol"},{"line":65,"column":3,"severity":"Error","message":"Avoid to use low level calls.","ruleId":"avoid-low-level-calls","fix":null,"filePath":"Benchmarks/Study_SamplesSet/92cf79d9b486c810a1f9b5cbd3d9da70.sol"},{"line":65,"column":3,"severity":"Error","message":"Avoid to use \".call.value()()\"","ruleId":"avoid-call-value","fix":null,"filePath":"Benchmarks/Study_SamplesSet/92cf79d9b486c810a1f9b5cbd3d9da70.sol"},{"line":67,"column":3,"severity":"Error","message":"Explicitly mark visibility of state","ruleId":"state-visibility","fix":null,"filePath":"Benchmarks/Study_SamplesSet/92cf79d9b486c810a1f9b5cbd3d9da70.sol"},{"line":69,"column":3,"severity":"Warning","message":"Function name must be in mixedCase","ruleId":"func-name-mixedcase","fix":null,"filePath":"Benchmarks/Study_SamplesSet/92cf79d9b486c810a1f9b5cbd3d9da70.sol"},{"line":69,"column":55,"severity":"Warning","message":"Rule is set with explicit type [var/s: uint]","ruleId":"explicit-types","filePath":"Benchmarks/Study_SamplesSet/92cf79d9b486c810a1f9b5cbd3d9da70.sol"},{"line":69,"column":67,"severity":"Warning","message":"Variable name must be in mixedCase","ruleId":"var-name-mixedcase","fix":null,"filePath":"Benchmarks/Study_SamplesSet/92cf79d9b486c810a1f9b5cbd3d9da70.sol"},{"line":70,"column":2,"severity":"Warning","message":"Provide an error message for require","ruleId":"reason-string","fix":null,"filePath":"Benchmarks/Study_SamplesSet/92cf79d9b486c810a1f9b5cbd3d9da70.sol"},{"line":70,"column":2,"severity":"Warning","message":"Use Custom Errors instead of require statements","ruleId":"custom-errors","fix":null,"filePath":"Benchmarks/Study_SamplesSet/92cf79d9b486c810a1f9b5cbd3d9da70.sol"},{"line":70,"column":11,"severity":"Error","message":"Avoid to use tx.origin","ruleId":"avoid-tx-origin","fix":null,"filePath":"Benchmarks/Study_SamplesSet/92cf79d9b486c810a1f9b5cbd3d9da70.sol"},{"line":75,"column":3,"severity":"Warning","message":"Function name must be in mixedCase","ruleId":"func-name-mixedcase","fix":null,"filePath":"Benchmarks/Study_SamplesSet/92cf79d9b486c810a1f9b5cbd3d9da70.sol"},{"line":75,"column":61,"severity":"Warning","message":"Variable name must be in mixedCase","ruleId":"var-name-mixedcase","fix":null,"filePath":"Benchmarks/Study_SamplesSet/92cf79d9b486c810a1f9b5cbd3d9da70.sol"},{"line":76,"column":9,"severity":"Warning","message":"Provide an error message for require","ruleId":"reason-string","fix":null,"filePath":"Benchmarks/Study_SamplesSet/92cf79d9b486c810a1f9b5cbd3d9da70.sol"},{"line":76,"column":9,"severity":"Warning","message":"Use Custom Errors instead of require statements","ruleId":"custom-errors","fix":null,"filePath":"Benchmarks/Study_SamplesSet/92cf79d9b486c810a1f9b5cbd3d9da70.sol"},{"line":76,"column":17,"severity":"Error","message":"Avoid to use tx.origin","ruleId":"avoid-tx-origin","fix":null,"filePath":"Benchmarks/Study_SamplesSet/92cf79d9b486c810a1f9b5cbd3d9da70.sol"},{"line":81,"column":3,"severity":"Warning","message":"Function name must be in mixedCase","ruleId":"func-name-mixedcase","fix":null,"filePath":"Benchmarks/Study_SamplesSet/92cf79d9b486c810a1f9b5cbd3d9da70.sol"},{"line":81,"column":56,"severity":"Warning","message":"Rule is set with explicit type [var/s: uint]","ruleId":"explicit-types","filePath":"Benchmarks/Study_SamplesSet/92cf79d9b486c810a1f9b5cbd3d9da70.sol"},{"line":81,"column":68,"severity":"Warning","message":"Variable name must be in mixedCase","ruleId":"var-name-mixedcase","fix":null,"filePath":"Benchmarks/Study_SamplesSet/92cf79d9b486c810a1f9b5cbd3d9da70.sol"},{"line":82,"column":2,"severity":"Warning","message":"Provide an error message for require","ruleId":"reason-string","fix":null,"filePath":"Benchmarks/Study_SamplesSet/92cf79d9b486c810a1f9b5cbd3d9da70.sol"},{"line":82,"column":2,"severity":"Warning","message":"Use Custom Errors instead of require statements","ruleId":"custom-errors","fix":null,"filePath":"Benchmarks/Study_SamplesSet/92cf79d9b486c810a1f9b5cbd3d9da70.sol"},{"line":82,"column":11,"severity":"Error","message":"Avoid to use tx.origin","ruleId":"avoid-tx-origin","fix":null,"filePath":"Benchmarks/Study_SamplesSet/92cf79d9b486c810a1f9b5cbd3d9da70.sol"},{"line":87,"column":5,"severity":"Warning","message":"Contract, Structs and Enums should be in CamelCase","ruleId":"contract-name-camelcase","filePath":"Benchmarks/Study_SamplesSet/92cf79d9b486c810a1f9b5cbd3d9da70.sol"},{"line":101,"column":5,"severity":"Warning","message":"Contract, Structs and Enums should be in CamelCase","ruleId":"contract-name-camelcase","filePath":"Benchmarks/Study_SamplesSet/92cf79d9b486c810a1f9b5cbd3d9da70.sol"},{"line":114,"column":1,"severity":"Warning","message":"Function name must be in mixedCase","ruleId":"func-name-mixedcase","fix":null,"filePath":"Benchmarks/Study_SamplesSet/92cf79d9b486c810a1f9b5cbd3d9da70.sol"},{"line":114,"column":43,"severity":"Warning","message":"Rule is set with explicit type [var/s: uint]","ruleId":"explicit-types","filePath":"Benchmarks/Study_SamplesSet/92cf79d9b486c810a1f9b5cbd3d9da70.sol"},{"line":114,"column":55,"severity":"Warning","message":"Variable name must be in mixedCase","ruleId":"var-name-mixedcase","fix":null,"filePath":"Benchmarks/Study_SamplesSet/92cf79d9b486c810a1f9b5cbd3d9da70.sol"},{"line":115,"column":3,"severity":"Warning","message":"Provide an error message for require","ruleId":"reason-string","fix":null,"filePath":"Benchmarks/Study_SamplesSet/92cf79d9b486c810a1f9b5cbd3d9da70.sol"},{"line":115,"column":3,"severity":"Warning","message":"Use Custom Errors instead of require statements","ruleId":"custom-errors","fix":null,"filePath":"Benchmarks/Study_SamplesSet/92cf79d9b486c810a1f9b5cbd3d9da70.sol"},{"line":115,"column":11,"severity":"Error","message":"Avoid to use tx.origin","ruleId":"avoid-tx-origin","fix":null,"filePath":"Benchmarks/Study_SamplesSet/92cf79d9b486c810a1f9b5cbd3d9da70.sol"},{"line":116,"column":3,"severity":"Error","message":"Avoid to use low level calls.","ruleId":"avoid-low-level-calls","fix":null,"filePath":"Benchmarks/Study_SamplesSet/92cf79d9b486c810a1f9b5cbd3d9da70.sol"},{"line":116,"column":3,"severity":"Error","message":"Avoid to use \".call.value()()\"","ruleId":"avoid-call-value","fix":null,"filePath":"Benchmarks/Study_SamplesSet/92cf79d9b486c810a1f9b5cbd3d9da70.sol"},{"line":120,"column":3,"severity":"Warning","message":"Function name must be in mixedCase","ruleId":"func-name-mixedcase","fix":null,"filePath":"Benchmarks/Study_SamplesSet/92cf79d9b486c810a1f9b5cbd3d9da70.sol"},{"line":120,"column":56,"severity":"Warning","message":"Rule is set with explicit type [var/s: uint]","ruleId":"explicit-types","filePath":"Benchmarks/Study_SamplesSet/92cf79d9b486c810a1f9b5cbd3d9da70.sol"},{"line":120,"column":68,"severity":"Warning","message":"Variable name must be in mixedCase","ruleId":"var-name-mixedcase","fix":null,"filePath":"Benchmarks/Study_SamplesSet/92cf79d9b486c810a1f9b5cbd3d9da70.sol"},{"line":121,"column":2,"severity":"Warning","message":"Provide an error message for require","ruleId":"reason-string","fix":null,"filePath":"Benchmarks/Study_SamplesSet/92cf79d9b486c810a1f9b5cbd3d9da70.sol"},{"line":121,"column":2,"severity":"Warning","message":"Use Custom Errors instead of require statements","ruleId":"custom-errors","fix":null,"filePath":"Benchmarks/Study_SamplesSet/92cf79d9b486c810a1f9b5cbd3d9da70.sol"},{"line":121,"column":11,"severity":"Error","message":"Avoid to use tx.origin","ruleId":"avoid-tx-origin","fix":null,"filePath":"Benchmarks/Study_SamplesSet/92cf79d9b486c810a1f9b5cbd3d9da70.sol"},{"line":124,"column":3,"severity":"Warning","message":"Variable name must be in mixedCase","ruleId":"var-name-mixedcase","fix":null,"filePath":"Benchmarks/Study_SamplesSet/92cf79d9b486c810a1f9b5cbd3d9da70.sol"},{"line":126,"column":3,"severity":"Warning","message":"Function name must be in mixedCase","ruleId":"func-name-mixedcase","fix":null,"filePath":"Benchmarks/Study_SamplesSet/92cf79d9b486c810a1f9b5cbd3d9da70.sol"},{"line":126,"column":45,"severity":"Warning","message":"Rule is set with explicit type [var/s: uint]","ruleId":"explicit-types","filePath":"Benchmarks/Study_SamplesSet/92cf79d9b486c810a1f9b5cbd3d9da70.sol"},{"line":126,"column":57,"severity":"Warning","message":"Variable name must be in mixedCase","ruleId":"var-name-mixedcase","fix":null,"filePath":"Benchmarks/Study_SamplesSet/92cf79d9b486c810a1f9b5cbd3d9da70.sol"},{"line":127,"column":3,"severity":"Warning","message":"Provide an error message for require","ruleId":"reason-string","fix":null,"filePath":"Benchmarks/Study_SamplesSet/92cf79d9b486c810a1f9b5cbd3d9da70.sol"},{"line":127,"column":3,"severity":"Warning","message":"Use Custom Errors instead of require statements","ruleId":"custom-errors","fix":null,"filePath":"Benchmarks/Study_SamplesSet/92cf79d9b486c810a1f9b5cbd3d9da70.sol"},{"line":127,"column":11,"severity":"Error","message":"Avoid to use tx.origin","ruleId":"avoid-tx-origin","fix":null,"filePath":"Benchmarks/Study_SamplesSet/92cf79d9b486c810a1f9b5cbd3d9da70.sol"},{"line":128,"column":3,"severity":"Error","message":"Avoid to use low level calls.","ruleId":"avoid-low-level-calls","fix":null,"filePath":"Benchmarks/Study_SamplesSet/92cf79d9b486c810a1f9b5cbd3d9da70.sol"},{"line":128,"column":3,"severity":"Error","message":"Avoid to use \".call.value()()\"","ruleId":"avoid-call-value","fix":null,"filePath":"Benchmarks/Study_SamplesSet/92cf79d9b486c810a1f9b5cbd3d9da70.sol"},{"line":132,"column":3,"severity":"Warning","message":"Function name must be in mixedCase","ruleId":"func-name-mixedcase","fix":null,"filePath":"Benchmarks/Study_SamplesSet/92cf79d9b486c810a1f9b5cbd3d9da70.sol"},{"line":132,"column":55,"severity":"Warning","message":"Rule is set with explicit type [var/s: uint]","ruleId":"explicit-types","filePath":"Benchmarks/Study_SamplesSet/92cf79d9b486c810a1f9b5cbd3d9da70.sol"},{"line":132,"column":67,"severity":"Warning","message":"Variable name must be in mixedCase","ruleId":"var-name-mixedcase","fix":null,"filePath":"Benchmarks/Study_SamplesSet/92cf79d9b486c810a1f9b5cbd3d9da70.sol"},{"line":133,"column":2,"severity":"Warning","message":"Provide an error message for require","ruleId":"reason-string","fix":null,"filePath":"Benchmarks/Study_SamplesSet/92cf79d9b486c810a1f9b5cbd3d9da70.sol"},{"line":133,"column":2,"severity":"Warning","message":"Use Custom Errors instead of require statements","ruleId":"custom-errors","fix":null,"filePath":"Benchmarks/Study_SamplesSet/92cf79d9b486c810a1f9b5cbd3d9da70.sol"},{"line":133,"column":11,"severity":"Error","message":"Avoid to use tx.origin","ruleId":"avoid-tx-origin","fix":null,"filePath":"Benchmarks/Study_SamplesSet/92cf79d9b486c810a1f9b5cbd3d9da70.sol"},{"line":138,"column":4,"severity":"Warning","message":"Function name must be in mixedCase","ruleId":"func-name-mixedcase","fix":null,"filePath":"Benchmarks/Study_SamplesSet/92cf79d9b486c810a1f9b5cbd3d9da70.sol"},{"line":138,"column":57,"severity":"Warning","message":"Rule is set with explicit type [var/s: uint]","ruleId":"explicit-types","filePath":"Benchmarks/Study_SamplesSet/92cf79d9b486c810a1f9b5cbd3d9da70.sol"},{"line":138,"column":69,"severity":"Warning","message":"Variable name must be in mixedCase","ruleId":"var-name-mixedcase","fix":null,"filePath":"Benchmarks/Study_SamplesSet/92cf79d9b486c810a1f9b5cbd3d9da70.sol"},{"line":139,"column":2,"severity":"Warning","message":"Provide an error message for require","ruleId":"reason-string","fix":null,"filePath":"Benchmarks/Study_SamplesSet/92cf79d9b486c810a1f9b5cbd3d9da70.sol"},{"line":139,"column":2,"severity":"Warning","message":"Use Custom Errors instead of require statements","ruleId":"custom-errors","fix":null,"filePath":"Benchmarks/Study_SamplesSet/92cf79d9b486c810a1f9b5cbd3d9da70.sol"},{"line":139,"column":11,"severity":"Error","message":"Avoid to use tx.origin","ruleId":"avoid-tx-origin","fix":null,"filePath":"Benchmarks/Study_SamplesSet/92cf79d9b486c810a1f9b5cbd3d9da70.sol"},{"line":144,"column":4,"severity":"Warning","message":"Function name must be in mixedCase","ruleId":"func-name-mixedcase","fix":null,"filePath":"Benchmarks/Study_SamplesSet/92cf79d9b486c810a1f9b5cbd3d9da70.sol"},{"line":144,"column":47,"severity":"Warning","message":"Rule is set with explicit type [var/s: uint]","ruleId":"explicit-types","filePath":"Benchmarks/Study_SamplesSet/92cf79d9b486c810a1f9b5cbd3d9da70.sol"},{"line":144,"column":59,"severity":"Warning","message":"Variable name must be in mixedCase","ruleId":"var-name-mixedcase","fix":null,"filePath":"Benchmarks/Study_SamplesSet/92cf79d9b486c810a1f9b5cbd3d9da70.sol"},{"line":145,"column":3,"severity":"Warning","message":"Provide an error message for require","ruleId":"reason-string","fix":null,"filePath":"Benchmarks/Study_SamplesSet/92cf79d9b486c810a1f9b5cbd3d9da70.sol"},{"line":145,"column":3,"severity":"Warning","message":"Use Custom Errors instead of require statements","ruleId":"custom-errors","fix":null,"filePath":"Benchmarks/Study_SamplesSet/92cf79d9b486c810a1f9b5cbd3d9da70.sol"},{"line":145,"column":11,"severity":"Error","message":"Avoid to use tx.origin","ruleId":"avoid-tx-origin","fix":null,"filePath":"Benchmarks/Study_SamplesSet/92cf79d9b486c810a1f9b5cbd3d9da70.sol"},{"line":146,"column":3,"severity":"Error","message":"Avoid to use low level calls.","ruleId":"avoid-low-level-calls","fix":null,"filePath":"Benchmarks/Study_SamplesSet/92cf79d9b486c810a1f9b5cbd3d9da70.sol"},{"line":146,"column":3,"severity":"Error","message":"Avoid to use \".call.value()()\"","ruleId":"avoid-call-value","fix":null,"filePath":"Benchmarks/Study_SamplesSet/92cf79d9b486c810a1f9b5cbd3d9da70.sol"},{"line":150,"column":4,"severity":"Warning","message":"Function name must be in mixedCase","ruleId":"func-name-mixedcase","fix":null,"filePath":"Benchmarks/Study_SamplesSet/92cf79d9b486c810a1f9b5cbd3d9da70.sol"},{"line":150,"column":63,"severity":"Warning","message":"Variable name must be in mixedCase","ruleId":"var-name-mixedcase","fix":null,"filePath":"Benchmarks/Study_SamplesSet/92cf79d9b486c810a1f9b5cbd3d9da70.sol"},{"line":151,"column":9,"severity":"Warning","message":"Provide an error message for require","ruleId":"reason-string","fix":null,"filePath":"Benchmarks/Study_SamplesSet/92cf79d9b486c810a1f9b5cbd3d9da70.sol"},{"line":151,"column":9,"severity":"Warning","message":"Use Custom Errors instead of require statements","ruleId":"custom-errors","fix":null,"filePath":"Benchmarks/Study_SamplesSet/92cf79d9b486c810a1f9b5cbd3d9da70.sol"},{"line":151,"column":17,"severity":"Error","message":"Avoid to use tx.origin","ruleId":"avoid-tx-origin","fix":null,"filePath":"Benchmarks/Study_SamplesSet/92cf79d9b486c810a1f9b5cbd3d9da70.sol"},{"line":157,"column":8,"severity":"Warning","message":"Provide an error message for require","ruleId":"reason-string","fix":null,"filePath":"Benchmarks/Study_SamplesSet/92cf79d9b486c810a1f9b5cbd3d9da70.sol"},{"line":157,"column":8,"severity":"Warning","message":"Use Custom Errors instead of require statements","ruleId":"custom-errors","fix":null,"filePath":"Benchmarks/Study_SamplesSet/92cf79d9b486c810a1f9b5cbd3d9da70.sol"},{"line":162,"column":9,"severity":"Warning","message":"Provide an error message for require","ruleId":"reason-string","fix":null,"filePath":"Benchmarks/Study_SamplesSet/92cf79d9b486c810a1f9b5cbd3d9da70.sol"},{"line":162,"column":9,"severity":"Warning","message":"Use Custom Errors instead of require statements","ruleId":"custom-errors","fix":null,"filePath":"Benchmarks/Study_SamplesSet/92cf79d9b486c810a1f9b5cbd3d9da70.sol"},{"line":166,"column":1,"severity":"Warning","message":"Function name must be in mixedCase","ruleId":"func-name-mixedcase","fix":null,"filePath":"Benchmarks/Study_SamplesSet/92cf79d9b486c810a1f9b5cbd3d9da70.sol"},{"line":166,"column":44,"severity":"Warning","message":"Rule is set with explicit type [var/s: uint]","ruleId":"explicit-types","filePath":"Benchmarks/Study_SamplesSet/92cf79d9b486c810a1f9b5cbd3d9da70.sol"},{"line":166,"column":56,"severity":"Warning","message":"Variable name must be in mixedCase","ruleId":"var-name-mixedcase","fix":null,"filePath":"Benchmarks/Study_SamplesSet/92cf79d9b486c810a1f9b5cbd3d9da70.sol"},{"line":167,"column":3,"severity":"Warning","message":"Provide an error message for require","ruleId":"reason-string","fix":null,"filePath":"Benchmarks/Study_SamplesSet/92cf79d9b486c810a1f9b5cbd3d9da70.sol"},{"line":167,"column":3,"severity":"Warning","message":"Use Custom Errors instead of require statements","ruleId":"custom-errors","fix":null,"filePath":"Benchmarks/Study_SamplesSet/92cf79d9b486c810a1f9b5cbd3d9da70.sol"},{"line":167,"column":11,"severity":"Error","message":"Avoid to use tx.origin","ruleId":"avoid-tx-origin","fix":null,"filePath":"Benchmarks/Study_SamplesSet/92cf79d9b486c810a1f9b5cbd3d9da70.sol"},{"line":168,"column":3,"severity":"Error","message":"Avoid to use low level calls.","ruleId":"avoid-low-level-calls","fix":null,"filePath":"Benchmarks/Study_SamplesSet/92cf79d9b486c810a1f9b5cbd3d9da70.sol"},{"line":168,"column":3,"severity":"Error","message":"Avoid to use \".call.value()()\"","ruleId":"avoid-call-value","fix":null,"filePath":"Benchmarks/Study_SamplesSet/92cf79d9b486c810a1f9b5cbd3d9da70.sol"},{"line":172,"column":9,"severity":"Warning","message":"Provide an error message for require","ruleId":"reason-string","fix":null,"filePath":"Benchmarks/Study_SamplesSet/92cf79d9b486c810a1f9b5cbd3d9da70.sol"},{"line":172,"column":9,"severity":"Warning","message":"Use Custom Errors instead of require statements","ruleId":"custom-errors","fix":null,"filePath":"Benchmarks/Study_SamplesSet/92cf79d9b486c810a1f9b5cbd3d9da70.sol"},{"line":178,"column":1,"severity":"Warning","message":"Function name must be in mixedCase","ruleId":"func-name-mixedcase","fix":null,"filePath":"Benchmarks/Study_SamplesSet/92cf79d9b486c810a1f9b5cbd3d9da70.sol"},{"line":178,"column":60,"severity":"Warning","message":"Variable name must be in mixedCase","ruleId":"var-name-mixedcase","fix":null,"filePath":"Benchmarks/Study_SamplesSet/92cf79d9b486c810a1f9b5cbd3d9da70.sol"},{"line":179,"column":9,"severity":"Warning","message":"Provide an error message for require","ruleId":"reason-string","fix":null,"filePath":"Benchmarks/Study_SamplesSet/92cf79d9b486c810a1f9b5cbd3d9da70.sol"},{"line":179,"column":9,"severity":"Warning","message":"Use Custom Errors instead of require statements","ruleId":"custom-errors","fix":null,"filePath":"Benchmarks/Study_SamplesSet/92cf79d9b486c810a1f9b5cbd3d9da70.sol"},{"line":179,"column":17,"severity":"Error","message":"Avoid to use tx.origin","ruleId":"avoid-tx-origin","fix":null,"filePath":"Benchmarks/Study_SamplesSet/92cf79d9b486c810a1f9b5cbd3d9da70.sol"},{"line":183,"column":39,"severity":"Warning","message":"Visibility modifier must be first in list of modifiers","ruleId":"visibility-modifier-order","fix":null,"filePath":"Benchmarks/Study_SamplesSet/92cf79d9b486c810a1f9b5cbd3d9da70.sol"},{"line":184,"column":9,"severity":"Warning","message":"Provide an error message for require","ruleId":"reason-string","fix":null,"filePath":"Benchmarks/Study_SamplesSet/92cf79d9b486c810a1f9b5cbd3d9da70.sol"},{"line":184,"column":9,"severity":"Warning","message":"Use Custom Errors instead of require statements","ruleId":"custom-errors","fix":null,"filePath":"Benchmarks/Study_SamplesSet/92cf79d9b486c810a1f9b5cbd3d9da70.sol"},{"line":189,"column":1,"severity":"Warning","message":"Function name must be in mixedCase","ruleId":"func-name-mixedcase","fix":null,"filePath":"Benchmarks/Study_SamplesSet/92cf79d9b486c810a1f9b5cbd3d9da70.sol"},{"line":189,"column":60,"severity":"Warning","message":"Variable name must be in mixedCase","ruleId":"var-name-mixedcase","fix":null,"filePath":"Benchmarks/Study_SamplesSet/92cf79d9b486c810a1f9b5cbd3d9da70.sol"},{"line":190,"column":9,"severity":"Warning","message":"Provide an error message for require","ruleId":"reason-string","fix":null,"filePath":"Benchmarks/Study_SamplesSet/92cf79d9b486c810a1f9b5cbd3d9da70.sol"},{"line":190,"column":9,"severity":"Warning","message":"Use Custom Errors instead of require statements","ruleId":"custom-errors","fix":null,"filePath":"Benchmarks/Study_SamplesSet/92cf79d9b486c810a1f9b5cbd3d9da70.sol"},{"line":190,"column":17,"severity":"Error","message":"Avoid to use tx.origin","ruleId":"avoid-tx-origin","fix":null,"filePath":"Benchmarks/Study_SamplesSet/92cf79d9b486c810a1f9b5cbd3d9da70.sol"},{"line":194,"column":81,"severity":"Warning","message":"Visibility modifier must be first in list of modifiers","ruleId":"visibility-modifier-order","fix":null,"filePath":"Benchmarks/Study_SamplesSet/92cf79d9b486c810a1f9b5cbd3d9da70.sol"},{"line":196,"column":9,"severity":"Warning","message":"Provide an error message for require","ruleId":"reason-string","fix":null,"filePath":"Benchmarks/Study_SamplesSet/92cf79d9b486c810a1f9b5cbd3d9da70.sol"},{"line":196,"column":9,"severity":"Warning","message":"Use Custom Errors instead of require statements","ruleId":"custom-errors","fix":null,"filePath":"Benchmarks/Study_SamplesSet/92cf79d9b486c810a1f9b5cbd3d9da70.sol"},{"line":197,"column":9,"severity":"Warning","message":"Provide an error message for require","ruleId":"reason-string","fix":null,"filePath":"Benchmarks/Study_SamplesSet/92cf79d9b486c810a1f9b5cbd3d9da70.sol"},{"line":197,"column":9,"severity":"Warning","message":"Use Custom Errors instead of require statements","ruleId":"custom-errors","fix":null,"filePath":"Benchmarks/Study_SamplesSet/92cf79d9b486c810a1f9b5cbd3d9da70.sol"},{"line":199,"column":9,"severity":"Error","message":"Explicitly mark all external contracts as trusted or untrusted","ruleId":"mark-callable-contracts","filePath":"Benchmarks/Study_SamplesSet/92cf79d9b486c810a1f9b5cbd3d9da70.sol"},{"line":204,"column":1,"severity":"Warning","message":"Function name must be in mixedCase","ruleId":"func-name-mixedcase","fix":null,"filePath":"Benchmarks/Study_SamplesSet/92cf79d9b486c810a1f9b5cbd3d9da70.sol"},{"line":204,"column":24,"severity":"Warning","message":"Variable name must be in mixedCase","ruleId":"var-name-mixedcase","fix":null,"filePath":"Benchmarks/Study_SamplesSet/92cf79d9b486c810a1f9b5cbd3d9da70.sol"},{"line":205,"column":9,"severity":"Warning","message":"Provide an error message for require","ruleId":"reason-string","fix":null,"filePath":"Benchmarks/Study_SamplesSet/92cf79d9b486c810a1f9b5cbd3d9da70.sol"},{"line":205,"column":9,"severity":"Warning","message":"Use Custom Errors instead of require statements","ruleId":"custom-errors","fix":null,"filePath":"Benchmarks/Study_SamplesSet/92cf79d9b486c810a1f9b5cbd3d9da70.sol"},{"line":205,"column":17,"severity":"Error","message":"Avoid to use tx.origin","ruleId":"avoid-tx-origin","fix":null,"filePath":"Benchmarks/Study_SamplesSet/92cf79d9b486c810a1f9b5cbd3d9da70.sol"},{"line":208,"column":84,"severity":"Warning","message":"Visibility modifier must be first in list of modifiers","ruleId":"visibility-modifier-order","fix":null,"filePath":"Benchmarks/Study_SamplesSet/92cf79d9b486c810a1f9b5cbd3d9da70.sol"},{"line":209,"column":9,"severity":"Warning","message":"Provide an error message for require","ruleId":"reason-string","fix":null,"filePath":"Benchmarks/Study_SamplesSet/92cf79d9b486c810a1f9b5cbd3d9da70.sol"},{"line":209,"column":9,"severity":"Warning","message":"Use Custom Errors instead of require statements","ruleId":"custom-errors","fix":null,"filePath":"Benchmarks/Study_SamplesSet/92cf79d9b486c810a1f9b5cbd3d9da70.sol"},{"line":211,"column":10,"severity":"Warning","message":"Provide an error message for require","ruleId":"reason-string","fix":null,"filePath":"Benchmarks/Study_SamplesSet/92cf79d9b486c810a1f9b5cbd3d9da70.sol"},{"line":211,"column":10,"severity":"Warning","message":"Use Custom Errors instead of require statements","ruleId":"custom-errors","fix":null,"filePath":"Benchmarks/Study_SamplesSet/92cf79d9b486c810a1f9b5cbd3d9da70.sol"},{"line":212,"column":10,"severity":"Warning","message":"Provide an error message for require","ruleId":"reason-string","fix":null,"filePath":"Benchmarks/Study_SamplesSet/92cf79d9b486c810a1f9b5cbd3d9da70.sol"},{"line":212,"column":10,"severity":"Warning","message":"Use Custom Errors instead of require statements","ruleId":"custom-errors","fix":null,"filePath":"Benchmarks/Study_SamplesSet/92cf79d9b486c810a1f9b5cbd3d9da70.sol"},{"line":213,"column":10,"severity":"Warning","message":"Provide an error message for require","ruleId":"reason-string","fix":null,"filePath":"Benchmarks/Study_SamplesSet/92cf79d9b486c810a1f9b5cbd3d9da70.sol"},{"line":213,"column":10,"severity":"Warning","message":"Use Custom Errors instead of require statements","ruleId":"custom-errors","fix":null,"filePath":"Benchmarks/Study_SamplesSet/92cf79d9b486c810a1f9b5cbd3d9da70.sol"},{"line":215,"column":17,"severity":"Error","message":"Possible reentrancy vulnerabilities. Avoid state changes after transfer.","ruleId":"reentrancy","fix":null,"filePath":"Benchmarks/Study_SamplesSet/92cf79d9b486c810a1f9b5cbd3d9da70.sol"},{"line":216,"column":17,"severity":"Error","message":"Possible reentrancy vulnerabilities. Avoid state changes after transfer.","ruleId":"reentrancy","fix":null,"filePath":"Benchmarks/Study_SamplesSet/92cf79d9b486c810a1f9b5cbd3d9da70.sol"},{"line":220,"column":9,"severity":"Warning","message":"Provide an error message for require","ruleId":"reason-string","fix":null,"filePath":"Benchmarks/Study_SamplesSet/92cf79d9b486c810a1f9b5cbd3d9da70.sol"},{"line":220,"column":9,"severity":"Warning","message":"Use Custom Errors instead of require statements","ruleId":"custom-errors","fix":null,"filePath":"Benchmarks/Study_SamplesSet/92cf79d9b486c810a1f9b5cbd3d9da70.sol"},{"line":221,"column":9,"severity":"Warning","message":"Provide an error message for require","ruleId":"reason-string","fix":null,"filePath":"Benchmarks/Study_SamplesSet/92cf79d9b486c810a1f9b5cbd3d9da70.sol"},{"line":221,"column":9,"severity":"Warning","message":"Use Custom Errors instead of require statements","ruleId":"custom-errors","fix":null,"filePath":"Benchmarks/Study_SamplesSet/92cf79d9b486c810a1f9b5cbd3d9da70.sol"},{"line":222,"column":15,"severity":"Error","message":"Explicitly mark all external contracts as trusted or untrusted","ruleId":"mark-callable-contracts","filePath":"Benchmarks/Study_SamplesSet/92cf79d9b486c810a1f9b5cbd3d9da70.sol"},{"line":223,"column":15,"severity":"Error","message":"Possible reentrancy vulnerabilities. Avoid state changes after transfer.","ruleId":"reentrancy","fix":null,"filePath":"Benchmarks/Study_SamplesSet/92cf79d9b486c810a1f9b5cbd3d9da70.sol"},{"line":224,"column":15,"severity":"Error","message":"Possible reentrancy vulnerabilities. Avoid state changes after transfer.","ruleId":"reentrancy","fix":null,"filePath":"Benchmarks/Study_SamplesSet/92cf79d9b486c810a1f9b5cbd3d9da70.sol"},{"line":229,"column":1,"severity":"Warning","message":"Function name must be in mixedCase","ruleId":"func-name-mixedcase","fix":null,"filePath":"Benchmarks/Study_SamplesSet/92cf79d9b486c810a1f9b5cbd3d9da70.sol"},{"line":229,"column":44,"severity":"Warning","message":"Rule is set with explicit type [var/s: uint]","ruleId":"explicit-types","filePath":"Benchmarks/Study_SamplesSet/92cf79d9b486c810a1f9b5cbd3d9da70.sol"},{"line":229,"column":56,"severity":"Warning","message":"Variable name must be in mixedCase","ruleId":"var-name-mixedcase","fix":null,"filePath":"Benchmarks/Study_SamplesSet/92cf79d9b486c810a1f9b5cbd3d9da70.sol"},{"line":230,"column":3,"severity":"Warning","message":"Provide an error message for require","ruleId":"reason-string","fix":null,"filePath":"Benchmarks/Study_SamplesSet/92cf79d9b486c810a1f9b5cbd3d9da70.sol"},{"line":230,"column":3,"severity":"Warning","message":"Use Custom Errors instead of require statements","ruleId":"custom-errors","fix":null,"filePath":"Benchmarks/Study_SamplesSet/92cf79d9b486c810a1f9b5cbd3d9da70.sol"},{"line":230,"column":11,"severity":"Error","message":"Avoid to use tx.origin","ruleId":"avoid-tx-origin","fix":null,"filePath":"Benchmarks/Study_SamplesSet/92cf79d9b486c810a1f9b5cbd3d9da70.sol"},{"line":231,"column":3,"severity":"Error","message":"Avoid to use low level calls.","ruleId":"avoid-low-level-calls","fix":null,"filePath":"Benchmarks/Study_SamplesSet/92cf79d9b486c810a1f9b5cbd3d9da70.sol"},{"line":231,"column":3,"severity":"Error","message":"Avoid to use \".call.value()()\"","ruleId":"avoid-call-value","fix":null,"filePath":"Benchmarks/Study_SamplesSet/92cf79d9b486c810a1f9b5cbd3d9da70.sol"},{"line":235,"column":8,"severity":"Warning","message":"Provide an error message for require","ruleId":"reason-string","fix":null,"filePath":"Benchmarks/Study_SamplesSet/92cf79d9b486c810a1f9b5cbd3d9da70.sol"},{"line":235,"column":8,"severity":"Warning","message":"Use Custom Errors instead of require statements","ruleId":"custom-errors","fix":null,"filePath":"Benchmarks/Study_SamplesSet/92cf79d9b486c810a1f9b5cbd3d9da70.sol"},{"line":236,"column":8,"severity":"Warning","message":"Provide an error message for require","ruleId":"reason-string","fix":null,"filePath":"Benchmarks/Study_SamplesSet/92cf79d9b486c810a1f9b5cbd3d9da70.sol"},{"line":236,"column":8,"severity":"Warning","message":"Use Custom Errors instead of require statements","ruleId":"custom-errors","fix":null,"filePath":"Benchmarks/Study_SamplesSet/92cf79d9b486c810a1f9b5cbd3d9da70.sol"},{"line":239,"column":13,"severity":"Error","message":"Possible reentrancy vulnerabilities. Avoid state changes after transfer.","ruleId":"reentrancy","fix":null,"filePath":"Benchmarks/Study_SamplesSet/92cf79d9b486c810a1f9b5cbd3d9da70.sol"},{"line":243,"column":13,"severity":"Warning","message":"Provide an error message for require","ruleId":"reason-string","fix":null,"filePath":"Benchmarks/Study_SamplesSet/92cf79d9b486c810a1f9b5cbd3d9da70.sol"},{"line":243,"column":13,"severity":"Warning","message":"Use Custom Errors instead of require statements","ruleId":"custom-errors","fix":null,"filePath":"Benchmarks/Study_SamplesSet/92cf79d9b486c810a1f9b5cbd3d9da70.sol"},{"line":244,"column":13,"severity":"Error","message":"Explicitly mark all external contracts as trusted or untrusted","ruleId":"mark-callable-contracts","filePath":"Benchmarks/Study_SamplesSet/92cf79d9b486c810a1f9b5cbd3d9da70.sol"},{"line":245,"column":13,"severity":"Error","message":"Possible reentrancy vulnerabilities. Avoid state changes after transfer.","ruleId":"reentrancy","fix":null,"filePath":"Benchmarks/Study_SamplesSet/92cf79d9b486c810a1f9b5cbd3d9da70.sol"},{"line":251,"column":1,"severity":"Warning","message":"Function name must be in mixedCase","ruleId":"func-name-mixedcase","fix":null,"filePath":"Benchmarks/Study_SamplesSet/92cf79d9b486c810a1f9b5cbd3d9da70.sol"},{"line":251,"column":27,"severity":"Warning","message":"Variable name must be in mixedCase","ruleId":"var-name-mixedcase","fix":null,"filePath":"Benchmarks/Study_SamplesSet/92cf79d9b486c810a1f9b5cbd3d9da70.sol"},{"line":252,"column":9,"severity":"Warning","message":"Provide an error message for require","ruleId":"reason-string","fix":null,"filePath":"Benchmarks/Study_SamplesSet/92cf79d9b486c810a1f9b5cbd3d9da70.sol"},{"line":252,"column":9,"severity":"Warning","message":"Use Custom Errors instead of require statements","ruleId":"custom-errors","fix":null,"filePath":"Benchmarks/Study_SamplesSet/92cf79d9b486c810a1f9b5cbd3d9da70.sol"},{"line":252,"column":17,"severity":"Error","message":"Avoid to use tx.origin","ruleId":"avoid-tx-origin","fix":null,"filePath":"Benchmarks/Study_SamplesSet/92cf79d9b486c810a1f9b5cbd3d9da70.sol"},{"line":258,"column":11,"severity":"Warning","message":"Provide an error message for require","ruleId":"reason-string","fix":null,"filePath":"Benchmarks/Study_SamplesSet/92cf79d9b486c810a1f9b5cbd3d9da70.sol"},{"line":258,"column":11,"severity":"Warning","message":"Use Custom Errors instead of require statements","ruleId":"custom-errors","fix":null,"filePath":"Benchmarks/Study_SamplesSet/92cf79d9b486c810a1f9b5cbd3d9da70.sol"},{"line":260,"column":11,"severity":"Warning","message":"Provide an error message for require","ruleId":"reason-string","fix":null,"filePath":"Benchmarks/Study_SamplesSet/92cf79d9b486c810a1f9b5cbd3d9da70.sol"},{"line":260,"column":11,"severity":"Warning","message":"Use Custom Errors instead of require statements","ruleId":"custom-errors","fix":null,"filePath":"Benchmarks/Study_SamplesSet/92cf79d9b486c810a1f9b5cbd3d9da70.sol"},{"line":266,"column":1,"severity":"Warning","message":"Function name must be in mixedCase","ruleId":"func-name-mixedcase","fix":null,"filePath":"Benchmarks/Study_SamplesSet/92cf79d9b486c810a1f9b5cbd3d9da70.sol"},{"line":266,"column":44,"severity":"Warning","message":"Rule is set with explicit type [var/s: uint]","ruleId":"explicit-types","filePath":"Benchmarks/Study_SamplesSet/92cf79d9b486c810a1f9b5cbd3d9da70.sol"},{"line":266,"column":56,"severity":"Warning","message":"Variable name must be in mixedCase","ruleId":"var-name-mixedcase","fix":null,"filePath":"Benchmarks/Study_SamplesSet/92cf79d9b486c810a1f9b5cbd3d9da70.sol"},{"line":267,"column":3,"severity":"Warning","message":"Provide an error message for require","ruleId":"reason-string","fix":null,"filePath":"Benchmarks/Study_SamplesSet/92cf79d9b486c810a1f9b5cbd3d9da70.sol"},{"line":267,"column":3,"severity":"Warning","message":"Use Custom Errors instead of require statements","ruleId":"custom-errors","fix":null,"filePath":"Benchmarks/Study_SamplesSet/92cf79d9b486c810a1f9b5cbd3d9da70.sol"},{"line":267,"column":11,"severity":"Error","message":"Avoid to use tx.origin","ruleId":"avoid-tx-origin","fix":null,"filePath":"Benchmarks/Study_SamplesSet/92cf79d9b486c810a1f9b5cbd3d9da70.sol"},{"line":268,"column":3,"severity":"Error","message":"Avoid to use low level calls.","ruleId":"avoid-low-level-calls","fix":null,"filePath":"Benchmarks/Study_SamplesSet/92cf79d9b486c810a1f9b5cbd3d9da70.sol"},{"line":268,"column":3,"severity":"Error","message":"Avoid to use \".call.value()()\"","ruleId":"avoid-call-value","fix":null,"filePath":"Benchmarks/Study_SamplesSet/92cf79d9b486c810a1f9b5cbd3d9da70.sol"},{"line":277,"column":9,"severity":"Error","message":"Avoid to use inline assembly. It is acceptable only in rare cases","ruleId":"no-inline-assembly","fix":null,"filePath":"Benchmarks/Study_SamplesSet/92cf79d9b486c810a1f9b5cbd3d9da70.sol"},{"line":281,"column":9,"severity":"Warning","message":"Provide an error message for require","ruleId":"reason-string","fix":null,"filePath":"Benchmarks/Study_SamplesSet/92cf79d9b486c810a1f9b5cbd3d9da70.sol"},{"line":281,"column":9,"severity":"Warning","message":"Use Custom Errors instead of require statements","ruleId":"custom-errors","fix":null,"filePath":"Benchmarks/Study_SamplesSet/92cf79d9b486c810a1f9b5cbd3d9da70.sol"},{"line":298,"column":13,"severity":"Error","message":"Avoid to use inline assembly. It is acceptable only in rare cases","ruleId":"no-inline-assembly","fix":null,"filePath":"Benchmarks/Study_SamplesSet/92cf79d9b486c810a1f9b5cbd3d9da70.sol"},{"line":307,"column":9,"severity":"Error","message":"Avoid to use inline assembly. It is acceptable only in rare cases","ruleId":"no-inline-assembly","fix":null,"filePath":"Benchmarks/Study_SamplesSet/92cf79d9b486c810a1f9b5cbd3d9da70.sol"},{"line":318,"column":157,"severity":"Warning","message":"Visibility modifier must be first in list of modifiers","ruleId":"visibility-modifier-order","fix":null,"filePath":"Benchmarks/Study_SamplesSet/92cf79d9b486c810a1f9b5cbd3d9da70.sol"},{"line":319,"column":7,"severity":"Warning","message":"Provide an error message for require","ruleId":"reason-string","fix":null,"filePath":"Benchmarks/Study_SamplesSet/92cf79d9b486c810a1f9b5cbd3d9da70.sol"},{"line":319,"column":7,"severity":"Warning","message":"Use Custom Errors instead of require statements","ruleId":"custom-errors","fix":null,"filePath":"Benchmarks/Study_SamplesSet/92cf79d9b486c810a1f9b5cbd3d9da70.sol"},{"line":320,"column":8,"severity":"Warning","message":"Provide an error message for require","ruleId":"reason-string","fix":null,"filePath":"Benchmarks/Study_SamplesSet/92cf79d9b486c810a1f9b5cbd3d9da70.sol"},{"line":320,"column":8,"severity":"Warning","message":"Use Custom Errors instead of require statements","ruleId":"custom-errors","fix":null,"filePath":"Benchmarks/Study_SamplesSet/92cf79d9b486c810a1f9b5cbd3d9da70.sol"},{"line":340,"column":7,"severity":"Warning","message":"Variable name must be in mixedCase","ruleId":"var-name-mixedcase","fix":null,"filePath":"Benchmarks/Study_SamplesSet/92cf79d9b486c810a1f9b5cbd3d9da70.sol"},{"line":351,"column":13,"severity":"Warning","message":"Provide an error message for require","ruleId":"reason-string","fix":null,"filePath":"Benchmarks/Study_SamplesSet/92cf79d9b486c810a1f9b5cbd3d9da70.sol"},{"line":351,"column":13,"severity":"Warning","message":"Use Custom Errors instead of require statements","ruleId":"custom-errors","fix":null,"filePath":"Benchmarks/Study_SamplesSet/92cf79d9b486c810a1f9b5cbd3d9da70.sol"},{"line":353,"column":17,"severity":"Error","message":"Explicitly mark all external contracts as trusted or untrusted","ruleId":"mark-callable-contracts","filePath":"Benchmarks/Study_SamplesSet/92cf79d9b486c810a1f9b5cbd3d9da70.sol"},{"line":354,"column":17,"severity":"Error","message":"Explicitly mark all external contracts as trusted or untrusted","ruleId":"mark-callable-contracts","filePath":"Benchmarks/Study_SamplesSet/92cf79d9b486c810a1f9b5cbd3d9da70.sol"},{"line":355,"column":17,"severity":"Error","message":"Explicitly mark all external contracts as trusted or untrusted","ruleId":"mark-callable-contracts","filePath":"Benchmarks/Study_SamplesSet/92cf79d9b486c810a1f9b5cbd3d9da70.sol"},{"line":356,"column":17,"severity":"Error","message":"Explicitly mark all external contracts as trusted or untrusted","ruleId":"mark-callable-contracts","filePath":"Benchmarks/Study_SamplesSet/92cf79d9b486c810a1f9b5cbd3d9da70.sol"},{"line":357,"column":17,"severity":"Error","message":"Explicitly mark all external contracts as trusted or untrusted","ruleId":"mark-callable-contracts","filePath":"Benchmarks/Study_SamplesSet/92cf79d9b486c810a1f9b5cbd3d9da70.sol"},{"line":358,"column":17,"severity":"Error","message":"Explicitly mark all external contracts as trusted or untrusted","ruleId":"mark-callable-contracts","filePath":"Benchmarks/Study_SamplesSet/92cf79d9b486c810a1f9b5cbd3d9da70.sol"},{"line":359,"column":17,"severity":"Error","message":"Explicitly mark all external contracts as trusted or untrusted","ruleId":"mark-callable-contracts","filePath":"Benchmarks/Study_SamplesSet/92cf79d9b486c810a1f9b5cbd3d9da70.sol"},{"line":360,"column":17,"severity":"Error","message":"Explicitly mark all external contracts as trusted or untrusted","ruleId":"mark-callable-contracts","filePath":"Benchmarks/Study_SamplesSet/92cf79d9b486c810a1f9b5cbd3d9da70.sol"},{"line":364,"column":17,"severity":"Error","message":"Explicitly mark all external contracts as trusted or untrusted","ruleId":"mark-callable-contracts","filePath":"Benchmarks/Study_SamplesSet/92cf79d9b486c810a1f9b5cbd3d9da70.sol"},{"line":365,"column":17,"severity":"Error","message":"Explicitly mark all external contracts as trusted or untrusted","ruleId":"mark-callable-contracts","filePath":"Benchmarks/Study_SamplesSet/92cf79d9b486c810a1f9b5cbd3d9da70.sol"},{"line":373,"column":17,"severity":"Error","message":"Explicitly mark all external contracts as trusted or untrusted","ruleId":"mark-callable-contracts","filePath":"Benchmarks/Study_SamplesSet/92cf79d9b486c810a1f9b5cbd3d9da70.sol"},{"line":373,"column":45,"severity":"Error","message":"Explicitly mark all external contracts as trusted or untrusted","ruleId":"mark-callable-contracts","filePath":"Benchmarks/Study_SamplesSet/92cf79d9b486c810a1f9b5cbd3d9da70.sol"},{"line":374,"column":17,"severity":"Error","message":"Explicitly mark all external contracts as trusted or untrusted","ruleId":"mark-callable-contracts","filePath":"Benchmarks/Study_SamplesSet/92cf79d9b486c810a1f9b5cbd3d9da70.sol"},{"line":374,"column":53,"severity":"Error","message":"Explicitly mark all external contracts as trusted or untrusted","ruleId":"mark-callable-contracts","filePath":"Benchmarks/Study_SamplesSet/92cf79d9b486c810a1f9b5cbd3d9da70.sol"},{"line":376,"column":33,"severity":"Error","message":"Explicitly mark all external contracts as trusted or untrusted","ruleId":"mark-callable-contracts","filePath":"Benchmarks/Study_SamplesSet/92cf79d9b486c810a1f9b5cbd3d9da70.sol"},{"line":376,"column":61,"severity":"Error","message":"Explicitly mark all external contracts as trusted or untrusted","ruleId":"mark-callable-contracts","filePath":"Benchmarks/Study_SamplesSet/92cf79d9b486c810a1f9b5cbd3d9da70.sol"},{"line":376,"column":102,"severity":"Error","message":"Explicitly mark all external contracts as trusted or untrusted","ruleId":"mark-callable-contracts","filePath":"Benchmarks/Study_SamplesSet/92cf79d9b486c810a1f9b5cbd3d9da70.sol"},{"line":376,"column":130,"severity":"Error","message":"Explicitly mark all external contracts as trusted or untrusted","ruleId":"mark-callable-contracts","filePath":"Benchmarks/Study_SamplesSet/92cf79d9b486c810a1f9b5cbd3d9da70.sol"},{"line":378,"column":17,"severity":"Error","message":"Explicitly mark all external contracts as trusted or untrusted","ruleId":"mark-callable-contracts","filePath":"Benchmarks/Study_SamplesSet/92cf79d9b486c810a1f9b5cbd3d9da70.sol"},{"line":378,"column":44,"severity":"Error","message":"Explicitly mark all external contracts as trusted or untrusted","ruleId":"mark-callable-contracts","filePath":"Benchmarks/Study_SamplesSet/92cf79d9b486c810a1f9b5cbd3d9da70.sol"},{"line":378,"column":96,"severity":"Error","message":"Explicitly mark all external contracts as trusted or untrusted","ruleId":"mark-callable-contracts","filePath":"Benchmarks/Study_SamplesSet/92cf79d9b486c810a1f9b5cbd3d9da70.sol"},{"line":378,"column":123,"severity":"Error","message":"Explicitly mark all external contracts as trusted or untrusted","ruleId":"mark-callable-contracts","filePath":"Benchmarks/Study_SamplesSet/92cf79d9b486c810a1f9b5cbd3d9da70.sol"},{"line":379,"column":17,"severity":"Error","message":"Explicitly mark all external contracts as trusted or untrusted","ruleId":"mark-callable-contracts","filePath":"Benchmarks/Study_SamplesSet/92cf79d9b486c810a1f9b5cbd3d9da70.sol"},{"line":379,"column":52,"severity":"Error","message":"Explicitly mark all external contracts as trusted or untrusted","ruleId":"mark-callable-contracts","filePath":"Benchmarks/Study_SamplesSet/92cf79d9b486c810a1f9b5cbd3d9da70.sol"},{"line":379,"column":112,"severity":"Error","message":"Explicitly mark all external contracts as trusted or untrusted","ruleId":"mark-callable-contracts","filePath":"Benchmarks/Study_SamplesSet/92cf79d9b486c810a1f9b5cbd3d9da70.sol"},{"line":379,"column":147,"severity":"Error","message":"Explicitly mark all external contracts as trusted or untrusted","ruleId":"mark-callable-contracts","filePath":"Benchmarks/Study_SamplesSet/92cf79d9b486c810a1f9b5cbd3d9da70.sol"},{"line":384,"column":37,"severity":"Error","message":"Explicitly mark all external contracts as trusted or untrusted","ruleId":"mark-callable-contracts","filePath":"Benchmarks/Study_SamplesSet/92cf79d9b486c810a1f9b5cbd3d9da70.sol"},{"line":384,"column":65,"severity":"Error","message":"Explicitly mark all external contracts as trusted or untrusted","ruleId":"mark-callable-contracts","filePath":"Benchmarks/Study_SamplesSet/92cf79d9b486c810a1f9b5cbd3d9da70.sol"},{"line":384,"column":114,"severity":"Error","message":"Explicitly mark all external contracts as trusted or untrusted","ruleId":"mark-callable-contracts","filePath":"Benchmarks/Study_SamplesSet/92cf79d9b486c810a1f9b5cbd3d9da70.sol"},{"line":384,"column":142,"severity":"Error","message":"Explicitly mark all external contracts as trusted or untrusted","ruleId":"mark-callable-contracts","filePath":"Benchmarks/Study_SamplesSet/92cf79d9b486c810a1f9b5cbd3d9da70.sol"},{"line":385,"column":37,"severity":"Error","message":"Explicitly mark all external contracts as trusted or untrusted","ruleId":"mark-callable-contracts","filePath":"Benchmarks/Study_SamplesSet/92cf79d9b486c810a1f9b5cbd3d9da70.sol"},{"line":385,"column":98,"severity":"Error","message":"Explicitly mark all external contracts as trusted or untrusted","ruleId":"mark-callable-contracts","filePath":"Benchmarks/Study_SamplesSet/92cf79d9b486c810a1f9b5cbd3d9da70.sol"},{"line":390,"column":38,"severity":"Error","message":"Explicitly mark all external contracts as trusted or untrusted","ruleId":"mark-callable-contracts","filePath":"Benchmarks/Study_SamplesSet/92cf79d9b486c810a1f9b5cbd3d9da70.sol"},{"line":390,"column":66,"severity":"Error","message":"Explicitly mark all external contracts as trusted or untrusted","ruleId":"mark-callable-contracts","filePath":"Benchmarks/Study_SamplesSet/92cf79d9b486c810a1f9b5cbd3d9da70.sol"},{"line":390,"column":115,"severity":"Error","message":"Explicitly mark all external contracts as trusted or untrusted","ruleId":"mark-callable-contracts","filePath":"Benchmarks/Study_SamplesSet/92cf79d9b486c810a1f9b5cbd3d9da70.sol"},{"line":390,"column":143,"severity":"Error","message":"Explicitly mark all external contracts as trusted or untrusted","ruleId":"mark-callable-contracts","filePath":"Benchmarks/Study_SamplesSet/92cf79d9b486c810a1f9b5cbd3d9da70.sol"},{"line":391,"column":46,"severity":"Error","message":"Explicitly mark all external contracts as trusted or untrusted","ruleId":"mark-callable-contracts","filePath":"Benchmarks/Study_SamplesSet/92cf79d9b486c810a1f9b5cbd3d9da70.sol"},{"line":391,"column":101,"severity":"Error","message":"Explicitly mark all external contracts as trusted or untrusted","ruleId":"mark-callable-contracts","filePath":"Benchmarks/Study_SamplesSet/92cf79d9b486c810a1f9b5cbd3d9da70.sol"},{"line":395,"column":37,"severity":"Error","message":"Explicitly mark all external contracts as trusted or untrusted","ruleId":"mark-callable-contracts","filePath":"Benchmarks/Study_SamplesSet/92cf79d9b486c810a1f9b5cbd3d9da70.sol"},{"line":395,"column":73,"severity":"Error","message":"Explicitly mark all external contracts as trusted or untrusted","ruleId":"mark-callable-contracts","filePath":"Benchmarks/Study_SamplesSet/92cf79d9b486c810a1f9b5cbd3d9da70.sol"},{"line":395,"column":114,"severity":"Error","message":"Explicitly mark all external contracts as trusted or untrusted","ruleId":"mark-callable-contracts","filePath":"Benchmarks/Study_SamplesSet/92cf79d9b486c810a1f9b5cbd3d9da70.sol"},{"line":395,"column":150,"severity":"Error","message":"Explicitly mark all external contracts as trusted or untrusted","ruleId":"mark-callable-contracts","filePath":"Benchmarks/Study_SamplesSet/92cf79d9b486c810a1f9b5cbd3d9da70.sol"},{"line":396,"column":37,"severity":"Error","message":"Explicitly mark all external contracts as trusted or untrusted","ruleId":"mark-callable-contracts","filePath":"Benchmarks/Study_SamplesSet/92cf79d9b486c810a1f9b5cbd3d9da70.sol"},{"line":396,"column":106,"severity":"Error","message":"Explicitly mark all external contracts as trusted or untrusted","ruleId":"mark-callable-contracts","filePath":"Benchmarks/Study_SamplesSet/92cf79d9b486c810a1f9b5cbd3d9da70.sol"},{"line":401,"column":38,"severity":"Error","message":"Explicitly mark all external contracts as trusted or untrusted","ruleId":"mark-callable-contracts","filePath":"Benchmarks/Study_SamplesSet/92cf79d9b486c810a1f9b5cbd3d9da70.sol"},{"line":401,"column":74,"severity":"Error","message":"Explicitly mark all external contracts as trusted or untrusted","ruleId":"mark-callable-contracts","filePath":"Benchmarks/Study_SamplesSet/92cf79d9b486c810a1f9b5cbd3d9da70.sol"},{"line":401,"column":115,"severity":"Error","message":"Explicitly mark all external contracts as trusted or untrusted","ruleId":"mark-callable-contracts","filePath":"Benchmarks/Study_SamplesSet/92cf79d9b486c810a1f9b5cbd3d9da70.sol"},{"line":401,"column":151,"severity":"Error","message":"Explicitly mark all external contracts as trusted or untrusted","ruleId":"mark-callable-contracts","filePath":"Benchmarks/Study_SamplesSet/92cf79d9b486c810a1f9b5cbd3d9da70.sol"},{"line":402,"column":43,"severity":"Error","message":"Explicitly mark all external contracts as trusted or untrusted","ruleId":"mark-callable-contracts","filePath":"Benchmarks/Study_SamplesSet/92cf79d9b486c810a1f9b5cbd3d9da70.sol"},{"line":402,"column":90,"severity":"Error","message":"Explicitly mark all external contracts as trusted or untrusted","ruleId":"mark-callable-contracts","filePath":"Benchmarks/Study_SamplesSet/92cf79d9b486c810a1f9b5cbd3d9da70.sol"},{"line":407,"column":21,"severity":"Error","message":"Explicitly mark all external contracts as trusted or untrusted","ruleId":"mark-callable-contracts","filePath":"Benchmarks/Study_SamplesSet/92cf79d9b486c810a1f9b5cbd3d9da70.sol"},{"line":410,"column":21,"severity":"Error","message":"Explicitly mark all external contracts as trusted or untrusted","ruleId":"mark-callable-contracts","filePath":"Benchmarks/Study_SamplesSet/92cf79d9b486c810a1f9b5cbd3d9da70.sol"},{"line":417,"column":1,"severity":"Warning","message":"Function name must be in mixedCase","ruleId":"func-name-mixedcase","fix":null,"filePath":"Benchmarks/Study_SamplesSet/92cf79d9b486c810a1f9b5cbd3d9da70.sol"},{"line":417,"column":25,"severity":"Warning","message":"Variable name must be in mixedCase","ruleId":"var-name-mixedcase","fix":null,"filePath":"Benchmarks/Study_SamplesSet/92cf79d9b486c810a1f9b5cbd3d9da70.sol"},{"line":418,"column":9,"severity":"Warning","message":"Provide an error message for require","ruleId":"reason-string","fix":null,"filePath":"Benchmarks/Study_SamplesSet/92cf79d9b486c810a1f9b5cbd3d9da70.sol"},{"line":418,"column":9,"severity":"Warning","message":"Use Custom Errors instead of require statements","ruleId":"custom-errors","fix":null,"filePath":"Benchmarks/Study_SamplesSet/92cf79d9b486c810a1f9b5cbd3d9da70.sol"},{"line":418,"column":17,"severity":"Error","message":"Avoid to use tx.origin","ruleId":"avoid-tx-origin","fix":null,"filePath":"Benchmarks/Study_SamplesSet/92cf79d9b486c810a1f9b5cbd3d9da70.sol"},{"line":424,"column":26,"severity":"Error","message":"Explicitly mark all external contracts as trusted or untrusted","ruleId":"mark-callable-contracts","filePath":"Benchmarks/Study_SamplesSet/92cf79d9b486c810a1f9b5cbd3d9da70.sol"},{"line":424,"column":54,"severity":"Error","message":"Explicitly mark all external contracts as trusted or untrusted","ruleId":"mark-callable-contracts","filePath":"Benchmarks/Study_SamplesSet/92cf79d9b486c810a1f9b5cbd3d9da70.sol"},{"line":424,"column":96,"severity":"Error","message":"Explicitly mark all external contracts as trusted or untrusted","ruleId":"mark-callable-contracts","filePath":"Benchmarks/Study_SamplesSet/92cf79d9b486c810a1f9b5cbd3d9da70.sol"},{"line":424,"column":124,"severity":"Error","message":"Explicitly mark all external contracts as trusted or untrusted","ruleId":"mark-callable-contracts","filePath":"Benchmarks/Study_SamplesSet/92cf79d9b486c810a1f9b5cbd3d9da70.sol"},{"line":424,"column":157,"severity":"Error","message":"Explicitly mark all external contracts as trusted or untrusted","ruleId":"mark-callable-contracts","filePath":"Benchmarks/Study_SamplesSet/92cf79d9b486c810a1f9b5cbd3d9da70.sol"},{"line":427,"column":30,"severity":"Error","message":"Explicitly mark all external contracts as trusted or untrusted","ruleId":"mark-callable-contracts","filePath":"Benchmarks/Study_SamplesSet/92cf79d9b486c810a1f9b5cbd3d9da70.sol"},{"line":427,"column":58,"severity":"Error","message":"Explicitly mark all external contracts as trusted or untrusted","ruleId":"mark-callable-contracts","filePath":"Benchmarks/Study_SamplesSet/92cf79d9b486c810a1f9b5cbd3d9da70.sol"},{"line":427,"column":100,"severity":"Error","message":"Explicitly mark all external contracts as trusted or untrusted","ruleId":"mark-callable-contracts","filePath":"Benchmarks/Study_SamplesSet/92cf79d9b486c810a1f9b5cbd3d9da70.sol"},{"line":427,"column":128,"severity":"Error","message":"Explicitly mark all external contracts as trusted or untrusted","ruleId":"mark-callable-contracts","filePath":"Benchmarks/Study_SamplesSet/92cf79d9b486c810a1f9b5cbd3d9da70.sol"},{"line":427,"column":161,"severity":"Error","message":"Explicitly mark all external contracts as trusted or untrusted","ruleId":"mark-callable-contracts","filePath":"Benchmarks/Study_SamplesSet/92cf79d9b486c810a1f9b5cbd3d9da70.sol"},{"line":429,"column":13,"severity":"Error","message":"Explicitly mark all external contracts as trusted or untrusted","ruleId":"mark-callable-contracts","filePath":"Benchmarks/Study_SamplesSet/92cf79d9b486c810a1f9b5cbd3d9da70.sol"},{"line":433,"column":1,"severity":"Warning","message":"Function name must be in mixedCase","ruleId":"func-name-mixedcase","fix":null,"filePath":"Benchmarks/Study_SamplesSet/92cf79d9b486c810a1f9b5cbd3d9da70.sol"},{"line":433,"column":54,"severity":"Warning","message":"Rule is set with explicit type [var/s: uint]","ruleId":"explicit-types","filePath":"Benchmarks/Study_SamplesSet/92cf79d9b486c810a1f9b5cbd3d9da70.sol"},{"line":433,"column":66,"severity":"Warning","message":"Variable name must be in mixedCase","ruleId":"var-name-mixedcase","fix":null,"filePath":"Benchmarks/Study_SamplesSet/92cf79d9b486c810a1f9b5cbd3d9da70.sol"},{"line":434,"column":2,"severity":"Warning","message":"Provide an error message for require","ruleId":"reason-string","fix":null,"filePath":"Benchmarks/Study_SamplesSet/92cf79d9b486c810a1f9b5cbd3d9da70.sol"},{"line":434,"column":2,"severity":"Warning","message":"Use Custom Errors instead of require statements","ruleId":"custom-errors","fix":null,"filePath":"Benchmarks/Study_SamplesSet/92cf79d9b486c810a1f9b5cbd3d9da70.sol"},{"line":434,"column":11,"severity":"Error","message":"Avoid to use tx.origin","ruleId":"avoid-tx-origin","fix":null,"filePath":"Benchmarks/Study_SamplesSet/92cf79d9b486c810a1f9b5cbd3d9da70.sol"},{"line":442,"column":1,"severity":"Warning","message":"Function name must be in mixedCase","ruleId":"func-name-mixedcase","fix":null,"filePath":"Benchmarks/Study_SamplesSet/92cf79d9b486c810a1f9b5cbd3d9da70.sol"},{"line":442,"column":44,"severity":"Warning","message":"Rule is set with explicit type [var/s: uint]","ruleId":"explicit-types","filePath":"Benchmarks/Study_SamplesSet/92cf79d9b486c810a1f9b5cbd3d9da70.sol"},{"line":442,"column":56,"severity":"Warning","message":"Variable name must be in mixedCase","ruleId":"var-name-mixedcase","fix":null,"filePath":"Benchmarks/Study_SamplesSet/92cf79d9b486c810a1f9b5cbd3d9da70.sol"},{"line":443,"column":3,"severity":"Warning","message":"Provide an error message for require","ruleId":"reason-string","fix":null,"filePath":"Benchmarks/Study_SamplesSet/92cf79d9b486c810a1f9b5cbd3d9da70.sol"},{"line":443,"column":3,"severity":"Warning","message":"Use Custom Errors instead of require statements","ruleId":"custom-errors","fix":null,"filePath":"Benchmarks/Study_SamplesSet/92cf79d9b486c810a1f9b5cbd3d9da70.sol"},{"line":443,"column":11,"severity":"Error","message":"Avoid to use tx.origin","ruleId":"avoid-tx-origin","fix":null,"filePath":"Benchmarks/Study_SamplesSet/92cf79d9b486c810a1f9b5cbd3d9da70.sol"},{"line":444,"column":3,"severity":"Error","message":"Avoid to use low level calls.","ruleId":"avoid-low-level-calls","fix":null,"filePath":"Benchmarks/Study_SamplesSet/92cf79d9b486c810a1f9b5cbd3d9da70.sol"},{"line":444,"column":3,"severity":"Error","message":"Avoid to use \".call.value()()\"","ruleId":"avoid-call-value","fix":null,"filePath":"Benchmarks/Study_SamplesSet/92cf79d9b486c810a1f9b5cbd3d9da70.sol"},{"line":450,"column":1,"severity":"Warning","message":"Function name must be in mixedCase","ruleId":"func-name-mixedcase","fix":null,"filePath":"Benchmarks/Study_SamplesSet/92cf79d9b486c810a1f9b5cbd3d9da70.sol"},{"line":450,"column":44,"severity":"Warning","message":"Rule is set with explicit type [var/s: uint]","ruleId":"explicit-types","filePath":"Benchmarks/Study_SamplesSet/92cf79d9b486c810a1f9b5cbd3d9da70.sol"},{"line":450,"column":56,"severity":"Warning","message":"Variable name must be in mixedCase","ruleId":"var-name-mixedcase","fix":null,"filePath":"Benchmarks/Study_SamplesSet/92cf79d9b486c810a1f9b5cbd3d9da70.sol"},{"line":451,"column":3,"severity":"Warning","message":"Provide an error message for require","ruleId":"reason-string","fix":null,"filePath":"Benchmarks/Study_SamplesSet/92cf79d9b486c810a1f9b5cbd3d9da70.sol"},{"line":451,"column":3,"severity":"Warning","message":"Use Custom Errors instead of require statements","ruleId":"custom-errors","fix":null,"filePath":"Benchmarks/Study_SamplesSet/92cf79d9b486c810a1f9b5cbd3d9da70.sol"},{"line":451,"column":11,"severity":"Error","message":"Avoid to use tx.origin","ruleId":"avoid-tx-origin","fix":null,"filePath":"Benchmarks/Study_SamplesSet/92cf79d9b486c810a1f9b5cbd3d9da70.sol"},{"line":452,"column":3,"severity":"Error","message":"Avoid to use low level calls.","ruleId":"avoid-low-level-calls","fix":null,"filePath":"Benchmarks/Study_SamplesSet/92cf79d9b486c810a1f9b5cbd3d9da70.sol"},{"line":452,"column":3,"severity":"Error","message":"Avoid to use \".call.value()()\"","ruleId":"avoid-call-value","fix":null,"filePath":"Benchmarks/Study_SamplesSet/92cf79d9b486c810a1f9b5cbd3d9da70.sol"},{"conclusion":"297 problem/s (122 error/s, 175 warning/s)"}]
