[{"line":1,"column":1,"severity":"Error","message":"Compiler version 0.6.2 does not satisfy the ^0.8.0 semver requirement","ruleId":"compiler-version","fix":null,"filePath":"Benchmarks/Study_SamplesSet/937fce5301f17228271e13f48fc9ac89.sol"},{"line":6,"column":1,"severity":"Warning","message":"Contract, Structs and Enums should be in CamelCase","ruleId":"contract-name-camelcase","filePath":"Benchmarks/Study_SamplesSet/937fce5301f17228271e13f48fc9ac89.sol"},{"line":18,"column":9,"severity":"Warning","message":"Provide an error message for require","ruleId":"reason-string","fix":null,"filePath":"Benchmarks/Study_SamplesSet/937fce5301f17228271e13f48fc9ac89.sol"},{"line":18,"column":9,"severity":"Warning","message":"Use Custom Errors instead of require statements","ruleId":"custom-errors","fix":null,"filePath":"Benchmarks/Study_SamplesSet/937fce5301f17228271e13f48fc9ac89.sol"},{"line":24,"column":9,"severity":"Warning","message":"Provide an error message for require","ruleId":"reason-string","fix":null,"filePath":"Benchmarks/Study_SamplesSet/937fce5301f17228271e13f48fc9ac89.sol"},{"line":24,"column":9,"severity":"Warning","message":"Use Custom Errors instead of require statements","ruleId":"custom-errors","fix":null,"filePath":"Benchmarks/Study_SamplesSet/937fce5301f17228271e13f48fc9ac89.sol"},{"conclusion":"6 problem/s (1 error/s, 5 warning/s)"}]
