[{"line":1,"column":1,"severity":"Error","message":"Compiler version 0.5.0 does not satisfy the ^0.8.0 semver requirement","ruleId":"compiler-version","fix":null,"filePath":"Benchmarks/Study_SamplesSet/969a3b0eda87cb381e7e7b184cebf6d5.sol"},{"line":4,"column":5,"severity":"Warning","message":"Rule is set with explicit type [var/s: uint]","ruleId":"explicit-types","filePath":"Benchmarks/Study_SamplesSet/969a3b0eda87cb381e7e7b184cebf6d5.sol"},{"conclusion":"2 problem/s (1 error/s, 1 warning/s)"}]
