[{"line":1,"column":1,"severity":"Warning","message":"Found more than One contract per file. 4 contracts found!","ruleId":"one-contract-per-file","fix":null,"filePath":"Benchmarks/Study_SamplesSet/97de38d395d4dc84284c54a49b16fabf.sol"},{"line":1,"column":1,"severity":"Error","message":"Compiler version ^0.4.6 does not satisfy the ^0.8.0 semver requirement","ruleId":"compiler-version","fix":null,"filePath":"Benchmarks/Study_SamplesSet/97de38d395d4dc84284c54a49b16fabf.sol"},{"line":2,"column":1,"severity":"Warning","message":"Contract, Structs and Enums should be in CamelCase","ruleId":"contract-name-camelcase","filePath":"Benchmarks/Study_SamplesSet/97de38d395d4dc84284c54a49b16fabf.sol"},{"line":5,"column":5,"severity":"Error","message":"Explicitly mark visibility in function (Set ignoreConstructors to true if using solidity >=0.7.0)","ruleId":"func-visibility","fix":null,"filePath":"Benchmarks/Study_SamplesSet/97de38d395d4dc84284c54a49b16fabf.sol"},{"line":10,"column":34,"severity":"Error","message":"\"throw\" is deprecated, avoid to use it","ruleId":"avoid-throw","filePath":"Benchmarks/Study_SamplesSet/97de38d395d4dc84284c54a49b16fabf.sol"},{"line":14,"column":5,"severity":"Error","message":"Explicitly mark visibility in function","ruleId":"func-visibility","fix":null,"filePath":"Benchmarks/Study_SamplesSet/97de38d395d4dc84284c54a49b16fabf.sol"},{"line":19,"column":1,"severity":"Warning","message":"Contract, Structs and Enums should be in CamelCase","ruleId":"contract-name-camelcase","filePath":"Benchmarks/Study_SamplesSet/97de38d395d4dc84284c54a49b16fabf.sol"},{"line":19,"column":27,"severity":"Error","message":"Explicitly mark visibility in function","ruleId":"func-visibility","fix":null,"filePath":"Benchmarks/Study_SamplesSet/97de38d395d4dc84284c54a49b16fabf.sol"},{"line":21,"column":1,"severity":"Warning","message":"Contract, Structs and Enums should be in CamelCase","ruleId":"contract-name-camelcase","filePath":"Benchmarks/Study_SamplesSet/97de38d395d4dc84284c54a49b16fabf.sol"},{"line":23,"column":30,"severity":"Error","message":"Use double quotes for string literals","ruleId":"quotes","filePath":"Benchmarks/Study_SamplesSet/97de38d395d4dc84284c54a49b16fabf.sol"},{"line":37,"column":5,"severity":"Error","message":"Explicitly mark visibility in function (Set ignoreConstructors to true if using solidity >=0.7.0)","ruleId":"func-visibility","fix":null,"filePath":"Benchmarks/Study_SamplesSet/97de38d395d4dc84284c54a49b16fabf.sol"},{"line":51,"column":5,"severity":"Error","message":"Explicitly mark visibility in function","ruleId":"func-visibility","fix":null,"filePath":"Benchmarks/Study_SamplesSet/97de38d395d4dc84284c54a49b16fabf.sol"},{"line":52,"column":45,"severity":"Error","message":"\"throw\" is deprecated, avoid to use it","ruleId":"avoid-throw","filePath":"Benchmarks/Study_SamplesSet/97de38d395d4dc84284c54a49b16fabf.sol"},{"line":53,"column":55,"severity":"Error","message":"\"throw\" is deprecated, avoid to use it","ruleId":"avoid-throw","filePath":"Benchmarks/Study_SamplesSet/97de38d395d4dc84284c54a49b16fabf.sol"},{"line":56,"column":9,"severity":"Error","message":"Explicitly mark all external contracts as trusted or untrusted","ruleId":"mark-callable-contracts","filePath":"Benchmarks/Study_SamplesSet/97de38d395d4dc84284c54a49b16fabf.sol"},{"line":60,"column":5,"severity":"Error","message":"Explicitly mark visibility in function","ruleId":"func-visibility","fix":null,"filePath":"Benchmarks/Study_SamplesSet/97de38d395d4dc84284c54a49b16fabf.sol"},{"line":63,"column":9,"severity":"Warning","message":"Variable \"spender\" is unused","ruleId":"no-unused-vars","fix":null,"filePath":"Benchmarks/Study_SamplesSet/97de38d395d4dc84284c54a49b16fabf.sol"},{"line":68,"column":5,"severity":"Error","message":"Explicitly mark visibility in function","ruleId":"func-visibility","fix":null,"filePath":"Benchmarks/Study_SamplesSet/97de38d395d4dc84284c54a49b16fabf.sol"},{"line":78,"column":5,"severity":"Error","message":"Explicitly mark visibility in function","ruleId":"func-visibility","fix":null,"filePath":"Benchmarks/Study_SamplesSet/97de38d395d4dc84284c54a49b16fabf.sol"},{"line":79,"column":40,"severity":"Error","message":"\"throw\" is deprecated, avoid to use it","ruleId":"avoid-throw","filePath":"Benchmarks/Study_SamplesSet/97de38d395d4dc84284c54a49b16fabf.sol"},{"line":80,"column":55,"severity":"Error","message":"\"throw\" is deprecated, avoid to use it","ruleId":"avoid-throw","filePath":"Benchmarks/Study_SamplesSet/97de38d395d4dc84284c54a49b16fabf.sol"},{"line":81,"column":52,"severity":"Error","message":"\"throw\" is deprecated, avoid to use it","ruleId":"avoid-throw","filePath":"Benchmarks/Study_SamplesSet/97de38d395d4dc84284c54a49b16fabf.sol"},{"line":85,"column":9,"severity":"Error","message":"Explicitly mark all external contracts as trusted or untrusted","ruleId":"mark-callable-contracts","filePath":"Benchmarks/Study_SamplesSet/97de38d395d4dc84284c54a49b16fabf.sol"},{"line":90,"column":5,"severity":"Warning","message":"Fallback should be external and payable to accept native currency","ruleId":"payable-fallback","filePath":"Benchmarks/Study_SamplesSet/97de38d395d4dc84284c54a49b16fabf.sol"},{"line":90,"column":5,"severity":"Error","message":"Explicitly mark visibility in function","ruleId":"func-visibility","fix":null,"filePath":"Benchmarks/Study_SamplesSet/97de38d395d4dc84284c54a49b16fabf.sol"},{"line":91,"column":9,"severity":"Error","message":"\"throw\" is deprecated, avoid to use it","ruleId":"avoid-throw","filePath":"Benchmarks/Study_SamplesSet/97de38d395d4dc84284c54a49b16fabf.sol"},{"line":107,"column":5,"severity":"Error","message":"Explicitly mark visibility in function (Set ignoreConstructors to true if using solidity >=0.7.0)","ruleId":"func-visibility","fix":null,"filePath":"Benchmarks/Study_SamplesSet/97de38d395d4dc84284c54a49b16fabf.sol"},{"line":119,"column":5,"severity":"Error","message":"Explicitly mark visibility in function","ruleId":"func-visibility","fix":null,"filePath":"Benchmarks/Study_SamplesSet/97de38d395d4dc84284c54a49b16fabf.sol"},{"line":120,"column":45,"severity":"Error","message":"\"throw\" is deprecated, avoid to use it","ruleId":"avoid-throw","filePath":"Benchmarks/Study_SamplesSet/97de38d395d4dc84284c54a49b16fabf.sol"},{"line":121,"column":55,"severity":"Error","message":"\"throw\" is deprecated, avoid to use it","ruleId":"avoid-throw","filePath":"Benchmarks/Study_SamplesSet/97de38d395d4dc84284c54a49b16fabf.sol"},{"line":122,"column":40,"severity":"Error","message":"\"throw\" is deprecated, avoid to use it","ruleId":"avoid-throw","filePath":"Benchmarks/Study_SamplesSet/97de38d395d4dc84284c54a49b16fabf.sol"},{"line":125,"column":9,"severity":"Error","message":"Explicitly mark all external contracts as trusted or untrusted","ruleId":"mark-callable-contracts","filePath":"Benchmarks/Study_SamplesSet/97de38d395d4dc84284c54a49b16fabf.sol"},{"line":130,"column":5,"severity":"Error","message":"Explicitly mark visibility in function","ruleId":"func-visibility","fix":null,"filePath":"Benchmarks/Study_SamplesSet/97de38d395d4dc84284c54a49b16fabf.sol"},{"line":131,"column":35,"severity":"Error","message":"\"throw\" is deprecated, avoid to use it","ruleId":"avoid-throw","filePath":"Benchmarks/Study_SamplesSet/97de38d395d4dc84284c54a49b16fabf.sol"},{"line":132,"column":40,"severity":"Error","message":"\"throw\" is deprecated, avoid to use it","ruleId":"avoid-throw","filePath":"Benchmarks/Study_SamplesSet/97de38d395d4dc84284c54a49b16fabf.sol"},{"line":133,"column":55,"severity":"Error","message":"\"throw\" is deprecated, avoid to use it","ruleId":"avoid-throw","filePath":"Benchmarks/Study_SamplesSet/97de38d395d4dc84284c54a49b16fabf.sol"},{"line":134,"column":52,"severity":"Error","message":"\"throw\" is deprecated, avoid to use it","ruleId":"avoid-throw","filePath":"Benchmarks/Study_SamplesSet/97de38d395d4dc84284c54a49b16fabf.sol"},{"line":138,"column":9,"severity":"Error","message":"Explicitly mark all external contracts as trusted or untrusted","ruleId":"mark-callable-contracts","filePath":"Benchmarks/Study_SamplesSet/97de38d395d4dc84284c54a49b16fabf.sol"},{"line":142,"column":5,"severity":"Error","message":"Explicitly mark visibility in function","ruleId":"func-visibility","fix":null,"filePath":"Benchmarks/Study_SamplesSet/97de38d395d4dc84284c54a49b16fabf.sol"},{"line":145,"column":9,"severity":"Error","message":"Explicitly mark all external contracts as trusted or untrusted","ruleId":"mark-callable-contracts","filePath":"Benchmarks/Study_SamplesSet/97de38d395d4dc84284c54a49b16fabf.sol"},{"line":146,"column":9,"severity":"Error","message":"Explicitly mark all external contracts as trusted or untrusted","ruleId":"mark-callable-contracts","filePath":"Benchmarks/Study_SamplesSet/97de38d395d4dc84284c54a49b16fabf.sol"},{"line":149,"column":5,"severity":"Error","message":"Explicitly mark visibility in function","ruleId":"func-visibility","fix":null,"filePath":"Benchmarks/Study_SamplesSet/97de38d395d4dc84284c54a49b16fabf.sol"},{"line":151,"column":9,"severity":"Error","message":"Explicitly mark all external contracts as trusted or untrusted","ruleId":"mark-callable-contracts","filePath":"Benchmarks/Study_SamplesSet/97de38d395d4dc84284c54a49b16fabf.sol"},{"line":154,"column":5,"severity":"Error","message":"Explicitly mark visibility in function","ruleId":"func-visibility","fix":null,"filePath":"Benchmarks/Study_SamplesSet/97de38d395d4dc84284c54a49b16fabf.sol"},{"line":159,"column":5,"severity":"Error","message":"Explicitly mark visibility in function","ruleId":"func-visibility","fix":null,"filePath":"Benchmarks/Study_SamplesSet/97de38d395d4dc84284c54a49b16fabf.sol"},{"line":160,"column":9,"severity":"Warning","message":"Rule is set with explicit type [var/s: uint]","ruleId":"explicit-types","filePath":"Benchmarks/Study_SamplesSet/97de38d395d4dc84284c54a49b16fabf.sol"},{"line":161,"column":39,"severity":"Error","message":"\"throw\" is deprecated, avoid to use it","ruleId":"avoid-throw","filePath":"Benchmarks/Study_SamplesSet/97de38d395d4dc84284c54a49b16fabf.sol"},{"line":164,"column":9,"severity":"Error","message":"Explicitly mark all external contracts as trusted or untrusted","ruleId":"mark-callable-contracts","filePath":"Benchmarks/Study_SamplesSet/97de38d395d4dc84284c54a49b16fabf.sol"},{"line":167,"column":5,"severity":"Error","message":"Explicitly mark visibility in function","ruleId":"func-visibility","fix":null,"filePath":"Benchmarks/Study_SamplesSet/97de38d395d4dc84284c54a49b16fabf.sol"},{"line":168,"column":46,"severity":"Error","message":"\"throw\" is deprecated, avoid to use it","ruleId":"avoid-throw","filePath":"Benchmarks/Study_SamplesSet/97de38d395d4dc84284c54a49b16fabf.sol"},{"line":172,"column":13,"severity":"Error","message":"\"throw\" is deprecated, avoid to use it","ruleId":"avoid-throw","filePath":"Benchmarks/Study_SamplesSet/97de38d395d4dc84284c54a49b16fabf.sol"},{"line":174,"column":13,"severity":"Error","message":"Explicitly mark all external contracts as trusted or untrusted","ruleId":"mark-callable-contracts","filePath":"Benchmarks/Study_SamplesSet/97de38d395d4dc84284c54a49b16fabf.sol"},{"conclusion":"52 problem/s (45 error/s, 7 warning/s)"}]
