[{"line":1,"column":1,"severity":"Warning","message":"Found more than One contract per file. 2 contracts found!","ruleId":"one-contract-per-file","fix":null,"filePath":"Benchmarks/Study_SamplesSet/a411ba3b97a17ab4d62c394c49d45d5b.sol"},{"line":1,"column":1,"severity":"Error","message":"Compiler version ^0.4.18 does not satisfy the ^0.8.0 semver requirement","ruleId":"compiler-version","fix":null,"filePath":"Benchmarks/Study_SamplesSet/a411ba3b97a17ab4d62c394c49d45d5b.sol"},{"line":41,"column":3,"severity":"Warning","message":"Constant name must be in capitalized SNAKE_CASE","ruleId":"const-name-snakecase","fix":null,"filePath":"Benchmarks/Study_SamplesSet/a411ba3b97a17ab4d62c394c49d45d5b.sol"},{"line":47,"column":5,"severity":"Warning","message":"Provide an error message for require","ruleId":"reason-string","fix":null,"filePath":"Benchmarks/Study_SamplesSet/a411ba3b97a17ab4d62c394c49d45d5b.sol"},{"line":47,"column":5,"severity":"Warning","message":"Use Custom Errors instead of require statements","ruleId":"custom-errors","fix":null,"filePath":"Benchmarks/Study_SamplesSet/a411ba3b97a17ab4d62c394c49d45d5b.sol"},{"line":52,"column":5,"severity":"Warning","message":"Provide an error message for require","ruleId":"reason-string","fix":null,"filePath":"Benchmarks/Study_SamplesSet/a411ba3b97a17ab4d62c394c49d45d5b.sol"},{"line":52,"column":5,"severity":"Warning","message":"Use Custom Errors instead of require statements","ruleId":"custom-errors","fix":null,"filePath":"Benchmarks/Study_SamplesSet/a411ba3b97a17ab4d62c394c49d45d5b.sol"},{"line":57,"column":5,"severity":"Warning","message":"Provide an error message for require","ruleId":"reason-string","fix":null,"filePath":"Benchmarks/Study_SamplesSet/a411ba3b97a17ab4d62c394c49d45d5b.sol"},{"line":57,"column":5,"severity":"Warning","message":"Use Custom Errors instead of require statements","ruleId":"custom-errors","fix":null,"filePath":"Benchmarks/Study_SamplesSet/a411ba3b97a17ab4d62c394c49d45d5b.sol"},{"line":57,"column":13,"severity":"Error","message":"Avoid making time-based decisions in your business logic","ruleId":"not-rely-on-time","fix":null,"filePath":"Benchmarks/Study_SamplesSet/a411ba3b97a17ab4d62c394c49d45d5b.sol"},{"line":61,"column":3,"severity":"Error","message":"Explicitly mark visibility in function (Set ignoreConstructors to true if using solidity >=0.7.0)","ruleId":"func-visibility","fix":null,"filePath":"Benchmarks/Study_SamplesSet/a411ba3b97a17ab4d62c394c49d45d5b.sol"},{"line":62,"column":5,"severity":"Warning","message":"Provide an error message for require","ruleId":"reason-string","fix":null,"filePath":"Benchmarks/Study_SamplesSet/a411ba3b97a17ab4d62c394c49d45d5b.sol"},{"line":62,"column":5,"severity":"Warning","message":"Use Custom Errors instead of require statements","ruleId":"custom-errors","fix":null,"filePath":"Benchmarks/Study_SamplesSet/a411ba3b97a17ab4d62c394c49d45d5b.sol"},{"line":62,"column":50,"severity":"Error","message":"Avoid making time-based decisions in your business logic","ruleId":"not-rely-on-time","fix":null,"filePath":"Benchmarks/Study_SamplesSet/a411ba3b97a17ab4d62c394c49d45d5b.sol"},{"line":62,"column":68,"severity":"Error","message":"Explicitly mark all external contracts as trusted or untrusted","ruleId":"mark-callable-contracts","filePath":"Benchmarks/Study_SamplesSet/a411ba3b97a17ab4d62c394c49d45d5b.sol"},{"line":68,"column":3,"severity":"Error","message":"Explicitly mark visibility in function","ruleId":"func-visibility","fix":null,"filePath":"Benchmarks/Study_SamplesSet/a411ba3b97a17ab4d62c394c49d45d5b.sol"},{"line":68,"column":3,"severity":"Error","message":"Fallback function must be simple","ruleId":"no-complex-fallback","fix":null,"filePath":"Benchmarks/Study_SamplesSet/a411ba3b97a17ab4d62c394c49d45d5b.sol"},{"line":69,"column":5,"severity":"Warning","message":"Provide an error message for require","ruleId":"reason-string","fix":null,"filePath":"Benchmarks/Study_SamplesSet/a411ba3b97a17ab4d62c394c49d45d5b.sol"},{"line":69,"column":5,"severity":"Warning","message":"Use Custom Errors instead of require statements","ruleId":"custom-errors","fix":null,"filePath":"Benchmarks/Study_SamplesSet/a411ba3b97a17ab4d62c394c49d45d5b.sol"},{"line":69,"column":26,"severity":"Error","message":"Explicitly mark all external contracts as trusted or untrusted","ruleId":"mark-callable-contracts","filePath":"Benchmarks/Study_SamplesSet/a411ba3b97a17ab4d62c394c49d45d5b.sol"},{"line":69,"column":59,"severity":"Error","message":"Explicitly mark all external contracts as trusted or untrusted","ruleId":"mark-callable-contracts","filePath":"Benchmarks/Study_SamplesSet/a411ba3b97a17ab4d62c394c49d45d5b.sol"},{"line":71,"column":5,"severity":"Warning","message":"Rule is set with explicit type [var/s: uint]","ruleId":"explicit-types","filePath":"Benchmarks/Study_SamplesSet/a411ba3b97a17ab4d62c394c49d45d5b.sol"},{"line":73,"column":7,"severity":"Warning","message":"Rule is set with explicit type [var/s: uint]","ruleId":"explicit-types","filePath":"Benchmarks/Study_SamplesSet/a411ba3b97a17ab4d62c394c49d45d5b.sol"},{"line":77,"column":7,"severity":"Error","message":"Possible reentrancy vulnerabilities. Avoid state changes after transfer.","ruleId":"reentrancy","fix":null,"filePath":"Benchmarks/Study_SamplesSet/a411ba3b97a17ab4d62c394c49d45d5b.sol"},{"line":82,"column":3,"severity":"Error","message":"Explicitly mark visibility in function","ruleId":"func-visibility","fix":null,"filePath":"Benchmarks/Study_SamplesSet/a411ba3b97a17ab4d62c394c49d45d5b.sol"},{"conclusion":"25 problem/s (11 error/s, 14 warning/s)"}]
