[{"line":1,"column":1,"severity":"Warning","message":"Found more than One contract per file. 2 contracts found!","ruleId":"one-contract-per-file","fix":null,"filePath":"Benchmarks/Study_SamplesSet/a63c47b8aab1e40492cf6dd521957a74.sol"},{"line":1,"column":1,"severity":"Error","message":"Compiler version ^0.4.6 does not satisfy the ^0.8.0 semver requirement","ruleId":"compiler-version","fix":null,"filePath":"Benchmarks/Study_SamplesSet/a63c47b8aab1e40492cf6dd521957a74.sol"},{"line":3,"column":1,"severity":"Warning","message":"Contract, Structs and Enums should be in CamelCase","ruleId":"contract-name-camelcase","filePath":"Benchmarks/Study_SamplesSet/a63c47b8aab1e40492cf6dd521957a74.sol"},{"line":4,"column":2,"severity":"Error","message":"Explicitly mark visibility in function","ruleId":"func-visibility","fix":null,"filePath":"Benchmarks/Study_SamplesSet/a63c47b8aab1e40492cf6dd521957a74.sol"},{"line":4,"column":58,"severity":"Warning","message":"Rule is set with explicit type [var/s: uint]","ruleId":"explicit-types","filePath":"Benchmarks/Study_SamplesSet/a63c47b8aab1e40492cf6dd521957a74.sol"},{"line":4,"column":92,"severity":"Warning","message":"Code contains empty blocks","ruleId":"no-empty-blocks","fix":null,"filePath":"Benchmarks/Study_SamplesSet/a63c47b8aab1e40492cf6dd521957a74.sol"},{"line":5,"column":2,"severity":"Error","message":"Explicitly mark visibility in function","ruleId":"func-visibility","fix":null,"filePath":"Benchmarks/Study_SamplesSet/a63c47b8aab1e40492cf6dd521957a74.sol"},{"line":5,"column":18,"severity":"Warning","message":"Code contains empty blocks","ruleId":"no-empty-blocks","fix":null,"filePath":"Benchmarks/Study_SamplesSet/a63c47b8aab1e40492cf6dd521957a74.sol"},{"line":16,"column":2,"severity":"Warning","message":"Rule is set with explicit type [var/s: uint]","ruleId":"explicit-types","filePath":"Benchmarks/Study_SamplesSet/a63c47b8aab1e40492cf6dd521957a74.sol"},{"line":18,"column":2,"severity":"Warning","message":"Rule is set with explicit type [var/s: uint]","ruleId":"explicit-types","filePath":"Benchmarks/Study_SamplesSet/a63c47b8aab1e40492cf6dd521957a74.sol"},{"line":20,"column":2,"severity":"Warning","message":"Rule is set with explicit type [var/s: uint]","ruleId":"explicit-types","filePath":"Benchmarks/Study_SamplesSet/a63c47b8aab1e40492cf6dd521957a74.sol"},{"line":22,"column":2,"severity":"Warning","message":"Rule is set with explicit type [var/s: uint]","ruleId":"explicit-types","filePath":"Benchmarks/Study_SamplesSet/a63c47b8aab1e40492cf6dd521957a74.sol"},{"line":24,"column":2,"severity":"Warning","message":"Rule is set with explicit type [var/s: uint]","ruleId":"explicit-types","filePath":"Benchmarks/Study_SamplesSet/a63c47b8aab1e40492cf6dd521957a74.sol"},{"line":26,"column":2,"severity":"Warning","message":"Rule is set with explicit type [var/s: uint]","ruleId":"explicit-types","filePath":"Benchmarks/Study_SamplesSet/a63c47b8aab1e40492cf6dd521957a74.sol"},{"line":27,"column":2,"severity":"Warning","message":"Rule is set with explicit type [var/s: uint]","ruleId":"explicit-types","filePath":"Benchmarks/Study_SamplesSet/a63c47b8aab1e40492cf6dd521957a74.sol"},{"line":32,"column":2,"severity":"Error","message":"Explicitly mark visibility of state","ruleId":"state-visibility","fix":null,"filePath":"Benchmarks/Study_SamplesSet/a63c47b8aab1e40492cf6dd521957a74.sol"},{"line":33,"column":2,"severity":"Error","message":"Explicitly mark visibility of state","ruleId":"state-visibility","fix":null,"filePath":"Benchmarks/Study_SamplesSet/a63c47b8aab1e40492cf6dd521957a74.sol"},{"line":35,"column":41,"severity":"Warning","message":"Rule is set with explicit type [var/s: uint]","ruleId":"explicit-types","filePath":"Benchmarks/Study_SamplesSet/a63c47b8aab1e40492cf6dd521957a74.sol"},{"line":36,"column":37,"severity":"Warning","message":"Rule is set with explicit type [var/s: uint]","ruleId":"explicit-types","filePath":"Benchmarks/Study_SamplesSet/a63c47b8aab1e40492cf6dd521957a74.sol"},{"line":41,"column":5,"severity":"Error","message":"Explicitly mark visibility in function (Set ignoreConstructors to true if using solidity >=0.7.0)","ruleId":"func-visibility","fix":null,"filePath":"Benchmarks/Study_SamplesSet/a63c47b8aab1e40492cf6dd521957a74.sol"},{"line":47,"column":5,"severity":"Error","message":"Explicitly mark visibility in function","ruleId":"func-visibility","fix":null,"filePath":"Benchmarks/Study_SamplesSet/a63c47b8aab1e40492cf6dd521957a74.sol"},{"line":53,"column":5,"severity":"Error","message":"Explicitly mark visibility in function","ruleId":"func-visibility","fix":null,"filePath":"Benchmarks/Study_SamplesSet/a63c47b8aab1e40492cf6dd521957a74.sol"},{"line":54,"column":6,"severity":"Warning","message":"Rule is set with explicit type [var/s: uint]","ruleId":"explicit-types","filePath":"Benchmarks/Study_SamplesSet/a63c47b8aab1e40492cf6dd521957a74.sol"},{"line":55,"column":2,"severity":"Warning","message":"Rule is set with explicit type [var/s: uint]","ruleId":"explicit-types","filePath":"Benchmarks/Study_SamplesSet/a63c47b8aab1e40492cf6dd521957a74.sol"},{"line":56,"column":23,"severity":"Error","message":"Avoid making time-based decisions in your business logic","ruleId":"not-rely-on-time","fix":null,"filePath":"Benchmarks/Study_SamplesSet/a63c47b8aab1e40492cf6dd521957a74.sol"},{"line":56,"column":64,"severity":"Error","message":"\"throw\" is deprecated, avoid to use it","ruleId":"avoid-throw","filePath":"Benchmarks/Study_SamplesSet/a63c47b8aab1e40492cf6dd521957a74.sol"},{"line":60,"column":66,"severity":"Error","message":"\"throw\" is deprecated, avoid to use it","ruleId":"avoid-throw","filePath":"Benchmarks/Study_SamplesSet/a63c47b8aab1e40492cf6dd521957a74.sol"},{"line":61,"column":9,"severity":"Error","message":"Explicitly mark all external contracts as trusted or untrusted","ruleId":"mark-callable-contracts","filePath":"Benchmarks/Study_SamplesSet/a63c47b8aab1e40492cf6dd521957a74.sol"},{"line":65,"column":5,"severity":"Error","message":"Explicitly mark visibility in function","ruleId":"func-visibility","fix":null,"filePath":"Benchmarks/Study_SamplesSet/a63c47b8aab1e40492cf6dd521957a74.sol"},{"line":67,"column":16,"severity":"Error","message":"Avoid making time-based decisions in your business logic","ruleId":"not-rely-on-time","fix":null,"filePath":"Benchmarks/Study_SamplesSet/a63c47b8aab1e40492cf6dd521957a74.sol"},{"line":72,"column":36,"severity":"Error","message":"Avoid making time-based decisions in your business logic","ruleId":"not-rely-on-time","fix":null,"filePath":"Benchmarks/Study_SamplesSet/a63c47b8aab1e40492cf6dd521957a74.sol"},{"line":75,"column":5,"severity":"Error","message":"Explicitly mark visibility in function","ruleId":"func-visibility","fix":null,"filePath":"Benchmarks/Study_SamplesSet/a63c47b8aab1e40492cf6dd521957a74.sol"},{"line":78,"column":13,"severity":"Error","message":"Explicitly mark all external contracts as trusted or untrusted","ruleId":"mark-callable-contracts","filePath":"Benchmarks/Study_SamplesSet/a63c47b8aab1e40492cf6dd521957a74.sol"},{"line":84,"column":5,"severity":"Error","message":"Explicitly mark visibility in function","ruleId":"func-visibility","fix":null,"filePath":"Benchmarks/Study_SamplesSet/a63c47b8aab1e40492cf6dd521957a74.sol"},{"line":87,"column":13,"severity":"Warning","message":"Rule is set with explicit type [var/s: uint]","ruleId":"explicit-types","filePath":"Benchmarks/Study_SamplesSet/a63c47b8aab1e40492cf6dd521957a74.sol"},{"line":91,"column":21,"severity":"Error","message":"Explicitly mark all external contracts as trusted or untrusted","ruleId":"mark-callable-contracts","filePath":"Benchmarks/Study_SamplesSet/a63c47b8aab1e40492cf6dd521957a74.sol"},{"line":93,"column":21,"severity":"Error","message":"Possible reentrancy vulnerabilities. Avoid state changes after transfer.","ruleId":"reentrancy","fix":null,"filePath":"Benchmarks/Study_SamplesSet/a63c47b8aab1e40492cf6dd521957a74.sol"},{"line":100,"column":17,"severity":"Error","message":"Avoid multiple calls of \"send\" method in single transaction","ruleId":"multiple-sends","fix":null,"filePath":"Benchmarks/Study_SamplesSet/a63c47b8aab1e40492cf6dd521957a74.sol"},{"line":101,"column":17,"severity":"Error","message":"Explicitly mark all external contracts as trusted or untrusted","ruleId":"mark-callable-contracts","filePath":"Benchmarks/Study_SamplesSet/a63c47b8aab1e40492cf6dd521957a74.sol"},{"line":104,"column":17,"severity":"Error","message":"Possible reentrancy vulnerabilities. Avoid state changes after transfer.","ruleId":"reentrancy","fix":null,"filePath":"Benchmarks/Study_SamplesSet/a63c47b8aab1e40492cf6dd521957a74.sol"},{"conclusion":"40 problem/s (23 error/s, 17 warning/s)"}]
