[{"line":1,"column":1,"severity":"Warning","message":"Found more than One contract per file. 2 contracts found!","ruleId":"one-contract-per-file","fix":null,"filePath":"Benchmarks/Study_SamplesSet/a7c0c8095688f43edb5727c9569a7be1.sol"},{"line":1,"column":1,"severity":"Error","message":"Compiler version ^0.4.13 does not satisfy the ^0.8.0 semver requirement","ruleId":"compiler-version","fix":null,"filePath":"Benchmarks/Study_SamplesSet/a7c0c8095688f43edb5727c9569a7be1.sol"},{"line":15,"column":3,"severity":"Error","message":"Explicitly mark visibility in function","ruleId":"func-visibility","fix":null,"filePath":"Benchmarks/Study_SamplesSet/a7c0c8095688f43edb5727c9569a7be1.sol"},{"line":16,"column":3,"severity":"Error","message":"Explicitly mark visibility in function","ruleId":"func-visibility","fix":null,"filePath":"Benchmarks/Study_SamplesSet/a7c0c8095688f43edb5727c9569a7be1.sol"},{"line":24,"column":3,"severity":"Warning","message":"Variable name must be in mixedCase","ruleId":"var-name-mixedcase","fix":null,"filePath":"Benchmarks/Study_SamplesSet/a7c0c8095688f43edb5727c9569a7be1.sol"},{"line":27,"column":3,"severity":"Warning","message":"Variable name must be in mixedCase","ruleId":"var-name-mixedcase","fix":null,"filePath":"Benchmarks/Study_SamplesSet/a7c0c8095688f43edb5727c9569a7be1.sol"},{"line":30,"column":3,"severity":"Warning","message":"Constant name must be in capitalized SNAKE_CASE","ruleId":"const-name-snakecase","fix":null,"filePath":"Benchmarks/Study_SamplesSet/a7c0c8095688f43edb5727c9569a7be1.sol"},{"line":33,"column":3,"severity":"Warning","message":"Variable name must be in mixedCase","ruleId":"var-name-mixedcase","fix":null,"filePath":"Benchmarks/Study_SamplesSet/a7c0c8095688f43edb5727c9569a7be1.sol"},{"line":36,"column":3,"severity":"Warning","message":"Variable name must be in mixedCase","ruleId":"var-name-mixedcase","fix":null,"filePath":"Benchmarks/Study_SamplesSet/a7c0c8095688f43edb5727c9569a7be1.sol"},{"line":39,"column":3,"severity":"Warning","message":"Constant name must be in capitalized SNAKE_CASE","ruleId":"const-name-snakecase","fix":null,"filePath":"Benchmarks/Study_SamplesSet/a7c0c8095688f43edb5727c9569a7be1.sol"},{"line":42,"column":3,"severity":"Error","message":"Explicitly mark visibility in function (Set ignoreConstructors to true if using solidity >=0.7.0)","ruleId":"func-visibility","fix":null,"filePath":"Benchmarks/Study_SamplesSet/a7c0c8095688f43edb5727c9569a7be1.sol"},{"line":52,"column":3,"severity":"Warning","message":"Function name must be in mixedCase","ruleId":"func-name-mixedcase","fix":null,"filePath":"Benchmarks/Study_SamplesSet/a7c0c8095688f43edb5727c9569a7be1.sol"},{"line":52,"column":3,"severity":"Error","message":"Explicitly mark visibility in function","ruleId":"func-visibility","fix":null,"filePath":"Benchmarks/Study_SamplesSet/a7c0c8095688f43edb5727c9569a7be1.sol"},{"line":54,"column":25,"severity":"Error","message":"\"throw\" is deprecated, avoid to use it","ruleId":"avoid-throw","filePath":"Benchmarks/Study_SamplesSet/a7c0c8095688f43edb5727c9569a7be1.sol"},{"line":58,"column":5,"severity":"Warning","message":"Variable name must be in mixedCase","ruleId":"var-name-mixedcase","fix":null,"filePath":"Benchmarks/Study_SamplesSet/a7c0c8095688f43edb5727c9569a7be1.sol"},{"line":61,"column":38,"severity":"Error","message":"\"throw\" is deprecated, avoid to use it","ruleId":"avoid-throw","filePath":"Benchmarks/Study_SamplesSet/a7c0c8095688f43edb5727c9569a7be1.sol"},{"line":64,"column":5,"severity":"Warning","message":"Variable name must be in mixedCase","ruleId":"var-name-mixedcase","fix":null,"filePath":"Benchmarks/Study_SamplesSet/a7c0c8095688f43edb5727c9569a7be1.sol"},{"line":73,"column":57,"severity":"Error","message":"\"throw\" is deprecated, avoid to use it","ruleId":"avoid-throw","filePath":"Benchmarks/Study_SamplesSet/a7c0c8095688f43edb5727c9569a7be1.sol"},{"line":77,"column":3,"severity":"Warning","message":"Function name must be in mixedCase","ruleId":"func-name-mixedcase","fix":null,"filePath":"Benchmarks/Study_SamplesSet/a7c0c8095688f43edb5727c9569a7be1.sol"},{"line":77,"column":3,"severity":"Error","message":"Explicitly mark visibility in function","ruleId":"func-visibility","fix":null,"filePath":"Benchmarks/Study_SamplesSet/a7c0c8095688f43edb5727c9569a7be1.sol"},{"line":80,"column":44,"severity":"Error","message":"\"throw\" is deprecated, avoid to use it","ruleId":"avoid-throw","filePath":"Benchmarks/Study_SamplesSet/a7c0c8095688f43edb5727c9569a7be1.sol"},{"line":84,"column":5,"severity":"Warning","message":"Variable name must be in mixedCase","ruleId":"var-name-mixedcase","fix":null,"filePath":"Benchmarks/Study_SamplesSet/a7c0c8095688f43edb5727c9569a7be1.sol"},{"line":94,"column":3,"severity":"Warning","message":"Function name must be in mixedCase","ruleId":"func-name-mixedcase","fix":null,"filePath":"Benchmarks/Study_SamplesSet/a7c0c8095688f43edb5727c9569a7be1.sol"},{"line":94,"column":3,"severity":"Error","message":"Explicitly mark visibility in function","ruleId":"func-visibility","fix":null,"filePath":"Benchmarks/Study_SamplesSet/a7c0c8095688f43edb5727c9569a7be1.sol"},{"line":99,"column":45,"severity":"Error","message":"\"throw\" is deprecated, avoid to use it","ruleId":"avoid-throw","filePath":"Benchmarks/Study_SamplesSet/a7c0c8095688f43edb5727c9569a7be1.sol"},{"line":102,"column":39,"severity":"Error","message":"\"throw\" is deprecated, avoid to use it","ruleId":"avoid-throw","filePath":"Benchmarks/Study_SamplesSet/a7c0c8095688f43edb5727c9569a7be1.sol"},{"line":115,"column":3,"severity":"Warning","message":"Function name must be in mixedCase","ruleId":"func-name-mixedcase","fix":null,"filePath":"Benchmarks/Study_SamplesSet/a7c0c8095688f43edb5727c9569a7be1.sol"},{"line":115,"column":3,"severity":"Error","message":"Explicitly mark visibility in function","ruleId":"func-visibility","fix":null,"filePath":"Benchmarks/Study_SamplesSet/a7c0c8095688f43edb5727c9569a7be1.sol"},{"line":121,"column":3,"severity":"Error","message":"Explicitly mark visibility in function","ruleId":"func-visibility","fix":null,"filePath":"Benchmarks/Study_SamplesSet/a7c0c8095688f43edb5727c9569a7be1.sol"},{"conclusion":"29 problem/s (15 error/s, 14 warning/s)"}]
