[{"line":1,"column":1,"severity":"Warning","message":"Found more than One contract per file. 4 contracts found!","ruleId":"one-contract-per-file","fix":null,"filePath":"Benchmarks/Study_SamplesSet/abc8bf67c3ceca9ecb202c377fbec7f0.sol"},{"line":1,"column":1,"severity":"Error","message":"Compiler version ^0.4.8 does not satisfy the ^0.8.0 semver requirement","ruleId":"compiler-version","fix":null,"filePath":"Benchmarks/Study_SamplesSet/abc8bf67c3ceca9ecb202c377fbec7f0.sol"},{"line":5,"column":5,"severity":"Error","message":"Explicitly mark visibility in function","ruleId":"func-visibility","fix":null,"filePath":"Benchmarks/Study_SamplesSet/abc8bf67c3ceca9ecb202c377fbec7f0.sol"},{"line":5,"column":20,"severity":"Warning","message":"Rule is set with explicit type [var/s: uint]","ruleId":"explicit-types","filePath":"Benchmarks/Study_SamplesSet/abc8bf67c3ceca9ecb202c377fbec7f0.sol"},{"line":6,"column":5,"severity":"Warning","message":"Function name must be in mixedCase","ruleId":"func-name-mixedcase","fix":null,"filePath":"Benchmarks/Study_SamplesSet/abc8bf67c3ceca9ecb202c377fbec7f0.sol"},{"line":6,"column":5,"severity":"Error","message":"Explicitly mark visibility in function","ruleId":"func-visibility","fix":null,"filePath":"Benchmarks/Study_SamplesSet/abc8bf67c3ceca9ecb202c377fbec7f0.sol"},{"line":6,"column":33,"severity":"Warning","message":"Rule is set with explicit type [var/s: uint]","ruleId":"explicit-types","filePath":"Benchmarks/Study_SamplesSet/abc8bf67c3ceca9ecb202c377fbec7f0.sol"},{"line":6,"column":83,"severity":"Warning","message":"Rule is set with explicit type [var/s: uint]","ruleId":"explicit-types","filePath":"Benchmarks/Study_SamplesSet/abc8bf67c3ceca9ecb202c377fbec7f0.sol"},{"line":7,"column":5,"severity":"Error","message":"Explicitly mark visibility in function","ruleId":"func-visibility","fix":null,"filePath":"Benchmarks/Study_SamplesSet/abc8bf67c3ceca9ecb202c377fbec7f0.sol"},{"line":7,"column":21,"severity":"Warning","message":"Rule is set with explicit type [var/s: uint]","ruleId":"explicit-types","filePath":"Benchmarks/Study_SamplesSet/abc8bf67c3ceca9ecb202c377fbec7f0.sol"},{"line":8,"column":5,"severity":"Warning","message":"Function name must be in mixedCase","ruleId":"func-name-mixedcase","fix":null,"filePath":"Benchmarks/Study_SamplesSet/abc8bf67c3ceca9ecb202c377fbec7f0.sol"},{"line":8,"column":5,"severity":"Error","message":"Explicitly mark visibility in function","ruleId":"func-visibility","fix":null,"filePath":"Benchmarks/Study_SamplesSet/abc8bf67c3ceca9ecb202c377fbec7f0.sol"},{"line":8,"column":34,"severity":"Warning","message":"Rule is set with explicit type [var/s: uint]","ruleId":"explicit-types","filePath":"Benchmarks/Study_SamplesSet/abc8bf67c3ceca9ecb202c377fbec7f0.sol"},{"line":8,"column":99,"severity":"Warning","message":"Rule is set with explicit type [var/s: uint]","ruleId":"explicit-types","filePath":"Benchmarks/Study_SamplesSet/abc8bf67c3ceca9ecb202c377fbec7f0.sol"},{"line":9,"column":5,"severity":"Error","message":"Explicitly mark visibility in function","ruleId":"func-visibility","fix":null,"filePath":"Benchmarks/Study_SamplesSet/abc8bf67c3ceca9ecb202c377fbec7f0.sol"},{"line":9,"column":21,"severity":"Warning","message":"Rule is set with explicit type [var/s: uint]","ruleId":"explicit-types","filePath":"Benchmarks/Study_SamplesSet/abc8bf67c3ceca9ecb202c377fbec7f0.sol"},{"line":10,"column":5,"severity":"Warning","message":"Function name must be in mixedCase","ruleId":"func-name-mixedcase","fix":null,"filePath":"Benchmarks/Study_SamplesSet/abc8bf67c3ceca9ecb202c377fbec7f0.sol"},{"line":10,"column":5,"severity":"Error","message":"Explicitly mark visibility in function","ruleId":"func-visibility","fix":null,"filePath":"Benchmarks/Study_SamplesSet/abc8bf67c3ceca9ecb202c377fbec7f0.sol"},{"line":10,"column":34,"severity":"Warning","message":"Rule is set with explicit type [var/s: uint]","ruleId":"explicit-types","filePath":"Benchmarks/Study_SamplesSet/abc8bf67c3ceca9ecb202c377fbec7f0.sol"},{"line":10,"column":84,"severity":"Warning","message":"Rule is set with explicit type [var/s: uint]","ruleId":"explicit-types","filePath":"Benchmarks/Study_SamplesSet/abc8bf67c3ceca9ecb202c377fbec7f0.sol"},{"line":11,"column":5,"severity":"Error","message":"Explicitly mark visibility in function","ruleId":"func-visibility","fix":null,"filePath":"Benchmarks/Study_SamplesSet/abc8bf67c3ceca9ecb202c377fbec7f0.sol"},{"line":11,"column":52,"severity":"Warning","message":"Rule is set with explicit type [var/s: uint]","ruleId":"explicit-types","filePath":"Benchmarks/Study_SamplesSet/abc8bf67c3ceca9ecb202c377fbec7f0.sol"},{"line":12,"column":5,"severity":"Error","message":"Explicitly mark visibility in function","ruleId":"func-visibility","fix":null,"filePath":"Benchmarks/Study_SamplesSet/abc8bf67c3ceca9ecb202c377fbec7f0.sol"},{"line":12,"column":43,"severity":"Warning","message":"Rule is set with explicit type [var/s: uint]","ruleId":"explicit-types","filePath":"Benchmarks/Study_SamplesSet/abc8bf67c3ceca9ecb202c377fbec7f0.sol"},{"line":12,"column":67,"severity":"Warning","message":"Rule is set with explicit type [var/s: uint]","ruleId":"explicit-types","filePath":"Benchmarks/Study_SamplesSet/abc8bf67c3ceca9ecb202c377fbec7f0.sol"},{"line":13,"column":5,"severity":"Error","message":"Explicitly mark visibility in function","ruleId":"func-visibility","fix":null,"filePath":"Benchmarks/Study_SamplesSet/abc8bf67c3ceca9ecb202c377fbec7f0.sol"},{"line":14,"column":5,"severity":"Error","message":"Explicitly mark visibility in function","ruleId":"func-visibility","fix":null,"filePath":"Benchmarks/Study_SamplesSet/abc8bf67c3ceca9ecb202c377fbec7f0.sol"},{"line":15,"column":5,"severity":"Error","message":"Explicitly mark visibility in function","ruleId":"func-visibility","fix":null,"filePath":"Benchmarks/Study_SamplesSet/abc8bf67c3ceca9ecb202c377fbec7f0.sol"},{"line":16,"column":5,"severity":"Error","message":"Explicitly mark visibility in function","ruleId":"func-visibility","fix":null,"filePath":"Benchmarks/Study_SamplesSet/abc8bf67c3ceca9ecb202c377fbec7f0.sol"},{"line":16,"column":32,"severity":"Warning","message":"Rule is set with explicit type [var/s: uint]","ruleId":"explicit-types","filePath":"Benchmarks/Study_SamplesSet/abc8bf67c3ceca9ecb202c377fbec7f0.sol"},{"line":19,"column":5,"severity":"Error","message":"Explicitly mark visibility in function","ruleId":"func-visibility","fix":null,"filePath":"Benchmarks/Study_SamplesSet/abc8bf67c3ceca9ecb202c377fbec7f0.sol"},{"line":21,"column":1,"severity":"Warning","message":"Contract, Structs and Enums should be in CamelCase","ruleId":"contract-name-camelcase","filePath":"Benchmarks/Study_SamplesSet/abc8bf67c3ceca9ecb202c377fbec7f0.sol"},{"line":22,"column":5,"severity":"Error","message":"Explicitly mark visibility of state","ruleId":"state-visibility","fix":null,"filePath":"Benchmarks/Study_SamplesSet/abc8bf67c3ceca9ecb202c377fbec7f0.sol"},{"line":22,"column":5,"severity":"Warning","message":"Rule is set with explicit type [var/s: uint]","ruleId":"explicit-types","filePath":"Benchmarks/Study_SamplesSet/abc8bf67c3ceca9ecb202c377fbec7f0.sol"},{"line":22,"column":5,"severity":"Warning","message":"Constant name must be in capitalized SNAKE_CASE","ruleId":"const-name-snakecase","fix":null,"filePath":"Benchmarks/Study_SamplesSet/abc8bf67c3ceca9ecb202c377fbec7f0.sol"},{"line":23,"column":5,"severity":"Error","message":"Explicitly mark visibility of state","ruleId":"state-visibility","fix":null,"filePath":"Benchmarks/Study_SamplesSet/abc8bf67c3ceca9ecb202c377fbec7f0.sol"},{"line":23,"column":5,"severity":"Warning","message":"Rule is set with explicit type [var/s: uint]","ruleId":"explicit-types","filePath":"Benchmarks/Study_SamplesSet/abc8bf67c3ceca9ecb202c377fbec7f0.sol"},{"line":23,"column":5,"severity":"Warning","message":"Constant name must be in capitalized SNAKE_CASE","ruleId":"const-name-snakecase","fix":null,"filePath":"Benchmarks/Study_SamplesSet/abc8bf67c3ceca9ecb202c377fbec7f0.sol"},{"line":24,"column":5,"severity":"Error","message":"Explicitly mark visibility of state","ruleId":"state-visibility","fix":null,"filePath":"Benchmarks/Study_SamplesSet/abc8bf67c3ceca9ecb202c377fbec7f0.sol"},{"line":24,"column":5,"severity":"Warning","message":"Rule is set with explicit type [var/s: uint]","ruleId":"explicit-types","filePath":"Benchmarks/Study_SamplesSet/abc8bf67c3ceca9ecb202c377fbec7f0.sol"},{"line":24,"column":5,"severity":"Warning","message":"Constant name must be in capitalized SNAKE_CASE","ruleId":"const-name-snakecase","fix":null,"filePath":"Benchmarks/Study_SamplesSet/abc8bf67c3ceca9ecb202c377fbec7f0.sol"},{"line":25,"column":5,"severity":"Error","message":"Explicitly mark visibility of state","ruleId":"state-visibility","fix":null,"filePath":"Benchmarks/Study_SamplesSet/abc8bf67c3ceca9ecb202c377fbec7f0.sol"},{"line":25,"column":5,"severity":"Warning","message":"Constant name must be in capitalized SNAKE_CASE","ruleId":"const-name-snakecase","fix":null,"filePath":"Benchmarks/Study_SamplesSet/abc8bf67c3ceca9ecb202c377fbec7f0.sol"},{"line":26,"column":5,"severity":"Error","message":"Explicitly mark visibility of state","ruleId":"state-visibility","fix":null,"filePath":"Benchmarks/Study_SamplesSet/abc8bf67c3ceca9ecb202c377fbec7f0.sol"},{"line":26,"column":5,"severity":"Warning","message":"Constant name must be in capitalized SNAKE_CASE","ruleId":"const-name-snakecase","fix":null,"filePath":"Benchmarks/Study_SamplesSet/abc8bf67c3ceca9ecb202c377fbec7f0.sol"},{"line":27,"column":5,"severity":"Error","message":"Explicitly mark visibility of state","ruleId":"state-visibility","fix":null,"filePath":"Benchmarks/Study_SamplesSet/abc8bf67c3ceca9ecb202c377fbec7f0.sol"},{"line":27,"column":5,"severity":"Warning","message":"Constant name must be in capitalized SNAKE_CASE","ruleId":"const-name-snakecase","fix":null,"filePath":"Benchmarks/Study_SamplesSet/abc8bf67c3ceca9ecb202c377fbec7f0.sol"},{"line":28,"column":5,"severity":"Error","message":"Explicitly mark visibility of state","ruleId":"state-visibility","fix":null,"filePath":"Benchmarks/Study_SamplesSet/abc8bf67c3ceca9ecb202c377fbec7f0.sol"},{"line":28,"column":5,"severity":"Warning","message":"Constant name must be in capitalized SNAKE_CASE","ruleId":"const-name-snakecase","fix":null,"filePath":"Benchmarks/Study_SamplesSet/abc8bf67c3ceca9ecb202c377fbec7f0.sol"},{"line":29,"column":5,"severity":"Error","message":"Explicitly mark visibility of state","ruleId":"state-visibility","fix":null,"filePath":"Benchmarks/Study_SamplesSet/abc8bf67c3ceca9ecb202c377fbec7f0.sol"},{"line":29,"column":5,"severity":"Warning","message":"Constant name must be in capitalized SNAKE_CASE","ruleId":"const-name-snakecase","fix":null,"filePath":"Benchmarks/Study_SamplesSet/abc8bf67c3ceca9ecb202c377fbec7f0.sol"},{"line":30,"column":5,"severity":"Error","message":"Explicitly mark visibility of state","ruleId":"state-visibility","fix":null,"filePath":"Benchmarks/Study_SamplesSet/abc8bf67c3ceca9ecb202c377fbec7f0.sol"},{"line":30,"column":5,"severity":"Warning","message":"Constant name must be in capitalized SNAKE_CASE","ruleId":"const-name-snakecase","fix":null,"filePath":"Benchmarks/Study_SamplesSet/abc8bf67c3ceca9ecb202c377fbec7f0.sol"},{"line":31,"column":5,"severity":"Error","message":"Explicitly mark visibility of state","ruleId":"state-visibility","fix":null,"filePath":"Benchmarks/Study_SamplesSet/abc8bf67c3ceca9ecb202c377fbec7f0.sol"},{"line":31,"column":5,"severity":"Warning","message":"Constant name must be in capitalized SNAKE_CASE","ruleId":"const-name-snakecase","fix":null,"filePath":"Benchmarks/Study_SamplesSet/abc8bf67c3ceca9ecb202c377fbec7f0.sol"},{"line":32,"column":5,"severity":"Error","message":"Explicitly mark visibility of state","ruleId":"state-visibility","fix":null,"filePath":"Benchmarks/Study_SamplesSet/abc8bf67c3ceca9ecb202c377fbec7f0.sol"},{"line":32,"column":5,"severity":"Warning","message":"Constant name must be in capitalized SNAKE_CASE","ruleId":"const-name-snakecase","fix":null,"filePath":"Benchmarks/Study_SamplesSet/abc8bf67c3ceca9ecb202c377fbec7f0.sol"},{"line":34,"column":5,"severity":"Error","message":"Explicitly mark visibility of state","ruleId":"state-visibility","fix":null,"filePath":"Benchmarks/Study_SamplesSet/abc8bf67c3ceca9ecb202c377fbec7f0.sol"},{"line":34,"column":5,"severity":"Warning","message":"Variable name must be in mixedCase","ruleId":"var-name-mixedcase","fix":null,"filePath":"Benchmarks/Study_SamplesSet/abc8bf67c3ceca9ecb202c377fbec7f0.sol"},{"line":36,"column":5,"severity":"Error","message":"Explicitly mark visibility of state","ruleId":"state-visibility","fix":null,"filePath":"Benchmarks/Study_SamplesSet/abc8bf67c3ceca9ecb202c377fbec7f0.sol"},{"line":39,"column":20,"severity":"Error","message":"Explicitly mark all external contracts as trusted or untrusted","ruleId":"mark-callable-contracts","filePath":"Benchmarks/Study_SamplesSet/abc8bf67c3ceca9ecb202c377fbec7f0.sol"},{"line":39,"column":30,"severity":"Error","message":"Explicitly mark all external contracts as trusted or untrusted","ruleId":"mark-callable-contracts","filePath":"Benchmarks/Study_SamplesSet/abc8bf67c3ceca9ecb202c377fbec7f0.sol"},{"line":43,"column":20,"severity":"Error","message":"Explicitly mark all external contracts as trusted or untrusted","ruleId":"mark-callable-contracts","filePath":"Benchmarks/Study_SamplesSet/abc8bf67c3ceca9ecb202c377fbec7f0.sol"},{"line":43,"column":30,"severity":"Error","message":"Explicitly mark all external contracts as trusted or untrusted","ruleId":"mark-callable-contracts","filePath":"Benchmarks/Study_SamplesSet/abc8bf67c3ceca9ecb202c377fbec7f0.sol"},{"line":48,"column":5,"severity":"Warning","message":"Function name must be in mixedCase","ruleId":"func-name-mixedcase","fix":null,"filePath":"Benchmarks/Study_SamplesSet/abc8bf67c3ceca9ecb202c377fbec7f0.sol"},{"line":48,"column":34,"severity":"Warning","message":"Variable \"networkID\" is unused","ruleId":"no-unused-vars","fix":null,"filePath":"Benchmarks/Study_SamplesSet/abc8bf67c3ceca9ecb202c377fbec7f0.sol"},{"line":50,"column":13,"severity":"Error","message":"Explicitly mark all external contracts as trusted or untrusted","ruleId":"mark-callable-contracts","filePath":"Benchmarks/Study_SamplesSet/abc8bf67c3ceca9ecb202c377fbec7f0.sol"},{"line":50,"column":19,"severity":"Error","message":"Explicitly mark all external contracts as trusted or untrusted","ruleId":"mark-callable-contracts","filePath":"Benchmarks/Study_SamplesSet/abc8bf67c3ceca9ecb202c377fbec7f0.sol"},{"line":54,"column":13,"severity":"Error","message":"Explicitly mark all external contracts as trusted or untrusted","ruleId":"mark-callable-contracts","filePath":"Benchmarks/Study_SamplesSet/abc8bf67c3ceca9ecb202c377fbec7f0.sol"},{"line":54,"column":19,"severity":"Error","message":"Explicitly mark all external contracts as trusted or untrusted","ruleId":"mark-callable-contracts","filePath":"Benchmarks/Study_SamplesSet/abc8bf67c3ceca9ecb202c377fbec7f0.sol"},{"line":58,"column":13,"severity":"Error","message":"Explicitly mark all external contracts as trusted or untrusted","ruleId":"mark-callable-contracts","filePath":"Benchmarks/Study_SamplesSet/abc8bf67c3ceca9ecb202c377fbec7f0.sol"},{"line":58,"column":19,"severity":"Error","message":"Explicitly mark all external contracts as trusted or untrusted","ruleId":"mark-callable-contracts","filePath":"Benchmarks/Study_SamplesSet/abc8bf67c3ceca9ecb202c377fbec7f0.sol"},{"line":62,"column":13,"severity":"Error","message":"Explicitly mark all external contracts as trusted or untrusted","ruleId":"mark-callable-contracts","filePath":"Benchmarks/Study_SamplesSet/abc8bf67c3ceca9ecb202c377fbec7f0.sol"},{"line":62,"column":19,"severity":"Error","message":"Explicitly mark all external contracts as trusted or untrusted","ruleId":"mark-callable-contracts","filePath":"Benchmarks/Study_SamplesSet/abc8bf67c3ceca9ecb202c377fbec7f0.sol"},{"line":66,"column":13,"severity":"Error","message":"Explicitly mark all external contracts as trusted or untrusted","ruleId":"mark-callable-contracts","filePath":"Benchmarks/Study_SamplesSet/abc8bf67c3ceca9ecb202c377fbec7f0.sol"},{"line":66,"column":19,"severity":"Error","message":"Explicitly mark all external contracts as trusted or untrusted","ruleId":"mark-callable-contracts","filePath":"Benchmarks/Study_SamplesSet/abc8bf67c3ceca9ecb202c377fbec7f0.sol"},{"line":70,"column":13,"severity":"Error","message":"Explicitly mark all external contracts as trusted or untrusted","ruleId":"mark-callable-contracts","filePath":"Benchmarks/Study_SamplesSet/abc8bf67c3ceca9ecb202c377fbec7f0.sol"},{"line":70,"column":19,"severity":"Error","message":"Explicitly mark all external contracts as trusted or untrusted","ruleId":"mark-callable-contracts","filePath":"Benchmarks/Study_SamplesSet/abc8bf67c3ceca9ecb202c377fbec7f0.sol"},{"line":76,"column":5,"severity":"Error","message":"Explicitly mark visibility in function","ruleId":"func-visibility","fix":null,"filePath":"Benchmarks/Study_SamplesSet/abc8bf67c3ceca9ecb202c377fbec7f0.sol"},{"line":79,"column":5,"severity":"Error","message":"Explicitly mark visibility in function","ruleId":"func-visibility","fix":null,"filePath":"Benchmarks/Study_SamplesSet/abc8bf67c3ceca9ecb202c377fbec7f0.sol"},{"line":79,"column":67,"severity":"Warning","message":"Code contains empty blocks","ruleId":"no-empty-blocks","fix":null,"filePath":"Benchmarks/Study_SamplesSet/abc8bf67c3ceca9ecb202c377fbec7f0.sol"},{"line":82,"column":5,"severity":"Warning","message":"Function name must be in mixedCase","ruleId":"func-name-mixedcase","fix":null,"filePath":"Benchmarks/Study_SamplesSet/abc8bf67c3ceca9ecb202c377fbec7f0.sol"},{"line":82,"column":63,"severity":"Warning","message":"Visibility modifier must be first in list of modifiers","ruleId":"visibility-modifier-order","fix":null,"filePath":"Benchmarks/Study_SamplesSet/abc8bf67c3ceca9ecb202c377fbec7f0.sol"},{"line":82,"column":81,"severity":"Warning","message":"Rule is set with explicit type [var/s: uint]","ruleId":"explicit-types","filePath":"Benchmarks/Study_SamplesSet/abc8bf67c3ceca9ecb202c377fbec7f0.sol"},{"line":86,"column":5,"severity":"Warning","message":"Function name must be in mixedCase","ruleId":"func-name-mixedcase","fix":null,"filePath":"Benchmarks/Study_SamplesSet/abc8bf67c3ceca9ecb202c377fbec7f0.sol"},{"line":86,"column":78,"severity":"Warning","message":"Visibility modifier must be first in list of modifiers","ruleId":"visibility-modifier-order","fix":null,"filePath":"Benchmarks/Study_SamplesSet/abc8bf67c3ceca9ecb202c377fbec7f0.sol"},{"line":86,"column":51,"severity":"Warning","message":"Rule is set with explicit type [var/s: uint]","ruleId":"explicit-types","filePath":"Benchmarks/Study_SamplesSet/abc8bf67c3ceca9ecb202c377fbec7f0.sol"},{"line":86,"column":96,"severity":"Warning","message":"Rule is set with explicit type [var/s: uint]","ruleId":"explicit-types","filePath":"Benchmarks/Study_SamplesSet/abc8bf67c3ceca9ecb202c377fbec7f0.sol"},{"line":90,"column":5,"severity":"Warning","message":"Function name must be in mixedCase","ruleId":"func-name-mixedcase","fix":null,"filePath":"Benchmarks/Study_SamplesSet/abc8bf67c3ceca9ecb202c377fbec7f0.sol"},{"line":90,"column":72,"severity":"Warning","message":"Visibility modifier must be first in list of modifiers","ruleId":"visibility-modifier-order","fix":null,"filePath":"Benchmarks/Study_SamplesSet/abc8bf67c3ceca9ecb202c377fbec7f0.sol"},{"line":91,"column":9,"severity":"Warning","message":"Rule is set with explicit type [var/s: uint]","ruleId":"explicit-types","filePath":"Benchmarks/Study_SamplesSet/abc8bf67c3ceca9ecb202c377fbec7f0.sol"},{"line":95,"column":5,"severity":"Warning","message":"Function name must be in mixedCase","ruleId":"func-name-mixedcase","fix":null,"filePath":"Benchmarks/Study_SamplesSet/abc8bf67c3ceca9ecb202c377fbec7f0.sol"},{"line":95,"column":88,"severity":"Warning","message":"Visibility modifier must be first in list of modifiers","ruleId":"visibility-modifier-order","fix":null,"filePath":"Benchmarks/Study_SamplesSet/abc8bf67c3ceca9ecb202c377fbec7f0.sol"},{"line":95,"column":29,"severity":"Warning","message":"Rule is set with explicit type [var/s: uint]","ruleId":"explicit-types","filePath":"Benchmarks/Study_SamplesSet/abc8bf67c3ceca9ecb202c377fbec7f0.sol"},{"line":96,"column":9,"severity":"Warning","message":"Rule is set with explicit type [var/s: uint]","ruleId":"explicit-types","filePath":"Benchmarks/Study_SamplesSet/abc8bf67c3ceca9ecb202c377fbec7f0.sol"},{"line":100,"column":5,"severity":"Warning","message":"Function name must be in mixedCase","ruleId":"func-name-mixedcase","fix":null,"filePath":"Benchmarks/Study_SamplesSet/abc8bf67c3ceca9ecb202c377fbec7f0.sol"},{"line":100,"column":103,"severity":"Warning","message":"Visibility modifier must be first in list of modifiers","ruleId":"visibility-modifier-order","fix":null,"filePath":"Benchmarks/Study_SamplesSet/abc8bf67c3ceca9ecb202c377fbec7f0.sol"},{"line":100,"column":29,"severity":"Warning","message":"Rule is set with explicit type [var/s: uint]","ruleId":"explicit-types","filePath":"Benchmarks/Study_SamplesSet/abc8bf67c3ceca9ecb202c377fbec7f0.sol"},{"line":100,"column":76,"severity":"Warning","message":"Rule is set with explicit type [var/s: uint]","ruleId":"explicit-types","filePath":"Benchmarks/Study_SamplesSet/abc8bf67c3ceca9ecb202c377fbec7f0.sol"},{"line":101,"column":9,"severity":"Warning","message":"Rule is set with explicit type [var/s: uint]","ruleId":"explicit-types","filePath":"Benchmarks/Study_SamplesSet/abc8bf67c3ceca9ecb202c377fbec7f0.sol"},{"line":105,"column":5,"severity":"Warning","message":"Function name must be in mixedCase","ruleId":"func-name-mixedcase","fix":null,"filePath":"Benchmarks/Study_SamplesSet/abc8bf67c3ceca9ecb202c377fbec7f0.sol"},{"line":105,"column":87,"severity":"Warning","message":"Visibility modifier must be first in list of modifiers","ruleId":"visibility-modifier-order","fix":null,"filePath":"Benchmarks/Study_SamplesSet/abc8bf67c3ceca9ecb202c377fbec7f0.sol"},{"line":105,"column":60,"severity":"Warning","message":"Rule is set with explicit type [var/s: uint]","ruleId":"explicit-types","filePath":"Benchmarks/Study_SamplesSet/abc8bf67c3ceca9ecb202c377fbec7f0.sol"},{"line":106,"column":9,"severity":"Warning","message":"Rule is set with explicit type [var/s: uint]","ruleId":"explicit-types","filePath":"Benchmarks/Study_SamplesSet/abc8bf67c3ceca9ecb202c377fbec7f0.sol"},{"line":110,"column":5,"severity":"Warning","message":"Function name must be in mixedCase","ruleId":"func-name-mixedcase","fix":null,"filePath":"Benchmarks/Study_SamplesSet/abc8bf67c3ceca9ecb202c377fbec7f0.sol"},{"line":110,"column":86,"severity":"Warning","message":"Visibility modifier must be first in list of modifiers","ruleId":"visibility-modifier-order","fix":null,"filePath":"Benchmarks/Study_SamplesSet/abc8bf67c3ceca9ecb202c377fbec7f0.sol"},{"line":111,"column":9,"severity":"Warning","message":"Rule is set with explicit type [var/s: uint]","ruleId":"explicit-types","filePath":"Benchmarks/Study_SamplesSet/abc8bf67c3ceca9ecb202c377fbec7f0.sol"},{"line":115,"column":5,"severity":"Warning","message":"Function name must be in mixedCase","ruleId":"func-name-mixedcase","fix":null,"filePath":"Benchmarks/Study_SamplesSet/abc8bf67c3ceca9ecb202c377fbec7f0.sol"},{"line":115,"column":102,"severity":"Warning","message":"Visibility modifier must be first in list of modifiers","ruleId":"visibility-modifier-order","fix":null,"filePath":"Benchmarks/Study_SamplesSet/abc8bf67c3ceca9ecb202c377fbec7f0.sol"},{"line":115,"column":29,"severity":"Warning","message":"Rule is set with explicit type [var/s: uint]","ruleId":"explicit-types","filePath":"Benchmarks/Study_SamplesSet/abc8bf67c3ceca9ecb202c377fbec7f0.sol"},{"line":116,"column":9,"severity":"Warning","message":"Rule is set with explicit type [var/s: uint]","ruleId":"explicit-types","filePath":"Benchmarks/Study_SamplesSet/abc8bf67c3ceca9ecb202c377fbec7f0.sol"},{"line":120,"column":5,"severity":"Warning","message":"Function name must be in mixedCase","ruleId":"func-name-mixedcase","fix":null,"filePath":"Benchmarks/Study_SamplesSet/abc8bf67c3ceca9ecb202c377fbec7f0.sol"},{"line":120,"column":117,"severity":"Warning","message":"Visibility modifier must be first in list of modifiers","ruleId":"visibility-modifier-order","fix":null,"filePath":"Benchmarks/Study_SamplesSet/abc8bf67c3ceca9ecb202c377fbec7f0.sol"},{"line":120,"column":29,"severity":"Warning","message":"Rule is set with explicit type [var/s: uint]","ruleId":"explicit-types","filePath":"Benchmarks/Study_SamplesSet/abc8bf67c3ceca9ecb202c377fbec7f0.sol"},{"line":120,"column":90,"severity":"Warning","message":"Rule is set with explicit type [var/s: uint]","ruleId":"explicit-types","filePath":"Benchmarks/Study_SamplesSet/abc8bf67c3ceca9ecb202c377fbec7f0.sol"},{"line":121,"column":9,"severity":"Warning","message":"Rule is set with explicit type [var/s: uint]","ruleId":"explicit-types","filePath":"Benchmarks/Study_SamplesSet/abc8bf67c3ceca9ecb202c377fbec7f0.sol"},{"line":125,"column":5,"severity":"Warning","message":"Function name must be in mixedCase","ruleId":"func-name-mixedcase","fix":null,"filePath":"Benchmarks/Study_SamplesSet/abc8bf67c3ceca9ecb202c377fbec7f0.sol"},{"line":125,"column":101,"severity":"Warning","message":"Visibility modifier must be first in list of modifiers","ruleId":"visibility-modifier-order","fix":null,"filePath":"Benchmarks/Study_SamplesSet/abc8bf67c3ceca9ecb202c377fbec7f0.sol"},{"line":125,"column":74,"severity":"Warning","message":"Rule is set with explicit type [var/s: uint]","ruleId":"explicit-types","filePath":"Benchmarks/Study_SamplesSet/abc8bf67c3ceca9ecb202c377fbec7f0.sol"},{"line":126,"column":9,"severity":"Warning","message":"Rule is set with explicit type [var/s: uint]","ruleId":"explicit-types","filePath":"Benchmarks/Study_SamplesSet/abc8bf67c3ceca9ecb202c377fbec7f0.sol"},{"line":130,"column":5,"severity":"Warning","message":"Function name must be in mixedCase","ruleId":"func-name-mixedcase","fix":null,"filePath":"Benchmarks/Study_SamplesSet/abc8bf67c3ceca9ecb202c377fbec7f0.sol"},{"line":130,"column":75,"severity":"Warning","message":"Visibility modifier must be first in list of modifiers","ruleId":"visibility-modifier-order","fix":null,"filePath":"Benchmarks/Study_SamplesSet/abc8bf67c3ceca9ecb202c377fbec7f0.sol"},{"line":131,"column":9,"severity":"Warning","message":"Rule is set with explicit type [var/s: uint]","ruleId":"explicit-types","filePath":"Benchmarks/Study_SamplesSet/abc8bf67c3ceca9ecb202c377fbec7f0.sol"},{"line":136,"column":5,"severity":"Warning","message":"Function name must be in mixedCase","ruleId":"func-name-mixedcase","fix":null,"filePath":"Benchmarks/Study_SamplesSet/abc8bf67c3ceca9ecb202c377fbec7f0.sol"},{"line":136,"column":91,"severity":"Warning","message":"Visibility modifier must be first in list of modifiers","ruleId":"visibility-modifier-order","fix":null,"filePath":"Benchmarks/Study_SamplesSet/abc8bf67c3ceca9ecb202c377fbec7f0.sol"},{"line":136,"column":29,"severity":"Warning","message":"Rule is set with explicit type [var/s: uint]","ruleId":"explicit-types","filePath":"Benchmarks/Study_SamplesSet/abc8bf67c3ceca9ecb202c377fbec7f0.sol"},{"line":137,"column":9,"severity":"Warning","message":"Rule is set with explicit type [var/s: uint]","ruleId":"explicit-types","filePath":"Benchmarks/Study_SamplesSet/abc8bf67c3ceca9ecb202c377fbec7f0.sol"},{"line":142,"column":5,"severity":"Warning","message":"Function name must be in mixedCase","ruleId":"func-name-mixedcase","fix":null,"filePath":"Benchmarks/Study_SamplesSet/abc8bf67c3ceca9ecb202c377fbec7f0.sol"},{"line":142,"column":106,"severity":"Warning","message":"Visibility modifier must be first in list of modifiers","ruleId":"visibility-modifier-order","fix":null,"filePath":"Benchmarks/Study_SamplesSet/abc8bf67c3ceca9ecb202c377fbec7f0.sol"},{"line":142,"column":29,"severity":"Warning","message":"Rule is set with explicit type [var/s: uint]","ruleId":"explicit-types","filePath":"Benchmarks/Study_SamplesSet/abc8bf67c3ceca9ecb202c377fbec7f0.sol"},{"line":142,"column":79,"severity":"Warning","message":"Rule is set with explicit type [var/s: uint]","ruleId":"explicit-types","filePath":"Benchmarks/Study_SamplesSet/abc8bf67c3ceca9ecb202c377fbec7f0.sol"},{"line":143,"column":9,"severity":"Warning","message":"Rule is set with explicit type [var/s: uint]","ruleId":"explicit-types","filePath":"Benchmarks/Study_SamplesSet/abc8bf67c3ceca9ecb202c377fbec7f0.sol"},{"line":148,"column":5,"severity":"Warning","message":"Function name must be in mixedCase","ruleId":"func-name-mixedcase","fix":null,"filePath":"Benchmarks/Study_SamplesSet/abc8bf67c3ceca9ecb202c377fbec7f0.sol"},{"line":148,"column":90,"severity":"Warning","message":"Visibility modifier must be first in list of modifiers","ruleId":"visibility-modifier-order","fix":null,"filePath":"Benchmarks/Study_SamplesSet/abc8bf67c3ceca9ecb202c377fbec7f0.sol"},{"line":148,"column":63,"severity":"Warning","message":"Rule is set with explicit type [var/s: uint]","ruleId":"explicit-types","filePath":"Benchmarks/Study_SamplesSet/abc8bf67c3ceca9ecb202c377fbec7f0.sol"},{"line":149,"column":9,"severity":"Warning","message":"Rule is set with explicit type [var/s: uint]","ruleId":"explicit-types","filePath":"Benchmarks/Study_SamplesSet/abc8bf67c3ceca9ecb202c377fbec7f0.sol"},{"line":154,"column":5,"severity":"Warning","message":"Function name must be in mixedCase","ruleId":"func-name-mixedcase","fix":null,"filePath":"Benchmarks/Study_SamplesSet/abc8bf67c3ceca9ecb202c377fbec7f0.sol"},{"line":154,"column":76,"severity":"Warning","message":"Visibility modifier must be first in list of modifiers","ruleId":"visibility-modifier-order","fix":null,"filePath":"Benchmarks/Study_SamplesSet/abc8bf67c3ceca9ecb202c377fbec7f0.sol"},{"line":159,"column":5,"severity":"Warning","message":"Function name must be in mixedCase","ruleId":"func-name-mixedcase","fix":null,"filePath":"Benchmarks/Study_SamplesSet/abc8bf67c3ceca9ecb202c377fbec7f0.sol"},{"line":159,"column":92,"severity":"Warning","message":"Visibility modifier must be first in list of modifiers","ruleId":"visibility-modifier-order","fix":null,"filePath":"Benchmarks/Study_SamplesSet/abc8bf67c3ceca9ecb202c377fbec7f0.sol"},{"line":159,"column":29,"severity":"Warning","message":"Rule is set with explicit type [var/s: uint]","ruleId":"explicit-types","filePath":"Benchmarks/Study_SamplesSet/abc8bf67c3ceca9ecb202c377fbec7f0.sol"},{"line":164,"column":5,"severity":"Warning","message":"Function name must be in mixedCase","ruleId":"func-name-mixedcase","fix":null,"filePath":"Benchmarks/Study_SamplesSet/abc8bf67c3ceca9ecb202c377fbec7f0.sol"},{"line":164,"column":107,"severity":"Warning","message":"Visibility modifier must be first in list of modifiers","ruleId":"visibility-modifier-order","fix":null,"filePath":"Benchmarks/Study_SamplesSet/abc8bf67c3ceca9ecb202c377fbec7f0.sol"},{"line":164,"column":29,"severity":"Warning","message":"Rule is set with explicit type [var/s: uint]","ruleId":"explicit-types","filePath":"Benchmarks/Study_SamplesSet/abc8bf67c3ceca9ecb202c377fbec7f0.sol"},{"line":164,"column":80,"severity":"Warning","message":"Rule is set with explicit type [var/s: uint]","ruleId":"explicit-types","filePath":"Benchmarks/Study_SamplesSet/abc8bf67c3ceca9ecb202c377fbec7f0.sol"},{"line":169,"column":5,"severity":"Warning","message":"Function name must be in mixedCase","ruleId":"func-name-mixedcase","fix":null,"filePath":"Benchmarks/Study_SamplesSet/abc8bf67c3ceca9ecb202c377fbec7f0.sol"},{"line":169,"column":91,"severity":"Warning","message":"Visibility modifier must be first in list of modifiers","ruleId":"visibility-modifier-order","fix":null,"filePath":"Benchmarks/Study_SamplesSet/abc8bf67c3ceca9ecb202c377fbec7f0.sol"},{"line":169,"column":64,"severity":"Warning","message":"Rule is set with explicit type [var/s: uint]","ruleId":"explicit-types","filePath":"Benchmarks/Study_SamplesSet/abc8bf67c3ceca9ecb202c377fbec7f0.sol"},{"line":175,"column":5,"severity":"Warning","message":"Function name must be in mixedCase","ruleId":"func-name-mixedcase","fix":null,"filePath":"Benchmarks/Study_SamplesSet/abc8bf67c3ceca9ecb202c377fbec7f0.sol"},{"line":175,"column":76,"severity":"Warning","message":"Visibility modifier must be first in list of modifiers","ruleId":"visibility-modifier-order","fix":null,"filePath":"Benchmarks/Study_SamplesSet/abc8bf67c3ceca9ecb202c377fbec7f0.sol"},{"line":181,"column":5,"severity":"Warning","message":"Function name must be in mixedCase","ruleId":"func-name-mixedcase","fix":null,"filePath":"Benchmarks/Study_SamplesSet/abc8bf67c3ceca9ecb202c377fbec7f0.sol"},{"line":181,"column":92,"severity":"Warning","message":"Visibility modifier must be first in list of modifiers","ruleId":"visibility-modifier-order","fix":null,"filePath":"Benchmarks/Study_SamplesSet/abc8bf67c3ceca9ecb202c377fbec7f0.sol"},{"line":181,"column":29,"severity":"Warning","message":"Rule is set with explicit type [var/s: uint]","ruleId":"explicit-types","filePath":"Benchmarks/Study_SamplesSet/abc8bf67c3ceca9ecb202c377fbec7f0.sol"},{"line":187,"column":5,"severity":"Warning","message":"Function name must be in mixedCase","ruleId":"func-name-mixedcase","fix":null,"filePath":"Benchmarks/Study_SamplesSet/abc8bf67c3ceca9ecb202c377fbec7f0.sol"},{"line":187,"column":107,"severity":"Warning","message":"Visibility modifier must be first in list of modifiers","ruleId":"visibility-modifier-order","fix":null,"filePath":"Benchmarks/Study_SamplesSet/abc8bf67c3ceca9ecb202c377fbec7f0.sol"},{"line":187,"column":29,"severity":"Warning","message":"Rule is set with explicit type [var/s: uint]","ruleId":"explicit-types","filePath":"Benchmarks/Study_SamplesSet/abc8bf67c3ceca9ecb202c377fbec7f0.sol"},{"line":187,"column":80,"severity":"Warning","message":"Rule is set with explicit type [var/s: uint]","ruleId":"explicit-types","filePath":"Benchmarks/Study_SamplesSet/abc8bf67c3ceca9ecb202c377fbec7f0.sol"},{"line":193,"column":5,"severity":"Warning","message":"Function name must be in mixedCase","ruleId":"func-name-mixedcase","fix":null,"filePath":"Benchmarks/Study_SamplesSet/abc8bf67c3ceca9ecb202c377fbec7f0.sol"},{"line":193,"column":91,"severity":"Warning","message":"Visibility modifier must be first in list of modifiers","ruleId":"visibility-modifier-order","fix":null,"filePath":"Benchmarks/Study_SamplesSet/abc8bf67c3ceca9ecb202c377fbec7f0.sol"},{"line":193,"column":64,"severity":"Warning","message":"Rule is set with explicit type [var/s: uint]","ruleId":"explicit-types","filePath":"Benchmarks/Study_SamplesSet/abc8bf67c3ceca9ecb202c377fbec7f0.sol"},{"line":199,"column":5,"severity":"Warning","message":"Function name must be in mixedCase","ruleId":"func-name-mixedcase","fix":null,"filePath":"Benchmarks/Study_SamplesSet/abc8bf67c3ceca9ecb202c377fbec7f0.sol"},{"line":199,"column":76,"severity":"Warning","message":"Visibility modifier must be first in list of modifiers","ruleId":"visibility-modifier-order","fix":null,"filePath":"Benchmarks/Study_SamplesSet/abc8bf67c3ceca9ecb202c377fbec7f0.sol"},{"line":206,"column":5,"severity":"Warning","message":"Function name must be in mixedCase","ruleId":"func-name-mixedcase","fix":null,"filePath":"Benchmarks/Study_SamplesSet/abc8bf67c3ceca9ecb202c377fbec7f0.sol"},{"line":206,"column":92,"severity":"Warning","message":"Visibility modifier must be first in list of modifiers","ruleId":"visibility-modifier-order","fix":null,"filePath":"Benchmarks/Study_SamplesSet/abc8bf67c3ceca9ecb202c377fbec7f0.sol"},{"line":206,"column":29,"severity":"Warning","message":"Rule is set with explicit type [var/s: uint]","ruleId":"explicit-types","filePath":"Benchmarks/Study_SamplesSet/abc8bf67c3ceca9ecb202c377fbec7f0.sol"},{"line":213,"column":5,"severity":"Warning","message":"Function name must be in mixedCase","ruleId":"func-name-mixedcase","fix":null,"filePath":"Benchmarks/Study_SamplesSet/abc8bf67c3ceca9ecb202c377fbec7f0.sol"},{"line":213,"column":107,"severity":"Warning","message":"Visibility modifier must be first in list of modifiers","ruleId":"visibility-modifier-order","fix":null,"filePath":"Benchmarks/Study_SamplesSet/abc8bf67c3ceca9ecb202c377fbec7f0.sol"},{"line":213,"column":29,"severity":"Warning","message":"Rule is set with explicit type [var/s: uint]","ruleId":"explicit-types","filePath":"Benchmarks/Study_SamplesSet/abc8bf67c3ceca9ecb202c377fbec7f0.sol"},{"line":213,"column":80,"severity":"Warning","message":"Rule is set with explicit type [var/s: uint]","ruleId":"explicit-types","filePath":"Benchmarks/Study_SamplesSet/abc8bf67c3ceca9ecb202c377fbec7f0.sol"},{"line":220,"column":5,"severity":"Warning","message":"Function name must be in mixedCase","ruleId":"func-name-mixedcase","fix":null,"filePath":"Benchmarks/Study_SamplesSet/abc8bf67c3ceca9ecb202c377fbec7f0.sol"},{"line":220,"column":91,"severity":"Warning","message":"Visibility modifier must be first in list of modifiers","ruleId":"visibility-modifier-order","fix":null,"filePath":"Benchmarks/Study_SamplesSet/abc8bf67c3ceca9ecb202c377fbec7f0.sol"},{"line":220,"column":64,"severity":"Warning","message":"Rule is set with explicit type [var/s: uint]","ruleId":"explicit-types","filePath":"Benchmarks/Study_SamplesSet/abc8bf67c3ceca9ecb202c377fbec7f0.sol"},{"line":228,"column":5,"severity":"Warning","message":"Function name must be in mixedCase","ruleId":"func-name-mixedcase","fix":null,"filePath":"Benchmarks/Study_SamplesSet/abc8bf67c3ceca9ecb202c377fbec7f0.sol"},{"line":228,"column":76,"severity":"Warning","message":"Visibility modifier must be first in list of modifiers","ruleId":"visibility-modifier-order","fix":null,"filePath":"Benchmarks/Study_SamplesSet/abc8bf67c3ceca9ecb202c377fbec7f0.sol"},{"line":236,"column":5,"severity":"Warning","message":"Function name must be in mixedCase","ruleId":"func-name-mixedcase","fix":null,"filePath":"Benchmarks/Study_SamplesSet/abc8bf67c3ceca9ecb202c377fbec7f0.sol"},{"line":236,"column":92,"severity":"Warning","message":"Visibility modifier must be first in list of modifiers","ruleId":"visibility-modifier-order","fix":null,"filePath":"Benchmarks/Study_SamplesSet/abc8bf67c3ceca9ecb202c377fbec7f0.sol"},{"line":236,"column":29,"severity":"Warning","message":"Rule is set with explicit type [var/s: uint]","ruleId":"explicit-types","filePath":"Benchmarks/Study_SamplesSet/abc8bf67c3ceca9ecb202c377fbec7f0.sol"},{"line":244,"column":5,"severity":"Warning","message":"Function name must be in mixedCase","ruleId":"func-name-mixedcase","fix":null,"filePath":"Benchmarks/Study_SamplesSet/abc8bf67c3ceca9ecb202c377fbec7f0.sol"},{"line":244,"column":107,"severity":"Warning","message":"Visibility modifier must be first in list of modifiers","ruleId":"visibility-modifier-order","fix":null,"filePath":"Benchmarks/Study_SamplesSet/abc8bf67c3ceca9ecb202c377fbec7f0.sol"},{"line":244,"column":29,"severity":"Warning","message":"Rule is set with explicit type [var/s: uint]","ruleId":"explicit-types","filePath":"Benchmarks/Study_SamplesSet/abc8bf67c3ceca9ecb202c377fbec7f0.sol"},{"line":244,"column":80,"severity":"Warning","message":"Rule is set with explicit type [var/s: uint]","ruleId":"explicit-types","filePath":"Benchmarks/Study_SamplesSet/abc8bf67c3ceca9ecb202c377fbec7f0.sol"},{"line":252,"column":5,"severity":"Warning","message":"Function name must be in mixedCase","ruleId":"func-name-mixedcase","fix":null,"filePath":"Benchmarks/Study_SamplesSet/abc8bf67c3ceca9ecb202c377fbec7f0.sol"},{"line":252,"column":91,"severity":"Warning","message":"Visibility modifier must be first in list of modifiers","ruleId":"visibility-modifier-order","fix":null,"filePath":"Benchmarks/Study_SamplesSet/abc8bf67c3ceca9ecb202c377fbec7f0.sol"},{"line":252,"column":64,"severity":"Warning","message":"Rule is set with explicit type [var/s: uint]","ruleId":"explicit-types","filePath":"Benchmarks/Study_SamplesSet/abc8bf67c3ceca9ecb202c377fbec7f0.sol"},{"line":260,"column":5,"severity":"Warning","message":"Function name must be in mixedCase","ruleId":"func-name-mixedcase","fix":null,"filePath":"Benchmarks/Study_SamplesSet/abc8bf67c3ceca9ecb202c377fbec7f0.sol"},{"line":260,"column":76,"severity":"Warning","message":"Visibility modifier must be first in list of modifiers","ruleId":"visibility-modifier-order","fix":null,"filePath":"Benchmarks/Study_SamplesSet/abc8bf67c3ceca9ecb202c377fbec7f0.sol"},{"line":269,"column":5,"severity":"Warning","message":"Function name must be in mixedCase","ruleId":"func-name-mixedcase","fix":null,"filePath":"Benchmarks/Study_SamplesSet/abc8bf67c3ceca9ecb202c377fbec7f0.sol"},{"line":269,"column":92,"severity":"Warning","message":"Visibility modifier must be first in list of modifiers","ruleId":"visibility-modifier-order","fix":null,"filePath":"Benchmarks/Study_SamplesSet/abc8bf67c3ceca9ecb202c377fbec7f0.sol"},{"line":269,"column":29,"severity":"Warning","message":"Rule is set with explicit type [var/s: uint]","ruleId":"explicit-types","filePath":"Benchmarks/Study_SamplesSet/abc8bf67c3ceca9ecb202c377fbec7f0.sol"},{"line":278,"column":5,"severity":"Warning","message":"Function name must be in mixedCase","ruleId":"func-name-mixedcase","fix":null,"filePath":"Benchmarks/Study_SamplesSet/abc8bf67c3ceca9ecb202c377fbec7f0.sol"},{"line":278,"column":107,"severity":"Warning","message":"Visibility modifier must be first in list of modifiers","ruleId":"visibility-modifier-order","fix":null,"filePath":"Benchmarks/Study_SamplesSet/abc8bf67c3ceca9ecb202c377fbec7f0.sol"},{"line":278,"column":29,"severity":"Warning","message":"Rule is set with explicit type [var/s: uint]","ruleId":"explicit-types","filePath":"Benchmarks/Study_SamplesSet/abc8bf67c3ceca9ecb202c377fbec7f0.sol"},{"line":278,"column":80,"severity":"Warning","message":"Rule is set with explicit type [var/s: uint]","ruleId":"explicit-types","filePath":"Benchmarks/Study_SamplesSet/abc8bf67c3ceca9ecb202c377fbec7f0.sol"},{"line":287,"column":5,"severity":"Warning","message":"Function name must be in mixedCase","ruleId":"func-name-mixedcase","fix":null,"filePath":"Benchmarks/Study_SamplesSet/abc8bf67c3ceca9ecb202c377fbec7f0.sol"},{"line":287,"column":91,"severity":"Warning","message":"Visibility modifier must be first in list of modifiers","ruleId":"visibility-modifier-order","fix":null,"filePath":"Benchmarks/Study_SamplesSet/abc8bf67c3ceca9ecb202c377fbec7f0.sol"},{"line":287,"column":64,"severity":"Warning","message":"Rule is set with explicit type [var/s: uint]","ruleId":"explicit-types","filePath":"Benchmarks/Study_SamplesSet/abc8bf67c3ceca9ecb202c377fbec7f0.sol"},{"line":297,"column":5,"severity":"Warning","message":"Function name must be in mixedCase","ruleId":"func-name-mixedcase","fix":null,"filePath":"Benchmarks/Study_SamplesSet/abc8bf67c3ceca9ecb202c377fbec7f0.sol"},{"line":297,"column":47,"severity":"Warning","message":"Visibility modifier must be first in list of modifiers","ruleId":"visibility-modifier-order","fix":null,"filePath":"Benchmarks/Study_SamplesSet/abc8bf67c3ceca9ecb202c377fbec7f0.sol"},{"line":300,"column":5,"severity":"Warning","message":"Function name must be in mixedCase","ruleId":"func-name-mixedcase","fix":null,"filePath":"Benchmarks/Study_SamplesSet/abc8bf67c3ceca9ecb202c377fbec7f0.sol"},{"line":300,"column":57,"severity":"Warning","message":"Visibility modifier must be first in list of modifiers","ruleId":"visibility-modifier-order","fix":null,"filePath":"Benchmarks/Study_SamplesSet/abc8bf67c3ceca9ecb202c377fbec7f0.sol"},{"line":303,"column":5,"severity":"Warning","message":"Function name must be in mixedCase","ruleId":"func-name-mixedcase","fix":null,"filePath":"Benchmarks/Study_SamplesSet/abc8bf67c3ceca9ecb202c377fbec7f0.sol"},{"line":303,"column":68,"severity":"Warning","message":"Visibility modifier must be first in list of modifiers","ruleId":"visibility-modifier-order","fix":null,"filePath":"Benchmarks/Study_SamplesSet/abc8bf67c3ceca9ecb202c377fbec7f0.sol"},{"line":303,"column":41,"severity":"Warning","message":"Rule is set with explicit type [var/s: uint]","ruleId":"explicit-types","filePath":"Benchmarks/Study_SamplesSet/abc8bf67c3ceca9ecb202c377fbec7f0.sol"},{"line":306,"column":5,"severity":"Warning","message":"Function name must be in mixedCase","ruleId":"func-name-mixedcase","fix":null,"filePath":"Benchmarks/Study_SamplesSet/abc8bf67c3ceca9ecb202c377fbec7f0.sol"},{"line":306,"column":61,"severity":"Warning","message":"Visibility modifier must be first in list of modifiers","ruleId":"visibility-modifier-order","fix":null,"filePath":"Benchmarks/Study_SamplesSet/abc8bf67c3ceca9ecb202c377fbec7f0.sol"},{"line":310,"column":50,"severity":"Warning","message":"Visibility modifier must be first in list of modifiers","ruleId":"visibility-modifier-order","fix":null,"filePath":"Benchmarks/Study_SamplesSet/abc8bf67c3ceca9ecb202c377fbec7f0.sol"},{"line":310,"column":67,"severity":"Warning","message":"Rule is set with explicit type [var/s: uint]","ruleId":"explicit-types","filePath":"Benchmarks/Study_SamplesSet/abc8bf67c3ceca9ecb202c377fbec7f0.sol"},{"line":311,"column":9,"severity":"Error","message":"Avoid to use inline assembly. It is acceptable only in rare cases","ruleId":"no-inline-assembly","fix":null,"filePath":"Benchmarks/Study_SamplesSet/abc8bf67c3ceca9ecb202c377fbec7f0.sol"},{"line":321,"column":14,"severity":"Warning","message":"Rule is set with explicit type [var/s: uint]","ruleId":"explicit-types","filePath":"Benchmarks/Study_SamplesSet/abc8bf67c3ceca9ecb202c377fbec7f0.sol"},{"line":334,"column":65,"severity":"Warning","message":"Rule is set with explicit type [var/s: int]","ruleId":"explicit-types","filePath":"Benchmarks/Study_SamplesSet/abc8bf67c3ceca9ecb202c377fbec7f0.sol"},{"line":337,"column":9,"severity":"Warning","message":"Rule is set with explicit type [var/s: uint]","ruleId":"explicit-types","filePath":"Benchmarks/Study_SamplesSet/abc8bf67c3ceca9ecb202c377fbec7f0.sol"},{"line":339,"column":14,"severity":"Warning","message":"Rule is set with explicit type [var/s: uint]","ruleId":"explicit-types","filePath":"Benchmarks/Study_SamplesSet/abc8bf67c3ceca9ecb202c377fbec7f0.sol"},{"line":352,"column":74,"severity":"Warning","message":"Rule is set with explicit type [var/s: int]","ruleId":"explicit-types","filePath":"Benchmarks/Study_SamplesSet/abc8bf67c3ceca9ecb202c377fbec7f0.sol"},{"line":361,"column":13,"severity":"Warning","message":"Rule is set with explicit type [var/s: uint]","ruleId":"explicit-types","filePath":"Benchmarks/Study_SamplesSet/abc8bf67c3ceca9ecb202c377fbec7f0.sol"},{"line":362,"column":18,"severity":"Warning","message":"Rule is set with explicit type [var/s: uint]","ruleId":"explicit-types","filePath":"Benchmarks/Study_SamplesSet/abc8bf67c3ceca9ecb202c377fbec7f0.sol"},{"line":387,"column":9,"severity":"Warning","message":"Rule is set with explicit type [var/s: uint]","ruleId":"explicit-types","filePath":"Benchmarks/Study_SamplesSet/abc8bf67c3ceca9ecb202c377fbec7f0.sol"},{"line":388,"column":14,"severity":"Warning","message":"Rule is set with explicit type [var/s: uint]","ruleId":"explicit-types","filePath":"Benchmarks/Study_SamplesSet/abc8bf67c3ceca9ecb202c377fbec7f0.sol"},{"line":409,"column":52,"severity":"Warning","message":"Rule is set with explicit type [var/s: uint]","ruleId":"explicit-types","filePath":"Benchmarks/Study_SamplesSet/abc8bf67c3ceca9ecb202c377fbec7f0.sol"},{"line":414,"column":34,"severity":"Warning","message":"Rule is set with explicit type [var/s: uint]","ruleId":"explicit-types","filePath":"Benchmarks/Study_SamplesSet/abc8bf67c3ceca9ecb202c377fbec7f0.sol"},{"line":414,"column":61,"severity":"Warning","message":"Rule is set with explicit type [var/s: uint]","ruleId":"explicit-types","filePath":"Benchmarks/Study_SamplesSet/abc8bf67c3ceca9ecb202c377fbec7f0.sol"},{"line":416,"column":9,"severity":"Warning","message":"Rule is set with explicit type [var/s: uint]","ruleId":"explicit-types","filePath":"Benchmarks/Study_SamplesSet/abc8bf67c3ceca9ecb202c377fbec7f0.sol"},{"line":418,"column":14,"severity":"Warning","message":"Rule is set with explicit type [var/s: uint]","ruleId":"explicit-types","filePath":"Benchmarks/Study_SamplesSet/abc8bf67c3ceca9ecb202c377fbec7f0.sol"},{"line":425,"column":17,"severity":"Warning","message":"Rule is set with explicit type [var/s: uint]","ruleId":"explicit-types","filePath":"Benchmarks/Study_SamplesSet/abc8bf67c3ceca9ecb202c377fbec7f0.sol"},{"line":432,"column":23,"severity":"Warning","message":"Rule is set with explicit type [var/s: uint]","ruleId":"explicit-types","filePath":"Benchmarks/Study_SamplesSet/abc8bf67c3ceca9ecb202c377fbec7f0.sol"},{"line":434,"column":9,"severity":"Warning","message":"Rule is set with explicit type [var/s: uint]","ruleId":"explicit-types","filePath":"Benchmarks/Study_SamplesSet/abc8bf67c3ceca9ecb202c377fbec7f0.sol"},{"line":435,"column":9,"severity":"Warning","message":"Rule is set with explicit type [var/s: uint]","ruleId":"explicit-types","filePath":"Benchmarks/Study_SamplesSet/abc8bf67c3ceca9ecb202c377fbec7f0.sol"},{"line":441,"column":9,"severity":"Warning","message":"Rule is set with explicit type [var/s: uint]","ruleId":"explicit-types","filePath":"Benchmarks/Study_SamplesSet/abc8bf67c3ceca9ecb202c377fbec7f0.sol"},{"line":450,"column":13,"severity":"Warning","message":"Rule is set with explicit type [var/s: uint]","ruleId":"explicit-types","filePath":"Benchmarks/Study_SamplesSet/abc8bf67c3ceca9ecb202c377fbec7f0.sol"},{"line":453,"column":13,"severity":"Warning","message":"Rule is set with explicit type [var/s: uint]","ruleId":"explicit-types","filePath":"Benchmarks/Study_SamplesSet/abc8bf67c3ceca9ecb202c377fbec7f0.sol"},{"line":455,"column":18,"severity":"Warning","message":"Rule is set with explicit type [var/s: uint]","ruleId":"explicit-types","filePath":"Benchmarks/Study_SamplesSet/abc8bf67c3ceca9ecb202c377fbec7f0.sol"},{"line":459,"column":13,"severity":"Warning","message":"Rule is set with explicit type [var/s: uint]","ruleId":"explicit-types","filePath":"Benchmarks/Study_SamplesSet/abc8bf67c3ceca9ecb202c377fbec7f0.sol"},{"line":460,"column":13,"severity":"Warning","message":"Rule is set with explicit type [var/s: uint]","ruleId":"explicit-types","filePath":"Benchmarks/Study_SamplesSet/abc8bf67c3ceca9ecb202c377fbec7f0.sol"},{"line":471,"column":22,"severity":"Warning","message":"Rule is set with explicit type [var/s: uint]","ruleId":"explicit-types","filePath":"Benchmarks/Study_SamplesSet/abc8bf67c3ceca9ecb202c377fbec7f0.sol"},{"line":474,"column":25,"severity":"Warning","message":"Rule is set with explicit type [var/s: uint]","ruleId":"explicit-types","filePath":"Benchmarks/Study_SamplesSet/abc8bf67c3ceca9ecb202c377fbec7f0.sol"},{"line":476,"column":25,"severity":"Warning","message":"Rule is set with explicit type [var/s: uint]","ruleId":"explicit-types","filePath":"Benchmarks/Study_SamplesSet/abc8bf67c3ceca9ecb202c377fbec7f0.sol"},{"line":494,"column":5,"severity":"Error","message":"Explicitly mark visibility of state","ruleId":"state-visibility","fix":null,"filePath":"Benchmarks/Study_SamplesSet/abc8bf67c3ceca9ecb202c377fbec7f0.sol"},{"line":494,"column":5,"severity":"Warning","message":"Rule is set with explicit type [var/s: uint]","ruleId":"explicit-types","filePath":"Benchmarks/Study_SamplesSet/abc8bf67c3ceca9ecb202c377fbec7f0.sol"},{"line":494,"column":5,"severity":"Warning","message":"Variable name must be in mixedCase","ruleId":"var-name-mixedcase","fix":null,"filePath":"Benchmarks/Study_SamplesSet/abc8bf67c3ceca9ecb202c377fbec7f0.sol"},{"line":495,"column":5,"severity":"Error","message":"Explicitly mark visibility of state","ruleId":"state-visibility","fix":null,"filePath":"Benchmarks/Study_SamplesSet/abc8bf67c3ceca9ecb202c377fbec7f0.sol"},{"line":495,"column":5,"severity":"Warning","message":"Rule is set with explicit type [var/s: uint]","ruleId":"explicit-types","filePath":"Benchmarks/Study_SamplesSet/abc8bf67c3ceca9ecb202c377fbec7f0.sol"},{"line":495,"column":5,"severity":"Warning","message":"Variable name must be in mixedCase","ruleId":"var-name-mixedcase","fix":null,"filePath":"Benchmarks/Study_SamplesSet/abc8bf67c3ceca9ecb202c377fbec7f0.sol"},{"line":496,"column":5,"severity":"Error","message":"Explicitly mark visibility of state","ruleId":"state-visibility","fix":null,"filePath":"Benchmarks/Study_SamplesSet/abc8bf67c3ceca9ecb202c377fbec7f0.sol"},{"line":496,"column":5,"severity":"Warning","message":"Rule is set with explicit type [var/s: uint]","ruleId":"explicit-types","filePath":"Benchmarks/Study_SamplesSet/abc8bf67c3ceca9ecb202c377fbec7f0.sol"},{"line":496,"column":5,"severity":"Warning","message":"Variable name must be in mixedCase","ruleId":"var-name-mixedcase","fix":null,"filePath":"Benchmarks/Study_SamplesSet/abc8bf67c3ceca9ecb202c377fbec7f0.sol"},{"line":497,"column":5,"severity":"Error","message":"Explicitly mark visibility of state","ruleId":"state-visibility","fix":null,"filePath":"Benchmarks/Study_SamplesSet/abc8bf67c3ceca9ecb202c377fbec7f0.sol"},{"line":497,"column":5,"severity":"Warning","message":"Rule is set with explicit type [var/s: uint]","ruleId":"explicit-types","filePath":"Benchmarks/Study_SamplesSet/abc8bf67c3ceca9ecb202c377fbec7f0.sol"},{"line":497,"column":5,"severity":"Warning","message":"Variable name must be in mixedCase","ruleId":"var-name-mixedcase","fix":null,"filePath":"Benchmarks/Study_SamplesSet/abc8bf67c3ceca9ecb202c377fbec7f0.sol"},{"line":498,"column":5,"severity":"Error","message":"Explicitly mark visibility of state","ruleId":"state-visibility","fix":null,"filePath":"Benchmarks/Study_SamplesSet/abc8bf67c3ceca9ecb202c377fbec7f0.sol"},{"line":498,"column":5,"severity":"Warning","message":"Variable name must be in mixedCase","ruleId":"var-name-mixedcase","fix":null,"filePath":"Benchmarks/Study_SamplesSet/abc8bf67c3ceca9ecb202c377fbec7f0.sol"},{"line":499,"column":5,"severity":"Error","message":"Explicitly mark visibility of state","ruleId":"state-visibility","fix":null,"filePath":"Benchmarks/Study_SamplesSet/abc8bf67c3ceca9ecb202c377fbec7f0.sol"},{"line":499,"column":5,"severity":"Warning","message":"Variable name must be in mixedCase","ruleId":"var-name-mixedcase","fix":null,"filePath":"Benchmarks/Study_SamplesSet/abc8bf67c3ceca9ecb202c377fbec7f0.sol"},{"line":500,"column":5,"severity":"Error","message":"Explicitly mark visibility of state","ruleId":"state-visibility","fix":null,"filePath":"Benchmarks/Study_SamplesSet/abc8bf67c3ceca9ecb202c377fbec7f0.sol"},{"line":500,"column":5,"severity":"Warning","message":"Variable name must be in mixedCase","ruleId":"var-name-mixedcase","fix":null,"filePath":"Benchmarks/Study_SamplesSet/abc8bf67c3ceca9ecb202c377fbec7f0.sol"},{"line":501,"column":29,"severity":"Warning","message":"Rule is set with explicit type [var/s: uint]","ruleId":"explicit-types","filePath":"Benchmarks/Study_SamplesSet/abc8bf67c3ceca9ecb202c377fbec7f0.sol"},{"line":502,"column":5,"severity":"Warning","message":"Event name must be in CamelCase","ruleId":"event-name-camelcase","filePath":"Benchmarks/Study_SamplesSet/abc8bf67c3ceca9ecb202c377fbec7f0.sol"},{"line":502,"column":37,"severity":"Warning","message":"Rule is set with explicit type [var/s: uint]","ruleId":"explicit-types","filePath":"Benchmarks/Study_SamplesSet/abc8bf67c3ceca9ecb202c377fbec7f0.sol"},{"line":503,"column":5,"severity":"Warning","message":"Event name must be in CamelCase","ruleId":"event-name-camelcase","filePath":"Benchmarks/Study_SamplesSet/abc8bf67c3ceca9ecb202c377fbec7f0.sol"},{"line":505,"column":31,"severity":"Warning","message":"Rule is set with explicit type [var/s: uint]","ruleId":"explicit-types","filePath":"Benchmarks/Study_SamplesSet/abc8bf67c3ceca9ecb202c377fbec7f0.sol"},{"line":506,"column":5,"severity":"Warning","message":"Event name must be in CamelCase","ruleId":"event-name-camelcase","filePath":"Benchmarks/Study_SamplesSet/abc8bf67c3ceca9ecb202c377fbec7f0.sol"},{"line":507,"column":5,"severity":"Warning","message":"Event name must be in CamelCase","ruleId":"event-name-camelcase","filePath":"Benchmarks/Study_SamplesSet/abc8bf67c3ceca9ecb202c377fbec7f0.sol"},{"line":507,"column":36,"severity":"Warning","message":"Rule is set with explicit type [var/s: uint]","ruleId":"explicit-types","filePath":"Benchmarks/Study_SamplesSet/abc8bf67c3ceca9ecb202c377fbec7f0.sol"},{"line":508,"column":5,"severity":"Error","message":"Explicitly mark visibility of state","ruleId":"state-visibility","fix":null,"filePath":"Benchmarks/Study_SamplesSet/abc8bf67c3ceca9ecb202c377fbec7f0.sol"},{"line":508,"column":5,"severity":"Warning","message":"Variable name must be in mixedCase","ruleId":"var-name-mixedcase","fix":null,"filePath":"Benchmarks/Study_SamplesSet/abc8bf67c3ceca9ecb202c377fbec7f0.sol"},{"line":509,"column":5,"severity":"Error","message":"Explicitly mark visibility of state","ruleId":"state-visibility","fix":null,"filePath":"Benchmarks/Study_SamplesSet/abc8bf67c3ceca9ecb202c377fbec7f0.sol"},{"line":509,"column":5,"severity":"Warning","message":"Rule is set with explicit type [var/s: uint]","ruleId":"explicit-types","filePath":"Benchmarks/Study_SamplesSet/abc8bf67c3ceca9ecb202c377fbec7f0.sol"},{"line":509,"column":5,"severity":"Warning","message":"Variable name must be in mixedCase","ruleId":"var-name-mixedcase","fix":null,"filePath":"Benchmarks/Study_SamplesSet/abc8bf67c3ceca9ecb202c377fbec7f0.sol"},{"line":510,"column":5,"severity":"Error","message":"Explicitly mark visibility in function (Set ignoreConstructors to true if using solidity >=0.7.0)","ruleId":"func-visibility","fix":null,"filePath":"Benchmarks/Study_SamplesSet/abc8bf67c3ceca9ecb202c377fbec7f0.sol"},{"line":512,"column":13,"severity":"Error","message":"Explicitly mark all external contracts as trusted or untrusted","ruleId":"mark-callable-contracts","filePath":"Benchmarks/Study_SamplesSet/abc8bf67c3ceca9ecb202c377fbec7f0.sol"},{"line":512,"column":28,"severity":"Error","message":"Explicitly mark all external contracts as trusted or untrusted","ruleId":"mark-callable-contracts","filePath":"Benchmarks/Study_SamplesSet/abc8bf67c3ceca9ecb202c377fbec7f0.sol"},{"line":512,"column":36,"severity":"Error","message":"Explicitly mark all external contracts as trusted or untrusted","ruleId":"mark-callable-contracts","filePath":"Benchmarks/Study_SamplesSet/abc8bf67c3ceca9ecb202c377fbec7f0.sol"},{"line":513,"column":13,"severity":"Error","message":"Explicitly mark all external contracts as trusted or untrusted","ruleId":"mark-callable-contracts","filePath":"Benchmarks/Study_SamplesSet/abc8bf67c3ceca9ecb202c377fbec7f0.sol"},{"line":515,"column":6,"severity":"Error","message":"Explicitly mark visibility in function","ruleId":"func-visibility","fix":null,"filePath":"Benchmarks/Study_SamplesSet/abc8bf67c3ceca9ecb202c377fbec7f0.sol"},{"line":515,"column":26,"severity":"Warning","message":"Variable \"myid\" is unused","ruleId":"no-unused-vars","fix":null,"filePath":"Benchmarks/Study_SamplesSet/abc8bf67c3ceca9ecb202c377fbec7f0.sol"},{"line":516,"column":49,"severity":"Error","message":"\"throw\" is deprecated, avoid to use it","ruleId":"avoid-throw","filePath":"Benchmarks/Study_SamplesSet/abc8bf67c3ceca9ecb202c377fbec7f0.sol"},{"line":519,"column":5,"severity":"Error","message":"Explicitly mark all external contracts as trusted or untrusted","ruleId":"mark-callable-contracts","filePath":"Benchmarks/Study_SamplesSet/abc8bf67c3ceca9ecb202c377fbec7f0.sol"},{"line":520,"column":5,"severity":"Error","message":"Explicitly mark all external contracts as trusted or untrusted","ruleId":"mark-callable-contracts","filePath":"Benchmarks/Study_SamplesSet/abc8bf67c3ceca9ecb202c377fbec7f0.sol"},{"line":521,"column":5,"severity":"Error","message":"Explicitly mark all external contracts as trusted or untrusted","ruleId":"mark-callable-contracts","filePath":"Benchmarks/Study_SamplesSet/abc8bf67c3ceca9ecb202c377fbec7f0.sol"},{"line":521,"column":33,"severity":"Error","message":"Explicitly mark all external contracts as trusted or untrusted","ruleId":"mark-callable-contracts","filePath":"Benchmarks/Study_SamplesSet/abc8bf67c3ceca9ecb202c377fbec7f0.sol"},{"line":525,"column":5,"severity":"Error","message":"Explicitly mark all external contracts as trusted or untrusted","ruleId":"mark-callable-contracts","filePath":"Benchmarks/Study_SamplesSet/abc8bf67c3ceca9ecb202c377fbec7f0.sol"},{"line":525,"column":13,"severity":"Error","message":"Explicitly mark all external contracts as trusted or untrusted","ruleId":"mark-callable-contracts","filePath":"Benchmarks/Study_SamplesSet/abc8bf67c3ceca9ecb202c377fbec7f0.sol"},{"line":525,"column":27,"severity":"Error","message":"Explicitly mark all external contracts as trusted or untrusted","ruleId":"mark-callable-contracts","filePath":"Benchmarks/Study_SamplesSet/abc8bf67c3ceca9ecb202c377fbec7f0.sol"},{"line":526,"column":5,"severity":"Error","message":"Explicitly mark all external contracts as trusted or untrusted","ruleId":"mark-callable-contracts","filePath":"Benchmarks/Study_SamplesSet/abc8bf67c3ceca9ecb202c377fbec7f0.sol"},{"line":526,"column":28,"severity":"Error","message":"Explicitly mark all external contracts as trusted or untrusted","ruleId":"mark-callable-contracts","filePath":"Benchmarks/Study_SamplesSet/abc8bf67c3ceca9ecb202c377fbec7f0.sol"},{"line":526,"column":36,"severity":"Error","message":"Explicitly mark all external contracts as trusted or untrusted","ruleId":"mark-callable-contracts","filePath":"Benchmarks/Study_SamplesSet/abc8bf67c3ceca9ecb202c377fbec7f0.sol"},{"line":526,"column":50,"severity":"Error","message":"Explicitly mark all external contracts as trusted or untrusted","ruleId":"mark-callable-contracts","filePath":"Benchmarks/Study_SamplesSet/abc8bf67c3ceca9ecb202c377fbec7f0.sol"},{"line":527,"column":21,"severity":"Error","message":"Use \"keccak256\" instead of deprecated \"sha3\"","ruleId":"avoid-sha3","filePath":"Benchmarks/Study_SamplesSet/abc8bf67c3ceca9ecb202c377fbec7f0.sol"},{"line":528,"column":5,"severity":"Warning","message":"Variable name must be in mixedCase","ruleId":"var-name-mixedcase","fix":null,"filePath":"Benchmarks/Study_SamplesSet/abc8bf67c3ceca9ecb202c377fbec7f0.sol"},{"line":528,"column":27,"severity":"Error","message":"Use \"keccak256\" instead of deprecated \"sha3\"","ruleId":"avoid-sha3","filePath":"Benchmarks/Study_SamplesSet/abc8bf67c3ceca9ecb202c377fbec7f0.sol"},{"line":531,"column":7,"severity":"Error","message":"Explicitly mark all external contracts as trusted or untrusted","ruleId":"mark-callable-contracts","filePath":"Benchmarks/Study_SamplesSet/abc8bf67c3ceca9ecb202c377fbec7f0.sol"},{"line":531,"column":20,"severity":"Error","message":"Explicitly mark all external contracts as trusted or untrusted","ruleId":"mark-callable-contracts","filePath":"Benchmarks/Study_SamplesSet/abc8bf67c3ceca9ecb202c377fbec7f0.sol"},{"line":531,"column":28,"severity":"Error","message":"Explicitly mark all external contracts as trusted or untrusted","ruleId":"mark-callable-contracts","filePath":"Benchmarks/Study_SamplesSet/abc8bf67c3ceca9ecb202c377fbec7f0.sol"},{"line":531,"column":42,"severity":"Error","message":"Explicitly mark all external contracts as trusted or untrusted","ruleId":"mark-callable-contracts","filePath":"Benchmarks/Study_SamplesSet/abc8bf67c3ceca9ecb202c377fbec7f0.sol"},{"line":532,"column":25,"severity":"Error","message":"Use \"keccak256\" instead of deprecated \"sha3\"","ruleId":"avoid-sha3","filePath":"Benchmarks/Study_SamplesSet/abc8bf67c3ceca9ecb202c377fbec7f0.sol"},{"line":533,"column":25,"severity":"Error","message":"Use \"keccak256\" instead of deprecated \"sha3\"","ruleId":"avoid-sha3","filePath":"Benchmarks/Study_SamplesSet/abc8bf67c3ceca9ecb202c377fbec7f0.sol"},{"line":534,"column":25,"severity":"Error","message":"Use \"keccak256\" instead of deprecated \"sha3\"","ruleId":"avoid-sha3","filePath":"Benchmarks/Study_SamplesSet/abc8bf67c3ceca9ecb202c377fbec7f0.sol"},{"line":535,"column":25,"severity":"Error","message":"Use \"keccak256\" instead of deprecated \"sha3\"","ruleId":"avoid-sha3","filePath":"Benchmarks/Study_SamplesSet/abc8bf67c3ceca9ecb202c377fbec7f0.sol"},{"line":536,"column":25,"severity":"Error","message":"Use \"keccak256\" instead of deprecated \"sha3\"","ruleId":"avoid-sha3","filePath":"Benchmarks/Study_SamplesSet/abc8bf67c3ceca9ecb202c377fbec7f0.sol"},{"line":537,"column":25,"severity":"Error","message":"Use \"keccak256\" instead of deprecated \"sha3\"","ruleId":"avoid-sha3","filePath":"Benchmarks/Study_SamplesSet/abc8bf67c3ceca9ecb202c377fbec7f0.sol"},{"line":538,"column":25,"severity":"Error","message":"Use \"keccak256\" instead of deprecated \"sha3\"","ruleId":"avoid-sha3","filePath":"Benchmarks/Study_SamplesSet/abc8bf67c3ceca9ecb202c377fbec7f0.sol"},{"line":539,"column":25,"severity":"Error","message":"Use \"keccak256\" instead of deprecated \"sha3\"","ruleId":"avoid-sha3","filePath":"Benchmarks/Study_SamplesSet/abc8bf67c3ceca9ecb202c377fbec7f0.sol"},{"line":540,"column":25,"severity":"Error","message":"Use \"keccak256\" instead of deprecated \"sha3\"","ruleId":"avoid-sha3","filePath":"Benchmarks/Study_SamplesSet/abc8bf67c3ceca9ecb202c377fbec7f0.sol"},{"line":544,"column":7,"severity":"Error","message":"Explicitly mark all external contracts as trusted or untrusted","ruleId":"mark-callable-contracts","filePath":"Benchmarks/Study_SamplesSet/abc8bf67c3ceca9ecb202c377fbec7f0.sol"},{"line":544,"column":21,"severity":"Error","message":"Explicitly mark all external contracts as trusted or untrusted","ruleId":"mark-callable-contracts","filePath":"Benchmarks/Study_SamplesSet/abc8bf67c3ceca9ecb202c377fbec7f0.sol"},{"line":545,"column":7,"severity":"Error","message":"Explicitly mark all external contracts as trusted or untrusted","ruleId":"mark-callable-contracts","filePath":"Benchmarks/Study_SamplesSet/abc8bf67c3ceca9ecb202c377fbec7f0.sol"},{"line":545,"column":16,"severity":"Error","message":"Explicitly mark all external contracts as trusted or untrusted","ruleId":"mark-callable-contracts","filePath":"Benchmarks/Study_SamplesSet/abc8bf67c3ceca9ecb202c377fbec7f0.sol"},{"line":545,"column":26,"severity":"Error","message":"Explicitly mark all external contracts as trusted or untrusted","ruleId":"mark-callable-contracts","filePath":"Benchmarks/Study_SamplesSet/abc8bf67c3ceca9ecb202c377fbec7f0.sol"},{"line":548,"column":11,"severity":"Error","message":"Explicitly mark all external contracts as trusted or untrusted","ruleId":"mark-callable-contracts","filePath":"Benchmarks/Study_SamplesSet/abc8bf67c3ceca9ecb202c377fbec7f0.sol"},{"line":548,"column":56,"severity":"Error","message":"Explicitly mark all external contracts as trusted or untrusted","ruleId":"mark-callable-contracts","filePath":"Benchmarks/Study_SamplesSet/abc8bf67c3ceca9ecb202c377fbec7f0.sol"},{"line":549,"column":11,"severity":"Error","message":"\"throw\" is deprecated, avoid to use it","ruleId":"avoid-throw","filePath":"Benchmarks/Study_SamplesSet/abc8bf67c3ceca9ecb202c377fbec7f0.sol"},{"line":551,"column":7,"severity":"Error","message":"Explicitly mark all external contracts as trusted or untrusted","ruleId":"mark-callable-contracts","filePath":"Benchmarks/Study_SamplesSet/abc8bf67c3ceca9ecb202c377fbec7f0.sol"},{"line":551,"column":38,"severity":"Error","message":"Explicitly mark all external contracts as trusted or untrusted","ruleId":"mark-callable-contracts","filePath":"Benchmarks/Study_SamplesSet/abc8bf67c3ceca9ecb202c377fbec7f0.sol"},{"line":551,"column":52,"severity":"Error","message":"Explicitly mark all external contracts as trusted or untrusted","ruleId":"mark-callable-contracts","filePath":"Benchmarks/Study_SamplesSet/abc8bf67c3ceca9ecb202c377fbec7f0.sol"},{"line":551,"column":68,"severity":"Error","message":"Explicitly mark all external contracts as trusted or untrusted","ruleId":"mark-callable-contracts","filePath":"Benchmarks/Study_SamplesSet/abc8bf67c3ceca9ecb202c377fbec7f0.sol"},{"line":551,"column":82,"severity":"Error","message":"Explicitly mark all external contracts as trusted or untrusted","ruleId":"mark-callable-contracts","filePath":"Benchmarks/Study_SamplesSet/abc8bf67c3ceca9ecb202c377fbec7f0.sol"},{"line":552,"column":7,"severity":"Error","message":"Possible reentrancy vulnerabilities. Avoid state changes after transfer.","ruleId":"reentrancy","fix":null,"filePath":"Benchmarks/Study_SamplesSet/abc8bf67c3ceca9ecb202c377fbec7f0.sol"},{"line":552,"column":7,"severity":"Error","message":"Explicitly mark all external contracts as trusted or untrusted","ruleId":"mark-callable-contracts","filePath":"Benchmarks/Study_SamplesSet/abc8bf67c3ceca9ecb202c377fbec7f0.sol"},{"line":552,"column":17,"severity":"Error","message":"Explicitly mark all external contracts as trusted or untrusted","ruleId":"mark-callable-contracts","filePath":"Benchmarks/Study_SamplesSet/abc8bf67c3ceca9ecb202c377fbec7f0.sol"},{"line":552,"column":27,"severity":"Error","message":"Explicitly mark all external contracts as trusted or untrusted","ruleId":"mark-callable-contracts","filePath":"Benchmarks/Study_SamplesSet/abc8bf67c3ceca9ecb202c377fbec7f0.sol"},{"line":553,"column":11,"severity":"Error","message":"Avoid multiple calls of \"send\" method in single transaction","ruleId":"multiple-sends","fix":null,"filePath":"Benchmarks/Study_SamplesSet/abc8bf67c3ceca9ecb202c377fbec7f0.sol"},{"line":555,"column":11,"severity":"Error","message":"Explicitly mark all external contracts as trusted or untrusted","ruleId":"mark-callable-contracts","filePath":"Benchmarks/Study_SamplesSet/abc8bf67c3ceca9ecb202c377fbec7f0.sol"},{"line":555,"column":54,"severity":"Error","message":"Explicitly mark all external contracts as trusted or untrusted","ruleId":"mark-callable-contracts","filePath":"Benchmarks/Study_SamplesSet/abc8bf67c3ceca9ecb202c377fbec7f0.sol"},{"line":556,"column":11,"severity":"Error","message":"\"throw\" is deprecated, avoid to use it","ruleId":"avoid-throw","filePath":"Benchmarks/Study_SamplesSet/abc8bf67c3ceca9ecb202c377fbec7f0.sol"},{"line":558,"column":7,"severity":"Error","message":"Explicitly mark all external contracts as trusted or untrusted","ruleId":"mark-callable-contracts","filePath":"Benchmarks/Study_SamplesSet/abc8bf67c3ceca9ecb202c377fbec7f0.sol"},{"line":558,"column":38,"severity":"Error","message":"Explicitly mark all external contracts as trusted or untrusted","ruleId":"mark-callable-contracts","filePath":"Benchmarks/Study_SamplesSet/abc8bf67c3ceca9ecb202c377fbec7f0.sol"},{"line":558,"column":52,"severity":"Error","message":"Explicitly mark all external contracts as trusted or untrusted","ruleId":"mark-callable-contracts","filePath":"Benchmarks/Study_SamplesSet/abc8bf67c3ceca9ecb202c377fbec7f0.sol"},{"line":558,"column":68,"severity":"Error","message":"Explicitly mark all external contracts as trusted or untrusted","ruleId":"mark-callable-contracts","filePath":"Benchmarks/Study_SamplesSet/abc8bf67c3ceca9ecb202c377fbec7f0.sol"},{"line":558,"column":82,"severity":"Error","message":"Explicitly mark all external contracts as trusted or untrusted","ruleId":"mark-callable-contracts","filePath":"Benchmarks/Study_SamplesSet/abc8bf67c3ceca9ecb202c377fbec7f0.sol"},{"line":559,"column":7,"severity":"Error","message":"Explicitly mark all external contracts as trusted or untrusted","ruleId":"mark-callable-contracts","filePath":"Benchmarks/Study_SamplesSet/abc8bf67c3ceca9ecb202c377fbec7f0.sol"},{"line":559,"column":31,"severity":"Error","message":"Explicitly mark all external contracts as trusted or untrusted","ruleId":"mark-callable-contracts","filePath":"Benchmarks/Study_SamplesSet/abc8bf67c3ceca9ecb202c377fbec7f0.sol"},{"line":560,"column":7,"severity":"Error","message":"Possible reentrancy vulnerabilities. Avoid state changes after transfer.","ruleId":"reentrancy","fix":null,"filePath":"Benchmarks/Study_SamplesSet/abc8bf67c3ceca9ecb202c377fbec7f0.sol"},{"line":560,"column":7,"severity":"Error","message":"Explicitly mark all external contracts as trusted or untrusted","ruleId":"mark-callable-contracts","filePath":"Benchmarks/Study_SamplesSet/abc8bf67c3ceca9ecb202c377fbec7f0.sol"},{"line":560,"column":17,"severity":"Error","message":"Explicitly mark all external contracts as trusted or untrusted","ruleId":"mark-callable-contracts","filePath":"Benchmarks/Study_SamplesSet/abc8bf67c3ceca9ecb202c377fbec7f0.sol"},{"line":560,"column":27,"severity":"Error","message":"Explicitly mark all external contracts as trusted or untrusted","ruleId":"mark-callable-contracts","filePath":"Benchmarks/Study_SamplesSet/abc8bf67c3ceca9ecb202c377fbec7f0.sol"},{"line":561,"column":7,"severity":"Error","message":"Possible reentrancy vulnerabilities. Avoid state changes after transfer.","ruleId":"reentrancy","fix":null,"filePath":"Benchmarks/Study_SamplesSet/abc8bf67c3ceca9ecb202c377fbec7f0.sol"},{"line":561,"column":7,"severity":"Error","message":"Explicitly mark all external contracts as trusted or untrusted","ruleId":"mark-callable-contracts","filePath":"Benchmarks/Study_SamplesSet/abc8bf67c3ceca9ecb202c377fbec7f0.sol"},{"line":562,"column":7,"severity":"Error","message":"Possible reentrancy vulnerabilities. Avoid state changes after transfer.","ruleId":"reentrancy","fix":null,"filePath":"Benchmarks/Study_SamplesSet/abc8bf67c3ceca9ecb202c377fbec7f0.sol"},{"line":562,"column":7,"severity":"Error","message":"Explicitly mark all external contracts as trusted or untrusted","ruleId":"mark-callable-contracts","filePath":"Benchmarks/Study_SamplesSet/abc8bf67c3ceca9ecb202c377fbec7f0.sol"},{"line":563,"column":7,"severity":"Error","message":"Possible reentrancy vulnerabilities. Avoid state changes after transfer.","ruleId":"reentrancy","fix":null,"filePath":"Benchmarks/Study_SamplesSet/abc8bf67c3ceca9ecb202c377fbec7f0.sol"},{"line":563,"column":7,"severity":"Error","message":"Explicitly mark all external contracts as trusted or untrusted","ruleId":"mark-callable-contracts","filePath":"Benchmarks/Study_SamplesSet/abc8bf67c3ceca9ecb202c377fbec7f0.sol"},{"line":568,"column":2,"severity":"Error","message":"Explicitly mark visibility in function","ruleId":"func-visibility","fix":null,"filePath":"Benchmarks/Study_SamplesSet/abc8bf67c3ceca9ecb202c377fbec7f0.sol"},{"line":570,"column":37,"severity":"Error","message":"\"throw\" is deprecated, avoid to use it","ruleId":"avoid-throw","filePath":"Benchmarks/Study_SamplesSet/abc8bf67c3ceca9ecb202c377fbec7f0.sol"},{"line":571,"column":24,"severity":"Error","message":"Explicitly mark all external contracts as trusted or untrusted","ruleId":"mark-callable-contracts","filePath":"Benchmarks/Study_SamplesSet/abc8bf67c3ceca9ecb202c377fbec7f0.sol"},{"line":572,"column":5,"severity":"Error","message":"Explicitly mark all external contracts as trusted or untrusted","ruleId":"mark-callable-contracts","filePath":"Benchmarks/Study_SamplesSet/abc8bf67c3ceca9ecb202c377fbec7f0.sol"},{"line":573,"column":5,"severity":"Error","message":"Explicitly mark all external contracts as trusted or untrusted","ruleId":"mark-callable-contracts","filePath":"Benchmarks/Study_SamplesSet/abc8bf67c3ceca9ecb202c377fbec7f0.sol"},{"line":574,"column":5,"severity":"Error","message":"Explicitly mark all external contracts as trusted or untrusted","ruleId":"mark-callable-contracts","filePath":"Benchmarks/Study_SamplesSet/abc8bf67c3ceca9ecb202c377fbec7f0.sol"},{"line":574,"column":19,"severity":"Error","message":"Explicitly mark all external contracts as trusted or untrusted","ruleId":"mark-callable-contracts","filePath":"Benchmarks/Study_SamplesSet/abc8bf67c3ceca9ecb202c377fbec7f0.sol"},{"line":577,"column":5,"severity":"Error","message":"Explicitly mark all external contracts as trusted or untrusted","ruleId":"mark-callable-contracts","filePath":"Benchmarks/Study_SamplesSet/abc8bf67c3ceca9ecb202c377fbec7f0.sol"},{"line":577,"column":34,"severity":"Error","message":"Explicitly mark all external contracts as trusted or untrusted","ruleId":"mark-callable-contracts","filePath":"Benchmarks/Study_SamplesSet/abc8bf67c3ceca9ecb202c377fbec7f0.sol"},{"line":579,"column":2,"severity":"Warning","message":"Function name must be in mixedCase","ruleId":"func-name-mixedcase","fix":null,"filePath":"Benchmarks/Study_SamplesSet/abc8bf67c3ceca9ecb202c377fbec7f0.sol"},{"line":579,"column":2,"severity":"Error","message":"Explicitly mark visibility in function","ruleId":"func-visibility","fix":null,"filePath":"Benchmarks/Study_SamplesSet/abc8bf67c3ceca9ecb202c377fbec7f0.sol"},{"line":579,"column":25,"severity":"Warning","message":"Rule is set with explicit type [var/s: uint]","ruleId":"explicit-types","filePath":"Benchmarks/Study_SamplesSet/abc8bf67c3ceca9ecb202c377fbec7f0.sol"},{"line":581,"column":47,"severity":"Error","message":"\"throw\" is deprecated, avoid to use it","ruleId":"avoid-throw","filePath":"Benchmarks/Study_SamplesSet/abc8bf67c3ceca9ecb202c377fbec7f0.sol"},{"line":582,"column":7,"severity":"Error","message":"Explicitly mark all external contracts as trusted or untrusted","ruleId":"mark-callable-contracts","filePath":"Benchmarks/Study_SamplesSet/abc8bf67c3ceca9ecb202c377fbec7f0.sol"},{"line":582,"column":36,"severity":"Error","message":"Explicitly mark all external contracts as trusted or untrusted","ruleId":"mark-callable-contracts","filePath":"Benchmarks/Study_SamplesSet/abc8bf67c3ceca9ecb202c377fbec7f0.sol"},{"line":582,"column":44,"severity":"Error","message":"Explicitly mark all external contracts as trusted or untrusted","ruleId":"mark-callable-contracts","filePath":"Benchmarks/Study_SamplesSet/abc8bf67c3ceca9ecb202c377fbec7f0.sol"},{"line":582,"column":58,"severity":"Error","message":"Explicitly mark all external contracts as trusted or untrusted","ruleId":"mark-callable-contracts","filePath":"Benchmarks/Study_SamplesSet/abc8bf67c3ceca9ecb202c377fbec7f0.sol"},{"line":583,"column":4,"severity":"Error","message":"Explicitly mark all external contracts as trusted or untrusted","ruleId":"mark-callable-contracts","filePath":"Benchmarks/Study_SamplesSet/abc8bf67c3ceca9ecb202c377fbec7f0.sol"},{"line":583,"column":18,"severity":"Error","message":"Explicitly mark all external contracts as trusted or untrusted","ruleId":"mark-callable-contracts","filePath":"Benchmarks/Study_SamplesSet/abc8bf67c3ceca9ecb202c377fbec7f0.sol"},{"line":584,"column":4,"severity":"Error","message":"Explicitly mark all external contracts as trusted or untrusted","ruleId":"mark-callable-contracts","filePath":"Benchmarks/Study_SamplesSet/abc8bf67c3ceca9ecb202c377fbec7f0.sol"},{"line":584,"column":13,"severity":"Error","message":"Explicitly mark all external contracts as trusted or untrusted","ruleId":"mark-callable-contracts","filePath":"Benchmarks/Study_SamplesSet/abc8bf67c3ceca9ecb202c377fbec7f0.sol"},{"line":584,"column":23,"severity":"Error","message":"Explicitly mark all external contracts as trusted or untrusted","ruleId":"mark-callable-contracts","filePath":"Benchmarks/Study_SamplesSet/abc8bf67c3ceca9ecb202c377fbec7f0.sol"},{"line":587,"column":8,"severity":"Error","message":"Explicitly mark all external contracts as trusted or untrusted","ruleId":"mark-callable-contracts","filePath":"Benchmarks/Study_SamplesSet/abc8bf67c3ceca9ecb202c377fbec7f0.sol"},{"line":587,"column":53,"severity":"Error","message":"Explicitly mark all external contracts as trusted or untrusted","ruleId":"mark-callable-contracts","filePath":"Benchmarks/Study_SamplesSet/abc8bf67c3ceca9ecb202c377fbec7f0.sol"},{"line":588,"column":8,"severity":"Error","message":"\"throw\" is deprecated, avoid to use it","ruleId":"avoid-throw","filePath":"Benchmarks/Study_SamplesSet/abc8bf67c3ceca9ecb202c377fbec7f0.sol"},{"line":590,"column":4,"severity":"Error","message":"Explicitly mark all external contracts as trusted or untrusted","ruleId":"mark-callable-contracts","filePath":"Benchmarks/Study_SamplesSet/abc8bf67c3ceca9ecb202c377fbec7f0.sol"},{"line":590,"column":35,"severity":"Error","message":"Explicitly mark all external contracts as trusted or untrusted","ruleId":"mark-callable-contracts","filePath":"Benchmarks/Study_SamplesSet/abc8bf67c3ceca9ecb202c377fbec7f0.sol"},{"line":590,"column":49,"severity":"Error","message":"Explicitly mark all external contracts as trusted or untrusted","ruleId":"mark-callable-contracts","filePath":"Benchmarks/Study_SamplesSet/abc8bf67c3ceca9ecb202c377fbec7f0.sol"},{"line":590,"column":65,"severity":"Error","message":"Explicitly mark all external contracts as trusted or untrusted","ruleId":"mark-callable-contracts","filePath":"Benchmarks/Study_SamplesSet/abc8bf67c3ceca9ecb202c377fbec7f0.sol"},{"line":590,"column":79,"severity":"Error","message":"Explicitly mark all external contracts as trusted or untrusted","ruleId":"mark-callable-contracts","filePath":"Benchmarks/Study_SamplesSet/abc8bf67c3ceca9ecb202c377fbec7f0.sol"},{"line":591,"column":4,"severity":"Error","message":"Possible reentrancy vulnerabilities. Avoid state changes after transfer.","ruleId":"reentrancy","fix":null,"filePath":"Benchmarks/Study_SamplesSet/abc8bf67c3ceca9ecb202c377fbec7f0.sol"},{"line":591,"column":4,"severity":"Error","message":"Explicitly mark all external contracts as trusted or untrusted","ruleId":"mark-callable-contracts","filePath":"Benchmarks/Study_SamplesSet/abc8bf67c3ceca9ecb202c377fbec7f0.sol"},{"line":591,"column":14,"severity":"Error","message":"Explicitly mark all external contracts as trusted or untrusted","ruleId":"mark-callable-contracts","filePath":"Benchmarks/Study_SamplesSet/abc8bf67c3ceca9ecb202c377fbec7f0.sol"},{"line":591,"column":24,"severity":"Error","message":"Explicitly mark all external contracts as trusted or untrusted","ruleId":"mark-callable-contracts","filePath":"Benchmarks/Study_SamplesSet/abc8bf67c3ceca9ecb202c377fbec7f0.sol"},{"line":592,"column":8,"severity":"Error","message":"Avoid multiple calls of \"send\" method in single transaction","ruleId":"multiple-sends","fix":null,"filePath":"Benchmarks/Study_SamplesSet/abc8bf67c3ceca9ecb202c377fbec7f0.sol"},{"line":594,"column":8,"severity":"Error","message":"Explicitly mark all external contracts as trusted or untrusted","ruleId":"mark-callable-contracts","filePath":"Benchmarks/Study_SamplesSet/abc8bf67c3ceca9ecb202c377fbec7f0.sol"},{"line":594,"column":51,"severity":"Error","message":"Explicitly mark all external contracts as trusted or untrusted","ruleId":"mark-callable-contracts","filePath":"Benchmarks/Study_SamplesSet/abc8bf67c3ceca9ecb202c377fbec7f0.sol"},{"line":595,"column":8,"severity":"Error","message":"\"throw\" is deprecated, avoid to use it","ruleId":"avoid-throw","filePath":"Benchmarks/Study_SamplesSet/abc8bf67c3ceca9ecb202c377fbec7f0.sol"},{"line":597,"column":4,"severity":"Error","message":"Explicitly mark all external contracts as trusted or untrusted","ruleId":"mark-callable-contracts","filePath":"Benchmarks/Study_SamplesSet/abc8bf67c3ceca9ecb202c377fbec7f0.sol"},{"line":597,"column":35,"severity":"Error","message":"Explicitly mark all external contracts as trusted or untrusted","ruleId":"mark-callable-contracts","filePath":"Benchmarks/Study_SamplesSet/abc8bf67c3ceca9ecb202c377fbec7f0.sol"},{"line":597,"column":49,"severity":"Error","message":"Explicitly mark all external contracts as trusted or untrusted","ruleId":"mark-callable-contracts","filePath":"Benchmarks/Study_SamplesSet/abc8bf67c3ceca9ecb202c377fbec7f0.sol"},{"line":597,"column":65,"severity":"Error","message":"Explicitly mark all external contracts as trusted or untrusted","ruleId":"mark-callable-contracts","filePath":"Benchmarks/Study_SamplesSet/abc8bf67c3ceca9ecb202c377fbec7f0.sol"},{"line":597,"column":79,"severity":"Error","message":"Explicitly mark all external contracts as trusted or untrusted","ruleId":"mark-callable-contracts","filePath":"Benchmarks/Study_SamplesSet/abc8bf67c3ceca9ecb202c377fbec7f0.sol"},{"line":598,"column":4,"severity":"Error","message":"Explicitly mark all external contracts as trusted or untrusted","ruleId":"mark-callable-contracts","filePath":"Benchmarks/Study_SamplesSet/abc8bf67c3ceca9ecb202c377fbec7f0.sol"},{"line":598,"column":28,"severity":"Error","message":"Explicitly mark all external contracts as trusted or untrusted","ruleId":"mark-callable-contracts","filePath":"Benchmarks/Study_SamplesSet/abc8bf67c3ceca9ecb202c377fbec7f0.sol"},{"line":599,"column":4,"severity":"Error","message":"Possible reentrancy vulnerabilities. Avoid state changes after transfer.","ruleId":"reentrancy","fix":null,"filePath":"Benchmarks/Study_SamplesSet/abc8bf67c3ceca9ecb202c377fbec7f0.sol"},{"line":599,"column":4,"severity":"Error","message":"Explicitly mark all external contracts as trusted or untrusted","ruleId":"mark-callable-contracts","filePath":"Benchmarks/Study_SamplesSet/abc8bf67c3ceca9ecb202c377fbec7f0.sol"},{"line":599,"column":14,"severity":"Error","message":"Explicitly mark all external contracts as trusted or untrusted","ruleId":"mark-callable-contracts","filePath":"Benchmarks/Study_SamplesSet/abc8bf67c3ceca9ecb202c377fbec7f0.sol"},{"line":599,"column":24,"severity":"Error","message":"Explicitly mark all external contracts as trusted or untrusted","ruleId":"mark-callable-contracts","filePath":"Benchmarks/Study_SamplesSet/abc8bf67c3ceca9ecb202c377fbec7f0.sol"},{"line":600,"column":4,"severity":"Error","message":"Possible reentrancy vulnerabilities. Avoid state changes after transfer.","ruleId":"reentrancy","fix":null,"filePath":"Benchmarks/Study_SamplesSet/abc8bf67c3ceca9ecb202c377fbec7f0.sol"},{"line":600,"column":4,"severity":"Error","message":"Explicitly mark all external contracts as trusted or untrusted","ruleId":"mark-callable-contracts","filePath":"Benchmarks/Study_SamplesSet/abc8bf67c3ceca9ecb202c377fbec7f0.sol"},{"line":601,"column":4,"severity":"Error","message":"Possible reentrancy vulnerabilities. Avoid state changes after transfer.","ruleId":"reentrancy","fix":null,"filePath":"Benchmarks/Study_SamplesSet/abc8bf67c3ceca9ecb202c377fbec7f0.sol"},{"line":601,"column":4,"severity":"Error","message":"Explicitly mark all external contracts as trusted or untrusted","ruleId":"mark-callable-contracts","filePath":"Benchmarks/Study_SamplesSet/abc8bf67c3ceca9ecb202c377fbec7f0.sol"},{"line":603,"column":2,"severity":"Warning","message":"Function name must be in mixedCase","ruleId":"func-name-mixedcase","fix":null,"filePath":"Benchmarks/Study_SamplesSet/abc8bf67c3ceca9ecb202c377fbec7f0.sol"},{"line":603,"column":2,"severity":"Error","message":"Explicitly mark visibility in function","ruleId":"func-visibility","fix":null,"filePath":"Benchmarks/Study_SamplesSet/abc8bf67c3ceca9ecb202c377fbec7f0.sol"},{"line":603,"column":34,"severity":"Warning","message":"Rule is set with explicit type [var/s: uint]","ruleId":"explicit-types","filePath":"Benchmarks/Study_SamplesSet/abc8bf67c3ceca9ecb202c377fbec7f0.sol"},{"line":607,"column":2,"severity":"Warning","message":"Function name must be in mixedCase","ruleId":"func-name-mixedcase","fix":null,"filePath":"Benchmarks/Study_SamplesSet/abc8bf67c3ceca9ecb202c377fbec7f0.sol"},{"line":607,"column":2,"severity":"Error","message":"Explicitly mark visibility in function","ruleId":"func-visibility","fix":null,"filePath":"Benchmarks/Study_SamplesSet/abc8bf67c3ceca9ecb202c377fbec7f0.sol"},{"conclusion":"397 problem/s (179 error/s, 218 warning/s)"}]
