[{"line":3,"column":1,"severity":"Warning","message":"Found more than One contract per file. 4 contracts found!","ruleId":"one-contract-per-file","fix":null,"filePath":"Benchmarks/Study_SamplesSet/ad6471eedf0339b881cde1f50e7624cf.sol"},{"line":3,"column":1,"severity":"Error","message":"Compiler version ^0.4.11 does not satisfy the ^0.8.0 semver requirement","ruleId":"compiler-version","fix":null,"filePath":"Benchmarks/Study_SamplesSet/ad6471eedf0339b881cde1f50e7624cf.sol"},{"line":20,"column":5,"severity":"Error","message":"Explicitly mark visibility in function","ruleId":"func-visibility","fix":null,"filePath":"Benchmarks/Study_SamplesSet/ad6471eedf0339b881cde1f50e7624cf.sol"},{"line":26,"column":5,"severity":"Error","message":"Explicitly mark visibility in function","ruleId":"func-visibility","fix":null,"filePath":"Benchmarks/Study_SamplesSet/ad6471eedf0339b881cde1f50e7624cf.sol"},{"line":33,"column":5,"severity":"Error","message":"Explicitly mark visibility in function","ruleId":"func-visibility","fix":null,"filePath":"Benchmarks/Study_SamplesSet/ad6471eedf0339b881cde1f50e7624cf.sol"},{"line":39,"column":5,"severity":"Error","message":"Explicitly mark visibility in function","ruleId":"func-visibility","fix":null,"filePath":"Benchmarks/Study_SamplesSet/ad6471eedf0339b881cde1f50e7624cf.sol"},{"line":44,"column":5,"severity":"Error","message":"Explicitly mark visibility in function","ruleId":"func-visibility","fix":null,"filePath":"Benchmarks/Study_SamplesSet/ad6471eedf0339b881cde1f50e7624cf.sol"},{"line":80,"column":5,"severity":"Error","message":"Explicitly mark visibility in function","ruleId":"func-visibility","fix":null,"filePath":"Benchmarks/Study_SamplesSet/ad6471eedf0339b881cde1f50e7624cf.sol"},{"line":88,"column":13,"severity":"Error","message":"Explicitly mark all external contracts as trusted or untrusted","ruleId":"mark-callable-contracts","filePath":"Benchmarks/Study_SamplesSet/ad6471eedf0339b881cde1f50e7624cf.sol"},{"line":93,"column":5,"severity":"Error","message":"Explicitly mark visibility in function","ruleId":"func-visibility","fix":null,"filePath":"Benchmarks/Study_SamplesSet/ad6471eedf0339b881cde1f50e7624cf.sol"},{"line":100,"column":13,"severity":"Error","message":"Explicitly mark all external contracts as trusted or untrusted","ruleId":"mark-callable-contracts","filePath":"Benchmarks/Study_SamplesSet/ad6471eedf0339b881cde1f50e7624cf.sol"},{"line":105,"column":5,"severity":"Error","message":"Explicitly mark visibility in function","ruleId":"func-visibility","fix":null,"filePath":"Benchmarks/Study_SamplesSet/ad6471eedf0339b881cde1f50e7624cf.sol"},{"line":109,"column":5,"severity":"Error","message":"Explicitly mark visibility in function","ruleId":"func-visibility","fix":null,"filePath":"Benchmarks/Study_SamplesSet/ad6471eedf0339b881cde1f50e7624cf.sol"},{"line":111,"column":9,"severity":"Error","message":"Explicitly mark all external contracts as trusted or untrusted","ruleId":"mark-callable-contracts","filePath":"Benchmarks/Study_SamplesSet/ad6471eedf0339b881cde1f50e7624cf.sol"},{"line":115,"column":5,"severity":"Error","message":"Explicitly mark visibility in function","ruleId":"func-visibility","fix":null,"filePath":"Benchmarks/Study_SamplesSet/ad6471eedf0339b881cde1f50e7624cf.sol"},{"line":119,"column":5,"severity":"Error","message":"Explicitly mark visibility of state","ruleId":"state-visibility","fix":null,"filePath":"Benchmarks/Study_SamplesSet/ad6471eedf0339b881cde1f50e7624cf.sol"},{"line":120,"column":5,"severity":"Error","message":"Explicitly mark visibility of state","ruleId":"state-visibility","fix":null,"filePath":"Benchmarks/Study_SamplesSet/ad6471eedf0339b881cde1f50e7624cf.sol"},{"line":126,"column":5,"severity":"Warning","message":"Constant name must be in capitalized SNAKE_CASE","ruleId":"const-name-snakecase","fix":null,"filePath":"Benchmarks/Study_SamplesSet/ad6471eedf0339b881cde1f50e7624cf.sol"},{"line":127,"column":5,"severity":"Warning","message":"Constant name must be in capitalized SNAKE_CASE","ruleId":"const-name-snakecase","fix":null,"filePath":"Benchmarks/Study_SamplesSet/ad6471eedf0339b881cde1f50e7624cf.sol"},{"line":128,"column":5,"severity":"Warning","message":"Constant name must be in capitalized SNAKE_CASE","ruleId":"const-name-snakecase","fix":null,"filePath":"Benchmarks/Study_SamplesSet/ad6471eedf0339b881cde1f50e7624cf.sol"},{"line":148,"column":5,"severity":"Error","message":"Explicitly mark visibility of state","ruleId":"state-visibility","fix":null,"filePath":"Benchmarks/Study_SamplesSet/ad6471eedf0339b881cde1f50e7624cf.sol"},{"line":149,"column":5,"severity":"Error","message":"Explicitly mark visibility of state","ruleId":"state-visibility","fix":null,"filePath":"Benchmarks/Study_SamplesSet/ad6471eedf0339b881cde1f50e7624cf.sol"},{"line":152,"column":5,"severity":"Error","message":"Explicitly mark visibility in function (Set ignoreConstructors to true if using solidity >=0.7.0)","ruleId":"func-visibility","fix":null,"filePath":"Benchmarks/Study_SamplesSet/ad6471eedf0339b881cde1f50e7624cf.sol"},{"line":160,"column":9,"severity":"Error","message":"Explicitly mark all external contracts as trusted or untrusted","ruleId":"mark-callable-contracts","filePath":"Benchmarks/Study_SamplesSet/ad6471eedf0339b881cde1f50e7624cf.sol"},{"line":163,"column":35,"severity":"Warning","message":"Visibility modifier must be first in list of modifiers","ruleId":"visibility-modifier-order","fix":null,"filePath":"Benchmarks/Study_SamplesSet/ad6471eedf0339b881cde1f50e7624cf.sol"},{"line":164,"column":47,"severity":"Error","message":"\"throw\" is deprecated, avoid to use it","ruleId":"avoid-throw","filePath":"Benchmarks/Study_SamplesSet/ad6471eedf0339b881cde1f50e7624cf.sol"},{"line":165,"column":45,"severity":"Error","message":"\"throw\" is deprecated, avoid to use it","ruleId":"avoid-throw","filePath":"Benchmarks/Study_SamplesSet/ad6471eedf0339b881cde1f50e7624cf.sol"},{"line":166,"column":29,"severity":"Error","message":"\"throw\" is deprecated, avoid to use it","ruleId":"avoid-throw","filePath":"Benchmarks/Study_SamplesSet/ad6471eedf0339b881cde1f50e7624cf.sol"},{"line":173,"column":9,"severity":"Error","message":"Explicitly mark all external contracts as trusted or untrusted","ruleId":"mark-callable-contracts","filePath":"Benchmarks/Study_SamplesSet/ad6471eedf0339b881cde1f50e7624cf.sol"},{"line":178,"column":26,"severity":"Error","message":"\"throw\" is deprecated, avoid to use it","ruleId":"avoid-throw","filePath":"Benchmarks/Study_SamplesSet/ad6471eedf0339b881cde1f50e7624cf.sol"},{"line":179,"column":43,"severity":"Error","message":"\"throw\" is deprecated, avoid to use it","ruleId":"avoid-throw","filePath":"Benchmarks/Study_SamplesSet/ad6471eedf0339b881cde1f50e7624cf.sol"},{"line":180,"column":46,"severity":"Error","message":"\"throw\" is deprecated, avoid to use it","ruleId":"avoid-throw","filePath":"Benchmarks/Study_SamplesSet/ad6471eedf0339b881cde1f50e7624cf.sol"},{"line":181,"column":38,"severity":"Error","message":"\"throw\" is deprecated, avoid to use it","ruleId":"avoid-throw","filePath":"Benchmarks/Study_SamplesSet/ad6471eedf0339b881cde1f50e7624cf.sol"},{"line":186,"column":46,"severity":"Error","message":"\"throw\" is deprecated, avoid to use it","ruleId":"avoid-throw","filePath":"Benchmarks/Study_SamplesSet/ad6471eedf0339b881cde1f50e7624cf.sol"},{"line":189,"column":9,"severity":"Error","message":"Explicitly mark all external contracts as trusted or untrusted","ruleId":"mark-callable-contracts","filePath":"Benchmarks/Study_SamplesSet/ad6471eedf0339b881cde1f50e7624cf.sol"},{"line":194,"column":45,"severity":"Error","message":"\"throw\" is deprecated, avoid to use it","ruleId":"avoid-throw","filePath":"Benchmarks/Study_SamplesSet/ad6471eedf0339b881cde1f50e7624cf.sol"},{"line":195,"column":45,"severity":"Error","message":"\"throw\" is deprecated, avoid to use it","ruleId":"avoid-throw","filePath":"Benchmarks/Study_SamplesSet/ad6471eedf0339b881cde1f50e7624cf.sol"},{"line":200,"column":62,"severity":"Error","message":"\"throw\" is deprecated, avoid to use it","ruleId":"avoid-throw","filePath":"Benchmarks/Study_SamplesSet/ad6471eedf0339b881cde1f50e7624cf.sol"},{"line":201,"column":13,"severity":"Error","message":"Explicitly mark all external contracts as trusted or untrusted","ruleId":"mark-callable-contracts","filePath":"Benchmarks/Study_SamplesSet/ad6471eedf0339b881cde1f50e7624cf.sol"},{"line":206,"column":18,"severity":"Error","message":"Avoid multiple calls of \"send\" method in single transaction","ruleId":"multiple-sends","fix":null,"filePath":"Benchmarks/Study_SamplesSet/ad6471eedf0339b881cde1f50e7624cf.sol"},{"line":206,"column":127,"severity":"Error","message":"\"throw\" is deprecated, avoid to use it","ruleId":"avoid-throw","filePath":"Benchmarks/Study_SamplesSet/ad6471eedf0339b881cde1f50e7624cf.sol"},{"line":207,"column":13,"severity":"Error","message":"Explicitly mark all external contracts as trusted or untrusted","ruleId":"mark-callable-contracts","filePath":"Benchmarks/Study_SamplesSet/ad6471eedf0339b881cde1f50e7624cf.sol"},{"line":210,"column":7,"severity":"Error","message":"Possible reentrancy vulnerabilities. Avoid state changes after transfer.","ruleId":"reentrancy","fix":null,"filePath":"Benchmarks/Study_SamplesSet/ad6471eedf0339b881cde1f50e7624cf.sol"},{"conclusion":"43 problem/s (38 error/s, 5 warning/s)"}]
