[{"line":1,"column":1,"severity":"Error","message":"Compiler version 0.6.2 does not satisfy the ^0.8.0 semver requirement","ruleId":"compiler-version","fix":null,"filePath":"Benchmarks/Study_SamplesSet/afa0520ca5e6adb796fc677c4e953438.sol"},{"line":9,"column":1,"severity":"Warning","message":"Contract, Structs and Enums should be in CamelCase","ruleId":"contract-name-camelcase","filePath":"Benchmarks/Study_SamplesSet/afa0520ca5e6adb796fc677c4e953438.sol"},{"line":18,"column":9,"severity":"Warning","message":"Provide an error message for require","ruleId":"reason-string","fix":null,"filePath":"Benchmarks/Study_SamplesSet/afa0520ca5e6adb796fc677c4e953438.sol"},{"line":18,"column":9,"severity":"Warning","message":"Use Custom Errors instead of require statements","ruleId":"custom-errors","fix":null,"filePath":"Benchmarks/Study_SamplesSet/afa0520ca5e6adb796fc677c4e953438.sol"},{"line":18,"column":17,"severity":"Error","message":"Avoid to use tx.origin","ruleId":"avoid-tx-origin","fix":null,"filePath":"Benchmarks/Study_SamplesSet/afa0520ca5e6adb796fc677c4e953438.sol"},{"line":22,"column":30,"severity":"Warning","message":"Visibility modifier must be first in list of modifiers","ruleId":"visibility-modifier-order","fix":null,"filePath":"Benchmarks/Study_SamplesSet/afa0520ca5e6adb796fc677c4e953438.sol"},{"conclusion":"6 problem/s (2 error/s, 4 warning/s)"}]
