[{"line":1,"column":1,"severity":"Warning","message":"Found more than One contract per file. 3 contracts found!","ruleId":"one-contract-per-file","fix":null,"filePath":"Benchmarks/Study_SamplesSet/b0aac14023fd214c10ce8f5656731e9b.sol"},{"line":1,"column":1,"severity":"Error","message":"Compiler version ^0.4.6 does not satisfy the ^0.8.0 semver requirement","ruleId":"compiler-version","fix":null,"filePath":"Benchmarks/Study_SamplesSet/b0aac14023fd214c10ce8f5656731e9b.sol"},{"line":2,"column":1,"severity":"Warning","message":"Contract, Structs and Enums should be in CamelCase","ruleId":"contract-name-camelcase","filePath":"Benchmarks/Study_SamplesSet/b0aac14023fd214c10ce8f5656731e9b.sol"},{"line":5,"column":5,"severity":"Error","message":"Explicitly mark visibility in function (Set ignoreConstructors to true if using solidity >=0.7.0)","ruleId":"func-visibility","fix":null,"filePath":"Benchmarks/Study_SamplesSet/b0aac14023fd214c10ce8f5656731e9b.sol"},{"line":10,"column":34,"severity":"Error","message":"\"throw\" is deprecated, avoid to use it","ruleId":"avoid-throw","filePath":"Benchmarks/Study_SamplesSet/b0aac14023fd214c10ce8f5656731e9b.sol"},{"line":14,"column":5,"severity":"Error","message":"Explicitly mark visibility in function","ruleId":"func-visibility","fix":null,"filePath":"Benchmarks/Study_SamplesSet/b0aac14023fd214c10ce8f5656731e9b.sol"},{"line":19,"column":1,"severity":"Warning","message":"Contract, Structs and Enums should be in CamelCase","ruleId":"contract-name-camelcase","filePath":"Benchmarks/Study_SamplesSet/b0aac14023fd214c10ce8f5656731e9b.sol"},{"line":19,"column":27,"severity":"Error","message":"Explicitly mark visibility in function","ruleId":"func-visibility","fix":null,"filePath":"Benchmarks/Study_SamplesSet/b0aac14023fd214c10ce8f5656731e9b.sol"},{"line":21,"column":1,"severity":"Warning","message":"Contract has 18 states declarations but allowed no more than 15","ruleId":"max-states-count","fix":null,"filePath":"Benchmarks/Study_SamplesSet/b0aac14023fd214c10ce8f5656731e9b.sol"},{"line":24,"column":30,"severity":"Error","message":"Use double quotes for string literals","ruleId":"quotes","filePath":"Benchmarks/Study_SamplesSet/b0aac14023fd214c10ce8f5656731e9b.sol"},{"line":41,"column":5,"severity":"Warning","message":"Variable name must be in mixedCase","ruleId":"var-name-mixedcase","fix":null,"filePath":"Benchmarks/Study_SamplesSet/b0aac14023fd214c10ce8f5656731e9b.sol"},{"line":43,"column":5,"severity":"Warning","message":"Rule is set with explicit type [var/s: uint]","ruleId":"explicit-types","filePath":"Benchmarks/Study_SamplesSet/b0aac14023fd214c10ce8f5656731e9b.sol"},{"line":44,"column":5,"severity":"Warning","message":"Rule is set with explicit type [var/s: uint]","ruleId":"explicit-types","filePath":"Benchmarks/Study_SamplesSet/b0aac14023fd214c10ce8f5656731e9b.sol"},{"line":47,"column":5,"severity":"Error","message":"Explicitly mark visibility in function (Set ignoreConstructors to true if using solidity >=0.7.0)","ruleId":"func-visibility","fix":null,"filePath":"Benchmarks/Study_SamplesSet/b0aac14023fd214c10ce8f5656731e9b.sol"},{"line":55,"column":9,"severity":"Warning","message":"Rule is set with explicit type [var/s: uint]","ruleId":"explicit-types","filePath":"Benchmarks/Study_SamplesSet/b0aac14023fd214c10ce8f5656731e9b.sol"},{"line":56,"column":9,"severity":"Warning","message":"Rule is set with explicit type [var/s: uint]","ruleId":"explicit-types","filePath":"Benchmarks/Study_SamplesSet/b0aac14023fd214c10ce8f5656731e9b.sol"},{"line":93,"column":5,"severity":"Warning","message":"Function name must be in mixedCase","ruleId":"func-name-mixedcase","fix":null,"filePath":"Benchmarks/Study_SamplesSet/b0aac14023fd214c10ce8f5656731e9b.sol"},{"line":98,"column":5,"severity":"Warning","message":"Function name must be in mixedCase","ruleId":"func-name-mixedcase","fix":null,"filePath":"Benchmarks/Study_SamplesSet/b0aac14023fd214c10ce8f5656731e9b.sol"},{"line":103,"column":5,"severity":"Error","message":"Explicitly mark visibility in function","ruleId":"func-visibility","fix":null,"filePath":"Benchmarks/Study_SamplesSet/b0aac14023fd214c10ce8f5656731e9b.sol"},{"line":110,"column":5,"severity":"Error","message":"Explicitly mark visibility in function","ruleId":"func-visibility","fix":null,"filePath":"Benchmarks/Study_SamplesSet/b0aac14023fd214c10ce8f5656731e9b.sol"},{"line":113,"column":9,"severity":"Error","message":"Explicitly mark all external contracts as trusted or untrusted","ruleId":"mark-callable-contracts","filePath":"Benchmarks/Study_SamplesSet/b0aac14023fd214c10ce8f5656731e9b.sol"},{"line":114,"column":9,"severity":"Error","message":"Explicitly mark all external contracts as trusted or untrusted","ruleId":"mark-callable-contracts","filePath":"Benchmarks/Study_SamplesSet/b0aac14023fd214c10ce8f5656731e9b.sol"},{"line":118,"column":5,"severity":"Error","message":"Explicitly mark visibility in function","ruleId":"func-visibility","fix":null,"filePath":"Benchmarks/Study_SamplesSet/b0aac14023fd214c10ce8f5656731e9b.sol"},{"line":121,"column":9,"severity":"Error","message":"Explicitly mark all external contracts as trusted or untrusted","ruleId":"mark-callable-contracts","filePath":"Benchmarks/Study_SamplesSet/b0aac14023fd214c10ce8f5656731e9b.sol"},{"line":122,"column":9,"severity":"Error","message":"Explicitly mark all external contracts as trusted or untrusted","ruleId":"mark-callable-contracts","filePath":"Benchmarks/Study_SamplesSet/b0aac14023fd214c10ce8f5656731e9b.sol"},{"line":128,"column":5,"severity":"Error","message":"Explicitly mark visibility in function","ruleId":"func-visibility","fix":null,"filePath":"Benchmarks/Study_SamplesSet/b0aac14023fd214c10ce8f5656731e9b.sol"},{"line":134,"column":5,"severity":"Error","message":"Explicitly mark visibility in function","ruleId":"func-visibility","fix":null,"filePath":"Benchmarks/Study_SamplesSet/b0aac14023fd214c10ce8f5656731e9b.sol"},{"line":142,"column":5,"severity":"Error","message":"Explicitly mark visibility in function","ruleId":"func-visibility","fix":null,"filePath":"Benchmarks/Study_SamplesSet/b0aac14023fd214c10ce8f5656731e9b.sol"},{"line":143,"column":50,"severity":"Error","message":"\"throw\" is deprecated, avoid to use it","ruleId":"avoid-throw","filePath":"Benchmarks/Study_SamplesSet/b0aac14023fd214c10ce8f5656731e9b.sol"},{"line":144,"column":65,"severity":"Error","message":"\"throw\" is deprecated, avoid to use it","ruleId":"avoid-throw","filePath":"Benchmarks/Study_SamplesSet/b0aac14023fd214c10ce8f5656731e9b.sol"},{"line":147,"column":9,"severity":"Error","message":"Explicitly mark all external contracts as trusted or untrusted","ruleId":"mark-callable-contracts","filePath":"Benchmarks/Study_SamplesSet/b0aac14023fd214c10ce8f5656731e9b.sol"},{"line":151,"column":5,"severity":"Error","message":"Explicitly mark visibility in function","ruleId":"func-visibility","fix":null,"filePath":"Benchmarks/Study_SamplesSet/b0aac14023fd214c10ce8f5656731e9b.sol"},{"line":152,"column":51,"severity":"Error","message":"\"throw\" is deprecated, avoid to use it","ruleId":"avoid-throw","filePath":"Benchmarks/Study_SamplesSet/b0aac14023fd214c10ce8f5656731e9b.sol"},{"line":153,"column":67,"severity":"Error","message":"\"throw\" is deprecated, avoid to use it","ruleId":"avoid-throw","filePath":"Benchmarks/Study_SamplesSet/b0aac14023fd214c10ce8f5656731e9b.sol"},{"line":156,"column":9,"severity":"Error","message":"Explicitly mark all external contracts as trusted or untrusted","ruleId":"mark-callable-contracts","filePath":"Benchmarks/Study_SamplesSet/b0aac14023fd214c10ce8f5656731e9b.sol"},{"line":160,"column":5,"severity":"Error","message":"Explicitly mark visibility in function","ruleId":"func-visibility","fix":null,"filePath":"Benchmarks/Study_SamplesSet/b0aac14023fd214c10ce8f5656731e9b.sol"},{"line":163,"column":9,"severity":"Warning","message":"Variable \"spender\" is unused","ruleId":"no-unused-vars","fix":null,"filePath":"Benchmarks/Study_SamplesSet/b0aac14023fd214c10ce8f5656731e9b.sol"},{"line":168,"column":5,"severity":"Error","message":"Explicitly mark visibility in function","ruleId":"func-visibility","fix":null,"filePath":"Benchmarks/Study_SamplesSet/b0aac14023fd214c10ce8f5656731e9b.sol"},{"line":191,"column":5,"severity":"Error","message":"Explicitly mark visibility in function","ruleId":"func-visibility","fix":null,"filePath":"Benchmarks/Study_SamplesSet/b0aac14023fd214c10ce8f5656731e9b.sol"},{"line":199,"column":5,"severity":"Error","message":"Explicitly mark visibility in function","ruleId":"func-visibility","fix":null,"filePath":"Benchmarks/Study_SamplesSet/b0aac14023fd214c10ce8f5656731e9b.sol"},{"line":200,"column":37,"severity":"Error","message":"\"throw\" is deprecated, avoid to use it","ruleId":"avoid-throw","filePath":"Benchmarks/Study_SamplesSet/b0aac14023fd214c10ce8f5656731e9b.sol"},{"line":201,"column":34,"severity":"Error","message":"\"throw\" is deprecated, avoid to use it","ruleId":"avoid-throw","filePath":"Benchmarks/Study_SamplesSet/b0aac14023fd214c10ce8f5656731e9b.sol"},{"line":202,"column":9,"severity":"Warning","message":"Rule is set with explicit type [var/s: uint]","ruleId":"explicit-types","filePath":"Benchmarks/Study_SamplesSet/b0aac14023fd214c10ce8f5656731e9b.sol"},{"line":203,"column":44,"severity":"Error","message":"\"throw\" is deprecated, avoid to use it","ruleId":"avoid-throw","filePath":"Benchmarks/Study_SamplesSet/b0aac14023fd214c10ce8f5656731e9b.sol"},{"line":206,"column":9,"severity":"Error","message":"Explicitly mark all external contracts as trusted or untrusted","ruleId":"mark-callable-contracts","filePath":"Benchmarks/Study_SamplesSet/b0aac14023fd214c10ce8f5656731e9b.sol"},{"line":210,"column":5,"severity":"Error","message":"Explicitly mark visibility in function","ruleId":"func-visibility","fix":null,"filePath":"Benchmarks/Study_SamplesSet/b0aac14023fd214c10ce8f5656731e9b.sol"},{"line":211,"column":9,"severity":"Warning","message":"Rule is set with explicit type [var/s: uint]","ruleId":"explicit-types","filePath":"Benchmarks/Study_SamplesSet/b0aac14023fd214c10ce8f5656731e9b.sol"},{"line":212,"column":45,"severity":"Error","message":"\"throw\" is deprecated, avoid to use it","ruleId":"avoid-throw","filePath":"Benchmarks/Study_SamplesSet/b0aac14023fd214c10ce8f5656731e9b.sol"},{"line":215,"column":9,"severity":"Error","message":"Explicitly mark all external contracts as trusted or untrusted","ruleId":"mark-callable-contracts","filePath":"Benchmarks/Study_SamplesSet/b0aac14023fd214c10ce8f5656731e9b.sol"},{"line":219,"column":5,"severity":"Error","message":"Explicitly mark visibility in function","ruleId":"func-visibility","fix":null,"filePath":"Benchmarks/Study_SamplesSet/b0aac14023fd214c10ce8f5656731e9b.sol"},{"line":221,"column":49,"severity":"Error","message":"\"throw\" is deprecated, avoid to use it","ruleId":"avoid-throw","filePath":"Benchmarks/Study_SamplesSet/b0aac14023fd214c10ce8f5656731e9b.sol"},{"line":225,"column":5,"severity":"Warning","message":"Fallback should be external and payable to accept native currency","ruleId":"payable-fallback","filePath":"Benchmarks/Study_SamplesSet/b0aac14023fd214c10ce8f5656731e9b.sol"},{"line":225,"column":5,"severity":"Error","message":"Explicitly mark visibility in function","ruleId":"func-visibility","fix":null,"filePath":"Benchmarks/Study_SamplesSet/b0aac14023fd214c10ce8f5656731e9b.sol"},{"line":226,"column":9,"severity":"Error","message":"\"throw\" is deprecated, avoid to use it","ruleId":"avoid-throw","filePath":"Benchmarks/Study_SamplesSet/b0aac14023fd214c10ce8f5656731e9b.sol"},{"conclusion":"54 problem/s (39 error/s, 15 warning/s)"}]
