[{"line":2,"column":1,"severity":"Warning","message":"Found more than One contract per file. 13 contracts found!","ruleId":"one-contract-per-file","fix":null,"filePath":"Benchmarks/Study_SamplesSet/b1523f4fa53a0d4a093da369e2e796b2.sol"},{"line":2,"column":1,"severity":"Error","message":"Compiler version ^0.4.8 does not satisfy the ^0.8.0 semver requirement","ruleId":"compiler-version","fix":null,"filePath":"Benchmarks/Study_SamplesSet/b1523f4fa53a0d4a093da369e2e796b2.sol"},{"line":7,"column":20,"severity":"Warning","message":"Rule is set with explicit type [var/s: uint]","ruleId":"explicit-types","filePath":"Benchmarks/Study_SamplesSet/b1523f4fa53a0d4a093da369e2e796b2.sol"},{"line":7,"column":28,"severity":"Warning","message":"Rule is set with explicit type [var/s: uint]","ruleId":"explicit-types","filePath":"Benchmarks/Study_SamplesSet/b1523f4fa53a0d4a093da369e2e796b2.sol"},{"line":7,"column":54,"severity":"Warning","message":"Rule is set with explicit type [var/s: uint]","ruleId":"explicit-types","filePath":"Benchmarks/Study_SamplesSet/b1523f4fa53a0d4a093da369e2e796b2.sol"},{"line":8,"column":5,"severity":"Warning","message":"Rule is set with explicit type [var/s: uint]","ruleId":"explicit-types","filePath":"Benchmarks/Study_SamplesSet/b1523f4fa53a0d4a093da369e2e796b2.sol"},{"line":12,"column":20,"severity":"Warning","message":"Rule is set with explicit type [var/s: uint]","ruleId":"explicit-types","filePath":"Benchmarks/Study_SamplesSet/b1523f4fa53a0d4a093da369e2e796b2.sol"},{"line":12,"column":28,"severity":"Warning","message":"Rule is set with explicit type [var/s: uint]","ruleId":"explicit-types","filePath":"Benchmarks/Study_SamplesSet/b1523f4fa53a0d4a093da369e2e796b2.sol"},{"line":12,"column":54,"severity":"Warning","message":"Rule is set with explicit type [var/s: uint]","ruleId":"explicit-types","filePath":"Benchmarks/Study_SamplesSet/b1523f4fa53a0d4a093da369e2e796b2.sol"},{"line":14,"column":5,"severity":"Warning","message":"Rule is set with explicit type [var/s: uint]","ruleId":"explicit-types","filePath":"Benchmarks/Study_SamplesSet/b1523f4fa53a0d4a093da369e2e796b2.sol"},{"line":18,"column":20,"severity":"Warning","message":"Rule is set with explicit type [var/s: uint]","ruleId":"explicit-types","filePath":"Benchmarks/Study_SamplesSet/b1523f4fa53a0d4a093da369e2e796b2.sol"},{"line":18,"column":28,"severity":"Warning","message":"Rule is set with explicit type [var/s: uint]","ruleId":"explicit-types","filePath":"Benchmarks/Study_SamplesSet/b1523f4fa53a0d4a093da369e2e796b2.sol"},{"line":18,"column":54,"severity":"Warning","message":"Rule is set with explicit type [var/s: uint]","ruleId":"explicit-types","filePath":"Benchmarks/Study_SamplesSet/b1523f4fa53a0d4a093da369e2e796b2.sol"},{"line":22,"column":20,"severity":"Warning","message":"Rule is set with explicit type [var/s: uint]","ruleId":"explicit-types","filePath":"Benchmarks/Study_SamplesSet/b1523f4fa53a0d4a093da369e2e796b2.sol"},{"line":22,"column":28,"severity":"Warning","message":"Rule is set with explicit type [var/s: uint]","ruleId":"explicit-types","filePath":"Benchmarks/Study_SamplesSet/b1523f4fa53a0d4a093da369e2e796b2.sol"},{"line":22,"column":54,"severity":"Warning","message":"Rule is set with explicit type [var/s: uint]","ruleId":"explicit-types","filePath":"Benchmarks/Study_SamplesSet/b1523f4fa53a0d4a093da369e2e796b2.sol"},{"line":23,"column":5,"severity":"Warning","message":"Rule is set with explicit type [var/s: uint]","ruleId":"explicit-types","filePath":"Benchmarks/Study_SamplesSet/b1523f4fa53a0d4a093da369e2e796b2.sol"},{"line":63,"column":3,"severity":"Error","message":"Explicitly mark visibility in function (Set ignoreConstructors to true if using solidity >=0.7.0)","ruleId":"func-visibility","fix":null,"filePath":"Benchmarks/Study_SamplesSet/b1523f4fa53a0d4a093da369e2e796b2.sol"},{"line":70,"column":5,"severity":"Warning","message":"Provide an error message for require","ruleId":"reason-string","fix":null,"filePath":"Benchmarks/Study_SamplesSet/b1523f4fa53a0d4a093da369e2e796b2.sol"},{"line":70,"column":5,"severity":"Warning","message":"Use Custom Errors instead of require statements","ruleId":"custom-errors","fix":null,"filePath":"Benchmarks/Study_SamplesSet/b1523f4fa53a0d4a093da369e2e796b2.sol"},{"line":77,"column":58,"severity":"Warning","message":"Visibility modifier must be first in list of modifiers","ruleId":"visibility-modifier-order","fix":null,"filePath":"Benchmarks/Study_SamplesSet/b1523f4fa53a0d4a093da369e2e796b2.sol"},{"line":78,"column":5,"severity":"Warning","message":"Provide an error message for require","ruleId":"reason-string","fix":null,"filePath":"Benchmarks/Study_SamplesSet/b1523f4fa53a0d4a093da369e2e796b2.sol"},{"line":78,"column":5,"severity":"Warning","message":"Use Custom Errors instead of require statements","ruleId":"custom-errors","fix":null,"filePath":"Benchmarks/Study_SamplesSet/b1523f4fa53a0d4a093da369e2e796b2.sol"},{"line":79,"column":5,"severity":"Error","message":"Explicitly mark all external contracts as trusted or untrusted","ruleId":"mark-callable-contracts","filePath":"Benchmarks/Study_SamplesSet/b1523f4fa53a0d4a093da369e2e796b2.sol"},{"line":109,"column":3,"severity":"Error","message":"Explicitly mark visibility in function","ruleId":"func-visibility","fix":null,"filePath":"Benchmarks/Study_SamplesSet/b1523f4fa53a0d4a093da369e2e796b2.sol"},{"line":109,"column":18,"severity":"Warning","message":"Rule is set with explicit type [var/s: uint]","ruleId":"explicit-types","filePath":"Benchmarks/Study_SamplesSet/b1523f4fa53a0d4a093da369e2e796b2.sol"},{"line":109,"column":26,"severity":"Warning","message":"Rule is set with explicit type [var/s: uint]","ruleId":"explicit-types","filePath":"Benchmarks/Study_SamplesSet/b1523f4fa53a0d4a093da369e2e796b2.sol"},{"line":109,"column":43,"severity":"Warning","message":"Rule is set with explicit type [var/s: uint]","ruleId":"explicit-types","filePath":"Benchmarks/Study_SamplesSet/b1523f4fa53a0d4a093da369e2e796b2.sol"},{"line":110,"column":5,"severity":"Warning","message":"Rule is set with explicit type [var/s: uint]","ruleId":"explicit-types","filePath":"Benchmarks/Study_SamplesSet/b1523f4fa53a0d4a093da369e2e796b2.sol"},{"line":114,"column":3,"severity":"Error","message":"Explicitly mark visibility in function","ruleId":"func-visibility","fix":null,"filePath":"Benchmarks/Study_SamplesSet/b1523f4fa53a0d4a093da369e2e796b2.sol"},{"line":114,"column":20,"severity":"Warning","message":"Rule is set with explicit type [var/s: uint]","ruleId":"explicit-types","filePath":"Benchmarks/Study_SamplesSet/b1523f4fa53a0d4a093da369e2e796b2.sol"},{"line":114,"column":28,"severity":"Warning","message":"Rule is set with explicit type [var/s: uint]","ruleId":"explicit-types","filePath":"Benchmarks/Study_SamplesSet/b1523f4fa53a0d4a093da369e2e796b2.sol"},{"line":114,"column":45,"severity":"Warning","message":"Rule is set with explicit type [var/s: uint]","ruleId":"explicit-types","filePath":"Benchmarks/Study_SamplesSet/b1523f4fa53a0d4a093da369e2e796b2.sol"},{"line":116,"column":5,"severity":"Warning","message":"Rule is set with explicit type [var/s: uint]","ruleId":"explicit-types","filePath":"Benchmarks/Study_SamplesSet/b1523f4fa53a0d4a093da369e2e796b2.sol"},{"line":120,"column":3,"severity":"Error","message":"Explicitly mark visibility in function","ruleId":"func-visibility","fix":null,"filePath":"Benchmarks/Study_SamplesSet/b1523f4fa53a0d4a093da369e2e796b2.sol"},{"line":120,"column":18,"severity":"Warning","message":"Rule is set with explicit type [var/s: uint]","ruleId":"explicit-types","filePath":"Benchmarks/Study_SamplesSet/b1523f4fa53a0d4a093da369e2e796b2.sol"},{"line":120,"column":26,"severity":"Warning","message":"Rule is set with explicit type [var/s: uint]","ruleId":"explicit-types","filePath":"Benchmarks/Study_SamplesSet/b1523f4fa53a0d4a093da369e2e796b2.sol"},{"line":120,"column":43,"severity":"Warning","message":"Rule is set with explicit type [var/s: uint]","ruleId":"explicit-types","filePath":"Benchmarks/Study_SamplesSet/b1523f4fa53a0d4a093da369e2e796b2.sol"},{"line":124,"column":3,"severity":"Error","message":"Explicitly mark visibility in function","ruleId":"func-visibility","fix":null,"filePath":"Benchmarks/Study_SamplesSet/b1523f4fa53a0d4a093da369e2e796b2.sol"},{"line":124,"column":17,"severity":"Warning","message":"Rule is set with explicit type [var/s: uint]","ruleId":"explicit-types","filePath":"Benchmarks/Study_SamplesSet/b1523f4fa53a0d4a093da369e2e796b2.sol"},{"line":124,"column":25,"severity":"Warning","message":"Rule is set with explicit type [var/s: uint]","ruleId":"explicit-types","filePath":"Benchmarks/Study_SamplesSet/b1523f4fa53a0d4a093da369e2e796b2.sol"},{"line":124,"column":42,"severity":"Warning","message":"Rule is set with explicit type [var/s: uint]","ruleId":"explicit-types","filePath":"Benchmarks/Study_SamplesSet/b1523f4fa53a0d4a093da369e2e796b2.sol"},{"line":125,"column":5,"severity":"Warning","message":"Rule is set with explicit type [var/s: uint]","ruleId":"explicit-types","filePath":"Benchmarks/Study_SamplesSet/b1523f4fa53a0d4a093da369e2e796b2.sol"},{"line":147,"column":17,"severity":"Error","message":"\"throw\" is deprecated, avoid to use it","ruleId":"avoid-throw","filePath":"Benchmarks/Study_SamplesSet/b1523f4fa53a0d4a093da369e2e796b2.sol"},{"line":151,"column":40,"severity":"Error","message":"\"throw\" is deprecated, avoid to use it","ruleId":"avoid-throw","filePath":"Benchmarks/Study_SamplesSet/b1523f4fa53a0d4a093da369e2e796b2.sol"},{"line":155,"column":18,"severity":"Error","message":"\"throw\" is deprecated, avoid to use it","ruleId":"avoid-throw","filePath":"Benchmarks/Study_SamplesSet/b1523f4fa53a0d4a093da369e2e796b2.sol"},{"line":184,"column":19,"severity":"Warning","message":"Variable \"crowdsale\" is unused","ruleId":"no-unused-vars","fix":null,"filePath":"Benchmarks/Study_SamplesSet/b1523f4fa53a0d4a093da369e2e796b2.sol"},{"line":192,"column":30,"severity":"Warning","message":"Variable \"purchaser\" is unused","ruleId":"no-unused-vars","fix":null,"filePath":"Benchmarks/Study_SamplesSet/b1523f4fa53a0d4a093da369e2e796b2.sol"},{"line":206,"column":27,"severity":"Warning","message":"Rule is set with explicit type [var/s: uint]","ruleId":"explicit-types","filePath":"Benchmarks/Study_SamplesSet/b1523f4fa53a0d4a093da369e2e796b2.sol"},{"line":206,"column":39,"severity":"Warning","message":"Rule is set with explicit type [var/s: uint]","ruleId":"explicit-types","filePath":"Benchmarks/Study_SamplesSet/b1523f4fa53a0d4a093da369e2e796b2.sol"},{"line":206,"column":55,"severity":"Warning","message":"Rule is set with explicit type [var/s: uint]","ruleId":"explicit-types","filePath":"Benchmarks/Study_SamplesSet/b1523f4fa53a0d4a093da369e2e796b2.sol"},{"line":206,"column":91,"severity":"Warning","message":"Rule is set with explicit type [var/s: uint]","ruleId":"explicit-types","filePath":"Benchmarks/Study_SamplesSet/b1523f4fa53a0d4a093da369e2e796b2.sol"},{"line":206,"column":131,"severity":"Warning","message":"Rule is set with explicit type [var/s: uint]","ruleId":"explicit-types","filePath":"Benchmarks/Study_SamplesSet/b1523f4fa53a0d4a093da369e2e796b2.sol"},{"line":231,"column":3,"severity":"Error","message":"Explicitly mark visibility in function","ruleId":"func-visibility","fix":null,"filePath":"Benchmarks/Study_SamplesSet/b1523f4fa53a0d4a093da369e2e796b2.sol"},{"line":252,"column":3,"severity":"Warning","message":"Rule is set with explicit type [var/s: uint]","ruleId":"explicit-types","filePath":"Benchmarks/Study_SamplesSet/b1523f4fa53a0d4a093da369e2e796b2.sol"},{"line":253,"column":3,"severity":"Warning","message":"Rule is set with explicit type [var/s: uint]","ruleId":"explicit-types","filePath":"Benchmarks/Study_SamplesSet/b1523f4fa53a0d4a093da369e2e796b2.sol"},{"line":267,"column":1,"severity":"Warning","message":"Contract has 27 states declarations but allowed no more than 15","ruleId":"max-states-count","fix":null,"filePath":"Benchmarks/Study_SamplesSet/b1523f4fa53a0d4a093da369e2e796b2.sol"},{"line":269,"column":3,"severity":"Warning","message":"Rule is set with explicit type [var/s: uint]","ruleId":"explicit-types","filePath":"Benchmarks/Study_SamplesSet/b1523f4fa53a0d4a093da369e2e796b2.sol"},{"line":269,"column":3,"severity":"Warning","message":"Variable name must be in mixedCase","ruleId":"var-name-mixedcase","fix":null,"filePath":"Benchmarks/Study_SamplesSet/b1523f4fa53a0d4a093da369e2e796b2.sol"},{"line":280,"column":3,"severity":"Warning","message":"Rule is set with explicit type [var/s: uint]","ruleId":"explicit-types","filePath":"Benchmarks/Study_SamplesSet/b1523f4fa53a0d4a093da369e2e796b2.sol"},{"line":282,"column":3,"severity":"Warning","message":"Rule is set with explicit type [var/s: uint]","ruleId":"explicit-types","filePath":"Benchmarks/Study_SamplesSet/b1523f4fa53a0d4a093da369e2e796b2.sol"},{"line":284,"column":3,"severity":"Warning","message":"Rule is set with explicit type [var/s: uint]","ruleId":"explicit-types","filePath":"Benchmarks/Study_SamplesSet/b1523f4fa53a0d4a093da369e2e796b2.sol"},{"line":286,"column":3,"severity":"Warning","message":"Rule is set with explicit type [var/s: uint]","ruleId":"explicit-types","filePath":"Benchmarks/Study_SamplesSet/b1523f4fa53a0d4a093da369e2e796b2.sol"},{"line":288,"column":3,"severity":"Warning","message":"Rule is set with explicit type [var/s: uint]","ruleId":"explicit-types","filePath":"Benchmarks/Study_SamplesSet/b1523f4fa53a0d4a093da369e2e796b2.sol"},{"line":290,"column":3,"severity":"Warning","message":"Rule is set with explicit type [var/s: uint]","ruleId":"explicit-types","filePath":"Benchmarks/Study_SamplesSet/b1523f4fa53a0d4a093da369e2e796b2.sol"},{"line":292,"column":3,"severity":"Warning","message":"Rule is set with explicit type [var/s: uint]","ruleId":"explicit-types","filePath":"Benchmarks/Study_SamplesSet/b1523f4fa53a0d4a093da369e2e796b2.sol"},{"line":294,"column":3,"severity":"Warning","message":"Rule is set with explicit type [var/s: uint]","ruleId":"explicit-types","filePath":"Benchmarks/Study_SamplesSet/b1523f4fa53a0d4a093da369e2e796b2.sol"},{"line":296,"column":3,"severity":"Warning","message":"Rule is set with explicit type [var/s: uint]","ruleId":"explicit-types","filePath":"Benchmarks/Study_SamplesSet/b1523f4fa53a0d4a093da369e2e796b2.sol"},{"line":303,"column":3,"severity":"Warning","message":"Rule is set with explicit type [var/s: uint]","ruleId":"explicit-types","filePath":"Benchmarks/Study_SamplesSet/b1523f4fa53a0d4a093da369e2e796b2.sol"},{"line":318,"column":5,"severity":"Warning","message":"Rule is set with explicit type [var/s: uint]","ruleId":"explicit-types","filePath":"Benchmarks/Study_SamplesSet/b1523f4fa53a0d4a093da369e2e796b2.sol"},{"line":319,"column":5,"severity":"Warning","message":"Rule is set with explicit type [var/s: uint]","ruleId":"explicit-types","filePath":"Benchmarks/Study_SamplesSet/b1523f4fa53a0d4a093da369e2e796b2.sol"},{"line":326,"column":3,"severity":"Warning","message":"Rule is set with explicit type [var/s: uint]","ruleId":"explicit-types","filePath":"Benchmarks/Study_SamplesSet/b1523f4fa53a0d4a093da369e2e796b2.sol"},{"line":339,"column":36,"severity":"Warning","message":"Rule is set with explicit type [var/s: uint]","ruleId":"explicit-types","filePath":"Benchmarks/Study_SamplesSet/b1523f4fa53a0d4a093da369e2e796b2.sol"},{"line":339,"column":52,"severity":"Warning","message":"Rule is set with explicit type [var/s: uint]","ruleId":"explicit-types","filePath":"Benchmarks/Study_SamplesSet/b1523f4fa53a0d4a093da369e2e796b2.sol"},{"line":341,"column":34,"severity":"Warning","message":"Rule is set with explicit type [var/s: uint]","ruleId":"explicit-types","filePath":"Benchmarks/Study_SamplesSet/b1523f4fa53a0d4a093da369e2e796b2.sol"},{"line":347,"column":25,"severity":"Warning","message":"Rule is set with explicit type [var/s: uint]","ruleId":"explicit-types","filePath":"Benchmarks/Study_SamplesSet/b1523f4fa53a0d4a093da369e2e796b2.sol"},{"line":349,"column":23,"severity":"Warning","message":"Rule is set with explicit type [var/s: uint]","ruleId":"explicit-types","filePath":"Benchmarks/Study_SamplesSet/b1523f4fa53a0d4a093da369e2e796b2.sol"},{"line":350,"column":3,"severity":"Error","message":"Explicitly mark visibility in function (Set ignoreConstructors to true if using solidity >=0.7.0)","ruleId":"func-visibility","fix":null,"filePath":"Benchmarks/Study_SamplesSet/b1523f4fa53a0d4a093da369e2e796b2.sol"},{"line":350,"column":100,"severity":"Warning","message":"Rule is set with explicit type [var/s: uint]","ruleId":"explicit-types","filePath":"Benchmarks/Study_SamplesSet/b1523f4fa53a0d4a093da369e2e796b2.sol"},{"line":350,"column":113,"severity":"Warning","message":"Rule is set with explicit type [var/s: uint]","ruleId":"explicit-types","filePath":"Benchmarks/Study_SamplesSet/b1523f4fa53a0d4a093da369e2e796b2.sol"},{"line":350,"column":124,"severity":"Warning","message":"Rule is set with explicit type [var/s: uint]","ruleId":"explicit-types","filePath":"Benchmarks/Study_SamplesSet/b1523f4fa53a0d4a093da369e2e796b2.sol"},{"line":352,"column":13,"severity":"Error","message":"Explicitly mark all external contracts as trusted or untrusted","ruleId":"mark-callable-contracts","filePath":"Benchmarks/Study_SamplesSet/b1523f4fa53a0d4a093da369e2e796b2.sol"},{"line":356,"column":9,"severity":"Error","message":"\"throw\" is deprecated, avoid to use it","ruleId":"avoid-throw","filePath":"Benchmarks/Study_SamplesSet/b1523f4fa53a0d4a093da369e2e796b2.sol"},{"line":359,"column":9,"severity":"Error","message":"\"throw\" is deprecated, avoid to use it","ruleId":"avoid-throw","filePath":"Benchmarks/Study_SamplesSet/b1523f4fa53a0d4a093da369e2e796b2.sol"},{"line":363,"column":9,"severity":"Error","message":"\"throw\" is deprecated, avoid to use it","ruleId":"avoid-throw","filePath":"Benchmarks/Study_SamplesSet/b1523f4fa53a0d4a093da369e2e796b2.sol"},{"line":368,"column":9,"severity":"Error","message":"\"throw\" is deprecated, avoid to use it","ruleId":"avoid-throw","filePath":"Benchmarks/Study_SamplesSet/b1523f4fa53a0d4a093da369e2e796b2.sol"},{"line":378,"column":3,"severity":"Error","message":"Explicitly mark visibility in function","ruleId":"func-visibility","fix":null,"filePath":"Benchmarks/Study_SamplesSet/b1523f4fa53a0d4a093da369e2e796b2.sol"},{"line":379,"column":5,"severity":"Error","message":"\"throw\" is deprecated, avoid to use it","ruleId":"avoid-throw","filePath":"Benchmarks/Study_SamplesSet/b1523f4fa53a0d4a093da369e2e796b2.sol"},{"line":391,"column":81,"severity":"Warning","message":"Visibility modifier must be first in list of modifiers","ruleId":"visibility-modifier-order","fix":null,"filePath":"Benchmarks/Study_SamplesSet/b1523f4fa53a0d4a093da369e2e796b2.sol"},{"line":395,"column":7,"severity":"Error","message":"\"throw\" is deprecated, avoid to use it","ruleId":"avoid-throw","filePath":"Benchmarks/Study_SamplesSet/b1523f4fa53a0d4a093da369e2e796b2.sol"},{"line":401,"column":11,"severity":"Error","message":"\"throw\" is deprecated, avoid to use it","ruleId":"avoid-throw","filePath":"Benchmarks/Study_SamplesSet/b1523f4fa53a0d4a093da369e2e796b2.sol"},{"line":406,"column":7,"severity":"Error","message":"\"throw\" is deprecated, avoid to use it","ruleId":"avoid-throw","filePath":"Benchmarks/Study_SamplesSet/b1523f4fa53a0d4a093da369e2e796b2.sol"},{"line":408,"column":5,"severity":"Warning","message":"Rule is set with explicit type [var/s: uint]","ruleId":"explicit-types","filePath":"Benchmarks/Study_SamplesSet/b1523f4fa53a0d4a093da369e2e796b2.sol"},{"line":410,"column":5,"severity":"Warning","message":"Rule is set with explicit type [var/s: uint]","ruleId":"explicit-types","filePath":"Benchmarks/Study_SamplesSet/b1523f4fa53a0d4a093da369e2e796b2.sol"},{"line":413,"column":7,"severity":"Error","message":"\"throw\" is deprecated, avoid to use it","ruleId":"avoid-throw","filePath":"Benchmarks/Study_SamplesSet/b1523f4fa53a0d4a093da369e2e796b2.sol"},{"line":418,"column":9,"severity":"Error","message":"\"throw\" is deprecated, avoid to use it","ruleId":"avoid-throw","filePath":"Benchmarks/Study_SamplesSet/b1523f4fa53a0d4a093da369e2e796b2.sol"},{"line":422,"column":9,"severity":"Error","message":"\"throw\" is deprecated, avoid to use it","ruleId":"avoid-throw","filePath":"Benchmarks/Study_SamplesSet/b1523f4fa53a0d4a093da369e2e796b2.sol"},{"line":426,"column":9,"severity":"Error","message":"\"throw\" is deprecated, avoid to use it","ruleId":"avoid-throw","filePath":"Benchmarks/Study_SamplesSet/b1523f4fa53a0d4a093da369e2e796b2.sol"},{"line":430,"column":9,"severity":"Error","message":"\"throw\" is deprecated, avoid to use it","ruleId":"avoid-throw","filePath":"Benchmarks/Study_SamplesSet/b1523f4fa53a0d4a093da369e2e796b2.sol"},{"line":435,"column":7,"severity":"Error","message":"\"throw\" is deprecated, avoid to use it","ruleId":"avoid-throw","filePath":"Benchmarks/Study_SamplesSet/b1523f4fa53a0d4a093da369e2e796b2.sol"},{"line":452,"column":41,"severity":"Error","message":"\"throw\" is deprecated, avoid to use it","ruleId":"avoid-throw","filePath":"Benchmarks/Study_SamplesSet/b1523f4fa53a0d4a093da369e2e796b2.sol"},{"line":454,"column":7,"severity":"Warning","message":"Rule is set with explicit type [var/s: uint]","ruleId":"explicit-types","filePath":"Benchmarks/Study_SamplesSet/b1523f4fa53a0d4a093da369e2e796b2.sol"},{"line":467,"column":5,"severity":"Error","message":"Explicitly mark all external contracts as trusted or untrusted","ruleId":"mark-callable-contracts","filePath":"Benchmarks/Study_SamplesSet/b1523f4fa53a0d4a093da369e2e796b2.sol"},{"line":484,"column":42,"severity":"Warning","message":"Rule is set with explicit type [var/s: uint]","ruleId":"explicit-types","filePath":"Benchmarks/Study_SamplesSet/b1523f4fa53a0d4a093da369e2e796b2.sol"},{"line":484,"column":59,"severity":"Warning","message":"Rule is set with explicit type [var/s: uint]","ruleId":"explicit-types","filePath":"Benchmarks/Study_SamplesSet/b1523f4fa53a0d4a093da369e2e796b2.sol"},{"line":485,"column":5,"severity":"Warning","message":"Rule is set with explicit type [var/s: uint]","ruleId":"explicit-types","filePath":"Benchmarks/Study_SamplesSet/b1523f4fa53a0d4a093da369e2e796b2.sol"},{"line":486,"column":5,"severity":"Warning","message":"Rule is set with explicit type [var/s: uint]","ruleId":"explicit-types","filePath":"Benchmarks/Study_SamplesSet/b1523f4fa53a0d4a093da369e2e796b2.sol"},{"line":493,"column":5,"severity":"Error","message":"Explicitly mark all external contracts as trusted or untrusted","ruleId":"mark-callable-contracts","filePath":"Benchmarks/Study_SamplesSet/b1523f4fa53a0d4a093da369e2e796b2.sol"},{"line":500,"column":53,"severity":"Error","message":"\"throw\" is deprecated, avoid to use it","ruleId":"avoid-throw","filePath":"Benchmarks/Study_SamplesSet/b1523f4fa53a0d4a093da369e2e796b2.sol"},{"line":501,"column":26,"severity":"Error","message":"\"throw\" is deprecated, avoid to use it","ruleId":"avoid-throw","filePath":"Benchmarks/Study_SamplesSet/b1523f4fa53a0d4a093da369e2e796b2.sol"},{"line":508,"column":31,"severity":"Error","message":"\"throw\" is deprecated, avoid to use it","ruleId":"avoid-throw","filePath":"Benchmarks/Study_SamplesSet/b1523f4fa53a0d4a093da369e2e796b2.sol"},{"line":509,"column":25,"severity":"Error","message":"\"throw\" is deprecated, avoid to use it","ruleId":"avoid-throw","filePath":"Benchmarks/Study_SamplesSet/b1523f4fa53a0d4a093da369e2e796b2.sol"},{"line":516,"column":27,"severity":"Error","message":"\"throw\" is deprecated, avoid to use it","ruleId":"avoid-throw","filePath":"Benchmarks/Study_SamplesSet/b1523f4fa53a0d4a093da369e2e796b2.sol"},{"line":517,"column":31,"severity":"Error","message":"\"throw\" is deprecated, avoid to use it","ruleId":"avoid-throw","filePath":"Benchmarks/Study_SamplesSet/b1523f4fa53a0d4a093da369e2e796b2.sol"},{"line":550,"column":7,"severity":"Error","message":"\"throw\" is deprecated, avoid to use it","ruleId":"avoid-throw","filePath":"Benchmarks/Study_SamplesSet/b1523f4fa53a0d4a093da369e2e796b2.sol"},{"line":563,"column":3,"severity":"Error","message":"Explicitly mark visibility in function","ruleId":"func-visibility","fix":null,"filePath":"Benchmarks/Study_SamplesSet/b1523f4fa53a0d4a093da369e2e796b2.sol"},{"line":567,"column":7,"severity":"Error","message":"\"throw\" is deprecated, avoid to use it","ruleId":"avoid-throw","filePath":"Benchmarks/Study_SamplesSet/b1523f4fa53a0d4a093da369e2e796b2.sol"},{"line":574,"column":3,"severity":"Error","message":"Explicitly mark visibility in function","ruleId":"func-visibility","fix":null,"filePath":"Benchmarks/Study_SamplesSet/b1523f4fa53a0d4a093da369e2e796b2.sol"},{"line":576,"column":5,"severity":"Error","message":"Explicitly mark all external contracts as trusted or untrusted","ruleId":"mark-callable-contracts","filePath":"Benchmarks/Study_SamplesSet/b1523f4fa53a0d4a093da369e2e796b2.sol"},{"line":584,"column":3,"severity":"Error","message":"Explicitly mark visibility in function","ruleId":"func-visibility","fix":null,"filePath":"Benchmarks/Study_SamplesSet/b1523f4fa53a0d4a093da369e2e796b2.sol"},{"line":587,"column":5,"severity":"Error","message":"Explicitly mark all external contracts as trusted or untrusted","ruleId":"mark-callable-contracts","filePath":"Benchmarks/Study_SamplesSet/b1523f4fa53a0d4a093da369e2e796b2.sol"},{"line":594,"column":3,"severity":"Error","message":"Explicitly mark visibility in function","ruleId":"func-visibility","fix":null,"filePath":"Benchmarks/Study_SamplesSet/b1523f4fa53a0d4a093da369e2e796b2.sol"},{"line":594,"column":67,"severity":"Warning","message":"Rule is set with explicit type [var/s: uint]","ruleId":"explicit-types","filePath":"Benchmarks/Study_SamplesSet/b1523f4fa53a0d4a093da369e2e796b2.sol"},{"line":594,"column":80,"severity":"Warning","message":"Rule is set with explicit type [var/s: uint]","ruleId":"explicit-types","filePath":"Benchmarks/Study_SamplesSet/b1523f4fa53a0d4a093da369e2e796b2.sol"},{"line":595,"column":25,"severity":"Error","message":"\"throw\" is deprecated, avoid to use it","ruleId":"avoid-throw","filePath":"Benchmarks/Study_SamplesSet/b1523f4fa53a0d4a093da369e2e796b2.sol"},{"line":596,"column":39,"severity":"Error","message":"Explicitly mark all external contracts as trusted or untrusted","ruleId":"mark-callable-contracts","filePath":"Benchmarks/Study_SamplesSet/b1523f4fa53a0d4a093da369e2e796b2.sol"},{"line":597,"column":5,"severity":"Error","message":"Explicitly mark all external contracts as trusted or untrusted","ruleId":"mark-callable-contracts","filePath":"Benchmarks/Study_SamplesSet/b1523f4fa53a0d4a093da369e2e796b2.sol"},{"line":599,"column":3,"severity":"Error","message":"Explicitly mark visibility in function","ruleId":"func-visibility","fix":null,"filePath":"Benchmarks/Study_SamplesSet/b1523f4fa53a0d4a093da369e2e796b2.sol"},{"line":599,"column":75,"severity":"Warning","message":"Rule is set with explicit type [var/s: uint]","ruleId":"explicit-types","filePath":"Benchmarks/Study_SamplesSet/b1523f4fa53a0d4a093da369e2e796b2.sol"},{"line":599,"column":91,"severity":"Warning","message":"Rule is set with explicit type [var/s: uint]","ruleId":"explicit-types","filePath":"Benchmarks/Study_SamplesSet/b1523f4fa53a0d4a093da369e2e796b2.sol"},{"line":600,"column":25,"severity":"Error","message":"\"throw\" is deprecated, avoid to use it","ruleId":"avoid-throw","filePath":"Benchmarks/Study_SamplesSet/b1523f4fa53a0d4a093da369e2e796b2.sol"},{"line":601,"column":10,"severity":"Warning","message":"Rule is set with explicit type [var/s: uint]","ruleId":"explicit-types","filePath":"Benchmarks/Study_SamplesSet/b1523f4fa53a0d4a093da369e2e796b2.sol"},{"line":605,"column":3,"severity":"Error","message":"Explicitly mark visibility in function","ruleId":"func-visibility","fix":null,"filePath":"Benchmarks/Study_SamplesSet/b1523f4fa53a0d4a093da369e2e796b2.sol"},{"line":605,"column":79,"severity":"Warning","message":"Rule is set with explicit type [var/s: uint]","ruleId":"explicit-types","filePath":"Benchmarks/Study_SamplesSet/b1523f4fa53a0d4a093da369e2e796b2.sol"},{"line":606,"column":64,"severity":"Error","message":"\"throw\" is deprecated, avoid to use it","ruleId":"avoid-throw","filePath":"Benchmarks/Study_SamplesSet/b1523f4fa53a0d4a093da369e2e796b2.sol"},{"line":607,"column":25,"severity":"Error","message":"\"throw\" is deprecated, avoid to use it","ruleId":"avoid-throw","filePath":"Benchmarks/Study_SamplesSet/b1523f4fa53a0d4a093da369e2e796b2.sol"},{"line":608,"column":59,"severity":"Error","message":"\"throw\" is deprecated, avoid to use it","ruleId":"avoid-throw","filePath":"Benchmarks/Study_SamplesSet/b1523f4fa53a0d4a093da369e2e796b2.sol"},{"line":609,"column":5,"severity":"Warning","message":"Rule is set with explicit type [var/s: uint]","ruleId":"explicit-types","filePath":"Benchmarks/Study_SamplesSet/b1523f4fa53a0d4a093da369e2e796b2.sol"},{"line":611,"column":39,"severity":"Error","message":"Explicitly mark all external contracts as trusted or untrusted","ruleId":"mark-callable-contracts","filePath":"Benchmarks/Study_SamplesSet/b1523f4fa53a0d4a093da369e2e796b2.sol"},{"line":613,"column":3,"severity":"Error","message":"Explicitly mark visibility in function","ruleId":"func-visibility","fix":null,"filePath":"Benchmarks/Study_SamplesSet/b1523f4fa53a0d4a093da369e2e796b2.sol"},{"line":616,"column":3,"severity":"Error","message":"Explicitly mark visibility in function","ruleId":"func-visibility","fix":null,"filePath":"Benchmarks/Study_SamplesSet/b1523f4fa53a0d4a093da369e2e796b2.sol"},{"line":619,"column":3,"severity":"Error","message":"Explicitly mark visibility in function","ruleId":"func-visibility","fix":null,"filePath":"Benchmarks/Study_SamplesSet/b1523f4fa53a0d4a093da369e2e796b2.sol"},{"line":622,"column":3,"severity":"Error","message":"Explicitly mark visibility in function","ruleId":"func-visibility","fix":null,"filePath":"Benchmarks/Study_SamplesSet/b1523f4fa53a0d4a093da369e2e796b2.sol"},{"line":624,"column":10,"severity":"Warning","message":"Rule is set with explicit type [var/s: uint]","ruleId":"explicit-types","filePath":"Benchmarks/Study_SamplesSet/b1523f4fa53a0d4a093da369e2e796b2.sol"},{"line":633,"column":3,"severity":"Error","message":"Explicitly mark visibility in function","ruleId":"func-visibility","fix":null,"filePath":"Benchmarks/Study_SamplesSet/b1523f4fa53a0d4a093da369e2e796b2.sol"},{"line":633,"column":24,"severity":"Warning","message":"Rule is set with explicit type [var/s: uint]","ruleId":"explicit-types","filePath":"Benchmarks/Study_SamplesSet/b1523f4fa53a0d4a093da369e2e796b2.sol"},{"line":634,"column":20,"severity":"Error","message":"\"throw\" is deprecated, avoid to use it","ruleId":"avoid-throw","filePath":"Benchmarks/Study_SamplesSet/b1523f4fa53a0d4a093da369e2e796b2.sol"},{"line":635,"column":23,"severity":"Error","message":"\"throw\" is deprecated, avoid to use it","ruleId":"avoid-throw","filePath":"Benchmarks/Study_SamplesSet/b1523f4fa53a0d4a093da369e2e796b2.sol"},{"line":636,"column":8,"severity":"Error","message":"Avoid making time-based decisions in your business logic","ruleId":"not-rely-on-time","fix":null,"filePath":"Benchmarks/Study_SamplesSet/b1523f4fa53a0d4a093da369e2e796b2.sol"},{"line":637,"column":7,"severity":"Error","message":"\"throw\" is deprecated, avoid to use it","ruleId":"avoid-throw","filePath":"Benchmarks/Study_SamplesSet/b1523f4fa53a0d4a093da369e2e796b2.sol"},{"line":640,"column":7,"severity":"Error","message":"\"throw\" is deprecated, avoid to use it","ruleId":"avoid-throw","filePath":"Benchmarks/Study_SamplesSet/b1523f4fa53a0d4a093da369e2e796b2.sol"},{"line":643,"column":42,"severity":"Error","message":"\"throw\" is deprecated, avoid to use it","ruleId":"avoid-throw","filePath":"Benchmarks/Study_SamplesSet/b1523f4fa53a0d4a093da369e2e796b2.sol"},{"line":645,"column":5,"severity":"Error","message":"Explicitly mark all external contracts as trusted or untrusted","ruleId":"mark-callable-contracts","filePath":"Benchmarks/Study_SamplesSet/b1523f4fa53a0d4a093da369e2e796b2.sol"},{"line":657,"column":3,"severity":"Error","message":"Explicitly mark visibility in function","ruleId":"func-visibility","fix":null,"filePath":"Benchmarks/Study_SamplesSet/b1523f4fa53a0d4a093da369e2e796b2.sol"},{"line":657,"column":22,"severity":"Warning","message":"Rule is set with explicit type [var/s: uint]","ruleId":"explicit-types","filePath":"Benchmarks/Study_SamplesSet/b1523f4fa53a0d4a093da369e2e796b2.sol"},{"line":658,"column":20,"severity":"Error","message":"\"throw\" is deprecated, avoid to use it","ruleId":"avoid-throw","filePath":"Benchmarks/Study_SamplesSet/b1523f4fa53a0d4a093da369e2e796b2.sol"},{"line":659,"column":23,"severity":"Error","message":"\"throw\" is deprecated, avoid to use it","ruleId":"avoid-throw","filePath":"Benchmarks/Study_SamplesSet/b1523f4fa53a0d4a093da369e2e796b2.sol"},{"line":660,"column":8,"severity":"Error","message":"Avoid making time-based decisions in your business logic","ruleId":"not-rely-on-time","fix":null,"filePath":"Benchmarks/Study_SamplesSet/b1523f4fa53a0d4a093da369e2e796b2.sol"},{"line":661,"column":7,"severity":"Error","message":"\"throw\" is deprecated, avoid to use it","ruleId":"avoid-throw","filePath":"Benchmarks/Study_SamplesSet/b1523f4fa53a0d4a093da369e2e796b2.sol"},{"line":664,"column":7,"severity":"Error","message":"\"throw\" is deprecated, avoid to use it","ruleId":"avoid-throw","filePath":"Benchmarks/Study_SamplesSet/b1523f4fa53a0d4a093da369e2e796b2.sol"},{"line":667,"column":42,"severity":"Error","message":"\"throw\" is deprecated, avoid to use it","ruleId":"avoid-throw","filePath":"Benchmarks/Study_SamplesSet/b1523f4fa53a0d4a093da369e2e796b2.sol"},{"line":668,"column":5,"severity":"Warning","message":"Rule is set with explicit type [var/s: uint]","ruleId":"explicit-types","filePath":"Benchmarks/Study_SamplesSet/b1523f4fa53a0d4a093da369e2e796b2.sol"},{"line":676,"column":42,"severity":"Error","message":"\"throw\" is deprecated, avoid to use it","ruleId":"avoid-throw","filePath":"Benchmarks/Study_SamplesSet/b1523f4fa53a0d4a093da369e2e796b2.sol"},{"line":680,"column":5,"severity":"Error","message":"Explicitly mark all external contracts as trusted or untrusted","ruleId":"mark-callable-contracts","filePath":"Benchmarks/Study_SamplesSet/b1523f4fa53a0d4a093da369e2e796b2.sol"},{"line":687,"column":3,"severity":"Error","message":"Explicitly mark visibility in function","ruleId":"func-visibility","fix":null,"filePath":"Benchmarks/Study_SamplesSet/b1523f4fa53a0d4a093da369e2e796b2.sol"},{"line":691,"column":7,"severity":"Error","message":"\"throw\" is deprecated, avoid to use it","ruleId":"avoid-throw","filePath":"Benchmarks/Study_SamplesSet/b1523f4fa53a0d4a093da369e2e796b2.sol"},{"line":704,"column":7,"severity":"Error","message":"\"throw\" is deprecated, avoid to use it","ruleId":"avoid-throw","filePath":"Benchmarks/Study_SamplesSet/b1523f4fa53a0d4a093da369e2e796b2.sol"},{"line":714,"column":24,"severity":"Error","message":"\"throw\" is deprecated, avoid to use it","ruleId":"avoid-throw","filePath":"Benchmarks/Study_SamplesSet/b1523f4fa53a0d4a093da369e2e796b2.sol"},{"line":725,"column":24,"severity":"Error","message":"\"throw\" is deprecated, avoid to use it","ruleId":"avoid-throw","filePath":"Benchmarks/Study_SamplesSet/b1523f4fa53a0d4a093da369e2e796b2.sol"},{"line":728,"column":5,"severity":"Error","message":"Explicitly mark all external contracts as trusted or untrusted","ruleId":"mark-callable-contracts","filePath":"Benchmarks/Study_SamplesSet/b1523f4fa53a0d4a093da369e2e796b2.sol"},{"line":729,"column":37,"severity":"Error","message":"\"throw\" is deprecated, avoid to use it","ruleId":"avoid-throw","filePath":"Benchmarks/Study_SamplesSet/b1523f4fa53a0d4a093da369e2e796b2.sol"},{"line":759,"column":14,"severity":"Error","message":"Avoid making time-based decisions in your business logic","ruleId":"not-rely-on-time","fix":null,"filePath":"Benchmarks/Study_SamplesSet/b1523f4fa53a0d4a093da369e2e796b2.sol"},{"line":760,"column":14,"severity":"Error","message":"Avoid making time-based decisions in your business logic","ruleId":"not-rely-on-time","fix":null,"filePath":"Benchmarks/Study_SamplesSet/b1523f4fa53a0d4a093da369e2e796b2.sol"},{"line":766,"column":3,"severity":"Error","message":"Explicitly mark visibility in function","ruleId":"func-visibility","fix":null,"filePath":"Benchmarks/Study_SamplesSet/b1523f4fa53a0d4a093da369e2e796b2.sol"},{"line":766,"column":30,"severity":"Warning","message":"Rule is set with explicit type [var/s: uint]","ruleId":"explicit-types","filePath":"Benchmarks/Study_SamplesSet/b1523f4fa53a0d4a093da369e2e796b2.sol"},{"line":778,"column":29,"severity":"Error","message":"\"throw\" is deprecated, avoid to use it","ruleId":"avoid-throw","filePath":"Benchmarks/Study_SamplesSet/b1523f4fa53a0d4a093da369e2e796b2.sol"},{"line":799,"column":3,"severity":"Error","message":"Explicitly mark visibility in function","ruleId":"func-visibility","fix":null,"filePath":"Benchmarks/Study_SamplesSet/b1523f4fa53a0d4a093da369e2e796b2.sol"},{"line":799,"column":26,"severity":"Warning","message":"Rule is set with explicit type [var/s: uint]","ruleId":"explicit-types","filePath":"Benchmarks/Study_SamplesSet/b1523f4fa53a0d4a093da369e2e796b2.sol"},{"line":799,"column":42,"severity":"Warning","message":"Rule is set with explicit type [var/s: uint]","ruleId":"explicit-types","filePath":"Benchmarks/Study_SamplesSet/b1523f4fa53a0d4a093da369e2e796b2.sol"},{"line":799,"column":60,"severity":"Warning","message":"Rule is set with explicit type [var/s: uint]","ruleId":"explicit-types","filePath":"Benchmarks/Study_SamplesSet/b1523f4fa53a0d4a093da369e2e796b2.sol"},{"line":799,"column":81,"severity":"Warning","message":"Rule is set with explicit type [var/s: uint]","ruleId":"explicit-types","filePath":"Benchmarks/Study_SamplesSet/b1523f4fa53a0d4a093da369e2e796b2.sol"},{"line":800,"column":3,"severity":"Error","message":"Explicitly mark visibility in function","ruleId":"func-visibility","fix":null,"filePath":"Benchmarks/Study_SamplesSet/b1523f4fa53a0d4a093da369e2e796b2.sol"},{"line":800,"column":52,"severity":"Warning","message":"Rule is set with explicit type [var/s: uint]","ruleId":"explicit-types","filePath":"Benchmarks/Study_SamplesSet/b1523f4fa53a0d4a093da369e2e796b2.sol"},{"line":808,"column":43,"severity":"Warning","message":"Rule is set with explicit type [var/s: uint]","ruleId":"explicit-types","filePath":"Benchmarks/Study_SamplesSet/b1523f4fa53a0d4a093da369e2e796b2.sol"},{"line":828,"column":34,"severity":"Warning","message":"Rule is set with explicit type [var/s: uint]","ruleId":"explicit-types","filePath":"Benchmarks/Study_SamplesSet/b1523f4fa53a0d4a093da369e2e796b2.sol"},{"line":830,"column":3,"severity":"Error","message":"Explicitly mark visibility of state","ruleId":"state-visibility","fix":null,"filePath":"Benchmarks/Study_SamplesSet/b1523f4fa53a0d4a093da369e2e796b2.sol"},{"line":830,"column":3,"severity":"Warning","message":"Rule is set with explicit type [var/s: uint]","ruleId":"explicit-types","filePath":"Benchmarks/Study_SamplesSet/b1523f4fa53a0d4a093da369e2e796b2.sol"},{"line":832,"column":3,"severity":"Error","message":"Explicitly mark visibility of state","ruleId":"state-visibility","fix":null,"filePath":"Benchmarks/Study_SamplesSet/b1523f4fa53a0d4a093da369e2e796b2.sol"},{"line":832,"column":3,"severity":"Warning","message":"Rule is set with explicit type [var/s: uint]","ruleId":"explicit-types","filePath":"Benchmarks/Study_SamplesSet/b1523f4fa53a0d4a093da369e2e796b2.sol"},{"line":837,"column":3,"severity":"Error","message":"Explicitly mark visibility in function","ruleId":"func-visibility","fix":null,"filePath":"Benchmarks/Study_SamplesSet/b1523f4fa53a0d4a093da369e2e796b2.sol"},{"line":837,"column":34,"severity":"Warning","message":"Rule is set with explicit type [var/s: uint]","ruleId":"explicit-types","filePath":"Benchmarks/Study_SamplesSet/b1523f4fa53a0d4a093da369e2e796b2.sol"},{"line":840,"column":5,"severity":"Error","message":"Explicitly mark all external contracts as trusted or untrusted","ruleId":"mark-callable-contracts","filePath":"Benchmarks/Study_SamplesSet/b1523f4fa53a0d4a093da369e2e796b2.sol"},{"line":843,"column":3,"severity":"Error","message":"Explicitly mark visibility in function","ruleId":"func-visibility","fix":null,"filePath":"Benchmarks/Study_SamplesSet/b1523f4fa53a0d4a093da369e2e796b2.sol"},{"line":843,"column":53,"severity":"Warning","message":"Rule is set with explicit type [var/s: uint]","ruleId":"explicit-types","filePath":"Benchmarks/Study_SamplesSet/b1523f4fa53a0d4a093da369e2e796b2.sol"},{"line":844,"column":5,"severity":"Warning","message":"Rule is set with explicit type [var/s: uint]","ruleId":"explicit-types","filePath":"Benchmarks/Study_SamplesSet/b1523f4fa53a0d4a093da369e2e796b2.sol"},{"line":848,"column":5,"severity":"Error","message":"Explicitly mark all external contracts as trusted or untrusted","ruleId":"mark-callable-contracts","filePath":"Benchmarks/Study_SamplesSet/b1523f4fa53a0d4a093da369e2e796b2.sol"},{"line":851,"column":3,"severity":"Error","message":"Explicitly mark visibility in function","ruleId":"func-visibility","fix":null,"filePath":"Benchmarks/Study_SamplesSet/b1523f4fa53a0d4a093da369e2e796b2.sol"},{"line":851,"column":56,"severity":"Warning","message":"Rule is set with explicit type [var/s: uint]","ruleId":"explicit-types","filePath":"Benchmarks/Study_SamplesSet/b1523f4fa53a0d4a093da369e2e796b2.sol"},{"line":854,"column":3,"severity":"Error","message":"Explicitly mark visibility in function","ruleId":"func-visibility","fix":null,"filePath":"Benchmarks/Study_SamplesSet/b1523f4fa53a0d4a093da369e2e796b2.sol"},{"line":854,"column":38,"severity":"Warning","message":"Rule is set with explicit type [var/s: uint]","ruleId":"explicit-types","filePath":"Benchmarks/Study_SamplesSet/b1523f4fa53a0d4a093da369e2e796b2.sol"},{"line":859,"column":64,"severity":"Error","message":"\"throw\" is deprecated, avoid to use it","ruleId":"avoid-throw","filePath":"Benchmarks/Study_SamplesSet/b1523f4fa53a0d4a093da369e2e796b2.sol"},{"line":861,"column":5,"severity":"Error","message":"Explicitly mark all external contracts as trusted or untrusted","ruleId":"mark-callable-contracts","filePath":"Benchmarks/Study_SamplesSet/b1523f4fa53a0d4a093da369e2e796b2.sol"},{"line":864,"column":3,"severity":"Error","message":"Explicitly mark visibility in function","ruleId":"func-visibility","fix":null,"filePath":"Benchmarks/Study_SamplesSet/b1523f4fa53a0d4a093da369e2e796b2.sol"},{"line":864,"column":74,"severity":"Warning","message":"Rule is set with explicit type [var/s: uint]","ruleId":"explicit-types","filePath":"Benchmarks/Study_SamplesSet/b1523f4fa53a0d4a093da369e2e796b2.sol"},{"line":882,"column":5,"severity":"Warning","message":"Rule is set with explicit type [var/s: uint]","ruleId":"explicit-types","filePath":"Benchmarks/Study_SamplesSet/b1523f4fa53a0d4a093da369e2e796b2.sol"},{"line":883,"column":5,"severity":"Warning","message":"Rule is set with explicit type [var/s: uint]","ruleId":"explicit-types","filePath":"Benchmarks/Study_SamplesSet/b1523f4fa53a0d4a093da369e2e796b2.sol"},{"line":887,"column":3,"severity":"Warning","message":"Rule is set with explicit type [var/s: uint]","ruleId":"explicit-types","filePath":"Benchmarks/Study_SamplesSet/b1523f4fa53a0d4a093da369e2e796b2.sol"},{"line":888,"column":3,"severity":"Error","message":"Explicitly mark visibility in function","ruleId":"func-visibility","fix":null,"filePath":"Benchmarks/Study_SamplesSet/b1523f4fa53a0d4a093da369e2e796b2.sol"},{"line":888,"column":48,"severity":"Warning","message":"Rule is set with explicit type [var/s: uint]","ruleId":"explicit-types","filePath":"Benchmarks/Study_SamplesSet/b1523f4fa53a0d4a093da369e2e796b2.sol"},{"line":888,"column":63,"severity":"Warning","message":"Rule is set with explicit type [var/s: uint]","ruleId":"explicit-types","filePath":"Benchmarks/Study_SamplesSet/b1523f4fa53a0d4a093da369e2e796b2.sol"},{"line":891,"column":32,"severity":"Error","message":"Explicitly mark all external contracts as trusted or untrusted","ruleId":"mark-callable-contracts","filePath":"Benchmarks/Study_SamplesSet/b1523f4fa53a0d4a093da369e2e796b2.sol"},{"line":893,"column":3,"severity":"Error","message":"Explicitly mark visibility in function","ruleId":"func-visibility","fix":null,"filePath":"Benchmarks/Study_SamplesSet/b1523f4fa53a0d4a093da369e2e796b2.sol"},{"line":893,"column":77,"severity":"Warning","message":"Rule is set with explicit type [var/s: uint]","ruleId":"explicit-types","filePath":"Benchmarks/Study_SamplesSet/b1523f4fa53a0d4a093da369e2e796b2.sol"},{"line":896,"column":3,"severity":"Error","message":"Explicitly mark visibility in function","ruleId":"func-visibility","fix":null,"filePath":"Benchmarks/Study_SamplesSet/b1523f4fa53a0d4a093da369e2e796b2.sol"},{"line":896,"column":81,"severity":"Warning","message":"Rule is set with explicit type [var/s: uint]","ruleId":"explicit-types","filePath":"Benchmarks/Study_SamplesSet/b1523f4fa53a0d4a093da369e2e796b2.sol"},{"line":899,"column":3,"severity":"Error","message":"Explicitly mark visibility in function","ruleId":"func-visibility","fix":null,"filePath":"Benchmarks/Study_SamplesSet/b1523f4fa53a0d4a093da369e2e796b2.sol"},{"line":899,"column":59,"severity":"Warning","message":"Rule is set with explicit type [var/s: uint]","ruleId":"explicit-types","filePath":"Benchmarks/Study_SamplesSet/b1523f4fa53a0d4a093da369e2e796b2.sol"},{"line":899,"column":76,"severity":"Warning","message":"Rule is set with explicit type [var/s: uint]","ruleId":"explicit-types","filePath":"Benchmarks/Study_SamplesSet/b1523f4fa53a0d4a093da369e2e796b2.sol"},{"line":900,"column":10,"severity":"Warning","message":"Rule is set with explicit type [var/s: uint]","ruleId":"explicit-types","filePath":"Benchmarks/Study_SamplesSet/b1523f4fa53a0d4a093da369e2e796b2.sol"},{"line":909,"column":70,"severity":"Warning","message":"Visibility modifier must be first in list of modifiers","ruleId":"visibility-modifier-order","fix":null,"filePath":"Benchmarks/Study_SamplesSet/b1523f4fa53a0d4a093da369e2e796b2.sol"},{"line":909,"column":35,"severity":"Warning","message":"Rule is set with explicit type [var/s: uint]","ruleId":"explicit-types","filePath":"Benchmarks/Study_SamplesSet/b1523f4fa53a0d4a093da369e2e796b2.sol"},{"line":914,"column":5,"severity":"Error","message":"Explicitly mark all external contracts as trusted or untrusted","ruleId":"mark-callable-contracts","filePath":"Benchmarks/Study_SamplesSet/b1523f4fa53a0d4a093da369e2e796b2.sol"},{"line":919,"column":69,"severity":"Warning","message":"Visibility modifier must be first in list of modifiers","ruleId":"visibility-modifier-order","fix":null,"filePath":"Benchmarks/Study_SamplesSet/b1523f4fa53a0d4a093da369e2e796b2.sol"},{"line":921,"column":5,"severity":"Error","message":"Explicitly mark all external contracts as trusted or untrusted","ruleId":"mark-callable-contracts","filePath":"Benchmarks/Study_SamplesSet/b1523f4fa53a0d4a093da369e2e796b2.sol"},{"line":926,"column":9,"severity":"Error","message":"\"throw\" is deprecated, avoid to use it","ruleId":"avoid-throw","filePath":"Benchmarks/Study_SamplesSet/b1523f4fa53a0d4a093da369e2e796b2.sol"},{"line":932,"column":25,"severity":"Error","message":"\"throw\" is deprecated, avoid to use it","ruleId":"avoid-throw","filePath":"Benchmarks/Study_SamplesSet/b1523f4fa53a0d4a093da369e2e796b2.sol"},{"line":945,"column":3,"severity":"Warning","message":"Rule is set with explicit type [var/s: uint]","ruleId":"explicit-types","filePath":"Benchmarks/Study_SamplesSet/b1523f4fa53a0d4a093da369e2e796b2.sol"},{"line":946,"column":3,"severity":"Error","message":"Explicitly mark visibility in function (Set ignoreConstructors to true if using solidity >=0.7.0)","ruleId":"func-visibility","fix":null,"filePath":"Benchmarks/Study_SamplesSet/b1523f4fa53a0d4a093da369e2e796b2.sol"},{"line":946,"column":117,"severity":"Warning","message":"Rule is set with explicit type [var/s: uint]","ruleId":"explicit-types","filePath":"Benchmarks/Study_SamplesSet/b1523f4fa53a0d4a093da369e2e796b2.sol"},{"line":946,"column":130,"severity":"Warning","message":"Rule is set with explicit type [var/s: uint]","ruleId":"explicit-types","filePath":"Benchmarks/Study_SamplesSet/b1523f4fa53a0d4a093da369e2e796b2.sol"},{"line":946,"column":141,"severity":"Warning","message":"Rule is set with explicit type [var/s: uint]","ruleId":"explicit-types","filePath":"Benchmarks/Study_SamplesSet/b1523f4fa53a0d4a093da369e2e796b2.sol"},{"line":946,"column":167,"severity":"Warning","message":"Rule is set with explicit type [var/s: uint]","ruleId":"explicit-types","filePath":"Benchmarks/Study_SamplesSet/b1523f4fa53a0d4a093da369e2e796b2.sol"},{"line":950,"column":38,"severity":"Warning","message":"Rule is set with explicit type [var/s: uint]","ruleId":"explicit-types","filePath":"Benchmarks/Study_SamplesSet/b1523f4fa53a0d4a093da369e2e796b2.sol"},{"line":954,"column":3,"severity":"Error","message":"Explicitly mark visibility in function","ruleId":"func-visibility","fix":null,"filePath":"Benchmarks/Study_SamplesSet/b1523f4fa53a0d4a093da369e2e796b2.sol"},{"line":954,"column":26,"severity":"Warning","message":"Rule is set with explicit type [var/s: uint]","ruleId":"explicit-types","filePath":"Benchmarks/Study_SamplesSet/b1523f4fa53a0d4a093da369e2e796b2.sol"},{"line":954,"column":42,"severity":"Warning","message":"Rule is set with explicit type [var/s: uint]","ruleId":"explicit-types","filePath":"Benchmarks/Study_SamplesSet/b1523f4fa53a0d4a093da369e2e796b2.sol"},{"line":954,"column":60,"severity":"Warning","message":"Rule is set with explicit type [var/s: uint]","ruleId":"explicit-types","filePath":"Benchmarks/Study_SamplesSet/b1523f4fa53a0d4a093da369e2e796b2.sol"},{"line":954,"column":81,"severity":"Warning","message":"Rule is set with explicit type [var/s: uint]","ruleId":"explicit-types","filePath":"Benchmarks/Study_SamplesSet/b1523f4fa53a0d4a093da369e2e796b2.sol"},{"line":954,"column":26,"severity":"Warning","message":"Variable \"weiAmount\" is unused","ruleId":"no-unused-vars","fix":null,"filePath":"Benchmarks/Study_SamplesSet/b1523f4fa53a0d4a093da369e2e796b2.sol"},{"line":954,"column":42,"severity":"Warning","message":"Variable \"tokenAmount\" is unused","ruleId":"no-unused-vars","fix":null,"filePath":"Benchmarks/Study_SamplesSet/b1523f4fa53a0d4a093da369e2e796b2.sol"},{"line":954,"column":60,"severity":"Warning","message":"Variable \"weiRaisedTotal\" is unused","ruleId":"no-unused-vars","fix":null,"filePath":"Benchmarks/Study_SamplesSet/b1523f4fa53a0d4a093da369e2e796b2.sol"},{"line":957,"column":3,"severity":"Error","message":"Explicitly mark visibility in function","ruleId":"func-visibility","fix":null,"filePath":"Benchmarks/Study_SamplesSet/b1523f4fa53a0d4a093da369e2e796b2.sol"},{"line":957,"column":48,"severity":"Warning","message":"Rule is set with explicit type [var/s: uint]","ruleId":"explicit-types","filePath":"Benchmarks/Study_SamplesSet/b1523f4fa53a0d4a093da369e2e796b2.sol"},{"line":958,"column":25,"severity":"Error","message":"\"throw\" is deprecated, avoid to use it","ruleId":"avoid-throw","filePath":"Benchmarks/Study_SamplesSet/b1523f4fa53a0d4a093da369e2e796b2.sol"},{"line":959,"column":5,"severity":"Warning","message":"Rule is set with explicit type [var/s: uint]","ruleId":"explicit-types","filePath":"Benchmarks/Study_SamplesSet/b1523f4fa53a0d4a093da369e2e796b2.sol"},{"line":968,"column":43,"severity":"Warning","message":"Rule is set with explicit type [var/s: uint]","ruleId":"explicit-types","filePath":"Benchmarks/Study_SamplesSet/b1523f4fa53a0d4a093da369e2e796b2.sol"},{"line":972,"column":3,"severity":"Error","message":"Explicitly mark visibility in function","ruleId":"func-visibility","fix":null,"filePath":"Benchmarks/Study_SamplesSet/b1523f4fa53a0d4a093da369e2e796b2.sol"},{"line":972,"column":37,"severity":"Warning","message":"Rule is set with explicit type [var/s: uint]","ruleId":"explicit-types","filePath":"Benchmarks/Study_SamplesSet/b1523f4fa53a0d4a093da369e2e796b2.sol"},{"line":973,"column":20,"severity":"Error","message":"\"throw\" is deprecated, avoid to use it","ruleId":"avoid-throw","filePath":"Benchmarks/Study_SamplesSet/b1523f4fa53a0d4a093da369e2e796b2.sol"},{"line":974,"column":23,"severity":"Error","message":"\"throw\" is deprecated, avoid to use it","ruleId":"avoid-throw","filePath":"Benchmarks/Study_SamplesSet/b1523f4fa53a0d4a093da369e2e796b2.sol"},{"line":976,"column":42,"severity":"Error","message":"\"throw\" is deprecated, avoid to use it","ruleId":"avoid-throw","filePath":"Benchmarks/Study_SamplesSet/b1523f4fa53a0d4a093da369e2e796b2.sol"},{"line":978,"column":5,"severity":"Error","message":"Explicitly mark all external contracts as trusted or untrusted","ruleId":"mark-callable-contracts","filePath":"Benchmarks/Study_SamplesSet/b1523f4fa53a0d4a093da369e2e796b2.sol"},{"conclusion":"252 problem/s (118 error/s, 134 warning/s)"}]
