[{"line":1,"column":1,"severity":"Warning","message":"Found more than One contract per file. 2 contracts found!","ruleId":"one-contract-per-file","fix":null,"filePath":"Benchmarks/Study_SamplesSet/b1a122f7e0f55faa95ffffc716a4ea7a.sol"},{"line":1,"column":1,"severity":"Error","message":"Compiler version ^0.4.18 does not satisfy the ^0.8.0 semver requirement","ruleId":"compiler-version","fix":null,"filePath":"Benchmarks/Study_SamplesSet/b1a122f7e0f55faa95ffffc716a4ea7a.sol"},{"line":25,"column":34,"severity":"Warning","message":"Code contains empty blocks","ruleId":"no-empty-blocks","fix":null,"filePath":"Benchmarks/Study_SamplesSet/b1a122f7e0f55faa95ffffc716a4ea7a.sol"},{"line":31,"column":9,"severity":"Warning","message":"Provide an error message for require","ruleId":"reason-string","fix":null,"filePath":"Benchmarks/Study_SamplesSet/b1a122f7e0f55faa95ffffc716a4ea7a.sol"},{"line":31,"column":9,"severity":"Warning","message":"Use Custom Errors instead of require statements","ruleId":"custom-errors","fix":null,"filePath":"Benchmarks/Study_SamplesSet/b1a122f7e0f55faa95ffffc716a4ea7a.sol"},{"line":36,"column":9,"severity":"Warning","message":"Provide an error message for require","ruleId":"reason-string","fix":null,"filePath":"Benchmarks/Study_SamplesSet/b1a122f7e0f55faa95ffffc716a4ea7a.sol"},{"line":36,"column":9,"severity":"Warning","message":"Use Custom Errors instead of require statements","ruleId":"custom-errors","fix":null,"filePath":"Benchmarks/Study_SamplesSet/b1a122f7e0f55faa95ffffc716a4ea7a.sol"},{"line":57,"column":9,"severity":"Warning","message":"Provide an error message for require","ruleId":"reason-string","fix":null,"filePath":"Benchmarks/Study_SamplesSet/b1a122f7e0f55faa95ffffc716a4ea7a.sol"},{"line":57,"column":9,"severity":"Warning","message":"Use Custom Errors instead of require statements","ruleId":"custom-errors","fix":null,"filePath":"Benchmarks/Study_SamplesSet/b1a122f7e0f55faa95ffffc716a4ea7a.sol"},{"line":71,"column":5,"severity":"Warning","message":"Rule is set with explicit type [var/s: uint]","ruleId":"explicit-types","filePath":"Benchmarks/Study_SamplesSet/b1a122f7e0f55faa95ffffc716a4ea7a.sol"},{"line":73,"column":44,"severity":"Warning","message":"Rule is set with explicit type [var/s: uint]","ruleId":"explicit-types","filePath":"Benchmarks/Study_SamplesSet/b1a122f7e0f55faa95ffffc716a4ea7a.sol"},{"line":78,"column":105,"severity":"Warning","message":"Rule is set with explicit type [var/s: uint]","ruleId":"explicit-types","filePath":"Benchmarks/Study_SamplesSet/b1a122f7e0f55faa95ffffc716a4ea7a.sol"},{"line":78,"column":122,"severity":"Warning","message":"Rule is set with explicit type [var/s: uint]","ruleId":"explicit-types","filePath":"Benchmarks/Study_SamplesSet/b1a122f7e0f55faa95ffffc716a4ea7a.sol"},{"line":85,"column":9,"severity":"Warning","message":"Provide an error message for require","ruleId":"reason-string","fix":null,"filePath":"Benchmarks/Study_SamplesSet/b1a122f7e0f55faa95ffffc716a4ea7a.sol"},{"line":85,"column":9,"severity":"Warning","message":"Use Custom Errors instead of require statements","ruleId":"custom-errors","fix":null,"filePath":"Benchmarks/Study_SamplesSet/b1a122f7e0f55faa95ffffc716a4ea7a.sol"},{"line":86,"column":9,"severity":"Warning","message":"Provide an error message for require","ruleId":"reason-string","fix":null,"filePath":"Benchmarks/Study_SamplesSet/b1a122f7e0f55faa95ffffc716a4ea7a.sol"},{"line":86,"column":9,"severity":"Warning","message":"Use Custom Errors instead of require statements","ruleId":"custom-errors","fix":null,"filePath":"Benchmarks/Study_SamplesSet/b1a122f7e0f55faa95ffffc716a4ea7a.sol"},{"line":89,"column":13,"severity":"Warning","message":"Rule is set with explicit type [var/s: uint]","ruleId":"explicit-types","filePath":"Benchmarks/Study_SamplesSet/b1a122f7e0f55faa95ffffc716a4ea7a.sol"},{"line":98,"column":60,"severity":"Error","message":"Avoid making time-based decisions in your business logic","ruleId":"not-rely-on-time","fix":null,"filePath":"Benchmarks/Study_SamplesSet/b1a122f7e0f55faa95ffffc716a4ea7a.sol"},{"line":108,"column":9,"severity":"Warning","message":"Provide an error message for require","ruleId":"reason-string","fix":null,"filePath":"Benchmarks/Study_SamplesSet/b1a122f7e0f55faa95ffffc716a4ea7a.sol"},{"line":108,"column":9,"severity":"Warning","message":"Use Custom Errors instead of require statements","ruleId":"custom-errors","fix":null,"filePath":"Benchmarks/Study_SamplesSet/b1a122f7e0f55faa95ffffc716a4ea7a.sol"},{"line":109,"column":9,"severity":"Warning","message":"Provide an error message for require","ruleId":"reason-string","fix":null,"filePath":"Benchmarks/Study_SamplesSet/b1a122f7e0f55faa95ffffc716a4ea7a.sol"},{"line":109,"column":9,"severity":"Warning","message":"Use Custom Errors instead of require statements","ruleId":"custom-errors","fix":null,"filePath":"Benchmarks/Study_SamplesSet/b1a122f7e0f55faa95ffffc716a4ea7a.sol"},{"line":110,"column":9,"severity":"Warning","message":"Provide an error message for require","ruleId":"reason-string","fix":null,"filePath":"Benchmarks/Study_SamplesSet/b1a122f7e0f55faa95ffffc716a4ea7a.sol"},{"line":110,"column":9,"severity":"Warning","message":"Use Custom Errors instead of require statements","ruleId":"custom-errors","fix":null,"filePath":"Benchmarks/Study_SamplesSet/b1a122f7e0f55faa95ffffc716a4ea7a.sol"},{"line":113,"column":13,"severity":"Warning","message":"Rule is set with explicit type [var/s: uint]","ruleId":"explicit-types","filePath":"Benchmarks/Study_SamplesSet/b1a122f7e0f55faa95ffffc716a4ea7a.sol"},{"line":123,"column":59,"severity":"Error","message":"Avoid making time-based decisions in your business logic","ruleId":"not-rely-on-time","fix":null,"filePath":"Benchmarks/Study_SamplesSet/b1a122f7e0f55faa95ffffc716a4ea7a.sol"},{"line":130,"column":9,"severity":"Warning","message":"Rule is set with explicit type [var/s: uint]","ruleId":"explicit-types","filePath":"Benchmarks/Study_SamplesSet/b1a122f7e0f55faa95ffffc716a4ea7a.sol"},{"line":132,"column":9,"severity":"Warning","message":"Rule is set with explicit type [var/s: uint]","ruleId":"explicit-types","filePath":"Benchmarks/Study_SamplesSet/b1a122f7e0f55faa95ffffc716a4ea7a.sol"},{"line":134,"column":9,"severity":"Warning","message":"Rule is set with explicit type [var/s: uint]","ruleId":"explicit-types","filePath":"Benchmarks/Study_SamplesSet/b1a122f7e0f55faa95ffffc716a4ea7a.sol"},{"line":139,"column":14,"severity":"Warning","message":"Rule is set with explicit type [var/s: uint]","ruleId":"explicit-types","filePath":"Benchmarks/Study_SamplesSet/b1a122f7e0f55faa95ffffc716a4ea7a.sol"},{"line":147,"column":29,"severity":"Error","message":"Avoid making time-based decisions in your business logic","ruleId":"not-rely-on-time","fix":null,"filePath":"Benchmarks/Study_SamplesSet/b1a122f7e0f55faa95ffffc716a4ea7a.sol"},{"line":147,"column":34,"severity":"Error","message":"Do not rely on \"block.blockhash\". Miners can influence its value.","ruleId":"not-rely-on-block-hash","fix":null,"filePath":"Benchmarks/Study_SamplesSet/b1a122f7e0f55faa95ffffc716a4ea7a.sol"},{"conclusion":"33 problem/s (5 error/s, 28 warning/s)"}]
