[{"line":1,"column":1,"severity":"Error","message":"Compiler version 0.6.2 does not satisfy the ^0.8.0 semver requirement","ruleId":"compiler-version","fix":null,"filePath":"Benchmarks/Study_SamplesSet/b1d70f620b671dabb6f941c9c9fcecb1.sol"},{"line":9,"column":1,"severity":"Warning","message":"Contract, Structs and Enums should be in CamelCase","ruleId":"contract-name-camelcase","filePath":"Benchmarks/Study_SamplesSet/b1d70f620b671dabb6f941c9c9fcecb1.sol"},{"line":15,"column":9,"severity":"Warning","message":"Provide an error message for require","ruleId":"reason-string","fix":null,"filePath":"Benchmarks/Study_SamplesSet/b1d70f620b671dabb6f941c9c9fcecb1.sol"},{"line":15,"column":9,"severity":"Warning","message":"Use Custom Errors instead of require statements","ruleId":"custom-errors","fix":null,"filePath":"Benchmarks/Study_SamplesSet/b1d70f620b671dabb6f941c9c9fcecb1.sol"},{"line":20,"column":24,"severity":"Error","message":"Avoid making time-based decisions in your business logic","ruleId":"not-rely-on-time","fix":null,"filePath":"Benchmarks/Study_SamplesSet/b1d70f620b671dabb6f941c9c9fcecb1.sol"},{"line":20,"column":9,"severity":"Warning","message":"Variable \"time\" is unused","ruleId":"no-unused-vars","fix":null,"filePath":"Benchmarks/Study_SamplesSet/b1d70f620b671dabb6f941c9c9fcecb1.sol"},{"line":21,"column":9,"severity":"Warning","message":"Provide an error message for require","ruleId":"reason-string","fix":null,"filePath":"Benchmarks/Study_SamplesSet/b1d70f620b671dabb6f941c9c9fcecb1.sol"},{"line":21,"column":9,"severity":"Warning","message":"Use Custom Errors instead of require statements","ruleId":"custom-errors","fix":null,"filePath":"Benchmarks/Study_SamplesSet/b1d70f620b671dabb6f941c9c9fcecb1.sol"},{"conclusion":"8 problem/s (2 error/s, 6 warning/s)"}]
