[{"line":1,"column":1,"severity":"Error","message":"Compiler version ^0.4.6 does not satisfy the ^0.8.0 semver requirement","ruleId":"compiler-version","fix":null,"filePath":"Benchmarks/Study_SamplesSet/b59abac003c7fbf806d57f7172e2424d.sol"},{"line":27,"column":2,"severity":"Warning","message":"Rule is set with explicit type [var/s: uint]","ruleId":"explicit-types","filePath":"Benchmarks/Study_SamplesSet/b59abac003c7fbf806d57f7172e2424d.sol"},{"line":28,"column":2,"severity":"Warning","message":"Rule is set with explicit type [var/s: uint]","ruleId":"explicit-types","filePath":"Benchmarks/Study_SamplesSet/b59abac003c7fbf806d57f7172e2424d.sol"},{"line":29,"column":2,"severity":"Warning","message":"Rule is set with explicit type [var/s: uint]","ruleId":"explicit-types","filePath":"Benchmarks/Study_SamplesSet/b59abac003c7fbf806d57f7172e2424d.sol"},{"line":34,"column":5,"severity":"Warning","message":"Rule is set with explicit type [var/s: uint]","ruleId":"explicit-types","filePath":"Benchmarks/Study_SamplesSet/b59abac003c7fbf806d57f7172e2424d.sol"},{"line":35,"column":5,"severity":"Warning","message":"Rule is set with explicit type [var/s: uint]","ruleId":"explicit-types","filePath":"Benchmarks/Study_SamplesSet/b59abac003c7fbf806d57f7172e2424d.sol"},{"line":36,"column":5,"severity":"Warning","message":"Rule is set with explicit type [var/s: uint]","ruleId":"explicit-types","filePath":"Benchmarks/Study_SamplesSet/b59abac003c7fbf806d57f7172e2424d.sol"},{"line":43,"column":5,"severity":"Warning","message":"Rule is set with explicit type [var/s: uint]","ruleId":"explicit-types","filePath":"Benchmarks/Study_SamplesSet/b59abac003c7fbf806d57f7172e2424d.sol"},{"line":43,"column":5,"severity":"Warning","message":"Variable name must be in mixedCase","ruleId":"var-name-mixedcase","fix":null,"filePath":"Benchmarks/Study_SamplesSet/b59abac003c7fbf806d57f7172e2424d.sol"},{"line":44,"column":2,"severity":"Warning","message":"Rule is set with explicit type [var/s: uint]","ruleId":"explicit-types","filePath":"Benchmarks/Study_SamplesSet/b59abac003c7fbf806d57f7172e2424d.sol"},{"line":46,"column":5,"severity":"Warning","message":"Rule is set with explicit type [var/s: uint]","ruleId":"explicit-types","filePath":"Benchmarks/Study_SamplesSet/b59abac003c7fbf806d57f7172e2424d.sol"},{"line":47,"column":5,"severity":"Warning","message":"Rule is set with explicit type [var/s: uint]","ruleId":"explicit-types","filePath":"Benchmarks/Study_SamplesSet/b59abac003c7fbf806d57f7172e2424d.sol"},{"line":48,"column":5,"severity":"Warning","message":"Rule is set with explicit type [var/s: uint]","ruleId":"explicit-types","filePath":"Benchmarks/Study_SamplesSet/b59abac003c7fbf806d57f7172e2424d.sol"},{"line":52,"column":5,"severity":"Error","message":"Explicitly mark visibility in function (Set ignoreConstructors to true if using solidity >=0.7.0)","ruleId":"func-visibility","fix":null,"filePath":"Benchmarks/Study_SamplesSet/b59abac003c7fbf806d57f7172e2424d.sol"},{"line":59,"column":5,"severity":"Error","message":"Explicitly mark visibility in function","ruleId":"func-visibility","fix":null,"filePath":"Benchmarks/Study_SamplesSet/b59abac003c7fbf806d57f7172e2424d.sol"},{"line":59,"column":5,"severity":"Error","message":"Fallback function must be simple","ruleId":"no-complex-fallback","fix":null,"filePath":"Benchmarks/Study_SamplesSet/b59abac003c7fbf806d57f7172e2424d.sol"},{"line":70,"column":13,"severity":"Error","message":"\"throw\" is deprecated, avoid to use it","ruleId":"avoid-throw","filePath":"Benchmarks/Study_SamplesSet/b59abac003c7fbf806d57f7172e2424d.sol"},{"line":89,"column":44,"severity":"Error","message":"\"throw\" is deprecated, avoid to use it","ruleId":"avoid-throw","filePath":"Benchmarks/Study_SamplesSet/b59abac003c7fbf806d57f7172e2424d.sol"},{"line":108,"column":9,"severity":"Warning","message":"Variable name must be in mixedCase","ruleId":"var-name-mixedcase","fix":null,"filePath":"Benchmarks/Study_SamplesSet/b59abac003c7fbf806d57f7172e2424d.sol"},{"line":112,"column":49,"severity":"Error","message":"\"throw\" is deprecated, avoid to use it","ruleId":"avoid-throw","filePath":"Benchmarks/Study_SamplesSet/b59abac003c7fbf806d57f7172e2424d.sol"},{"line":120,"column":11,"severity":"Warning","message":"Variable name must be in mixedCase","ruleId":"var-name-mixedcase","fix":null,"filePath":"Benchmarks/Study_SamplesSet/b59abac003c7fbf806d57f7172e2424d.sol"},{"line":121,"column":51,"severity":"Error","message":"\"throw\" is deprecated, avoid to use it","ruleId":"avoid-throw","filePath":"Benchmarks/Study_SamplesSet/b59abac003c7fbf806d57f7172e2424d.sol"},{"line":123,"column":11,"severity":"Warning","message":"Variable name must be in mixedCase","ruleId":"var-name-mixedcase","fix":null,"filePath":"Benchmarks/Study_SamplesSet/b59abac003c7fbf806d57f7172e2424d.sol"},{"line":124,"column":11,"severity":"Error","message":"Possible reentrancy vulnerabilities. Avoid state changes after transfer.","ruleId":"reentrancy","fix":null,"filePath":"Benchmarks/Study_SamplesSet/b59abac003c7fbf806d57f7172e2424d.sol"},{"line":125,"column":11,"severity":"Error","message":"Possible reentrancy vulnerabilities. Avoid state changes after transfer.","ruleId":"reentrancy","fix":null,"filePath":"Benchmarks/Study_SamplesSet/b59abac003c7fbf806d57f7172e2424d.sol"},{"line":128,"column":11,"severity":"Error","message":"Possible reentrancy vulnerabilities. Avoid state changes after transfer.","ruleId":"reentrancy","fix":null,"filePath":"Benchmarks/Study_SamplesSet/b59abac003c7fbf806d57f7172e2424d.sol"},{"line":129,"column":11,"severity":"Error","message":"Possible reentrancy vulnerabilities. Avoid state changes after transfer.","ruleId":"reentrancy","fix":null,"filePath":"Benchmarks/Study_SamplesSet/b59abac003c7fbf806d57f7172e2424d.sol"},{"line":154,"column":38,"severity":"Error","message":"\"throw\" is deprecated, avoid to use it","ruleId":"avoid-throw","filePath":"Benchmarks/Study_SamplesSet/b59abac003c7fbf806d57f7172e2424d.sol"},{"line":169,"column":5,"severity":"Error","message":"\"throw\" is deprecated, avoid to use it","ruleId":"avoid-throw","filePath":"Benchmarks/Study_SamplesSet/b59abac003c7fbf806d57f7172e2424d.sol"},{"line":176,"column":32,"severity":"Error","message":"\"throw\" is deprecated, avoid to use it","ruleId":"avoid-throw","filePath":"Benchmarks/Study_SamplesSet/b59abac003c7fbf806d57f7172e2424d.sol"},{"line":183,"column":40,"severity":"Error","message":"\"throw\" is deprecated, avoid to use it","ruleId":"avoid-throw","filePath":"Benchmarks/Study_SamplesSet/b59abac003c7fbf806d57f7172e2424d.sol"},{"line":190,"column":46,"severity":"Error","message":"\"throw\" is deprecated, avoid to use it","ruleId":"avoid-throw","filePath":"Benchmarks/Study_SamplesSet/b59abac003c7fbf806d57f7172e2424d.sol"},{"line":198,"column":21,"severity":"Error","message":"\"throw\" is deprecated, avoid to use it","ruleId":"avoid-throw","filePath":"Benchmarks/Study_SamplesSet/b59abac003c7fbf806d57f7172e2424d.sol"},{"conclusion":"33 problem/s (18 error/s, 15 warning/s)"}]
