[{"line":1,"column":1,"severity":"Warning","message":"Found more than One contract per file. 8 contracts found!","ruleId":"one-contract-per-file","fix":null,"filePath":"Benchmarks/Study_SamplesSet/b5abbc2c1ab28d77460a6fb3bc032137.sol"},{"line":1,"column":1,"severity":"Error","message":"Compiler version ^0.4.18 does not satisfy the ^0.8.0 semver requirement","ruleId":"compiler-version","fix":null,"filePath":"Benchmarks/Study_SamplesSet/b5abbc2c1ab28d77460a6fb3bc032137.sol"},{"line":8,"column":45,"severity":"Warning","message":"Visibility modifier must be first in list of modifiers","ruleId":"visibility-modifier-order","fix":null,"filePath":"Benchmarks/Study_SamplesSet/b5abbc2c1ab28d77460a6fb3bc032137.sol"},{"line":14,"column":45,"severity":"Warning","message":"Visibility modifier must be first in list of modifiers","ruleId":"visibility-modifier-order","fix":null,"filePath":"Benchmarks/Study_SamplesSet/b5abbc2c1ab28d77460a6fb3bc032137.sol"},{"line":20,"column":45,"severity":"Warning","message":"Visibility modifier must be first in list of modifiers","ruleId":"visibility-modifier-order","fix":null,"filePath":"Benchmarks/Study_SamplesSet/b5abbc2c1ab28d77460a6fb3bc032137.sol"},{"line":50,"column":5,"severity":"Warning","message":"Provide an error message for require","ruleId":"reason-string","fix":null,"filePath":"Benchmarks/Study_SamplesSet/b5abbc2c1ab28d77460a6fb3bc032137.sol"},{"line":50,"column":5,"severity":"Warning","message":"Use Custom Errors instead of require statements","ruleId":"custom-errors","fix":null,"filePath":"Benchmarks/Study_SamplesSet/b5abbc2c1ab28d77460a6fb3bc032137.sol"},{"line":67,"column":5,"severity":"Warning","message":"Provide an error message for require","ruleId":"reason-string","fix":null,"filePath":"Benchmarks/Study_SamplesSet/b5abbc2c1ab28d77460a6fb3bc032137.sol"},{"line":67,"column":5,"severity":"Warning","message":"Use Custom Errors instead of require statements","ruleId":"custom-errors","fix":null,"filePath":"Benchmarks/Study_SamplesSet/b5abbc2c1ab28d77460a6fb3bc032137.sol"},{"line":72,"column":5,"severity":"Warning","message":"Provide an error message for require","ruleId":"reason-string","fix":null,"filePath":"Benchmarks/Study_SamplesSet/b5abbc2c1ab28d77460a6fb3bc032137.sol"},{"line":72,"column":5,"severity":"Warning","message":"Use Custom Errors instead of require statements","ruleId":"custom-errors","fix":null,"filePath":"Benchmarks/Study_SamplesSet/b5abbc2c1ab28d77460a6fb3bc032137.sol"},{"line":121,"column":3,"severity":"Error","message":"Explicitly mark visibility of state","ruleId":"state-visibility","fix":null,"filePath":"Benchmarks/Study_SamplesSet/b5abbc2c1ab28d77460a6fb3bc032137.sol"},{"line":131,"column":5,"severity":"Error","message":"Explicitly mark all external contracts as trusted or untrusted","ruleId":"mark-callable-contracts","filePath":"Benchmarks/Study_SamplesSet/b5abbc2c1ab28d77460a6fb3bc032137.sol"},{"line":155,"column":3,"severity":"Error","message":"Explicitly mark visibility of state","ruleId":"state-visibility","fix":null,"filePath":"Benchmarks/Study_SamplesSet/b5abbc2c1ab28d77460a6fb3bc032137.sol"},{"line":173,"column":5,"severity":"Error","message":"Explicitly mark all external contracts as trusted or untrusted","ruleId":"mark-callable-contracts","filePath":"Benchmarks/Study_SamplesSet/b5abbc2c1ab28d77460a6fb3bc032137.sol"},{"line":188,"column":5,"severity":"Warning","message":"Provide an error message for require","ruleId":"reason-string","fix":null,"filePath":"Benchmarks/Study_SamplesSet/b5abbc2c1ab28d77460a6fb3bc032137.sol"},{"line":188,"column":5,"severity":"Warning","message":"Use Custom Errors instead of require statements","ruleId":"custom-errors","fix":null,"filePath":"Benchmarks/Study_SamplesSet/b5abbc2c1ab28d77460a6fb3bc032137.sol"},{"line":191,"column":5,"severity":"Error","message":"Explicitly mark all external contracts as trusted or untrusted","ruleId":"mark-callable-contracts","filePath":"Benchmarks/Study_SamplesSet/b5abbc2c1ab28d77460a6fb3bc032137.sol"},{"line":211,"column":1,"severity":"Warning","message":"Contract has 26 states declarations but allowed no more than 15","ruleId":"max-states-count","fix":null,"filePath":"Benchmarks/Study_SamplesSet/b5abbc2c1ab28d77460a6fb3bc032137.sol"},{"line":218,"column":5,"severity":"Warning","message":"Rule is set with explicit type [var/s: uint]","ruleId":"explicit-types","filePath":"Benchmarks/Study_SamplesSet/b5abbc2c1ab28d77460a6fb3bc032137.sol"},{"line":219,"column":5,"severity":"Warning","message":"Rule is set with explicit type [var/s: uint]","ruleId":"explicit-types","filePath":"Benchmarks/Study_SamplesSet/b5abbc2c1ab28d77460a6fb3bc032137.sol"},{"line":221,"column":5,"severity":"Warning","message":"Rule is set with explicit type [var/s: uint]","ruleId":"explicit-types","filePath":"Benchmarks/Study_SamplesSet/b5abbc2c1ab28d77460a6fb3bc032137.sol"},{"line":222,"column":5,"severity":"Warning","message":"Rule is set with explicit type [var/s: uint]","ruleId":"explicit-types","filePath":"Benchmarks/Study_SamplesSet/b5abbc2c1ab28d77460a6fb3bc032137.sol"},{"line":223,"column":5,"severity":"Warning","message":"Rule is set with explicit type [var/s: uint]","ruleId":"explicit-types","filePath":"Benchmarks/Study_SamplesSet/b5abbc2c1ab28d77460a6fb3bc032137.sol"},{"line":224,"column":5,"severity":"Warning","message":"Rule is set with explicit type [var/s: uint]","ruleId":"explicit-types","filePath":"Benchmarks/Study_SamplesSet/b5abbc2c1ab28d77460a6fb3bc032137.sol"},{"line":225,"column":5,"severity":"Warning","message":"Rule is set with explicit type [var/s: uint]","ruleId":"explicit-types","filePath":"Benchmarks/Study_SamplesSet/b5abbc2c1ab28d77460a6fb3bc032137.sol"},{"line":236,"column":44,"severity":"Warning","message":"Rule is set with explicit type [var/s: uint]","ruleId":"explicit-types","filePath":"Benchmarks/Study_SamplesSet/b5abbc2c1ab28d77460a6fb3bc032137.sol"},{"line":237,"column":40,"severity":"Warning","message":"Rule is set with explicit type [var/s: uint]","ruleId":"explicit-types","filePath":"Benchmarks/Study_SamplesSet/b5abbc2c1ab28d77460a6fb3bc032137.sol"},{"line":238,"column":56,"severity":"Warning","message":"Rule is set with explicit type [var/s: uint]","ruleId":"explicit-types","filePath":"Benchmarks/Study_SamplesSet/b5abbc2c1ab28d77460a6fb3bc032137.sol"},{"line":239,"column":42,"severity":"Warning","message":"Rule is set with explicit type [var/s: uint]","ruleId":"explicit-types","filePath":"Benchmarks/Study_SamplesSet/b5abbc2c1ab28d77460a6fb3bc032137.sol"},{"line":242,"column":5,"severity":"Warning","message":"Rule is set with explicit type [var/s: uint]","ruleId":"explicit-types","filePath":"Benchmarks/Study_SamplesSet/b5abbc2c1ab28d77460a6fb3bc032137.sol"},{"line":244,"column":5,"severity":"Warning","message":"Rule is set with explicit type [var/s: uint]","ruleId":"explicit-types","filePath":"Benchmarks/Study_SamplesSet/b5abbc2c1ab28d77460a6fb3bc032137.sol"},{"line":247,"column":5,"severity":"Warning","message":"Rule is set with explicit type [var/s: uint]","ruleId":"explicit-types","filePath":"Benchmarks/Study_SamplesSet/b5abbc2c1ab28d77460a6fb3bc032137.sol"},{"line":247,"column":5,"severity":"Warning","message":"Constant name must be in capitalized SNAKE_CASE","ruleId":"const-name-snakecase","fix":null,"filePath":"Benchmarks/Study_SamplesSet/b5abbc2c1ab28d77460a6fb3bc032137.sol"},{"line":248,"column":5,"severity":"Warning","message":"Rule is set with explicit type [var/s: uint]","ruleId":"explicit-types","filePath":"Benchmarks/Study_SamplesSet/b5abbc2c1ab28d77460a6fb3bc032137.sol"},{"line":250,"column":5,"severity":"Warning","message":"Rule is set with explicit type [var/s: uint]","ruleId":"explicit-types","filePath":"Benchmarks/Study_SamplesSet/b5abbc2c1ab28d77460a6fb3bc032137.sol"},{"line":251,"column":5,"severity":"Warning","message":"Rule is set with explicit type [var/s: uint]","ruleId":"explicit-types","filePath":"Benchmarks/Study_SamplesSet/b5abbc2c1ab28d77460a6fb3bc032137.sol"},{"line":253,"column":5,"severity":"Warning","message":"Rule is set with explicit type [var/s: uint]","ruleId":"explicit-types","filePath":"Benchmarks/Study_SamplesSet/b5abbc2c1ab28d77460a6fb3bc032137.sol"},{"line":254,"column":5,"severity":"Warning","message":"Rule is set with explicit type [var/s: uint]","ruleId":"explicit-types","filePath":"Benchmarks/Study_SamplesSet/b5abbc2c1ab28d77460a6fb3bc032137.sol"},{"line":255,"column":5,"severity":"Warning","message":"Rule is set with explicit type [var/s: uint]","ruleId":"explicit-types","filePath":"Benchmarks/Study_SamplesSet/b5abbc2c1ab28d77460a6fb3bc032137.sol"},{"line":265,"column":29,"severity":"Error","message":"Explicitly mark all external contracts as trusted or untrusted","ruleId":"mark-callable-contracts","filePath":"Benchmarks/Study_SamplesSet/b5abbc2c1ab28d77460a6fb3bc032137.sol"},{"line":266,"column":23,"severity":"Error","message":"Explicitly mark all external contracts as trusted or untrusted","ruleId":"mark-callable-contracts","filePath":"Benchmarks/Study_SamplesSet/b5abbc2c1ab28d77460a6fb3bc032137.sol"},{"line":273,"column":9,"severity":"Warning","message":"Provide an error message for require","ruleId":"reason-string","fix":null,"filePath":"Benchmarks/Study_SamplesSet/b5abbc2c1ab28d77460a6fb3bc032137.sol"},{"line":273,"column":9,"severity":"Warning","message":"Use Custom Errors instead of require statements","ruleId":"custom-errors","fix":null,"filePath":"Benchmarks/Study_SamplesSet/b5abbc2c1ab28d77460a6fb3bc032137.sol"},{"line":273,"column":18,"severity":"Error","message":"Avoid making time-based decisions in your business logic","ruleId":"not-rely-on-time","fix":null,"filePath":"Benchmarks/Study_SamplesSet/b5abbc2c1ab28d77460a6fb3bc032137.sol"},{"line":278,"column":9,"severity":"Warning","message":"Provide an error message for require","ruleId":"reason-string","fix":null,"filePath":"Benchmarks/Study_SamplesSet/b5abbc2c1ab28d77460a6fb3bc032137.sol"},{"line":278,"column":9,"severity":"Warning","message":"Use Custom Errors instead of require statements","ruleId":"custom-errors","fix":null,"filePath":"Benchmarks/Study_SamplesSet/b5abbc2c1ab28d77460a6fb3bc032137.sol"},{"line":278,"column":18,"severity":"Error","message":"Avoid making time-based decisions in your business logic","ruleId":"not-rely-on-time","fix":null,"filePath":"Benchmarks/Study_SamplesSet/b5abbc2c1ab28d77460a6fb3bc032137.sol"},{"line":289,"column":70,"severity":"Warning","message":"Visibility modifier must be first in list of modifiers","ruleId":"visibility-modifier-order","fix":null,"filePath":"Benchmarks/Study_SamplesSet/b5abbc2c1ab28d77460a6fb3bc032137.sol"},{"line":289,"column":5,"severity":"Error","message":"Fallback function must be simple","ruleId":"no-complex-fallback","fix":null,"filePath":"Benchmarks/Study_SamplesSet/b5abbc2c1ab28d77460a6fb3bc032137.sol"},{"line":291,"column":9,"severity":"Warning","message":"Provide an error message for require","ruleId":"reason-string","fix":null,"filePath":"Benchmarks/Study_SamplesSet/b5abbc2c1ab28d77460a6fb3bc032137.sol"},{"line":291,"column":9,"severity":"Warning","message":"Use Custom Errors instead of require statements","ruleId":"custom-errors","fix":null,"filePath":"Benchmarks/Study_SamplesSet/b5abbc2c1ab28d77460a6fb3bc032137.sol"},{"line":292,"column":9,"severity":"Warning","message":"Provide an error message for require","ruleId":"reason-string","fix":null,"filePath":"Benchmarks/Study_SamplesSet/b5abbc2c1ab28d77460a6fb3bc032137.sol"},{"line":292,"column":9,"severity":"Warning","message":"Use Custom Errors instead of require statements","ruleId":"custom-errors","fix":null,"filePath":"Benchmarks/Study_SamplesSet/b5abbc2c1ab28d77460a6fb3bc032137.sol"},{"line":293,"column":9,"severity":"Warning","message":"Provide an error message for require","ruleId":"reason-string","fix":null,"filePath":"Benchmarks/Study_SamplesSet/b5abbc2c1ab28d77460a6fb3bc032137.sol"},{"line":293,"column":9,"severity":"Warning","message":"Use Custom Errors instead of require statements","ruleId":"custom-errors","fix":null,"filePath":"Benchmarks/Study_SamplesSet/b5abbc2c1ab28d77460a6fb3bc032137.sol"},{"line":318,"column":14,"severity":"Warning","message":"Rule is set with explicit type [var/s: uint]","ruleId":"explicit-types","filePath":"Benchmarks/Study_SamplesSet/b5abbc2c1ab28d77460a6fb3bc032137.sol"},{"line":350,"column":9,"severity":"Warning","message":"Provide an error message for require","ruleId":"reason-string","fix":null,"filePath":"Benchmarks/Study_SamplesSet/b5abbc2c1ab28d77460a6fb3bc032137.sol"},{"line":350,"column":9,"severity":"Warning","message":"Use Custom Errors instead of require statements","ruleId":"custom-errors","fix":null,"filePath":"Benchmarks/Study_SamplesSet/b5abbc2c1ab28d77460a6fb3bc032137.sol"},{"line":352,"column":9,"severity":"Warning","message":"Rule is set with explicit type [var/s: uint]","ruleId":"explicit-types","filePath":"Benchmarks/Study_SamplesSet/b5abbc2c1ab28d77460a6fb3bc032137.sol"},{"line":364,"column":25,"severity":"Warning","message":"Rule is set with explicit type [var/s: uint]","ruleId":"explicit-types","filePath":"Benchmarks/Study_SamplesSet/b5abbc2c1ab28d77460a6fb3bc032137.sol"},{"line":366,"column":9,"severity":"Warning","message":"Provide an error message for require","ruleId":"reason-string","fix":null,"filePath":"Benchmarks/Study_SamplesSet/b5abbc2c1ab28d77460a6fb3bc032137.sol"},{"line":366,"column":9,"severity":"Warning","message":"Use Custom Errors instead of require statements","ruleId":"custom-errors","fix":null,"filePath":"Benchmarks/Study_SamplesSet/b5abbc2c1ab28d77460a6fb3bc032137.sol"},{"line":376,"column":9,"severity":"Warning","message":"Provide an error message for require","ruleId":"reason-string","fix":null,"filePath":"Benchmarks/Study_SamplesSet/b5abbc2c1ab28d77460a6fb3bc032137.sol"},{"line":376,"column":9,"severity":"Warning","message":"Use Custom Errors instead of require statements","ruleId":"custom-errors","fix":null,"filePath":"Benchmarks/Study_SamplesSet/b5abbc2c1ab28d77460a6fb3bc032137.sol"},{"line":377,"column":9,"severity":"Warning","message":"Provide an error message for require","ruleId":"reason-string","fix":null,"filePath":"Benchmarks/Study_SamplesSet/b5abbc2c1ab28d77460a6fb3bc032137.sol"},{"line":377,"column":9,"severity":"Warning","message":"Use Custom Errors instead of require statements","ruleId":"custom-errors","fix":null,"filePath":"Benchmarks/Study_SamplesSet/b5abbc2c1ab28d77460a6fb3bc032137.sol"},{"line":380,"column":9,"severity":"Error","message":"Possible reentrancy vulnerabilities. Avoid state changes after transfer.","ruleId":"reentrancy","fix":null,"filePath":"Benchmarks/Study_SamplesSet/b5abbc2c1ab28d77460a6fb3bc032137.sol"},{"line":390,"column":9,"severity":"Warning","message":"Provide an error message for require","ruleId":"reason-string","fix":null,"filePath":"Benchmarks/Study_SamplesSet/b5abbc2c1ab28d77460a6fb3bc032137.sol"},{"line":390,"column":9,"severity":"Warning","message":"Use Custom Errors instead of require statements","ruleId":"custom-errors","fix":null,"filePath":"Benchmarks/Study_SamplesSet/b5abbc2c1ab28d77460a6fb3bc032137.sol"},{"line":391,"column":9,"severity":"Warning","message":"Provide an error message for require","ruleId":"reason-string","fix":null,"filePath":"Benchmarks/Study_SamplesSet/b5abbc2c1ab28d77460a6fb3bc032137.sol"},{"line":391,"column":9,"severity":"Warning","message":"Use Custom Errors instead of require statements","ruleId":"custom-errors","fix":null,"filePath":"Benchmarks/Study_SamplesSet/b5abbc2c1ab28d77460a6fb3bc032137.sol"},{"line":392,"column":15,"severity":"Error","message":"Avoid making time-based decisions in your business logic","ruleId":"not-rely-on-time","fix":null,"filePath":"Benchmarks/Study_SamplesSet/b5abbc2c1ab28d77460a6fb3bc032137.sol"},{"line":393,"column":18,"severity":"Error","message":"Avoid making time-based decisions in your business logic","ruleId":"not-rely-on-time","fix":null,"filePath":"Benchmarks/Study_SamplesSet/b5abbc2c1ab28d77460a6fb3bc032137.sol"},{"line":394,"column":18,"severity":"Error","message":"Avoid making time-based decisions in your business logic","ruleId":"not-rely-on-time","fix":null,"filePath":"Benchmarks/Study_SamplesSet/b5abbc2c1ab28d77460a6fb3bc032137.sol"},{"line":400,"column":13,"severity":"Error","message":"Possible reentrancy vulnerabilities. Avoid state changes after transfer.","ruleId":"reentrancy","fix":null,"filePath":"Benchmarks/Study_SamplesSet/b5abbc2c1ab28d77460a6fb3bc032137.sol"},{"line":402,"column":13,"severity":"Error","message":"Possible reentrancy vulnerabilities. Avoid state changes after transfer.","ruleId":"reentrancy","fix":null,"filePath":"Benchmarks/Study_SamplesSet/b5abbc2c1ab28d77460a6fb3bc032137.sol"},{"line":404,"column":13,"severity":"Error","message":"Possible reentrancy vulnerabilities. Avoid state changes after transfer.","ruleId":"reentrancy","fix":null,"filePath":"Benchmarks/Study_SamplesSet/b5abbc2c1ab28d77460a6fb3bc032137.sol"},{"line":414,"column":68,"severity":"Warning","message":"Visibility modifier must be first in list of modifiers","ruleId":"visibility-modifier-order","fix":null,"filePath":"Benchmarks/Study_SamplesSet/b5abbc2c1ab28d77460a6fb3bc032137.sol"},{"line":416,"column":9,"severity":"Warning","message":"Rule is set with explicit type [var/s: uint]","ruleId":"explicit-types","filePath":"Benchmarks/Study_SamplesSet/b5abbc2c1ab28d77460a6fb3bc032137.sol"},{"line":417,"column":9,"severity":"Warning","message":"Provide an error message for require","ruleId":"reason-string","fix":null,"filePath":"Benchmarks/Study_SamplesSet/b5abbc2c1ab28d77460a6fb3bc032137.sol"},{"line":417,"column":9,"severity":"Warning","message":"Use Custom Errors instead of require statements","ruleId":"custom-errors","fix":null,"filePath":"Benchmarks/Study_SamplesSet/b5abbc2c1ab28d77460a6fb3bc032137.sol"},{"line":418,"column":9,"severity":"Warning","message":"Provide an error message for require","ruleId":"reason-string","fix":null,"filePath":"Benchmarks/Study_SamplesSet/b5abbc2c1ab28d77460a6fb3bc032137.sol"},{"line":418,"column":9,"severity":"Warning","message":"Use Custom Errors instead of require statements","ruleId":"custom-errors","fix":null,"filePath":"Benchmarks/Study_SamplesSet/b5abbc2c1ab28d77460a6fb3bc032137.sol"},{"line":419,"column":9,"severity":"Warning","message":"Rule is set with explicit type [var/s: uint]","ruleId":"explicit-types","filePath":"Benchmarks/Study_SamplesSet/b5abbc2c1ab28d77460a6fb3bc032137.sol"},{"line":434,"column":68,"severity":"Warning","message":"Rule is set with explicit type [var/s: uint]","ruleId":"explicit-types","filePath":"Benchmarks/Study_SamplesSet/b5abbc2c1ab28d77460a6fb3bc032137.sol"},{"line":436,"column":9,"severity":"Warning","message":"Provide an error message for require","ruleId":"reason-string","fix":null,"filePath":"Benchmarks/Study_SamplesSet/b5abbc2c1ab28d77460a6fb3bc032137.sol"},{"line":436,"column":9,"severity":"Warning","message":"Use Custom Errors instead of require statements","ruleId":"custom-errors","fix":null,"filePath":"Benchmarks/Study_SamplesSet/b5abbc2c1ab28d77460a6fb3bc032137.sol"},{"line":437,"column":9,"severity":"Warning","message":"Provide an error message for require","ruleId":"reason-string","fix":null,"filePath":"Benchmarks/Study_SamplesSet/b5abbc2c1ab28d77460a6fb3bc032137.sol"},{"line":437,"column":9,"severity":"Warning","message":"Use Custom Errors instead of require statements","ruleId":"custom-errors","fix":null,"filePath":"Benchmarks/Study_SamplesSet/b5abbc2c1ab28d77460a6fb3bc032137.sol"},{"line":439,"column":9,"severity":"Warning","message":"Rule is set with explicit type [var/s: uint]","ruleId":"explicit-types","filePath":"Benchmarks/Study_SamplesSet/b5abbc2c1ab28d77460a6fb3bc032137.sol"},{"line":453,"column":29,"severity":"Warning","message":"Rule is set with explicit type [var/s: uint]","ruleId":"explicit-types","filePath":"Benchmarks/Study_SamplesSet/b5abbc2c1ab28d77460a6fb3bc032137.sol"},{"line":453,"column":40,"severity":"Warning","message":"Rule is set with explicit type [var/s: uint]","ruleId":"explicit-types","filePath":"Benchmarks/Study_SamplesSet/b5abbc2c1ab28d77460a6fb3bc032137.sol"},{"line":453,"column":52,"severity":"Warning","message":"Rule is set with explicit type [var/s: uint]","ruleId":"explicit-types","filePath":"Benchmarks/Study_SamplesSet/b5abbc2c1ab28d77460a6fb3bc032137.sol"},{"line":453,"column":65,"severity":"Warning","message":"Rule is set with explicit type [var/s: uint]","ruleId":"explicit-types","filePath":"Benchmarks/Study_SamplesSet/b5abbc2c1ab28d77460a6fb3bc032137.sol"},{"line":455,"column":9,"severity":"Warning","message":"Provide an error message for require","ruleId":"reason-string","fix":null,"filePath":"Benchmarks/Study_SamplesSet/b5abbc2c1ab28d77460a6fb3bc032137.sol"},{"line":455,"column":9,"severity":"Warning","message":"Use Custom Errors instead of require statements","ruleId":"custom-errors","fix":null,"filePath":"Benchmarks/Study_SamplesSet/b5abbc2c1ab28d77460a6fb3bc032137.sol"},{"line":456,"column":9,"severity":"Warning","message":"Provide an error message for require","ruleId":"reason-string","fix":null,"filePath":"Benchmarks/Study_SamplesSet/b5abbc2c1ab28d77460a6fb3bc032137.sol"},{"line":456,"column":9,"severity":"Warning","message":"Use Custom Errors instead of require statements","ruleId":"custom-errors","fix":null,"filePath":"Benchmarks/Study_SamplesSet/b5abbc2c1ab28d77460a6fb3bc032137.sol"},{"line":471,"column":34,"severity":"Warning","message":"Rule is set with explicit type [var/s: uint]","ruleId":"explicit-types","filePath":"Benchmarks/Study_SamplesSet/b5abbc2c1ab28d77460a6fb3bc032137.sol"},{"line":483,"column":40,"severity":"Warning","message":"Rule is set with explicit type [var/s: uint]","ruleId":"explicit-types","filePath":"Benchmarks/Study_SamplesSet/b5abbc2c1ab28d77460a6fb3bc032137.sol"},{"line":497,"column":25,"severity":"Warning","message":"Variable name must be in mixedCase","ruleId":"var-name-mixedcase","fix":null,"filePath":"Benchmarks/Study_SamplesSet/b5abbc2c1ab28d77460a6fb3bc032137.sol"},{"line":497,"column":45,"severity":"Warning","message":"Rule is set with explicit type [var/s: uint]","ruleId":"explicit-types","filePath":"Benchmarks/Study_SamplesSet/b5abbc2c1ab28d77460a6fb3bc032137.sol"},{"line":497,"column":45,"severity":"Warning","message":"Variable name must be in mixedCase","ruleId":"var-name-mixedcase","fix":null,"filePath":"Benchmarks/Study_SamplesSet/b5abbc2c1ab28d77460a6fb3bc032137.sol"},{"line":501,"column":13,"severity":"Error","message":"Avoid making time-based decisions in your business logic","ruleId":"not-rely-on-time","fix":null,"filePath":"Benchmarks/Study_SamplesSet/b5abbc2c1ab28d77460a6fb3bc032137.sol"},{"line":503,"column":18,"severity":"Error","message":"Avoid making time-based decisions in your business logic","ruleId":"not-rely-on-time","fix":null,"filePath":"Benchmarks/Study_SamplesSet/b5abbc2c1ab28d77460a6fb3bc032137.sol"},{"line":507,"column":9,"severity":"Warning","message":"Rule is set with explicit type [var/s: uint]","ruleId":"explicit-types","filePath":"Benchmarks/Study_SamplesSet/b5abbc2c1ab28d77460a6fb3bc032137.sol"},{"line":516,"column":9,"severity":"Warning","message":"Rule is set with explicit type [var/s: uint]","ruleId":"explicit-types","filePath":"Benchmarks/Study_SamplesSet/b5abbc2c1ab28d77460a6fb3bc032137.sol"},{"line":520,"column":13,"severity":"Warning","message":"Rule is set with explicit type [var/s: uint]","ruleId":"explicit-types","filePath":"Benchmarks/Study_SamplesSet/b5abbc2c1ab28d77460a6fb3bc032137.sol"},{"line":521,"column":13,"severity":"Warning","message":"Rule is set with explicit type [var/s: uint]","ruleId":"explicit-types","filePath":"Benchmarks/Study_SamplesSet/b5abbc2c1ab28d77460a6fb3bc032137.sol"},{"line":525,"column":13,"severity":"Error","message":"Possible reentrancy vulnerabilities. Avoid state changes after transfer.","ruleId":"reentrancy","fix":null,"filePath":"Benchmarks/Study_SamplesSet/b5abbc2c1ab28d77460a6fb3bc032137.sol"},{"line":529,"column":13,"severity":"Error","message":"Possible reentrancy vulnerabilities. Avoid state changes after transfer.","ruleId":"reentrancy","fix":null,"filePath":"Benchmarks/Study_SamplesSet/b5abbc2c1ab28d77460a6fb3bc032137.sol"},{"line":530,"column":13,"severity":"Error","message":"Possible reentrancy vulnerabilities. Avoid state changes after transfer.","ruleId":"reentrancy","fix":null,"filePath":"Benchmarks/Study_SamplesSet/b5abbc2c1ab28d77460a6fb3bc032137.sol"},{"line":534,"column":9,"severity":"Error","message":"Explicitly mark all external contracts as trusted or untrusted","ruleId":"mark-callable-contracts","filePath":"Benchmarks/Study_SamplesSet/b5abbc2c1ab28d77460a6fb3bc032137.sol"},{"line":542,"column":30,"severity":"Warning","message":"Rule is set with explicit type [var/s: uint]","ruleId":"explicit-types","filePath":"Benchmarks/Study_SamplesSet/b5abbc2c1ab28d77460a6fb3bc032137.sol"},{"line":544,"column":9,"severity":"Warning","message":"Provide an error message for require","ruleId":"reason-string","fix":null,"filePath":"Benchmarks/Study_SamplesSet/b5abbc2c1ab28d77460a6fb3bc032137.sol"},{"line":544,"column":9,"severity":"Warning","message":"Use Custom Errors instead of require statements","ruleId":"custom-errors","fix":null,"filePath":"Benchmarks/Study_SamplesSet/b5abbc2c1ab28d77460a6fb3bc032137.sol"},{"line":546,"column":9,"severity":"Error","message":"Explicitly mark all external contracts as trusted or untrusted","ruleId":"mark-callable-contracts","filePath":"Benchmarks/Study_SamplesSet/b5abbc2c1ab28d77460a6fb3bc032137.sol"},{"line":557,"column":9,"severity":"Warning","message":"Rule is set with explicit type [var/s: uint]","ruleId":"explicit-types","filePath":"Benchmarks/Study_SamplesSet/b5abbc2c1ab28d77460a6fb3bc032137.sol"},{"line":568,"column":31,"severity":"Warning","message":"Rule is set with explicit type [var/s: uint]","ruleId":"explicit-types","filePath":"Benchmarks/Study_SamplesSet/b5abbc2c1ab28d77460a6fb3bc032137.sol"},{"line":570,"column":9,"severity":"Warning","message":"Provide an error message for require","ruleId":"reason-string","fix":null,"filePath":"Benchmarks/Study_SamplesSet/b5abbc2c1ab28d77460a6fb3bc032137.sol"},{"line":570,"column":9,"severity":"Warning","message":"Use Custom Errors instead of require statements","ruleId":"custom-errors","fix":null,"filePath":"Benchmarks/Study_SamplesSet/b5abbc2c1ab28d77460a6fb3bc032137.sol"},{"line":572,"column":9,"severity":"Error","message":"Possible reentrancy vulnerabilities. Avoid state changes after transfer.","ruleId":"reentrancy","fix":null,"filePath":"Benchmarks/Study_SamplesSet/b5abbc2c1ab28d77460a6fb3bc032137.sol"},{"line":573,"column":9,"severity":"Error","message":"Explicitly mark all external contracts as trusted or untrusted","ruleId":"mark-callable-contracts","filePath":"Benchmarks/Study_SamplesSet/b5abbc2c1ab28d77460a6fb3bc032137.sol"},{"line":585,"column":52,"severity":"Warning","message":"Rule is set with explicit type [var/s: uint]","ruleId":"explicit-types","filePath":"Benchmarks/Study_SamplesSet/b5abbc2c1ab28d77460a6fb3bc032137.sol"},{"line":587,"column":9,"severity":"Warning","message":"Provide an error message for require","ruleId":"reason-string","fix":null,"filePath":"Benchmarks/Study_SamplesSet/b5abbc2c1ab28d77460a6fb3bc032137.sol"},{"line":587,"column":9,"severity":"Warning","message":"Use Custom Errors instead of require statements","ruleId":"custom-errors","fix":null,"filePath":"Benchmarks/Study_SamplesSet/b5abbc2c1ab28d77460a6fb3bc032137.sol"},{"line":591,"column":9,"severity":"Error","message":"Explicitly mark all external contracts as trusted or untrusted","ruleId":"mark-callable-contracts","filePath":"Benchmarks/Study_SamplesSet/b5abbc2c1ab28d77460a6fb3bc032137.sol"},{"line":613,"column":9,"severity":"Warning","message":"Provide an error message for require","ruleId":"reason-string","fix":null,"filePath":"Benchmarks/Study_SamplesSet/b5abbc2c1ab28d77460a6fb3bc032137.sol"},{"line":613,"column":9,"severity":"Warning","message":"Use Custom Errors instead of require statements","ruleId":"custom-errors","fix":null,"filePath":"Benchmarks/Study_SamplesSet/b5abbc2c1ab28d77460a6fb3bc032137.sol"},{"conclusion":"130 problem/s (28 error/s, 102 warning/s)"}]
