[{"line":5,"column":1,"severity":"Error","message":"Compiler version >=0.5.0 <0.6.0 does not satisfy the ^0.8.0 semver requirement","ruleId":"compiler-version","fix":null,"filePath":"Benchmarks/Study_SamplesSet/b7ab48206bb0a06aeda50deceddbeeca.sol"},{"line":28,"column":1,"severity":"Warning","message":"Contract has 18 states declarations but allowed no more than 15","ruleId":"max-states-count","fix":null,"filePath":"Benchmarks/Study_SamplesSet/b7ab48206bb0a06aeda50deceddbeeca.sol"},{"line":29,"column":3,"severity":"Error","message":"Explicitly mark visibility of state","ruleId":"state-visibility","fix":null,"filePath":"Benchmarks/Study_SamplesSet/b7ab48206bb0a06aeda50deceddbeeca.sol"},{"line":29,"column":3,"severity":"Warning","message":"Rule is set with explicit type [var/s: uint]","ruleId":"explicit-types","filePath":"Benchmarks/Study_SamplesSet/b7ab48206bb0a06aeda50deceddbeeca.sol"},{"line":29,"column":3,"severity":"Warning","message":"Variable name must be in mixedCase","ruleId":"var-name-mixedcase","fix":null,"filePath":"Benchmarks/Study_SamplesSet/b7ab48206bb0a06aeda50deceddbeeca.sol"},{"line":31,"column":1,"severity":"Warning","message":"Function name must be in mixedCase","ruleId":"func-name-mixedcase","fix":null,"filePath":"Benchmarks/Study_SamplesSet/b7ab48206bb0a06aeda50deceddbeeca.sol"},{"line":31,"column":40,"severity":"Warning","message":"Rule is set with explicit type [var/s: uint]","ruleId":"explicit-types","filePath":"Benchmarks/Study_SamplesSet/b7ab48206bb0a06aeda50deceddbeeca.sol"},{"line":32,"column":5,"severity":"Warning","message":"Provide an error message for require","ruleId":"reason-string","fix":null,"filePath":"Benchmarks/Study_SamplesSet/b7ab48206bb0a06aeda50deceddbeeca.sol"},{"line":32,"column":5,"severity":"Warning","message":"Use Custom Errors instead of require statements","ruleId":"custom-errors","fix":null,"filePath":"Benchmarks/Study_SamplesSet/b7ab48206bb0a06aeda50deceddbeeca.sol"},{"line":38,"column":3,"severity":"Warning","message":"Function name must be in mixedCase","ruleId":"func-name-mixedcase","fix":null,"filePath":"Benchmarks/Study_SamplesSet/b7ab48206bb0a06aeda50deceddbeeca.sol"},{"line":38,"column":24,"severity":"Warning","message":"Variable name must be in mixedCase","ruleId":"var-name-mixedcase","fix":null,"filePath":"Benchmarks/Study_SamplesSet/b7ab48206bb0a06aeda50deceddbeeca.sol"},{"line":43,"column":3,"severity":"Warning","message":"Function name must be in mixedCase","ruleId":"func-name-mixedcase","fix":null,"filePath":"Benchmarks/Study_SamplesSet/b7ab48206bb0a06aeda50deceddbeeca.sol"},{"line":43,"column":24,"severity":"Warning","message":"Variable name must be in mixedCase","ruleId":"var-name-mixedcase","fix":null,"filePath":"Benchmarks/Study_SamplesSet/b7ab48206bb0a06aeda50deceddbeeca.sol"},{"line":49,"column":3,"severity":"Error","message":"Explicitly mark visibility of state","ruleId":"state-visibility","fix":null,"filePath":"Benchmarks/Study_SamplesSet/b7ab48206bb0a06aeda50deceddbeeca.sol"},{"line":49,"column":3,"severity":"Warning","message":"Rule is set with explicit type [var/s: uint]","ruleId":"explicit-types","filePath":"Benchmarks/Study_SamplesSet/b7ab48206bb0a06aeda50deceddbeeca.sol"},{"line":49,"column":3,"severity":"Warning","message":"Variable name must be in mixedCase","ruleId":"var-name-mixedcase","fix":null,"filePath":"Benchmarks/Study_SamplesSet/b7ab48206bb0a06aeda50deceddbeeca.sol"},{"line":51,"column":1,"severity":"Warning","message":"Function name must be in mixedCase","ruleId":"func-name-mixedcase","fix":null,"filePath":"Benchmarks/Study_SamplesSet/b7ab48206bb0a06aeda50deceddbeeca.sol"},{"line":51,"column":40,"severity":"Warning","message":"Rule is set with explicit type [var/s: uint]","ruleId":"explicit-types","filePath":"Benchmarks/Study_SamplesSet/b7ab48206bb0a06aeda50deceddbeeca.sol"},{"line":52,"column":5,"severity":"Warning","message":"Provide an error message for require","ruleId":"reason-string","fix":null,"filePath":"Benchmarks/Study_SamplesSet/b7ab48206bb0a06aeda50deceddbeeca.sol"},{"line":52,"column":5,"severity":"Warning","message":"Use Custom Errors instead of require statements","ruleId":"custom-errors","fix":null,"filePath":"Benchmarks/Study_SamplesSet/b7ab48206bb0a06aeda50deceddbeeca.sol"},{"line":57,"column":3,"severity":"Error","message":"Explicitly mark visibility of state","ruleId":"state-visibility","fix":null,"filePath":"Benchmarks/Study_SamplesSet/b7ab48206bb0a06aeda50deceddbeeca.sol"},{"line":58,"column":3,"severity":"Warning","message":"Function name must be in mixedCase","ruleId":"func-name-mixedcase","fix":null,"filePath":"Benchmarks/Study_SamplesSet/b7ab48206bb0a06aeda50deceddbeeca.sol"},{"line":58,"column":23,"severity":"Warning","message":"Variable name must be in mixedCase","ruleId":"var-name-mixedcase","fix":null,"filePath":"Benchmarks/Study_SamplesSet/b7ab48206bb0a06aeda50deceddbeeca.sol"},{"line":62,"column":3,"severity":"Error","message":"Explicitly mark visibility of state","ruleId":"state-visibility","fix":null,"filePath":"Benchmarks/Study_SamplesSet/b7ab48206bb0a06aeda50deceddbeeca.sol"},{"line":63,"column":3,"severity":"Warning","message":"Function name must be in mixedCase","ruleId":"func-name-mixedcase","fix":null,"filePath":"Benchmarks/Study_SamplesSet/b7ab48206bb0a06aeda50deceddbeeca.sol"},{"line":67,"column":3,"severity":"Error","message":"Explicitly mark visibility of state","ruleId":"state-visibility","fix":null,"filePath":"Benchmarks/Study_SamplesSet/b7ab48206bb0a06aeda50deceddbeeca.sol"},{"line":69,"column":3,"severity":"Warning","message":"Function name must be in mixedCase","ruleId":"func-name-mixedcase","fix":null,"filePath":"Benchmarks/Study_SamplesSet/b7ab48206bb0a06aeda50deceddbeeca.sol"},{"line":73,"column":3,"severity":"Error","message":"Explicitly mark visibility of state","ruleId":"state-visibility","fix":null,"filePath":"Benchmarks/Study_SamplesSet/b7ab48206bb0a06aeda50deceddbeeca.sol"},{"line":74,"column":3,"severity":"Error","message":"Explicitly mark visibility of state","ruleId":"state-visibility","fix":null,"filePath":"Benchmarks/Study_SamplesSet/b7ab48206bb0a06aeda50deceddbeeca.sol"},{"line":74,"column":3,"severity":"Warning","message":"Rule is set with explicit type [var/s: uint]","ruleId":"explicit-types","filePath":"Benchmarks/Study_SamplesSet/b7ab48206bb0a06aeda50deceddbeeca.sol"},{"line":74,"column":3,"severity":"Warning","message":"Variable name must be in mixedCase","ruleId":"var-name-mixedcase","fix":null,"filePath":"Benchmarks/Study_SamplesSet/b7ab48206bb0a06aeda50deceddbeeca.sol"},{"line":76,"column":1,"severity":"Warning","message":"Function name must be in mixedCase","ruleId":"func-name-mixedcase","fix":null,"filePath":"Benchmarks/Study_SamplesSet/b7ab48206bb0a06aeda50deceddbeeca.sol"},{"line":76,"column":40,"severity":"Warning","message":"Rule is set with explicit type [var/s: uint]","ruleId":"explicit-types","filePath":"Benchmarks/Study_SamplesSet/b7ab48206bb0a06aeda50deceddbeeca.sol"},{"line":77,"column":5,"severity":"Warning","message":"Provide an error message for require","ruleId":"reason-string","fix":null,"filePath":"Benchmarks/Study_SamplesSet/b7ab48206bb0a06aeda50deceddbeeca.sol"},{"line":77,"column":5,"severity":"Warning","message":"Use Custom Errors instead of require statements","ruleId":"custom-errors","fix":null,"filePath":"Benchmarks/Study_SamplesSet/b7ab48206bb0a06aeda50deceddbeeca.sol"},{"line":82,"column":3,"severity":"Error","message":"Explicitly mark visibility of state","ruleId":"state-visibility","fix":null,"filePath":"Benchmarks/Study_SamplesSet/b7ab48206bb0a06aeda50deceddbeeca.sol"},{"line":84,"column":3,"severity":"Error","message":"Explicitly mark visibility of state","ruleId":"state-visibility","fix":null,"filePath":"Benchmarks/Study_SamplesSet/b7ab48206bb0a06aeda50deceddbeeca.sol"},{"line":84,"column":3,"severity":"Warning","message":"Rule is set with explicit type [var/s: uint]","ruleId":"explicit-types","filePath":"Benchmarks/Study_SamplesSet/b7ab48206bb0a06aeda50deceddbeeca.sol"},{"line":84,"column":3,"severity":"Warning","message":"Variable name must be in mixedCase","ruleId":"var-name-mixedcase","fix":null,"filePath":"Benchmarks/Study_SamplesSet/b7ab48206bb0a06aeda50deceddbeeca.sol"},{"line":86,"column":1,"severity":"Warning","message":"Function name must be in mixedCase","ruleId":"func-name-mixedcase","fix":null,"filePath":"Benchmarks/Study_SamplesSet/b7ab48206bb0a06aeda50deceddbeeca.sol"},{"line":86,"column":40,"severity":"Warning","message":"Rule is set with explicit type [var/s: uint]","ruleId":"explicit-types","filePath":"Benchmarks/Study_SamplesSet/b7ab48206bb0a06aeda50deceddbeeca.sol"},{"line":87,"column":5,"severity":"Warning","message":"Provide an error message for require","ruleId":"reason-string","fix":null,"filePath":"Benchmarks/Study_SamplesSet/b7ab48206bb0a06aeda50deceddbeeca.sol"},{"line":87,"column":5,"severity":"Warning","message":"Use Custom Errors instead of require statements","ruleId":"custom-errors","fix":null,"filePath":"Benchmarks/Study_SamplesSet/b7ab48206bb0a06aeda50deceddbeeca.sol"},{"line":93,"column":3,"severity":"Warning","message":"Function name must be in mixedCase","ruleId":"func-name-mixedcase","fix":null,"filePath":"Benchmarks/Study_SamplesSet/b7ab48206bb0a06aeda50deceddbeeca.sol"},{"line":93,"column":23,"severity":"Warning","message":"Variable name must be in mixedCase","ruleId":"var-name-mixedcase","fix":null,"filePath":"Benchmarks/Study_SamplesSet/b7ab48206bb0a06aeda50deceddbeeca.sol"},{"line":98,"column":3,"severity":"Warning","message":"Function name must be in mixedCase","ruleId":"func-name-mixedcase","fix":null,"filePath":"Benchmarks/Study_SamplesSet/b7ab48206bb0a06aeda50deceddbeeca.sol"},{"line":103,"column":3,"severity":"Warning","message":"Function name must be in mixedCase","ruleId":"func-name-mixedcase","fix":null,"filePath":"Benchmarks/Study_SamplesSet/b7ab48206bb0a06aeda50deceddbeeca.sol"},{"line":103,"column":24,"severity":"Warning","message":"Variable name must be in mixedCase","ruleId":"var-name-mixedcase","fix":null,"filePath":"Benchmarks/Study_SamplesSet/b7ab48206bb0a06aeda50deceddbeeca.sol"},{"line":110,"column":9,"severity":"Warning","message":"Provide an error message for require","ruleId":"reason-string","fix":null,"filePath":"Benchmarks/Study_SamplesSet/b7ab48206bb0a06aeda50deceddbeeca.sol"},{"line":110,"column":9,"severity":"Warning","message":"Use Custom Errors instead of require statements","ruleId":"custom-errors","fix":null,"filePath":"Benchmarks/Study_SamplesSet/b7ab48206bb0a06aeda50deceddbeeca.sol"},{"line":125,"column":9,"severity":"Warning","message":"Provide an error message for require","ruleId":"reason-string","fix":null,"filePath":"Benchmarks/Study_SamplesSet/b7ab48206bb0a06aeda50deceddbeeca.sol"},{"line":125,"column":9,"severity":"Warning","message":"Use Custom Errors instead of require statements","ruleId":"custom-errors","fix":null,"filePath":"Benchmarks/Study_SamplesSet/b7ab48206bb0a06aeda50deceddbeeca.sol"},{"line":133,"column":9,"severity":"Warning","message":"Provide an error message for require","ruleId":"reason-string","fix":null,"filePath":"Benchmarks/Study_SamplesSet/b7ab48206bb0a06aeda50deceddbeeca.sol"},{"line":133,"column":9,"severity":"Warning","message":"Use Custom Errors instead of require statements","ruleId":"custom-errors","fix":null,"filePath":"Benchmarks/Study_SamplesSet/b7ab48206bb0a06aeda50deceddbeeca.sol"},{"line":135,"column":1,"severity":"Warning","message":"Function name must be in mixedCase","ruleId":"func-name-mixedcase","fix":null,"filePath":"Benchmarks/Study_SamplesSet/b7ab48206bb0a06aeda50deceddbeeca.sol"},{"line":140,"column":49,"severity":"Warning","message":"Rule is set with explicit type [var/s: uint]","ruleId":"explicit-types","filePath":"Benchmarks/Study_SamplesSet/b7ab48206bb0a06aeda50deceddbeeca.sol"},{"line":143,"column":1,"severity":"Warning","message":"Function name must be in mixedCase","ruleId":"func-name-mixedcase","fix":null,"filePath":"Benchmarks/Study_SamplesSet/b7ab48206bb0a06aeda50deceddbeeca.sol"},{"line":143,"column":22,"severity":"Warning","message":"Variable name must be in mixedCase","ruleId":"var-name-mixedcase","fix":null,"filePath":"Benchmarks/Study_SamplesSet/b7ab48206bb0a06aeda50deceddbeeca.sol"},{"line":151,"column":1,"severity":"Warning","message":"Rule is set with explicit type [var/s: uint]","ruleId":"explicit-types","filePath":"Benchmarks/Study_SamplesSet/b7ab48206bb0a06aeda50deceddbeeca.sol"},{"line":151,"column":1,"severity":"Warning","message":"Variable name must be in mixedCase","ruleId":"var-name-mixedcase","fix":null,"filePath":"Benchmarks/Study_SamplesSet/b7ab48206bb0a06aeda50deceddbeeca.sol"},{"line":153,"column":1,"severity":"Warning","message":"Function name must be in mixedCase","ruleId":"func-name-mixedcase","fix":null,"filePath":"Benchmarks/Study_SamplesSet/b7ab48206bb0a06aeda50deceddbeeca.sol"},{"line":153,"column":35,"severity":"Warning","message":"Rule is set with explicit type [var/s: uint]","ruleId":"explicit-types","filePath":"Benchmarks/Study_SamplesSet/b7ab48206bb0a06aeda50deceddbeeca.sol"},{"line":156,"column":1,"severity":"Warning","message":"Function name must be in mixedCase","ruleId":"func-name-mixedcase","fix":null,"filePath":"Benchmarks/Study_SamplesSet/b7ab48206bb0a06aeda50deceddbeeca.sol"},{"line":157,"column":9,"severity":"Warning","message":"Provide an error message for require","ruleId":"reason-string","fix":null,"filePath":"Benchmarks/Study_SamplesSet/b7ab48206bb0a06aeda50deceddbeeca.sol"},{"line":157,"column":9,"severity":"Warning","message":"Use Custom Errors instead of require statements","ruleId":"custom-errors","fix":null,"filePath":"Benchmarks/Study_SamplesSet/b7ab48206bb0a06aeda50deceddbeeca.sol"},{"line":157,"column":17,"severity":"Error","message":"Avoid making time-based decisions in your business logic","ruleId":"not-rely-on-time","fix":null,"filePath":"Benchmarks/Study_SamplesSet/b7ab48206bb0a06aeda50deceddbeeca.sol"},{"line":158,"column":9,"severity":"Warning","message":"Rule is set with explicit type [var/s: uint]","ruleId":"explicit-types","filePath":"Benchmarks/Study_SamplesSet/b7ab48206bb0a06aeda50deceddbeeca.sol"},{"line":158,"column":9,"severity":"Warning","message":"Variable name must be in mixedCase","ruleId":"var-name-mixedcase","fix":null,"filePath":"Benchmarks/Study_SamplesSet/b7ab48206bb0a06aeda50deceddbeeca.sol"},{"line":163,"column":9,"severity":"Warning","message":"Provide an error message for require","ruleId":"reason-string","fix":null,"filePath":"Benchmarks/Study_SamplesSet/b7ab48206bb0a06aeda50deceddbeeca.sol"},{"line":163,"column":9,"severity":"Warning","message":"Use Custom Errors instead of require statements","ruleId":"custom-errors","fix":null,"filePath":"Benchmarks/Study_SamplesSet/b7ab48206bb0a06aeda50deceddbeeca.sol"},{"line":164,"column":9,"severity":"Warning","message":"Provide an error message for require","ruleId":"reason-string","fix":null,"filePath":"Benchmarks/Study_SamplesSet/b7ab48206bb0a06aeda50deceddbeeca.sol"},{"line":164,"column":9,"severity":"Warning","message":"Use Custom Errors instead of require statements","ruleId":"custom-errors","fix":null,"filePath":"Benchmarks/Study_SamplesSet/b7ab48206bb0a06aeda50deceddbeeca.sol"},{"line":166,"column":9,"severity":"Warning","message":"Provide an error message for require","ruleId":"reason-string","fix":null,"filePath":"Benchmarks/Study_SamplesSet/b7ab48206bb0a06aeda50deceddbeeca.sol"},{"line":166,"column":9,"severity":"Warning","message":"Use Custom Errors instead of require statements","ruleId":"custom-errors","fix":null,"filePath":"Benchmarks/Study_SamplesSet/b7ab48206bb0a06aeda50deceddbeeca.sol"},{"line":167,"column":9,"severity":"Warning","message":"Provide an error message for require","ruleId":"reason-string","fix":null,"filePath":"Benchmarks/Study_SamplesSet/b7ab48206bb0a06aeda50deceddbeeca.sol"},{"line":167,"column":9,"severity":"Warning","message":"Use Custom Errors instead of require statements","ruleId":"custom-errors","fix":null,"filePath":"Benchmarks/Study_SamplesSet/b7ab48206bb0a06aeda50deceddbeeca.sol"},{"line":170,"column":13,"severity":"Warning","message":"Provide an error message for require","ruleId":"reason-string","fix":null,"filePath":"Benchmarks/Study_SamplesSet/b7ab48206bb0a06aeda50deceddbeeca.sol"},{"line":170,"column":13,"severity":"Warning","message":"Use Custom Errors instead of require statements","ruleId":"custom-errors","fix":null,"filePath":"Benchmarks/Study_SamplesSet/b7ab48206bb0a06aeda50deceddbeeca.sol"},{"line":170,"column":21,"severity":"Error","message":"Avoid making time-based decisions in your business logic","ruleId":"not-rely-on-time","fix":null,"filePath":"Benchmarks/Study_SamplesSet/b7ab48206bb0a06aeda50deceddbeeca.sol"},{"line":172,"column":17,"severity":"Warning","message":"Provide an error message for require","ruleId":"reason-string","fix":null,"filePath":"Benchmarks/Study_SamplesSet/b7ab48206bb0a06aeda50deceddbeeca.sol"},{"line":172,"column":17,"severity":"Warning","message":"Use Custom Errors instead of require statements","ruleId":"custom-errors","fix":null,"filePath":"Benchmarks/Study_SamplesSet/b7ab48206bb0a06aeda50deceddbeeca.sol"},{"line":172,"column":25,"severity":"Error","message":"Avoid making time-based decisions in your business logic","ruleId":"not-rely-on-time","fix":null,"filePath":"Benchmarks/Study_SamplesSet/b7ab48206bb0a06aeda50deceddbeeca.sol"},{"line":174,"column":17,"severity":"Warning","message":"Provide an error message for require","ruleId":"reason-string","fix":null,"filePath":"Benchmarks/Study_SamplesSet/b7ab48206bb0a06aeda50deceddbeeca.sol"},{"line":174,"column":17,"severity":"Warning","message":"Use Custom Errors instead of require statements","ruleId":"custom-errors","fix":null,"filePath":"Benchmarks/Study_SamplesSet/b7ab48206bb0a06aeda50deceddbeeca.sol"},{"line":174,"column":25,"severity":"Error","message":"Avoid making time-based decisions in your business logic","ruleId":"not-rely-on-time","fix":null,"filePath":"Benchmarks/Study_SamplesSet/b7ab48206bb0a06aeda50deceddbeeca.sol"},{"line":176,"column":17,"severity":"Warning","message":"Provide an error message for require","ruleId":"reason-string","fix":null,"filePath":"Benchmarks/Study_SamplesSet/b7ab48206bb0a06aeda50deceddbeeca.sol"},{"line":176,"column":17,"severity":"Warning","message":"Use Custom Errors instead of require statements","ruleId":"custom-errors","fix":null,"filePath":"Benchmarks/Study_SamplesSet/b7ab48206bb0a06aeda50deceddbeeca.sol"},{"line":176,"column":25,"severity":"Error","message":"Avoid making time-based decisions in your business logic","ruleId":"not-rely-on-time","fix":null,"filePath":"Benchmarks/Study_SamplesSet/b7ab48206bb0a06aeda50deceddbeeca.sol"},{"line":185,"column":1,"severity":"Warning","message":"Function name must be in mixedCase","ruleId":"func-name-mixedcase","fix":null,"filePath":"Benchmarks/Study_SamplesSet/b7ab48206bb0a06aeda50deceddbeeca.sol"},{"line":191,"column":9,"severity":"Warning","message":"Provide an error message for require","ruleId":"reason-string","fix":null,"filePath":"Benchmarks/Study_SamplesSet/b7ab48206bb0a06aeda50deceddbeeca.sol"},{"line":191,"column":9,"severity":"Warning","message":"Use Custom Errors instead of require statements","ruleId":"custom-errors","fix":null,"filePath":"Benchmarks/Study_SamplesSet/b7ab48206bb0a06aeda50deceddbeeca.sol"},{"line":192,"column":9,"severity":"Warning","message":"Provide an error message for require","ruleId":"reason-string","fix":null,"filePath":"Benchmarks/Study_SamplesSet/b7ab48206bb0a06aeda50deceddbeeca.sol"},{"line":192,"column":9,"severity":"Warning","message":"Use Custom Errors instead of require statements","ruleId":"custom-errors","fix":null,"filePath":"Benchmarks/Study_SamplesSet/b7ab48206bb0a06aeda50deceddbeeca.sol"},{"line":199,"column":1,"severity":"Warning","message":"Function name must be in mixedCase","ruleId":"func-name-mixedcase","fix":null,"filePath":"Benchmarks/Study_SamplesSet/b7ab48206bb0a06aeda50deceddbeeca.sol"},{"line":211,"column":1,"severity":"Warning","message":"Rule is set with explicit type [var/s: uint]","ruleId":"explicit-types","filePath":"Benchmarks/Study_SamplesSet/b7ab48206bb0a06aeda50deceddbeeca.sol"},{"line":211,"column":1,"severity":"Warning","message":"Variable name must be in mixedCase","ruleId":"var-name-mixedcase","fix":null,"filePath":"Benchmarks/Study_SamplesSet/b7ab48206bb0a06aeda50deceddbeeca.sol"},{"line":213,"column":1,"severity":"Warning","message":"Function name must be in mixedCase","ruleId":"func-name-mixedcase","fix":null,"filePath":"Benchmarks/Study_SamplesSet/b7ab48206bb0a06aeda50deceddbeeca.sol"},{"line":213,"column":35,"severity":"Warning","message":"Rule is set with explicit type [var/s: uint]","ruleId":"explicit-types","filePath":"Benchmarks/Study_SamplesSet/b7ab48206bb0a06aeda50deceddbeeca.sol"},{"line":216,"column":1,"severity":"Warning","message":"Function name must be in mixedCase","ruleId":"func-name-mixedcase","fix":null,"filePath":"Benchmarks/Study_SamplesSet/b7ab48206bb0a06aeda50deceddbeeca.sol"},{"line":217,"column":9,"severity":"Warning","message":"Provide an error message for require","ruleId":"reason-string","fix":null,"filePath":"Benchmarks/Study_SamplesSet/b7ab48206bb0a06aeda50deceddbeeca.sol"},{"line":217,"column":9,"severity":"Warning","message":"Use Custom Errors instead of require statements","ruleId":"custom-errors","fix":null,"filePath":"Benchmarks/Study_SamplesSet/b7ab48206bb0a06aeda50deceddbeeca.sol"},{"line":217,"column":17,"severity":"Error","message":"Avoid making time-based decisions in your business logic","ruleId":"not-rely-on-time","fix":null,"filePath":"Benchmarks/Study_SamplesSet/b7ab48206bb0a06aeda50deceddbeeca.sol"},{"line":218,"column":9,"severity":"Warning","message":"Rule is set with explicit type [var/s: uint]","ruleId":"explicit-types","filePath":"Benchmarks/Study_SamplesSet/b7ab48206bb0a06aeda50deceddbeeca.sol"},{"line":218,"column":9,"severity":"Warning","message":"Variable name must be in mixedCase","ruleId":"var-name-mixedcase","fix":null,"filePath":"Benchmarks/Study_SamplesSet/b7ab48206bb0a06aeda50deceddbeeca.sol"},{"conclusion":"104 problem/s (16 error/s, 88 warning/s)"}]
