[{"line":5,"column":1,"severity":"Warning","message":"Found more than One contract per file. 2 contracts found!","ruleId":"one-contract-per-file","fix":null,"filePath":"Benchmarks/Study_SamplesSet/ba398b0756615ac6deb5f6b75e166043.sol"},{"line":5,"column":1,"severity":"Error","message":"Compiler version ^0.5.2 does not satisfy the ^0.8.0 semver requirement","ruleId":"compiler-version","fix":null,"filePath":"Benchmarks/Study_SamplesSet/ba398b0756615ac6deb5f6b75e166043.sol"},{"line":11,"column":9,"severity":"Warning","message":"Use Custom Errors instead of require statements","ruleId":"custom-errors","fix":null,"filePath":"Benchmarks/Study_SamplesSet/ba398b0756615ac6deb5f6b75e166043.sol"},{"line":16,"column":9,"severity":"Warning","message":"Use Custom Errors instead of require statements","ruleId":"custom-errors","fix":null,"filePath":"Benchmarks/Study_SamplesSet/ba398b0756615ac6deb5f6b75e166043.sol"},{"line":30,"column":9,"severity":"Warning","message":"Error message for require is too long: 33 counted / 32 allowed","ruleId":"reason-string","fix":null,"filePath":"Benchmarks/Study_SamplesSet/ba398b0756615ac6deb5f6b75e166043.sol"},{"line":30,"column":9,"severity":"Warning","message":"Use Custom Errors instead of require statements","ruleId":"custom-errors","fix":null,"filePath":"Benchmarks/Study_SamplesSet/ba398b0756615ac6deb5f6b75e166043.sol"},{"line":37,"column":9,"severity":"Warning","message":"Use Custom Errors instead of require statements","ruleId":"custom-errors","fix":null,"filePath":"Benchmarks/Study_SamplesSet/ba398b0756615ac6deb5f6b75e166043.sol"},{"line":45,"column":9,"severity":"Warning","message":"Use Custom Errors instead of require statements","ruleId":"custom-errors","fix":null,"filePath":"Benchmarks/Study_SamplesSet/ba398b0756615ac6deb5f6b75e166043.sol"},{"line":61,"column":1,"severity":"Warning","message":"Contract has 21 states declarations but allowed no more than 15","ruleId":"max-states-count","fix":null,"filePath":"Benchmarks/Study_SamplesSet/ba398b0756615ac6deb5f6b75e166043.sol"},{"line":63,"column":3,"severity":"Error","message":"Explicitly mark visibility of state","ruleId":"state-visibility","fix":null,"filePath":"Benchmarks/Study_SamplesSet/ba398b0756615ac6deb5f6b75e166043.sol"},{"line":63,"column":3,"severity":"Warning","message":"Variable name must be in mixedCase","ruleId":"var-name-mixedcase","fix":null,"filePath":"Benchmarks/Study_SamplesSet/ba398b0756615ac6deb5f6b75e166043.sol"},{"line":64,"column":1,"severity":"Warning","message":"Function name must be in mixedCase","ruleId":"func-name-mixedcase","fix":null,"filePath":"Benchmarks/Study_SamplesSet/ba398b0756615ac6deb5f6b75e166043.sol"},{"line":64,"column":24,"severity":"Warning","message":"Rule is set with explicit type [var/s: uint]","ruleId":"explicit-types","filePath":"Benchmarks/Study_SamplesSet/ba398b0756615ac6deb5f6b75e166043.sol"},{"line":65,"column":34,"severity":"Error","message":"Avoid making time-based decisions in your business logic","ruleId":"not-rely-on-time","fix":null,"filePath":"Benchmarks/Study_SamplesSet/ba398b0756615ac6deb5f6b75e166043.sol"},{"line":68,"column":3,"severity":"Warning","message":"Function name must be in mixedCase","ruleId":"func-name-mixedcase","fix":null,"filePath":"Benchmarks/Study_SamplesSet/ba398b0756615ac6deb5f6b75e166043.sol"},{"line":69,"column":2,"severity":"Warning","message":"Rule is set with explicit type [var/s: uint]","ruleId":"explicit-types","filePath":"Benchmarks/Study_SamplesSet/ba398b0756615ac6deb5f6b75e166043.sol"},{"line":69,"column":2,"severity":"Warning","message":"Variable name must be in mixedCase","ruleId":"var-name-mixedcase","fix":null,"filePath":"Benchmarks/Study_SamplesSet/ba398b0756615ac6deb5f6b75e166043.sol"},{"line":70,"column":2,"severity":"Warning","message":"Provide an error message for require","ruleId":"reason-string","fix":null,"filePath":"Benchmarks/Study_SamplesSet/ba398b0756615ac6deb5f6b75e166043.sol"},{"line":70,"column":2,"severity":"Warning","message":"Use Custom Errors instead of require statements","ruleId":"custom-errors","fix":null,"filePath":"Benchmarks/Study_SamplesSet/ba398b0756615ac6deb5f6b75e166043.sol"},{"line":71,"column":9,"severity":"Warning","message":"Provide an error message for require","ruleId":"reason-string","fix":null,"filePath":"Benchmarks/Study_SamplesSet/ba398b0756615ac6deb5f6b75e166043.sol"},{"line":71,"column":9,"severity":"Warning","message":"Use Custom Errors instead of require statements","ruleId":"custom-errors","fix":null,"filePath":"Benchmarks/Study_SamplesSet/ba398b0756615ac6deb5f6b75e166043.sol"},{"line":71,"column":17,"severity":"Error","message":"Avoid making time-based decisions in your business logic","ruleId":"not-rely-on-time","fix":null,"filePath":"Benchmarks/Study_SamplesSet/ba398b0756615ac6deb5f6b75e166043.sol"},{"line":72,"column":34,"severity":"Error","message":"Avoid making time-based decisions in your business logic","ruleId":"not-rely-on-time","fix":null,"filePath":"Benchmarks/Study_SamplesSet/ba398b0756615ac6deb5f6b75e166043.sol"},{"line":73,"column":12,"severity":"Error","message":"Avoid making time-based decisions in your business logic","ruleId":"not-rely-on-time","fix":null,"filePath":"Benchmarks/Study_SamplesSet/ba398b0756615ac6deb5f6b75e166043.sol"},{"line":78,"column":3,"severity":"Warning","message":"Function name must be in mixedCase","ruleId":"func-name-mixedcase","fix":null,"filePath":"Benchmarks/Study_SamplesSet/ba398b0756615ac6deb5f6b75e166043.sol"},{"line":79,"column":2,"severity":"Warning","message":"Rule is set with explicit type [var/s: uint]","ruleId":"explicit-types","filePath":"Benchmarks/Study_SamplesSet/ba398b0756615ac6deb5f6b75e166043.sol"},{"line":79,"column":2,"severity":"Warning","message":"Variable name must be in mixedCase","ruleId":"var-name-mixedcase","fix":null,"filePath":"Benchmarks/Study_SamplesSet/ba398b0756615ac6deb5f6b75e166043.sol"},{"line":80,"column":2,"severity":"Warning","message":"Provide an error message for require","ruleId":"reason-string","fix":null,"filePath":"Benchmarks/Study_SamplesSet/ba398b0756615ac6deb5f6b75e166043.sol"},{"line":80,"column":2,"severity":"Warning","message":"Use Custom Errors instead of require statements","ruleId":"custom-errors","fix":null,"filePath":"Benchmarks/Study_SamplesSet/ba398b0756615ac6deb5f6b75e166043.sol"},{"line":81,"column":9,"severity":"Warning","message":"Provide an error message for require","ruleId":"reason-string","fix":null,"filePath":"Benchmarks/Study_SamplesSet/ba398b0756615ac6deb5f6b75e166043.sol"},{"line":81,"column":9,"severity":"Warning","message":"Use Custom Errors instead of require statements","ruleId":"custom-errors","fix":null,"filePath":"Benchmarks/Study_SamplesSet/ba398b0756615ac6deb5f6b75e166043.sol"},{"line":81,"column":17,"severity":"Error","message":"Avoid making time-based decisions in your business logic","ruleId":"not-rely-on-time","fix":null,"filePath":"Benchmarks/Study_SamplesSet/ba398b0756615ac6deb5f6b75e166043.sol"},{"line":82,"column":34,"severity":"Error","message":"Avoid making time-based decisions in your business logic","ruleId":"not-rely-on-time","fix":null,"filePath":"Benchmarks/Study_SamplesSet/ba398b0756615ac6deb5f6b75e166043.sol"},{"line":83,"column":12,"severity":"Error","message":"Avoid making time-based decisions in your business logic","ruleId":"not-rely-on-time","fix":null,"filePath":"Benchmarks/Study_SamplesSet/ba398b0756615ac6deb5f6b75e166043.sol"},{"line":88,"column":3,"severity":"Error","message":"Explicitly mark visibility of state","ruleId":"state-visibility","fix":null,"filePath":"Benchmarks/Study_SamplesSet/ba398b0756615ac6deb5f6b75e166043.sol"},{"line":88,"column":3,"severity":"Warning","message":"Variable name must be in mixedCase","ruleId":"var-name-mixedcase","fix":null,"filePath":"Benchmarks/Study_SamplesSet/ba398b0756615ac6deb5f6b75e166043.sol"},{"line":89,"column":1,"severity":"Warning","message":"Function name must be in mixedCase","ruleId":"func-name-mixedcase","fix":null,"filePath":"Benchmarks/Study_SamplesSet/ba398b0756615ac6deb5f6b75e166043.sol"},{"line":89,"column":24,"severity":"Warning","message":"Rule is set with explicit type [var/s: uint]","ruleId":"explicit-types","filePath":"Benchmarks/Study_SamplesSet/ba398b0756615ac6deb5f6b75e166043.sol"},{"line":90,"column":34,"severity":"Error","message":"Avoid making time-based decisions in your business logic","ruleId":"not-rely-on-time","fix":null,"filePath":"Benchmarks/Study_SamplesSet/ba398b0756615ac6deb5f6b75e166043.sol"},{"line":93,"column":3,"severity":"Warning","message":"Function name must be in mixedCase","ruleId":"func-name-mixedcase","fix":null,"filePath":"Benchmarks/Study_SamplesSet/ba398b0756615ac6deb5f6b75e166043.sol"},{"line":94,"column":2,"severity":"Warning","message":"Rule is set with explicit type [var/s: uint]","ruleId":"explicit-types","filePath":"Benchmarks/Study_SamplesSet/ba398b0756615ac6deb5f6b75e166043.sol"},{"line":94,"column":2,"severity":"Warning","message":"Variable name must be in mixedCase","ruleId":"var-name-mixedcase","fix":null,"filePath":"Benchmarks/Study_SamplesSet/ba398b0756615ac6deb5f6b75e166043.sol"},{"line":95,"column":2,"severity":"Warning","message":"Provide an error message for require","ruleId":"reason-string","fix":null,"filePath":"Benchmarks/Study_SamplesSet/ba398b0756615ac6deb5f6b75e166043.sol"},{"line":95,"column":2,"severity":"Warning","message":"Use Custom Errors instead of require statements","ruleId":"custom-errors","fix":null,"filePath":"Benchmarks/Study_SamplesSet/ba398b0756615ac6deb5f6b75e166043.sol"},{"line":96,"column":9,"severity":"Warning","message":"Provide an error message for require","ruleId":"reason-string","fix":null,"filePath":"Benchmarks/Study_SamplesSet/ba398b0756615ac6deb5f6b75e166043.sol"},{"line":96,"column":9,"severity":"Warning","message":"Use Custom Errors instead of require statements","ruleId":"custom-errors","fix":null,"filePath":"Benchmarks/Study_SamplesSet/ba398b0756615ac6deb5f6b75e166043.sol"},{"line":96,"column":17,"severity":"Error","message":"Avoid making time-based decisions in your business logic","ruleId":"not-rely-on-time","fix":null,"filePath":"Benchmarks/Study_SamplesSet/ba398b0756615ac6deb5f6b75e166043.sol"},{"line":97,"column":33,"severity":"Error","message":"Avoid making time-based decisions in your business logic","ruleId":"not-rely-on-time","fix":null,"filePath":"Benchmarks/Study_SamplesSet/ba398b0756615ac6deb5f6b75e166043.sol"},{"line":98,"column":12,"severity":"Error","message":"Avoid making time-based decisions in your business logic","ruleId":"not-rely-on-time","fix":null,"filePath":"Benchmarks/Study_SamplesSet/ba398b0756615ac6deb5f6b75e166043.sol"},{"line":103,"column":3,"severity":"Error","message":"Explicitly mark visibility of state","ruleId":"state-visibility","fix":null,"filePath":"Benchmarks/Study_SamplesSet/ba398b0756615ac6deb5f6b75e166043.sol"},{"line":103,"column":3,"severity":"Warning","message":"Variable name must be in mixedCase","ruleId":"var-name-mixedcase","fix":null,"filePath":"Benchmarks/Study_SamplesSet/ba398b0756615ac6deb5f6b75e166043.sol"},{"line":104,"column":1,"severity":"Warning","message":"Function name must be in mixedCase","ruleId":"func-name-mixedcase","fix":null,"filePath":"Benchmarks/Study_SamplesSet/ba398b0756615ac6deb5f6b75e166043.sol"},{"line":104,"column":23,"severity":"Warning","message":"Rule is set with explicit type [var/s: uint]","ruleId":"explicit-types","filePath":"Benchmarks/Study_SamplesSet/ba398b0756615ac6deb5f6b75e166043.sol"},{"line":105,"column":2,"severity":"Warning","message":"Rule is set with explicit type [var/s: uint]","ruleId":"explicit-types","filePath":"Benchmarks/Study_SamplesSet/ba398b0756615ac6deb5f6b75e166043.sol"},{"line":105,"column":16,"severity":"Error","message":"Avoid making time-based decisions in your business logic","ruleId":"not-rely-on-time","fix":null,"filePath":"Benchmarks/Study_SamplesSet/ba398b0756615ac6deb5f6b75e166043.sol"},{"line":116,"column":1,"severity":"Error","message":"Explicitly mark visibility of state","ruleId":"state-visibility","fix":null,"filePath":"Benchmarks/Study_SamplesSet/ba398b0756615ac6deb5f6b75e166043.sol"},{"line":116,"column":1,"severity":"Warning","message":"Variable name must be in mixedCase","ruleId":"var-name-mixedcase","fix":null,"filePath":"Benchmarks/Study_SamplesSet/ba398b0756615ac6deb5f6b75e166043.sol"},{"line":117,"column":1,"severity":"Warning","message":"Function name must be in mixedCase","ruleId":"func-name-mixedcase","fix":null,"filePath":"Benchmarks/Study_SamplesSet/ba398b0756615ac6deb5f6b75e166043.sol"},{"line":117,"column":24,"severity":"Warning","message":"Rule is set with explicit type [var/s: uint]","ruleId":"explicit-types","filePath":"Benchmarks/Study_SamplesSet/ba398b0756615ac6deb5f6b75e166043.sol"},{"line":118,"column":2,"severity":"Warning","message":"Rule is set with explicit type [var/s: uint]","ruleId":"explicit-types","filePath":"Benchmarks/Study_SamplesSet/ba398b0756615ac6deb5f6b75e166043.sol"},{"line":118,"column":16,"severity":"Error","message":"Avoid making time-based decisions in your business logic","ruleId":"not-rely-on-time","fix":null,"filePath":"Benchmarks/Study_SamplesSet/ba398b0756615ac6deb5f6b75e166043.sol"},{"line":121,"column":3,"severity":"Error","message":"Explicitly mark visibility of state","ruleId":"state-visibility","fix":null,"filePath":"Benchmarks/Study_SamplesSet/ba398b0756615ac6deb5f6b75e166043.sol"},{"line":121,"column":3,"severity":"Warning","message":"Variable name must be in mixedCase","ruleId":"var-name-mixedcase","fix":null,"filePath":"Benchmarks/Study_SamplesSet/ba398b0756615ac6deb5f6b75e166043.sol"},{"line":121,"column":26,"severity":"Error","message":"Avoid making time-based decisions in your business logic","ruleId":"not-rely-on-time","fix":null,"filePath":"Benchmarks/Study_SamplesSet/ba398b0756615ac6deb5f6b75e166043.sol"},{"line":121,"column":26,"severity":"Error","message":"Avoid making time-based decisions in your business logic","ruleId":"not-rely-on-time","fix":null,"filePath":"Benchmarks/Study_SamplesSet/ba398b0756615ac6deb5f6b75e166043.sol"},{"line":124,"column":3,"severity":"Error","message":"Explicitly mark visibility of state","ruleId":"state-visibility","fix":null,"filePath":"Benchmarks/Study_SamplesSet/ba398b0756615ac6deb5f6b75e166043.sol"},{"line":124,"column":3,"severity":"Warning","message":"Variable name must be in mixedCase","ruleId":"var-name-mixedcase","fix":null,"filePath":"Benchmarks/Study_SamplesSet/ba398b0756615ac6deb5f6b75e166043.sol"},{"line":124,"column":26,"severity":"Error","message":"Avoid making time-based decisions in your business logic","ruleId":"not-rely-on-time","fix":null,"filePath":"Benchmarks/Study_SamplesSet/ba398b0756615ac6deb5f6b75e166043.sol"},{"line":124,"column":26,"severity":"Error","message":"Avoid making time-based decisions in your business logic","ruleId":"not-rely-on-time","fix":null,"filePath":"Benchmarks/Study_SamplesSet/ba398b0756615ac6deb5f6b75e166043.sol"},{"line":130,"column":1,"severity":"Error","message":"Explicitly mark visibility of state","ruleId":"state-visibility","fix":null,"filePath":"Benchmarks/Study_SamplesSet/ba398b0756615ac6deb5f6b75e166043.sol"},{"line":130,"column":1,"severity":"Warning","message":"Variable name must be in mixedCase","ruleId":"var-name-mixedcase","fix":null,"filePath":"Benchmarks/Study_SamplesSet/ba398b0756615ac6deb5f6b75e166043.sol"},{"line":131,"column":1,"severity":"Warning","message":"Function name must be in mixedCase","ruleId":"func-name-mixedcase","fix":null,"filePath":"Benchmarks/Study_SamplesSet/ba398b0756615ac6deb5f6b75e166043.sol"},{"line":131,"column":24,"severity":"Warning","message":"Rule is set with explicit type [var/s: uint]","ruleId":"explicit-types","filePath":"Benchmarks/Study_SamplesSet/ba398b0756615ac6deb5f6b75e166043.sol"},{"line":132,"column":34,"severity":"Error","message":"Avoid making time-based decisions in your business logic","ruleId":"not-rely-on-time","fix":null,"filePath":"Benchmarks/Study_SamplesSet/ba398b0756615ac6deb5f6b75e166043.sol"},{"line":138,"column":1,"severity":"Error","message":"Explicitly mark visibility of state","ruleId":"state-visibility","fix":null,"filePath":"Benchmarks/Study_SamplesSet/ba398b0756615ac6deb5f6b75e166043.sol"},{"line":138,"column":1,"severity":"Warning","message":"Variable name must be in mixedCase","ruleId":"var-name-mixedcase","fix":null,"filePath":"Benchmarks/Study_SamplesSet/ba398b0756615ac6deb5f6b75e166043.sol"},{"line":139,"column":1,"severity":"Warning","message":"Function name must be in mixedCase","ruleId":"func-name-mixedcase","fix":null,"filePath":"Benchmarks/Study_SamplesSet/ba398b0756615ac6deb5f6b75e166043.sol"},{"line":139,"column":24,"severity":"Warning","message":"Rule is set with explicit type [var/s: uint]","ruleId":"explicit-types","filePath":"Benchmarks/Study_SamplesSet/ba398b0756615ac6deb5f6b75e166043.sol"},{"line":140,"column":34,"severity":"Error","message":"Avoid making time-based decisions in your business logic","ruleId":"not-rely-on-time","fix":null,"filePath":"Benchmarks/Study_SamplesSet/ba398b0756615ac6deb5f6b75e166043.sol"},{"line":145,"column":1,"severity":"Warning","message":"Function name must be in mixedCase","ruleId":"func-name-mixedcase","fix":null,"filePath":"Benchmarks/Study_SamplesSet/ba398b0756615ac6deb5f6b75e166043.sol"},{"line":146,"column":2,"severity":"Warning","message":"Rule is set with explicit type [var/s: uint]","ruleId":"explicit-types","filePath":"Benchmarks/Study_SamplesSet/ba398b0756615ac6deb5f6b75e166043.sol"},{"line":146,"column":2,"severity":"Warning","message":"Variable name must be in mixedCase","ruleId":"var-name-mixedcase","fix":null,"filePath":"Benchmarks/Study_SamplesSet/ba398b0756615ac6deb5f6b75e166043.sol"},{"line":147,"column":2,"severity":"Warning","message":"Provide an error message for require","ruleId":"reason-string","fix":null,"filePath":"Benchmarks/Study_SamplesSet/ba398b0756615ac6deb5f6b75e166043.sol"},{"line":147,"column":2,"severity":"Warning","message":"Use Custom Errors instead of require statements","ruleId":"custom-errors","fix":null,"filePath":"Benchmarks/Study_SamplesSet/ba398b0756615ac6deb5f6b75e166043.sol"},{"line":148,"column":9,"severity":"Warning","message":"Provide an error message for require","ruleId":"reason-string","fix":null,"filePath":"Benchmarks/Study_SamplesSet/ba398b0756615ac6deb5f6b75e166043.sol"},{"line":148,"column":9,"severity":"Warning","message":"Use Custom Errors instead of require statements","ruleId":"custom-errors","fix":null,"filePath":"Benchmarks/Study_SamplesSet/ba398b0756615ac6deb5f6b75e166043.sol"},{"line":148,"column":17,"severity":"Error","message":"Avoid making time-based decisions in your business logic","ruleId":"not-rely-on-time","fix":null,"filePath":"Benchmarks/Study_SamplesSet/ba398b0756615ac6deb5f6b75e166043.sol"},{"line":149,"column":33,"severity":"Error","message":"Avoid making time-based decisions in your business logic","ruleId":"not-rely-on-time","fix":null,"filePath":"Benchmarks/Study_SamplesSet/ba398b0756615ac6deb5f6b75e166043.sol"},{"line":150,"column":12,"severity":"Error","message":"Avoid making time-based decisions in your business logic","ruleId":"not-rely-on-time","fix":null,"filePath":"Benchmarks/Study_SamplesSet/ba398b0756615ac6deb5f6b75e166043.sol"},{"line":158,"column":1,"severity":"Error","message":"Explicitly mark visibility of state","ruleId":"state-visibility","fix":null,"filePath":"Benchmarks/Study_SamplesSet/ba398b0756615ac6deb5f6b75e166043.sol"},{"line":158,"column":1,"severity":"Warning","message":"Variable name must be in mixedCase","ruleId":"var-name-mixedcase","fix":null,"filePath":"Benchmarks/Study_SamplesSet/ba398b0756615ac6deb5f6b75e166043.sol"},{"line":159,"column":1,"severity":"Warning","message":"Function name must be in mixedCase","ruleId":"func-name-mixedcase","fix":null,"filePath":"Benchmarks/Study_SamplesSet/ba398b0756615ac6deb5f6b75e166043.sol"},{"line":159,"column":24,"severity":"Warning","message":"Rule is set with explicit type [var/s: uint]","ruleId":"explicit-types","filePath":"Benchmarks/Study_SamplesSet/ba398b0756615ac6deb5f6b75e166043.sol"},{"line":160,"column":2,"severity":"Warning","message":"Rule is set with explicit type [var/s: uint]","ruleId":"explicit-types","filePath":"Benchmarks/Study_SamplesSet/ba398b0756615ac6deb5f6b75e166043.sol"},{"line":160,"column":16,"severity":"Error","message":"Avoid making time-based decisions in your business logic","ruleId":"not-rely-on-time","fix":null,"filePath":"Benchmarks/Study_SamplesSet/ba398b0756615ac6deb5f6b75e166043.sol"},{"line":167,"column":1,"severity":"Warning","message":"Function name must be in mixedCase","ruleId":"func-name-mixedcase","fix":null,"filePath":"Benchmarks/Study_SamplesSet/ba398b0756615ac6deb5f6b75e166043.sol"},{"line":168,"column":2,"severity":"Warning","message":"Rule is set with explicit type [var/s: uint]","ruleId":"explicit-types","filePath":"Benchmarks/Study_SamplesSet/ba398b0756615ac6deb5f6b75e166043.sol"},{"line":168,"column":2,"severity":"Warning","message":"Variable name must be in mixedCase","ruleId":"var-name-mixedcase","fix":null,"filePath":"Benchmarks/Study_SamplesSet/ba398b0756615ac6deb5f6b75e166043.sol"},{"line":169,"column":2,"severity":"Warning","message":"Provide an error message for require","ruleId":"reason-string","fix":null,"filePath":"Benchmarks/Study_SamplesSet/ba398b0756615ac6deb5f6b75e166043.sol"},{"line":169,"column":2,"severity":"Warning","message":"Use Custom Errors instead of require statements","ruleId":"custom-errors","fix":null,"filePath":"Benchmarks/Study_SamplesSet/ba398b0756615ac6deb5f6b75e166043.sol"},{"line":170,"column":9,"severity":"Warning","message":"Provide an error message for require","ruleId":"reason-string","fix":null,"filePath":"Benchmarks/Study_SamplesSet/ba398b0756615ac6deb5f6b75e166043.sol"},{"line":170,"column":9,"severity":"Warning","message":"Use Custom Errors instead of require statements","ruleId":"custom-errors","fix":null,"filePath":"Benchmarks/Study_SamplesSet/ba398b0756615ac6deb5f6b75e166043.sol"},{"line":170,"column":17,"severity":"Error","message":"Avoid making time-based decisions in your business logic","ruleId":"not-rely-on-time","fix":null,"filePath":"Benchmarks/Study_SamplesSet/ba398b0756615ac6deb5f6b75e166043.sol"},{"line":171,"column":34,"severity":"Error","message":"Avoid making time-based decisions in your business logic","ruleId":"not-rely-on-time","fix":null,"filePath":"Benchmarks/Study_SamplesSet/ba398b0756615ac6deb5f6b75e166043.sol"},{"line":172,"column":12,"severity":"Error","message":"Avoid making time-based decisions in your business logic","ruleId":"not-rely-on-time","fix":null,"filePath":"Benchmarks/Study_SamplesSet/ba398b0756615ac6deb5f6b75e166043.sol"},{"line":181,"column":1,"severity":"Error","message":"Explicitly mark visibility of state","ruleId":"state-visibility","fix":null,"filePath":"Benchmarks/Study_SamplesSet/ba398b0756615ac6deb5f6b75e166043.sol"},{"line":181,"column":1,"severity":"Warning","message":"Variable name must be in mixedCase","ruleId":"var-name-mixedcase","fix":null,"filePath":"Benchmarks/Study_SamplesSet/ba398b0756615ac6deb5f6b75e166043.sol"},{"line":182,"column":1,"severity":"Warning","message":"Function name must be in mixedCase","ruleId":"func-name-mixedcase","fix":null,"filePath":"Benchmarks/Study_SamplesSet/ba398b0756615ac6deb5f6b75e166043.sol"},{"line":182,"column":24,"severity":"Warning","message":"Rule is set with explicit type [var/s: uint]","ruleId":"explicit-types","filePath":"Benchmarks/Study_SamplesSet/ba398b0756615ac6deb5f6b75e166043.sol"},{"line":183,"column":2,"severity":"Warning","message":"Rule is set with explicit type [var/s: uint]","ruleId":"explicit-types","filePath":"Benchmarks/Study_SamplesSet/ba398b0756615ac6deb5f6b75e166043.sol"},{"line":183,"column":16,"severity":"Error","message":"Avoid making time-based decisions in your business logic","ruleId":"not-rely-on-time","fix":null,"filePath":"Benchmarks/Study_SamplesSet/ba398b0756615ac6deb5f6b75e166043.sol"},{"line":190,"column":1,"severity":"Warning","message":"Function name must be in mixedCase","ruleId":"func-name-mixedcase","fix":null,"filePath":"Benchmarks/Study_SamplesSet/ba398b0756615ac6deb5f6b75e166043.sol"},{"line":191,"column":2,"severity":"Warning","message":"Rule is set with explicit type [var/s: uint]","ruleId":"explicit-types","filePath":"Benchmarks/Study_SamplesSet/ba398b0756615ac6deb5f6b75e166043.sol"},{"line":191,"column":2,"severity":"Warning","message":"Variable name must be in mixedCase","ruleId":"var-name-mixedcase","fix":null,"filePath":"Benchmarks/Study_SamplesSet/ba398b0756615ac6deb5f6b75e166043.sol"},{"line":192,"column":2,"severity":"Warning","message":"Provide an error message for require","ruleId":"reason-string","fix":null,"filePath":"Benchmarks/Study_SamplesSet/ba398b0756615ac6deb5f6b75e166043.sol"},{"line":192,"column":2,"severity":"Warning","message":"Use Custom Errors instead of require statements","ruleId":"custom-errors","fix":null,"filePath":"Benchmarks/Study_SamplesSet/ba398b0756615ac6deb5f6b75e166043.sol"},{"line":193,"column":9,"severity":"Warning","message":"Provide an error message for require","ruleId":"reason-string","fix":null,"filePath":"Benchmarks/Study_SamplesSet/ba398b0756615ac6deb5f6b75e166043.sol"},{"line":193,"column":9,"severity":"Warning","message":"Use Custom Errors instead of require statements","ruleId":"custom-errors","fix":null,"filePath":"Benchmarks/Study_SamplesSet/ba398b0756615ac6deb5f6b75e166043.sol"},{"line":193,"column":17,"severity":"Error","message":"Avoid making time-based decisions in your business logic","ruleId":"not-rely-on-time","fix":null,"filePath":"Benchmarks/Study_SamplesSet/ba398b0756615ac6deb5f6b75e166043.sol"},{"line":194,"column":34,"severity":"Error","message":"Avoid making time-based decisions in your business logic","ruleId":"not-rely-on-time","fix":null,"filePath":"Benchmarks/Study_SamplesSet/ba398b0756615ac6deb5f6b75e166043.sol"},{"line":195,"column":12,"severity":"Error","message":"Avoid making time-based decisions in your business logic","ruleId":"not-rely-on-time","fix":null,"filePath":"Benchmarks/Study_SamplesSet/ba398b0756615ac6deb5f6b75e166043.sol"},{"line":204,"column":1,"severity":"Warning","message":"Function name must be in mixedCase","ruleId":"func-name-mixedcase","fix":null,"filePath":"Benchmarks/Study_SamplesSet/ba398b0756615ac6deb5f6b75e166043.sol"},{"line":204,"column":30,"severity":"Warning","message":"Visibility modifier must be first in list of modifiers","ruleId":"visibility-modifier-order","fix":null,"filePath":"Benchmarks/Study_SamplesSet/ba398b0756615ac6deb5f6b75e166043.sol"},{"line":205,"column":12,"severity":"Error","message":"Avoid making time-based decisions in your business logic","ruleId":"not-rely-on-time","fix":null,"filePath":"Benchmarks/Study_SamplesSet/ba398b0756615ac6deb5f6b75e166043.sol"},{"line":213,"column":1,"severity":"Error","message":"Explicitly mark visibility of state","ruleId":"state-visibility","fix":null,"filePath":"Benchmarks/Study_SamplesSet/ba398b0756615ac6deb5f6b75e166043.sol"},{"line":213,"column":1,"severity":"Warning","message":"Variable name must be in mixedCase","ruleId":"var-name-mixedcase","fix":null,"filePath":"Benchmarks/Study_SamplesSet/ba398b0756615ac6deb5f6b75e166043.sol"},{"line":214,"column":1,"severity":"Warning","message":"Function name must be in mixedCase","ruleId":"func-name-mixedcase","fix":null,"filePath":"Benchmarks/Study_SamplesSet/ba398b0756615ac6deb5f6b75e166043.sol"},{"line":214,"column":24,"severity":"Warning","message":"Rule is set with explicit type [var/s: uint]","ruleId":"explicit-types","filePath":"Benchmarks/Study_SamplesSet/ba398b0756615ac6deb5f6b75e166043.sol"},{"line":215,"column":2,"severity":"Warning","message":"Rule is set with explicit type [var/s: uint]","ruleId":"explicit-types","filePath":"Benchmarks/Study_SamplesSet/ba398b0756615ac6deb5f6b75e166043.sol"},{"line":215,"column":16,"severity":"Error","message":"Avoid making time-based decisions in your business logic","ruleId":"not-rely-on-time","fix":null,"filePath":"Benchmarks/Study_SamplesSet/ba398b0756615ac6deb5f6b75e166043.sol"},{"line":223,"column":1,"severity":"Error","message":"Explicitly mark visibility of state","ruleId":"state-visibility","fix":null,"filePath":"Benchmarks/Study_SamplesSet/ba398b0756615ac6deb5f6b75e166043.sol"},{"line":223,"column":1,"severity":"Warning","message":"Variable name must be in mixedCase","ruleId":"var-name-mixedcase","fix":null,"filePath":"Benchmarks/Study_SamplesSet/ba398b0756615ac6deb5f6b75e166043.sol"},{"line":224,"column":1,"severity":"Warning","message":"Function name must be in mixedCase","ruleId":"func-name-mixedcase","fix":null,"filePath":"Benchmarks/Study_SamplesSet/ba398b0756615ac6deb5f6b75e166043.sol"},{"line":224,"column":24,"severity":"Warning","message":"Rule is set with explicit type [var/s: uint]","ruleId":"explicit-types","filePath":"Benchmarks/Study_SamplesSet/ba398b0756615ac6deb5f6b75e166043.sol"},{"line":225,"column":2,"severity":"Warning","message":"Rule is set with explicit type [var/s: uint]","ruleId":"explicit-types","filePath":"Benchmarks/Study_SamplesSet/ba398b0756615ac6deb5f6b75e166043.sol"},{"line":225,"column":16,"severity":"Error","message":"Avoid making time-based decisions in your business logic","ruleId":"not-rely-on-time","fix":null,"filePath":"Benchmarks/Study_SamplesSet/ba398b0756615ac6deb5f6b75e166043.sol"},{"line":233,"column":1,"severity":"Warning","message":"Function name must be in mixedCase","ruleId":"func-name-mixedcase","fix":null,"filePath":"Benchmarks/Study_SamplesSet/ba398b0756615ac6deb5f6b75e166043.sol"},{"line":233,"column":30,"severity":"Warning","message":"Visibility modifier must be first in list of modifiers","ruleId":"visibility-modifier-order","fix":null,"filePath":"Benchmarks/Study_SamplesSet/ba398b0756615ac6deb5f6b75e166043.sol"},{"line":234,"column":12,"severity":"Error","message":"Avoid making time-based decisions in your business logic","ruleId":"not-rely-on-time","fix":null,"filePath":"Benchmarks/Study_SamplesSet/ba398b0756615ac6deb5f6b75e166043.sol"},{"line":238,"column":9,"severity":"Warning","message":"Error message for require is too long: 37 counted / 32 allowed","ruleId":"reason-string","fix":null,"filePath":"Benchmarks/Study_SamplesSet/ba398b0756615ac6deb5f6b75e166043.sol"},{"line":238,"column":9,"severity":"Warning","message":"Use Custom Errors instead of require statements","ruleId":"custom-errors","fix":null,"filePath":"Benchmarks/Study_SamplesSet/ba398b0756615ac6deb5f6b75e166043.sol"},{"line":239,"column":9,"severity":"Warning","message":"Error message for require is too long: 35 counted / 32 allowed","ruleId":"reason-string","fix":null,"filePath":"Benchmarks/Study_SamplesSet/ba398b0756615ac6deb5f6b75e166043.sol"},{"line":239,"column":9,"severity":"Warning","message":"Use Custom Errors instead of require statements","ruleId":"custom-errors","fix":null,"filePath":"Benchmarks/Study_SamplesSet/ba398b0756615ac6deb5f6b75e166043.sol"},{"line":245,"column":1,"severity":"Error","message":"Explicitly mark visibility of state","ruleId":"state-visibility","fix":null,"filePath":"Benchmarks/Study_SamplesSet/ba398b0756615ac6deb5f6b75e166043.sol"},{"line":245,"column":1,"severity":"Warning","message":"Variable name must be in mixedCase","ruleId":"var-name-mixedcase","fix":null,"filePath":"Benchmarks/Study_SamplesSet/ba398b0756615ac6deb5f6b75e166043.sol"},{"line":245,"column":24,"severity":"Error","message":"Avoid making time-based decisions in your business logic","ruleId":"not-rely-on-time","fix":null,"filePath":"Benchmarks/Study_SamplesSet/ba398b0756615ac6deb5f6b75e166043.sol"},{"line":245,"column":24,"severity":"Error","message":"Avoid making time-based decisions in your business logic","ruleId":"not-rely-on-time","fix":null,"filePath":"Benchmarks/Study_SamplesSet/ba398b0756615ac6deb5f6b75e166043.sol"},{"line":248,"column":9,"severity":"Warning","message":"Error message for require is too long: 36 counted / 32 allowed","ruleId":"reason-string","fix":null,"filePath":"Benchmarks/Study_SamplesSet/ba398b0756615ac6deb5f6b75e166043.sol"},{"line":248,"column":9,"severity":"Warning","message":"Use Custom Errors instead of require statements","ruleId":"custom-errors","fix":null,"filePath":"Benchmarks/Study_SamplesSet/ba398b0756615ac6deb5f6b75e166043.sol"},{"line":249,"column":9,"severity":"Warning","message":"Error message for require is too long: 34 counted / 32 allowed","ruleId":"reason-string","fix":null,"filePath":"Benchmarks/Study_SamplesSet/ba398b0756615ac6deb5f6b75e166043.sol"},{"line":249,"column":9,"severity":"Warning","message":"Use Custom Errors instead of require statements","ruleId":"custom-errors","fix":null,"filePath":"Benchmarks/Study_SamplesSet/ba398b0756615ac6deb5f6b75e166043.sol"},{"line":253,"column":1,"severity":"Error","message":"Explicitly mark visibility of state","ruleId":"state-visibility","fix":null,"filePath":"Benchmarks/Study_SamplesSet/ba398b0756615ac6deb5f6b75e166043.sol"},{"line":253,"column":1,"severity":"Warning","message":"Variable name must be in mixedCase","ruleId":"var-name-mixedcase","fix":null,"filePath":"Benchmarks/Study_SamplesSet/ba398b0756615ac6deb5f6b75e166043.sol"},{"line":253,"column":24,"severity":"Error","message":"Avoid making time-based decisions in your business logic","ruleId":"not-rely-on-time","fix":null,"filePath":"Benchmarks/Study_SamplesSet/ba398b0756615ac6deb5f6b75e166043.sol"},{"line":253,"column":24,"severity":"Error","message":"Avoid making time-based decisions in your business logic","ruleId":"not-rely-on-time","fix":null,"filePath":"Benchmarks/Study_SamplesSet/ba398b0756615ac6deb5f6b75e166043.sol"},{"line":254,"column":25,"severity":"Warning","message":"Visibility modifier must be first in list of modifiers","ruleId":"visibility-modifier-order","fix":null,"filePath":"Benchmarks/Study_SamplesSet/ba398b0756615ac6deb5f6b75e166043.sol"},{"line":255,"column":9,"severity":"Warning","message":"Provide an error message for revert","ruleId":"reason-string","fix":null,"filePath":"Benchmarks/Study_SamplesSet/ba398b0756615ac6deb5f6b75e166043.sol"},{"line":255,"column":9,"severity":"Warning","message":"Use Custom Errors instead of revert statements","ruleId":"custom-errors","fix":null,"filePath":"Benchmarks/Study_SamplesSet/ba398b0756615ac6deb5f6b75e166043.sol"},{"line":257,"column":1,"severity":"Error","message":"Explicitly mark visibility of state","ruleId":"state-visibility","fix":null,"filePath":"Benchmarks/Study_SamplesSet/ba398b0756615ac6deb5f6b75e166043.sol"},{"line":257,"column":1,"severity":"Warning","message":"Variable name must be in mixedCase","ruleId":"var-name-mixedcase","fix":null,"filePath":"Benchmarks/Study_SamplesSet/ba398b0756615ac6deb5f6b75e166043.sol"},{"line":257,"column":24,"severity":"Error","message":"Avoid making time-based decisions in your business logic","ruleId":"not-rely-on-time","fix":null,"filePath":"Benchmarks/Study_SamplesSet/ba398b0756615ac6deb5f6b75e166043.sol"},{"line":257,"column":24,"severity":"Error","message":"Avoid making time-based decisions in your business logic","ruleId":"not-rely-on-time","fix":null,"filePath":"Benchmarks/Study_SamplesSet/ba398b0756615ac6deb5f6b75e166043.sol"},{"conclusion":"162 problem/s (56 error/s, 106 warning/s)"}]
