[{"line":1,"column":1,"severity":"Warning","message":"Found more than One contract per file. 2 contracts found!","ruleId":"one-contract-per-file","fix":null,"filePath":"Benchmarks/Study_SamplesSet/ba75b4fb49ecaa23db361c050e1082da.sol"},{"line":1,"column":1,"severity":"Error","message":"Compiler version ^0.4.6 does not satisfy the ^0.8.0 semver requirement","ruleId":"compiler-version","fix":null,"filePath":"Benchmarks/Study_SamplesSet/ba75b4fb49ecaa23db361c050e1082da.sol"},{"line":2,"column":1,"severity":"Warning","message":"Contract, Structs and Enums should be in CamelCase","ruleId":"contract-name-camelcase","filePath":"Benchmarks/Study_SamplesSet/ba75b4fb49ecaa23db361c050e1082da.sol"},{"line":2,"column":18,"severity":"Error","message":"Explicitly mark visibility in function","ruleId":"func-visibility","fix":null,"filePath":"Benchmarks/Study_SamplesSet/ba75b4fb49ecaa23db361c050e1082da.sol"},{"line":2,"column":58,"severity":"Warning","message":"Rule is set with explicit type [var/s: uint]","ruleId":"explicit-types","filePath":"Benchmarks/Study_SamplesSet/ba75b4fb49ecaa23db361c050e1082da.sol"},{"line":2,"column":92,"severity":"Warning","message":"Code contains empty blocks","ruleId":"no-empty-blocks","fix":null,"filePath":"Benchmarks/Study_SamplesSet/ba75b4fb49ecaa23db361c050e1082da.sol"},{"line":6,"column":5,"severity":"Warning","message":"Rule is set with explicit type [var/s: uint]","ruleId":"explicit-types","filePath":"Benchmarks/Study_SamplesSet/ba75b4fb49ecaa23db361c050e1082da.sol"},{"line":7,"column":5,"severity":"Warning","message":"Rule is set with explicit type [var/s: uint]","ruleId":"explicit-types","filePath":"Benchmarks/Study_SamplesSet/ba75b4fb49ecaa23db361c050e1082da.sol"},{"line":8,"column":5,"severity":"Warning","message":"Rule is set with explicit type [var/s: uint]","ruleId":"explicit-types","filePath":"Benchmarks/Study_SamplesSet/ba75b4fb49ecaa23db361c050e1082da.sol"},{"line":9,"column":5,"severity":"Warning","message":"Rule is set with explicit type [var/s: uint]","ruleId":"explicit-types","filePath":"Benchmarks/Study_SamplesSet/ba75b4fb49ecaa23db361c050e1082da.sol"},{"line":10,"column":5,"severity":"Warning","message":"Rule is set with explicit type [var/s: uint]","ruleId":"explicit-types","filePath":"Benchmarks/Study_SamplesSet/ba75b4fb49ecaa23db361c050e1082da.sol"},{"line":11,"column":5,"severity":"Warning","message":"Rule is set with explicit type [var/s: uint]","ruleId":"explicit-types","filePath":"Benchmarks/Study_SamplesSet/ba75b4fb49ecaa23db361c050e1082da.sol"},{"line":14,"column":5,"severity":"Error","message":"Explicitly mark visibility of state","ruleId":"state-visibility","fix":null,"filePath":"Benchmarks/Study_SamplesSet/ba75b4fb49ecaa23db361c050e1082da.sol"},{"line":15,"column":44,"severity":"Warning","message":"Rule is set with explicit type [var/s: uint]","ruleId":"explicit-types","filePath":"Benchmarks/Study_SamplesSet/ba75b4fb49ecaa23db361c050e1082da.sol"},{"line":16,"column":40,"severity":"Warning","message":"Rule is set with explicit type [var/s: uint]","ruleId":"explicit-types","filePath":"Benchmarks/Study_SamplesSet/ba75b4fb49ecaa23db361c050e1082da.sol"},{"line":17,"column":5,"severity":"Error","message":"Explicitly mark visibility of state","ruleId":"state-visibility","fix":null,"filePath":"Benchmarks/Study_SamplesSet/ba75b4fb49ecaa23db361c050e1082da.sol"},{"line":22,"column":5,"severity":"Error","message":"Explicitly mark visibility in function (Set ignoreConstructors to true if using solidity >=0.7.0)","ruleId":"func-visibility","fix":null,"filePath":"Benchmarks/Study_SamplesSet/ba75b4fb49ecaa23db361c050e1082da.sol"},{"line":26,"column":17,"severity":"Error","message":"Avoid making time-based decisions in your business logic","ruleId":"not-rely-on-time","fix":null,"filePath":"Benchmarks/Study_SamplesSet/ba75b4fb49ecaa23db361c050e1082da.sol"},{"line":28,"column":22,"severity":"Error","message":"Avoid making time-based decisions in your business logic","ruleId":"not-rely-on-time","fix":null,"filePath":"Benchmarks/Study_SamplesSet/ba75b4fb49ecaa23db361c050e1082da.sol"},{"line":29,"column":22,"severity":"Error","message":"Avoid making time-based decisions in your business logic","ruleId":"not-rely-on-time","fix":null,"filePath":"Benchmarks/Study_SamplesSet/ba75b4fb49ecaa23db361c050e1082da.sol"},{"line":30,"column":22,"severity":"Error","message":"Avoid making time-based decisions in your business logic","ruleId":"not-rely-on-time","fix":null,"filePath":"Benchmarks/Study_SamplesSet/ba75b4fb49ecaa23db361c050e1082da.sol"},{"line":31,"column":22,"severity":"Error","message":"Avoid making time-based decisions in your business logic","ruleId":"not-rely-on-time","fix":null,"filePath":"Benchmarks/Study_SamplesSet/ba75b4fb49ecaa23db361c050e1082da.sol"},{"line":35,"column":5,"severity":"Error","message":"Explicitly mark visibility in function","ruleId":"func-visibility","fix":null,"filePath":"Benchmarks/Study_SamplesSet/ba75b4fb49ecaa23db361c050e1082da.sol"},{"line":35,"column":5,"severity":"Error","message":"Fallback function must be simple","ruleId":"no-complex-fallback","fix":null,"filePath":"Benchmarks/Study_SamplesSet/ba75b4fb49ecaa23db361c050e1082da.sol"},{"line":36,"column":30,"severity":"Error","message":"Avoid making time-based decisions in your business logic","ruleId":"not-rely-on-time","fix":null,"filePath":"Benchmarks/Study_SamplesSet/ba75b4fb49ecaa23db361c050e1082da.sol"},{"line":36,"column":70,"severity":"Error","message":"\"throw\" is deprecated, avoid to use it","ruleId":"avoid-throw","filePath":"Benchmarks/Study_SamplesSet/ba75b4fb49ecaa23db361c050e1082da.sol"},{"line":37,"column":9,"severity":"Warning","message":"Rule is set with explicit type [var/s: uint]","ruleId":"explicit-types","filePath":"Benchmarks/Study_SamplesSet/ba75b4fb49ecaa23db361c050e1082da.sol"},{"line":41,"column":9,"severity":"Error","message":"Explicitly mark all external contracts as trusted or untrusted","ruleId":"mark-callable-contracts","filePath":"Benchmarks/Study_SamplesSet/ba75b4fb49ecaa23db361c050e1082da.sol"},{"line":44,"column":5,"severity":"Error","message":"Explicitly mark visibility in function","ruleId":"func-visibility","fix":null,"filePath":"Benchmarks/Study_SamplesSet/ba75b4fb49ecaa23db361c050e1082da.sol"},{"line":46,"column":16,"severity":"Error","message":"Avoid making time-based decisions in your business logic","ruleId":"not-rely-on-time","fix":null,"filePath":"Benchmarks/Study_SamplesSet/ba75b4fb49ecaa23db361c050e1082da.sol"},{"line":51,"column":36,"severity":"Error","message":"Avoid making time-based decisions in your business logic","ruleId":"not-rely-on-time","fix":null,"filePath":"Benchmarks/Study_SamplesSet/ba75b4fb49ecaa23db361c050e1082da.sol"},{"line":54,"column":5,"severity":"Error","message":"Explicitly mark visibility in function","ruleId":"func-visibility","fix":null,"filePath":"Benchmarks/Study_SamplesSet/ba75b4fb49ecaa23db361c050e1082da.sol"},{"line":57,"column":13,"severity":"Error","message":"Explicitly mark all external contracts as trusted or untrusted","ruleId":"mark-callable-contracts","filePath":"Benchmarks/Study_SamplesSet/ba75b4fb49ecaa23db361c050e1082da.sol"},{"line":63,"column":5,"severity":"Error","message":"Explicitly mark visibility in function","ruleId":"func-visibility","fix":null,"filePath":"Benchmarks/Study_SamplesSet/ba75b4fb49ecaa23db361c050e1082da.sol"},{"line":65,"column":13,"severity":"Warning","message":"Rule is set with explicit type [var/s: uint]","ruleId":"explicit-types","filePath":"Benchmarks/Study_SamplesSet/ba75b4fb49ecaa23db361c050e1082da.sol"},{"line":69,"column":21,"severity":"Error","message":"Explicitly mark all external contracts as trusted or untrusted","ruleId":"mark-callable-contracts","filePath":"Benchmarks/Study_SamplesSet/ba75b4fb49ecaa23db361c050e1082da.sol"},{"line":71,"column":21,"severity":"Error","message":"Possible reentrancy vulnerabilities. Avoid state changes after transfer.","ruleId":"reentrancy","fix":null,"filePath":"Benchmarks/Study_SamplesSet/ba75b4fb49ecaa23db361c050e1082da.sol"},{"line":77,"column":17,"severity":"Error","message":"Avoid multiple calls of \"send\" method in single transaction","ruleId":"multiple-sends","fix":null,"filePath":"Benchmarks/Study_SamplesSet/ba75b4fb49ecaa23db361c050e1082da.sol"},{"line":78,"column":17,"severity":"Error","message":"Explicitly mark all external contracts as trusted or untrusted","ruleId":"mark-callable-contracts","filePath":"Benchmarks/Study_SamplesSet/ba75b4fb49ecaa23db361c050e1082da.sol"},{"line":81,"column":17,"severity":"Error","message":"Possible reentrancy vulnerabilities. Avoid state changes after transfer.","ruleId":"reentrancy","fix":null,"filePath":"Benchmarks/Study_SamplesSet/ba75b4fb49ecaa23db361c050e1082da.sol"},{"conclusion":"40 problem/s (26 error/s, 14 warning/s)"}]
