[{"line":1,"column":1,"severity":"Warning","message":"Found more than One contract per file. 2 contracts found!","ruleId":"one-contract-per-file","fix":null,"filePath":"Benchmarks/Study_SamplesSet/bc03bc214e6175946d71fb5d82d3f209.sol"},{"line":1,"column":1,"severity":"Error","message":"Compiler version ^0.4.8 does not satisfy the ^0.8.0 semver requirement","ruleId":"compiler-version","fix":null,"filePath":"Benchmarks/Study_SamplesSet/bc03bc214e6175946d71fb5d82d3f209.sol"},{"line":4,"column":5,"severity":"Error","message":"Explicitly mark visibility of state","ruleId":"state-visibility","fix":null,"filePath":"Benchmarks/Study_SamplesSet/bc03bc214e6175946d71fb5d82d3f209.sol"},{"line":5,"column":5,"severity":"Error","message":"Explicitly mark visibility of state","ruleId":"state-visibility","fix":null,"filePath":"Benchmarks/Study_SamplesSet/bc03bc214e6175946d71fb5d82d3f209.sol"},{"line":6,"column":5,"severity":"Error","message":"Explicitly mark visibility of state","ruleId":"state-visibility","fix":null,"filePath":"Benchmarks/Study_SamplesSet/bc03bc214e6175946d71fb5d82d3f209.sol"},{"line":7,"column":5,"severity":"Error","message":"Explicitly mark visibility of state","ruleId":"state-visibility","fix":null,"filePath":"Benchmarks/Study_SamplesSet/bc03bc214e6175946d71fb5d82d3f209.sol"},{"line":9,"column":5,"severity":"Error","message":"Explicitly mark visibility in function (Set ignoreConstructors to true if using solidity >=0.7.0)","ruleId":"func-visibility","fix":null,"filePath":"Benchmarks/Study_SamplesSet/bc03bc214e6175946d71fb5d82d3f209.sol"},{"line":11,"column":13,"severity":"Error","message":"\"throw\" is deprecated, avoid to use it","ruleId":"avoid-throw","filePath":"Benchmarks/Study_SamplesSet/bc03bc214e6175946d71fb5d82d3f209.sol"},{"line":15,"column":19,"severity":"Error","message":"Avoid making time-based decisions in your business logic","ruleId":"not-rely-on-time","fix":null,"filePath":"Benchmarks/Study_SamplesSet/bc03bc214e6175946d71fb5d82d3f209.sol"},{"line":19,"column":5,"severity":"Error","message":"Explicitly mark visibility in function","ruleId":"func-visibility","fix":null,"filePath":"Benchmarks/Study_SamplesSet/bc03bc214e6175946d71fb5d82d3f209.sol"},{"line":22,"column":44,"severity":"Error","message":"Avoid making time-based decisions in your business logic","ruleId":"not-rely-on-time","fix":null,"filePath":"Benchmarks/Study_SamplesSet/bc03bc214e6175946d71fb5d82d3f209.sol"},{"line":25,"column":13,"severity":"Error","message":"\"throw\" is deprecated, avoid to use it","ruleId":"avoid-throw","filePath":"Benchmarks/Study_SamplesSet/bc03bc214e6175946d71fb5d82d3f209.sol"},{"line":29,"column":5,"severity":"Warning","message":"Fallback should be external and payable to accept native currency","ruleId":"payable-fallback","filePath":"Benchmarks/Study_SamplesSet/bc03bc214e6175946d71fb5d82d3f209.sol"},{"line":29,"column":5,"severity":"Error","message":"Explicitly mark visibility in function","ruleId":"func-visibility","fix":null,"filePath":"Benchmarks/Study_SamplesSet/bc03bc214e6175946d71fb5d82d3f209.sol"},{"line":30,"column":9,"severity":"Error","message":"\"throw\" is deprecated, avoid to use it","ruleId":"avoid-throw","filePath":"Benchmarks/Study_SamplesSet/bc03bc214e6175946d71fb5d82d3f209.sol"},{"line":35,"column":5,"severity":"Error","message":"Explicitly mark visibility of state","ruleId":"state-visibility","fix":null,"filePath":"Benchmarks/Study_SamplesSet/bc03bc214e6175946d71fb5d82d3f209.sol"},{"line":44,"column":5,"severity":"Error","message":"Explicitly mark visibility in function (Set ignoreConstructors to true if using solidity >=0.7.0)","ruleId":"func-visibility","fix":null,"filePath":"Benchmarks/Study_SamplesSet/bc03bc214e6175946d71fb5d82d3f209.sol"},{"line":48,"column":5,"severity":"Error","message":"Explicitly mark visibility in function","ruleId":"func-visibility","fix":null,"filePath":"Benchmarks/Study_SamplesSet/bc03bc214e6175946d71fb5d82d3f209.sol"},{"line":49,"column":32,"severity":"Error","message":"Avoid making time-based decisions in your business logic","ruleId":"not-rely-on-time","fix":null,"filePath":"Benchmarks/Study_SamplesSet/bc03bc214e6175946d71fb5d82d3f209.sol"},{"line":49,"column":52,"severity":"Error","message":"Avoid making time-based decisions in your business logic","ruleId":"not-rely-on-time","fix":null,"filePath":"Benchmarks/Study_SamplesSet/bc03bc214e6175946d71fb5d82d3f209.sol"},{"line":50,"column":13,"severity":"Error","message":"\"throw\" is deprecated, avoid to use it","ruleId":"avoid-throw","filePath":"Benchmarks/Study_SamplesSet/bc03bc214e6175946d71fb5d82d3f209.sol"},{"line":52,"column":28,"severity":"Error","message":"Avoid making time-based decisions in your business logic","ruleId":"not-rely-on-time","fix":null,"filePath":"Benchmarks/Study_SamplesSet/bc03bc214e6175946d71fb5d82d3f209.sol"},{"line":55,"column":13,"severity":"Error","message":"\"throw\" is deprecated, avoid to use it","ruleId":"avoid-throw","filePath":"Benchmarks/Study_SamplesSet/bc03bc214e6175946d71fb5d82d3f209.sol"},{"line":57,"column":9,"severity":"Error","message":"Explicitly mark all external contracts as trusted or untrusted","ruleId":"mark-callable-contracts","filePath":"Benchmarks/Study_SamplesSet/bc03bc214e6175946d71fb5d82d3f209.sol"},{"line":66,"column":5,"severity":"Error","message":"Explicitly mark visibility in function","ruleId":"func-visibility","fix":null,"filePath":"Benchmarks/Study_SamplesSet/bc03bc214e6175946d71fb5d82d3f209.sol"},{"line":68,"column":13,"severity":"Error","message":"\"throw\" is deprecated, avoid to use it","ruleId":"avoid-throw","filePath":"Benchmarks/Study_SamplesSet/bc03bc214e6175946d71fb5d82d3f209.sol"},{"line":71,"column":13,"severity":"Error","message":"\"throw\" is deprecated, avoid to use it","ruleId":"avoid-throw","filePath":"Benchmarks/Study_SamplesSet/bc03bc214e6175946d71fb5d82d3f209.sol"},{"line":75,"column":5,"severity":"Error","message":"Explicitly mark visibility in function","ruleId":"func-visibility","fix":null,"filePath":"Benchmarks/Study_SamplesSet/bc03bc214e6175946d71fb5d82d3f209.sol"},{"conclusion":"28 problem/s (26 error/s, 2 warning/s)"}]
