[{"line":1,"column":1,"severity":"Error","message":"Compiler version ^0.4.16 does not satisfy the ^0.8.0 semver requirement","ruleId":"compiler-version","fix":null,"filePath":"Benchmarks/Study_SamplesSet/bd32386ca9d9f19130cee3cb773c9456.sol"},{"line":23,"column":9,"severity":"Warning","message":"Provide an error message for require","ruleId":"reason-string","fix":null,"filePath":"Benchmarks/Study_SamplesSet/bd32386ca9d9f19130cee3cb773c9456.sol"},{"line":23,"column":9,"severity":"Warning","message":"Use Custom Errors instead of require statements","ruleId":"custom-errors","fix":null,"filePath":"Benchmarks/Study_SamplesSet/bd32386ca9d9f19130cee3cb773c9456.sol"},{"line":27,"column":40,"severity":"Warning","message":"Rule is set with explicit type [var/s: uint]","ruleId":"explicit-types","filePath":"Benchmarks/Study_SamplesSet/bd32386ca9d9f19130cee3cb773c9456.sol"},{"line":37,"column":23,"severity":"Error","message":"Explicitly mark all external contracts as trusted or untrusted","ruleId":"mark-callable-contracts","filePath":"Benchmarks/Study_SamplesSet/bd32386ca9d9f19130cee3cb773c9456.sol"},{"line":40,"column":49,"severity":"Warning","message":"Visibility modifier must be first in list of modifiers","ruleId":"visibility-modifier-order","fix":null,"filePath":"Benchmarks/Study_SamplesSet/bd32386ca9d9f19130cee3cb773c9456.sol"},{"line":44,"column":53,"severity":"Warning","message":"Visibility modifier must be first in list of modifiers","ruleId":"visibility-modifier-order","fix":null,"filePath":"Benchmarks/Study_SamplesSet/bd32386ca9d9f19130cee3cb773c9456.sol"},{"line":48,"column":57,"severity":"Warning","message":"Visibility modifier must be first in list of modifiers","ruleId":"visibility-modifier-order","fix":null,"filePath":"Benchmarks/Study_SamplesSet/bd32386ca9d9f19130cee3cb773c9456.sol"},{"line":52,"column":54,"severity":"Warning","message":"Visibility modifier must be first in list of modifiers","ruleId":"visibility-modifier-order","fix":null,"filePath":"Benchmarks/Study_SamplesSet/bd32386ca9d9f19130cee3cb773c9456.sol"},{"line":56,"column":49,"severity":"Warning","message":"Visibility modifier must be first in list of modifiers","ruleId":"visibility-modifier-order","fix":null,"filePath":"Benchmarks/Study_SamplesSet/bd32386ca9d9f19130cee3cb773c9456.sol"},{"line":60,"column":67,"severity":"Warning","message":"Visibility modifier must be first in list of modifiers","ruleId":"visibility-modifier-order","fix":null,"filePath":"Benchmarks/Study_SamplesSet/bd32386ca9d9f19130cee3cb773c9456.sol"},{"line":64,"column":51,"severity":"Warning","message":"Visibility modifier must be first in list of modifiers","ruleId":"visibility-modifier-order","fix":null,"filePath":"Benchmarks/Study_SamplesSet/bd32386ca9d9f19130cee3cb773c9456.sol"},{"line":68,"column":69,"severity":"Warning","message":"Visibility modifier must be first in list of modifiers","ruleId":"visibility-modifier-order","fix":null,"filePath":"Benchmarks/Study_SamplesSet/bd32386ca9d9f19130cee3cb773c9456.sol"},{"line":72,"column":49,"severity":"Warning","message":"Visibility modifier must be first in list of modifiers","ruleId":"visibility-modifier-order","fix":null,"filePath":"Benchmarks/Study_SamplesSet/bd32386ca9d9f19130cee3cb773c9456.sol"},{"line":76,"column":51,"severity":"Warning","message":"Visibility modifier must be first in list of modifiers","ruleId":"visibility-modifier-order","fix":null,"filePath":"Benchmarks/Study_SamplesSet/bd32386ca9d9f19130cee3cb773c9456.sol"},{"line":80,"column":77,"severity":"Warning","message":"Visibility modifier must be first in list of modifiers","ruleId":"visibility-modifier-order","fix":null,"filePath":"Benchmarks/Study_SamplesSet/bd32386ca9d9f19130cee3cb773c9456.sol"},{"line":84,"column":49,"severity":"Warning","message":"Visibility modifier must be first in list of modifiers","ruleId":"visibility-modifier-order","fix":null,"filePath":"Benchmarks/Study_SamplesSet/bd32386ca9d9f19130cee3cb773c9456.sol"},{"line":85,"column":23,"severity":"Error","message":"Explicitly mark all external contracts as trusted or untrusted","ruleId":"mark-callable-contracts","filePath":"Benchmarks/Study_SamplesSet/bd32386ca9d9f19130cee3cb773c9456.sol"},{"line":88,"column":63,"severity":"Warning","message":"Visibility modifier must be first in list of modifiers","ruleId":"visibility-modifier-order","fix":null,"filePath":"Benchmarks/Study_SamplesSet/bd32386ca9d9f19130cee3cb773c9456.sol"},{"line":92,"column":31,"severity":"Warning","message":"Visibility modifier must be first in list of modifiers","ruleId":"visibility-modifier-order","fix":null,"filePath":"Benchmarks/Study_SamplesSet/bd32386ca9d9f19130cee3cb773c9456.sol"},{"line":96,"column":25,"severity":"Warning","message":"Visibility modifier must be first in list of modifiers","ruleId":"visibility-modifier-order","fix":null,"filePath":"Benchmarks/Study_SamplesSet/bd32386ca9d9f19130cee3cb773c9456.sol"},{"line":96,"column":5,"severity":"Error","message":"Fallback function must be simple","ruleId":"no-complex-fallback","fix":null,"filePath":"Benchmarks/Study_SamplesSet/bd32386ca9d9f19130cee3cb773c9456.sol"},{"line":97,"column":9,"severity":"Warning","message":"Provide an error message for require","ruleId":"reason-string","fix":null,"filePath":"Benchmarks/Study_SamplesSet/bd32386ca9d9f19130cee3cb773c9456.sol"},{"line":97,"column":9,"severity":"Warning","message":"Use Custom Errors instead of require statements","ruleId":"custom-errors","fix":null,"filePath":"Benchmarks/Study_SamplesSet/bd32386ca9d9f19130cee3cb773c9456.sol"},{"line":98,"column":9,"severity":"Warning","message":"Provide an error message for require","ruleId":"reason-string","fix":null,"filePath":"Benchmarks/Study_SamplesSet/bd32386ca9d9f19130cee3cb773c9456.sol"},{"line":98,"column":9,"severity":"Warning","message":"Use Custom Errors instead of require statements","ruleId":"custom-errors","fix":null,"filePath":"Benchmarks/Study_SamplesSet/bd32386ca9d9f19130cee3cb773c9456.sol"},{"line":98,"column":17,"severity":"Error","message":"Avoid making time-based decisions in your business logic","ruleId":"not-rely-on-time","fix":null,"filePath":"Benchmarks/Study_SamplesSet/bd32386ca9d9f19130cee3cb773c9456.sol"},{"line":99,"column":9,"severity":"Warning","message":"Provide an error message for require","ruleId":"reason-string","fix":null,"filePath":"Benchmarks/Study_SamplesSet/bd32386ca9d9f19130cee3cb773c9456.sol"},{"line":99,"column":9,"severity":"Warning","message":"Use Custom Errors instead of require statements","ruleId":"custom-errors","fix":null,"filePath":"Benchmarks/Study_SamplesSet/bd32386ca9d9f19130cee3cb773c9456.sol"},{"line":99,"column":17,"severity":"Error","message":"Avoid making time-based decisions in your business logic","ruleId":"not-rely-on-time","fix":null,"filePath":"Benchmarks/Study_SamplesSet/bd32386ca9d9f19130cee3cb773c9456.sol"},{"line":100,"column":9,"severity":"Warning","message":"Provide an error message for require","ruleId":"reason-string","fix":null,"filePath":"Benchmarks/Study_SamplesSet/bd32386ca9d9f19130cee3cb773c9456.sol"},{"line":100,"column":9,"severity":"Warning","message":"Use Custom Errors instead of require statements","ruleId":"custom-errors","fix":null,"filePath":"Benchmarks/Study_SamplesSet/bd32386ca9d9f19130cee3cb773c9456.sol"},{"line":101,"column":9,"severity":"Warning","message":"Provide an error message for require","ruleId":"reason-string","fix":null,"filePath":"Benchmarks/Study_SamplesSet/bd32386ca9d9f19130cee3cb773c9456.sol"},{"line":101,"column":9,"severity":"Warning","message":"Use Custom Errors instead of require statements","ruleId":"custom-errors","fix":null,"filePath":"Benchmarks/Study_SamplesSet/bd32386ca9d9f19130cee3cb773c9456.sol"},{"line":109,"column":13,"severity":"Warning","message":"Provide an error message for require","ruleId":"reason-string","fix":null,"filePath":"Benchmarks/Study_SamplesSet/bd32386ca9d9f19130cee3cb773c9456.sol"},{"line":109,"column":13,"severity":"Warning","message":"Use Custom Errors instead of require statements","ruleId":"custom-errors","fix":null,"filePath":"Benchmarks/Study_SamplesSet/bd32386ca9d9f19130cee3cb773c9456.sol"},{"line":110,"column":13,"severity":"Warning","message":"Provide an error message for require","ruleId":"reason-string","fix":null,"filePath":"Benchmarks/Study_SamplesSet/bd32386ca9d9f19130cee3cb773c9456.sol"},{"line":110,"column":13,"severity":"Warning","message":"Use Custom Errors instead of require statements","ruleId":"custom-errors","fix":null,"filePath":"Benchmarks/Study_SamplesSet/bd32386ca9d9f19130cee3cb773c9456.sol"},{"line":117,"column":9,"severity":"Error","message":"Explicitly mark all external contracts as trusted or untrusted","ruleId":"mark-callable-contracts","filePath":"Benchmarks/Study_SamplesSet/bd32386ca9d9f19130cee3cb773c9456.sol"},{"conclusion":"39 problem/s (7 error/s, 32 warning/s)"}]
