[{"line":1,"column":1,"severity":"Error","message":"Compiler version ^0.4.11 does not satisfy the ^0.8.0 semver requirement","ruleId":"compiler-version","fix":null,"filePath":"Benchmarks/Study_SamplesSet/bd6fd5b69d6b3242234a0a3cdc0f4a8f.sol"},{"line":8,"column":1,"severity":"Warning","message":"Contract has 24 states declarations but allowed no more than 15","ruleId":"max-states-count","fix":null,"filePath":"Benchmarks/Study_SamplesSet/bd6fd5b69d6b3242234a0a3cdc0f4a8f.sol"},{"line":9,"column":5,"severity":"Error","message":"Explicitly mark visibility in function","ruleId":"func-visibility","fix":null,"filePath":"Benchmarks/Study_SamplesSet/bd6fd5b69d6b3242234a0a3cdc0f4a8f.sol"},{"line":13,"column":5,"severity":"Error","message":"Explicitly mark visibility in function","ruleId":"func-visibility","fix":null,"filePath":"Benchmarks/Study_SamplesSet/bd6fd5b69d6b3242234a0a3cdc0f4a8f.sol"},{"line":15,"column":9,"severity":"Error","message":"Explicitly mark all external contracts as trusted or untrusted","ruleId":"mark-callable-contracts","filePath":"Benchmarks/Study_SamplesSet/bd6fd5b69d6b3242234a0a3cdc0f4a8f.sol"},{"line":19,"column":5,"severity":"Error","message":"Explicitly mark visibility in function","ruleId":"func-visibility","fix":null,"filePath":"Benchmarks/Study_SamplesSet/bd6fd5b69d6b3242234a0a3cdc0f4a8f.sol"},{"line":23,"column":5,"severity":"Error","message":"Explicitly mark visibility of state","ruleId":"state-visibility","fix":null,"filePath":"Benchmarks/Study_SamplesSet/bd6fd5b69d6b3242234a0a3cdc0f4a8f.sol"},{"line":24,"column":5,"severity":"Error","message":"Explicitly mark visibility of state","ruleId":"state-visibility","fix":null,"filePath":"Benchmarks/Study_SamplesSet/bd6fd5b69d6b3242234a0a3cdc0f4a8f.sol"},{"line":25,"column":5,"severity":"Error","message":"Explicitly mark visibility of state","ruleId":"state-visibility","fix":null,"filePath":"Benchmarks/Study_SamplesSet/bd6fd5b69d6b3242234a0a3cdc0f4a8f.sol"},{"line":30,"column":5,"severity":"Warning","message":"Rule is set with explicit type [var/s: uint]","ruleId":"explicit-types","filePath":"Benchmarks/Study_SamplesSet/bd6fd5b69d6b3242234a0a3cdc0f4a8f.sol"},{"line":32,"column":5,"severity":"Warning","message":"Rule is set with explicit type [var/s: uint]","ruleId":"explicit-types","filePath":"Benchmarks/Study_SamplesSet/bd6fd5b69d6b3242234a0a3cdc0f4a8f.sol"},{"line":33,"column":5,"severity":"Warning","message":"Rule is set with explicit type [var/s: uint]","ruleId":"explicit-types","filePath":"Benchmarks/Study_SamplesSet/bd6fd5b69d6b3242234a0a3cdc0f4a8f.sol"},{"line":49,"column":5,"severity":"Warning","message":"Rule is set with explicit type [var/s: uint]","ruleId":"explicit-types","filePath":"Benchmarks/Study_SamplesSet/bd6fd5b69d6b3242234a0a3cdc0f4a8f.sol"},{"line":50,"column":5,"severity":"Warning","message":"Rule is set with explicit type [var/s: uint]","ruleId":"explicit-types","filePath":"Benchmarks/Study_SamplesSet/bd6fd5b69d6b3242234a0a3cdc0f4a8f.sol"},{"line":63,"column":5,"severity":"Warning","message":"Event name must be in CamelCase","ruleId":"event-name-camelcase","filePath":"Benchmarks/Study_SamplesSet/bd6fd5b69d6b3242234a0a3cdc0f4a8f.sol"},{"line":65,"column":5,"severity":"Error","message":"Explicitly mark visibility in function (Set ignoreConstructors to true if using solidity >=0.7.0)","ruleId":"func-visibility","fix":null,"filePath":"Benchmarks/Study_SamplesSet/bd6fd5b69d6b3242234a0a3cdc0f4a8f.sol"},{"line":65,"column":67,"severity":"Warning","message":"Rule is set with explicit type [var/s: uint]","ruleId":"explicit-types","filePath":"Benchmarks/Study_SamplesSet/bd6fd5b69d6b3242234a0a3cdc0f4a8f.sol"},{"line":65,"column":89,"severity":"Warning","message":"Rule is set with explicit type [var/s: uint]","ruleId":"explicit-types","filePath":"Benchmarks/Study_SamplesSet/bd6fd5b69d6b3242234a0a3cdc0f4a8f.sol"},{"line":74,"column":5,"severity":"Error","message":"Explicitly mark visibility in function","ruleId":"func-visibility","fix":null,"filePath":"Benchmarks/Study_SamplesSet/bd6fd5b69d6b3242234a0a3cdc0f4a8f.sol"},{"line":84,"column":5,"severity":"Error","message":"Explicitly mark visibility in function","ruleId":"func-visibility","fix":null,"filePath":"Benchmarks/Study_SamplesSet/bd6fd5b69d6b3242234a0a3cdc0f4a8f.sol"},{"line":95,"column":5,"severity":"Error","message":"Explicitly mark visibility in function","ruleId":"func-visibility","fix":null,"filePath":"Benchmarks/Study_SamplesSet/bd6fd5b69d6b3242234a0a3cdc0f4a8f.sol"},{"line":97,"column":115,"severity":"Error","message":"\"throw\" is deprecated, avoid to use it","ruleId":"avoid-throw","filePath":"Benchmarks/Study_SamplesSet/bd6fd5b69d6b3242234a0a3cdc0f4a8f.sol"},{"line":103,"column":14,"severity":"Error","message":"Avoid to use low level calls.","ruleId":"avoid-low-level-calls","fix":null,"filePath":"Benchmarks/Study_SamplesSet/bd6fd5b69d6b3242234a0a3cdc0f4a8f.sol"},{"line":103,"column":14,"severity":"Error","message":"Avoid to use \".call.value()()\"","ruleId":"avoid-call-value","fix":null,"filePath":"Benchmarks/Study_SamplesSet/bd6fd5b69d6b3242234a0a3cdc0f4a8f.sol"},{"line":103,"column":47,"severity":"Error","message":"\"throw\" is deprecated, avoid to use it","ruleId":"avoid-throw","filePath":"Benchmarks/Study_SamplesSet/bd6fd5b69d6b3242234a0a3cdc0f4a8f.sol"},{"line":104,"column":9,"severity":"Error","message":"Explicitly mark all external contracts as trusted or untrusted","ruleId":"mark-callable-contracts","filePath":"Benchmarks/Study_SamplesSet/bd6fd5b69d6b3242234a0a3cdc0f4a8f.sol"},{"line":110,"column":5,"severity":"Error","message":"Explicitly mark visibility in function","ruleId":"func-visibility","fix":null,"filePath":"Benchmarks/Study_SamplesSet/bd6fd5b69d6b3242234a0a3cdc0f4a8f.sol"},{"line":111,"column":34,"severity":"Error","message":"\"throw\" is deprecated, avoid to use it","ruleId":"avoid-throw","filePath":"Benchmarks/Study_SamplesSet/bd6fd5b69d6b3242234a0a3cdc0f4a8f.sol"},{"line":112,"column":55,"severity":"Error","message":"\"throw\" is deprecated, avoid to use it","ruleId":"avoid-throw","filePath":"Benchmarks/Study_SamplesSet/bd6fd5b69d6b3242234a0a3cdc0f4a8f.sol"},{"line":113,"column":31,"severity":"Error","message":"\"throw\" is deprecated, avoid to use it","ruleId":"avoid-throw","filePath":"Benchmarks/Study_SamplesSet/bd6fd5b69d6b3242234a0a3cdc0f4a8f.sol"},{"line":117,"column":9,"severity":"Error","message":"Explicitly mark all external contracts as trusted or untrusted","ruleId":"mark-callable-contracts","filePath":"Benchmarks/Study_SamplesSet/bd6fd5b69d6b3242234a0a3cdc0f4a8f.sol"},{"line":123,"column":5,"severity":"Error","message":"Explicitly mark visibility in function","ruleId":"func-visibility","fix":null,"filePath":"Benchmarks/Study_SamplesSet/bd6fd5b69d6b3242234a0a3cdc0f4a8f.sol"},{"line":124,"column":33,"severity":"Error","message":"\"throw\" is deprecated, avoid to use it","ruleId":"avoid-throw","filePath":"Benchmarks/Study_SamplesSet/bd6fd5b69d6b3242234a0a3cdc0f4a8f.sol"},{"line":125,"column":39,"severity":"Error","message":"\"throw\" is deprecated, avoid to use it","ruleId":"avoid-throw","filePath":"Benchmarks/Study_SamplesSet/bd6fd5b69d6b3242234a0a3cdc0f4a8f.sol"},{"line":139,"column":5,"severity":"Error","message":"Explicitly mark visibility in function","ruleId":"func-visibility","fix":null,"filePath":"Benchmarks/Study_SamplesSet/bd6fd5b69d6b3242234a0a3cdc0f4a8f.sol"},{"line":140,"column":34,"severity":"Error","message":"\"throw\" is deprecated, avoid to use it","ruleId":"avoid-throw","filePath":"Benchmarks/Study_SamplesSet/bd6fd5b69d6b3242234a0a3cdc0f4a8f.sol"},{"line":141,"column":39,"severity":"Error","message":"\"throw\" is deprecated, avoid to use it","ruleId":"avoid-throw","filePath":"Benchmarks/Study_SamplesSet/bd6fd5b69d6b3242234a0a3cdc0f4a8f.sol"},{"line":153,"column":5,"severity":"Error","message":"Explicitly mark visibility in function","ruleId":"func-visibility","fix":null,"filePath":"Benchmarks/Study_SamplesSet/bd6fd5b69d6b3242234a0a3cdc0f4a8f.sol"},{"line":160,"column":5,"severity":"Error","message":"Explicitly mark visibility in function","ruleId":"func-visibility","fix":null,"filePath":"Benchmarks/Study_SamplesSet/bd6fd5b69d6b3242234a0a3cdc0f4a8f.sol"},{"line":161,"column":81,"severity":"Error","message":"\"throw\" is deprecated, avoid to use it","ruleId":"avoid-throw","filePath":"Benchmarks/Study_SamplesSet/bd6fd5b69d6b3242234a0a3cdc0f4a8f.sol"},{"line":162,"column":47,"severity":"Error","message":"\"throw\" is deprecated, avoid to use it","ruleId":"avoid-throw","filePath":"Benchmarks/Study_SamplesSet/bd6fd5b69d6b3242234a0a3cdc0f4a8f.sol"},{"line":170,"column":5,"severity":"Error","message":"Explicitly mark visibility in function","ruleId":"func-visibility","fix":null,"filePath":"Benchmarks/Study_SamplesSet/bd6fd5b69d6b3242234a0a3cdc0f4a8f.sol"},{"line":171,"column":36,"severity":"Error","message":"\"throw\" is deprecated, avoid to use it","ruleId":"avoid-throw","filePath":"Benchmarks/Study_SamplesSet/bd6fd5b69d6b3242234a0a3cdc0f4a8f.sol"},{"line":172,"column":38,"severity":"Error","message":"\"throw\" is deprecated, avoid to use it","ruleId":"avoid-throw","filePath":"Benchmarks/Study_SamplesSet/bd6fd5b69d6b3242234a0a3cdc0f4a8f.sol"},{"line":182,"column":5,"severity":"Error","message":"Explicitly mark visibility in function","ruleId":"func-visibility","fix":null,"filePath":"Benchmarks/Study_SamplesSet/bd6fd5b69d6b3242234a0a3cdc0f4a8f.sol"},{"line":183,"column":34,"severity":"Error","message":"\"throw\" is deprecated, avoid to use it","ruleId":"avoid-throw","filePath":"Benchmarks/Study_SamplesSet/bd6fd5b69d6b3242234a0a3cdc0f4a8f.sol"},{"line":187,"column":5,"severity":"Error","message":"Explicitly mark visibility in function","ruleId":"func-visibility","fix":null,"filePath":"Benchmarks/Study_SamplesSet/bd6fd5b69d6b3242234a0a3cdc0f4a8f.sol"},{"line":188,"column":34,"severity":"Error","message":"\"throw\" is deprecated, avoid to use it","ruleId":"avoid-throw","filePath":"Benchmarks/Study_SamplesSet/bd6fd5b69d6b3242234a0a3cdc0f4a8f.sol"},{"line":193,"column":5,"severity":"Error","message":"Explicitly mark visibility in function","ruleId":"func-visibility","fix":null,"filePath":"Benchmarks/Study_SamplesSet/bd6fd5b69d6b3242234a0a3cdc0f4a8f.sol"},{"line":194,"column":34,"severity":"Error","message":"Use \"selfdestruct\" instead of deprecated \"suicide\"","ruleId":"avoid-suicide","filePath":"Benchmarks/Study_SamplesSet/bd6fd5b69d6b3242234a0a3cdc0f4a8f.sol"},{"line":201,"column":5,"severity":"Error","message":"Explicitly mark visibility in function","ruleId":"func-visibility","fix":null,"filePath":"Benchmarks/Study_SamplesSet/bd6fd5b69d6b3242234a0a3cdc0f4a8f.sol"},{"line":202,"column":34,"severity":"Error","message":"\"throw\" is deprecated, avoid to use it","ruleId":"avoid-throw","filePath":"Benchmarks/Study_SamplesSet/bd6fd5b69d6b3242234a0a3cdc0f4a8f.sol"},{"line":209,"column":5,"severity":"Error","message":"Explicitly mark visibility in function","ruleId":"func-visibility","fix":null,"filePath":"Benchmarks/Study_SamplesSet/bd6fd5b69d6b3242234a0a3cdc0f4a8f.sol"},{"line":210,"column":81,"severity":"Error","message":"\"throw\" is deprecated, avoid to use it","ruleId":"avoid-throw","filePath":"Benchmarks/Study_SamplesSet/bd6fd5b69d6b3242234a0a3cdc0f4a8f.sol"},{"line":216,"column":13,"severity":"Error","message":"Explicitly mark all external contracts as trusted or untrusted","ruleId":"mark-callable-contracts","filePath":"Benchmarks/Study_SamplesSet/bd6fd5b69d6b3242234a0a3cdc0f4a8f.sol"},{"line":225,"column":5,"severity":"Error","message":"Explicitly mark visibility in function","ruleId":"func-visibility","fix":null,"filePath":"Benchmarks/Study_SamplesSet/bd6fd5b69d6b3242234a0a3cdc0f4a8f.sol"},{"line":226,"column":81,"severity":"Error","message":"\"throw\" is deprecated, avoid to use it","ruleId":"avoid-throw","filePath":"Benchmarks/Study_SamplesSet/bd6fd5b69d6b3242234a0a3cdc0f4a8f.sol"},{"line":233,"column":13,"severity":"Error","message":"Explicitly mark all external contracts as trusted or untrusted","ruleId":"mark-callable-contracts","filePath":"Benchmarks/Study_SamplesSet/bd6fd5b69d6b3242234a0a3cdc0f4a8f.sol"},{"line":248,"column":5,"severity":"Warning","message":"Fallback should be external and payable to accept native currency","ruleId":"payable-fallback","filePath":"Benchmarks/Study_SamplesSet/bd6fd5b69d6b3242234a0a3cdc0f4a8f.sol"},{"line":248,"column":5,"severity":"Error","message":"Explicitly mark visibility in function","ruleId":"func-visibility","fix":null,"filePath":"Benchmarks/Study_SamplesSet/bd6fd5b69d6b3242234a0a3cdc0f4a8f.sol"},{"line":249,"column":9,"severity":"Error","message":"\"throw\" is deprecated, avoid to use it","ruleId":"avoid-throw","filePath":"Benchmarks/Study_SamplesSet/bd6fd5b69d6b3242234a0a3cdc0f4a8f.sol"},{"conclusion":"61 problem/s (51 error/s, 10 warning/s)"}]
