[{"line":1,"column":1,"severity":"Warning","message":"Found more than One contract per file. 7 contracts found!","ruleId":"one-contract-per-file","fix":null,"filePath":"Benchmarks/Study_SamplesSet/bded30291f886de346413d4e4e1de4ba.sol"},{"line":1,"column":1,"severity":"Error","message":"Compiler version ^0.4.24 does not satisfy the ^0.8.0 semver requirement","ruleId":"compiler-version","fix":null,"filePath":"Benchmarks/Study_SamplesSet/bded30291f886de346413d4e4e1de4ba.sol"},{"line":5,"column":5,"severity":"Warning","message":"Event name must be in CamelCase","ruleId":"event-name-camelcase","filePath":"Benchmarks/Study_SamplesSet/bded30291f886de346413d4e4e1de4ba.sol"},{"line":19,"column":5,"severity":"Warning","message":"Event name must be in CamelCase","ruleId":"event-name-camelcase","filePath":"Benchmarks/Study_SamplesSet/bded30291f886de346413d4e4e1de4ba.sol"},{"line":31,"column":9,"severity":"Warning","message":"Variable name must be in mixedCase","ruleId":"var-name-mixedcase","fix":null,"filePath":"Benchmarks/Study_SamplesSet/bded30291f886de346413d4e4e1de4ba.sol"},{"line":38,"column":5,"severity":"Warning","message":"Event name must be in CamelCase","ruleId":"event-name-camelcase","filePath":"Benchmarks/Study_SamplesSet/bded30291f886de346413d4e4e1de4ba.sol"},{"line":48,"column":5,"severity":"Warning","message":"Event name must be in CamelCase","ruleId":"event-name-camelcase","filePath":"Benchmarks/Study_SamplesSet/bded30291f886de346413d4e4e1de4ba.sol"},{"line":59,"column":9,"severity":"Warning","message":"Variable name must be in mixedCase","ruleId":"var-name-mixedcase","fix":null,"filePath":"Benchmarks/Study_SamplesSet/bded30291f886de346413d4e4e1de4ba.sol"},{"line":64,"column":5,"severity":"Warning","message":"Event name must be in CamelCase","ruleId":"event-name-camelcase","filePath":"Benchmarks/Study_SamplesSet/bded30291f886de346413d4e4e1de4ba.sol"},{"line":75,"column":9,"severity":"Warning","message":"Variable name must be in mixedCase","ruleId":"var-name-mixedcase","fix":null,"filePath":"Benchmarks/Study_SamplesSet/bded30291f886de346413d4e4e1de4ba.sol"},{"line":80,"column":5,"severity":"Warning","message":"Event name must be in CamelCase","ruleId":"event-name-camelcase","filePath":"Benchmarks/Study_SamplesSet/bded30291f886de346413d4e4e1de4ba.sol"},{"line":90,"column":9,"severity":"Warning","message":"Variable name must be in mixedCase","ruleId":"var-name-mixedcase","fix":null,"filePath":"Benchmarks/Study_SamplesSet/bded30291f886de346413d4e4e1de4ba.sol"},{"line":95,"column":5,"severity":"Warning","message":"Event name must be in CamelCase","ruleId":"event-name-camelcase","filePath":"Benchmarks/Study_SamplesSet/bded30291f886de346413d4e4e1de4ba.sol"},{"line":107,"column":1,"severity":"Warning","message":"Code contains empty blocks","ruleId":"no-empty-blocks","fix":null,"filePath":"Benchmarks/Study_SamplesSet/bded30291f886de346413d4e4e1de4ba.sol"},{"line":107,"column":1,"severity":"Warning","message":"Contract, Structs and Enums should be in CamelCase","ruleId":"contract-name-camelcase","filePath":"Benchmarks/Study_SamplesSet/bded30291f886de346413d4e4e1de4ba.sol"},{"line":109,"column":1,"severity":"Warning","message":"Contract has 17 states declarations but allowed no more than 15","ruleId":"max-states-count","fix":null,"filePath":"Benchmarks/Study_SamplesSet/bded30291f886de346413d4e4e1de4ba.sol"},{"line":113,"column":5,"severity":"Warning","message":"Constant name must be in capitalized SNAKE_CASE","ruleId":"const-name-snakecase","fix":null,"filePath":"Benchmarks/Study_SamplesSet/bded30291f886de346413d4e4e1de4ba.sol"},{"line":118,"column":5,"severity":"Warning","message":"Constant name must be in capitalized SNAKE_CASE","ruleId":"const-name-snakecase","fix":null,"filePath":"Benchmarks/Study_SamplesSet/bded30291f886de346413d4e4e1de4ba.sol"},{"line":119,"column":5,"severity":"Warning","message":"Constant name must be in capitalized SNAKE_CASE","ruleId":"const-name-snakecase","fix":null,"filePath":"Benchmarks/Study_SamplesSet/bded30291f886de346413d4e4e1de4ba.sol"},{"line":122,"column":5,"severity":"Warning","message":"Constant name must be in capitalized SNAKE_CASE","ruleId":"const-name-snakecase","fix":null,"filePath":"Benchmarks/Study_SamplesSet/bded30291f886de346413d4e4e1de4ba.sol"},{"line":123,"column":5,"severity":"Warning","message":"Constant name must be in capitalized SNAKE_CASE","ruleId":"const-name-snakecase","fix":null,"filePath":"Benchmarks/Study_SamplesSet/bded30291f886de346413d4e4e1de4ba.sol"},{"line":124,"column":5,"severity":"Warning","message":"Constant name must be in capitalized SNAKE_CASE","ruleId":"const-name-snakecase","fix":null,"filePath":"Benchmarks/Study_SamplesSet/bded30291f886de346413d4e4e1de4ba.sol"},{"line":149,"column":20,"severity":"Error","message":"Explicitly mark all external contracts as trusted or untrusted","ruleId":"mark-callable-contracts","filePath":"Benchmarks/Study_SamplesSet/bded30291f886de346413d4e4e1de4ba.sol"},{"line":151,"column":20,"severity":"Error","message":"Explicitly mark all external contracts as trusted or untrusted","ruleId":"mark-callable-contracts","filePath":"Benchmarks/Study_SamplesSet/bded30291f886de346413d4e4e1de4ba.sol"},{"line":153,"column":20,"severity":"Error","message":"Explicitly mark all external contracts as trusted or untrusted","ruleId":"mark-callable-contracts","filePath":"Benchmarks/Study_SamplesSet/bded30291f886de346413d4e4e1de4ba.sol"},{"line":155,"column":20,"severity":"Error","message":"Explicitly mark all external contracts as trusted or untrusted","ruleId":"mark-callable-contracts","filePath":"Benchmarks/Study_SamplesSet/bded30291f886de346413d4e4e1de4ba.sol"},{"line":158,"column":24,"severity":"Error","message":"Explicitly mark all external contracts as trusted or untrusted","ruleId":"mark-callable-contracts","filePath":"Benchmarks/Study_SamplesSet/bded30291f886de346413d4e4e1de4ba.sol"},{"line":160,"column":24,"severity":"Error","message":"Explicitly mark all external contracts as trusted or untrusted","ruleId":"mark-callable-contracts","filePath":"Benchmarks/Study_SamplesSet/bded30291f886de346413d4e4e1de4ba.sol"},{"line":162,"column":24,"severity":"Error","message":"Explicitly mark all external contracts as trusted or untrusted","ruleId":"mark-callable-contracts","filePath":"Benchmarks/Study_SamplesSet/bded30291f886de346413d4e4e1de4ba.sol"},{"line":164,"column":24,"severity":"Error","message":"Explicitly mark all external contracts as trusted or untrusted","ruleId":"mark-callable-contracts","filePath":"Benchmarks/Study_SamplesSet/bded30291f886de346413d4e4e1de4ba.sol"},{"line":168,"column":9,"severity":"Warning","message":"Use Custom Errors instead of require statements","ruleId":"custom-errors","fix":null,"filePath":"Benchmarks/Study_SamplesSet/bded30291f886de346413d4e4e1de4ba.sol"},{"line":174,"column":9,"severity":"Warning","message":"Provide an error message for require","ruleId":"reason-string","fix":null,"filePath":"Benchmarks/Study_SamplesSet/bded30291f886de346413d4e4e1de4ba.sol"},{"line":174,"column":9,"severity":"Warning","message":"Use Custom Errors instead of require statements","ruleId":"custom-errors","fix":null,"filePath":"Benchmarks/Study_SamplesSet/bded30291f886de346413d4e4e1de4ba.sol"},{"line":174,"column":27,"severity":"Error","message":"Avoid to use tx.origin","ruleId":"avoid-tx-origin","fix":null,"filePath":"Benchmarks/Study_SamplesSet/bded30291f886de346413d4e4e1de4ba.sol"},{"line":177,"column":9,"severity":"Error","message":"Avoid to use inline assembly. It is acceptable only in rare cases","ruleId":"no-inline-assembly","fix":null,"filePath":"Benchmarks/Study_SamplesSet/bded30291f886de346413d4e4e1de4ba.sol"},{"line":178,"column":9,"severity":"Warning","message":"Use Custom Errors instead of require statements","ruleId":"custom-errors","fix":null,"filePath":"Benchmarks/Study_SamplesSet/bded30291f886de346413d4e4e1de4ba.sol"},{"line":183,"column":9,"severity":"Warning","message":"Use Custom Errors instead of require statements","ruleId":"custom-errors","fix":null,"filePath":"Benchmarks/Study_SamplesSet/bded30291f886de346413d4e4e1de4ba.sol"},{"line":184,"column":9,"severity":"Warning","message":"Use Custom Errors instead of require statements","ruleId":"custom-errors","fix":null,"filePath":"Benchmarks/Study_SamplesSet/bded30291f886de346413d4e4e1de4ba.sol"},{"line":189,"column":5,"severity":"Error","message":"Fallback function must be simple","ruleId":"no-complex-fallback","fix":null,"filePath":"Benchmarks/Study_SamplesSet/bded30291f886de346413d4e4e1de4ba.sol"},{"line":193,"column":9,"severity":"Warning","message":"Visibility modifier must be first in list of modifiers","ruleId":"visibility-modifier-order","fix":null,"filePath":"Benchmarks/Study_SamplesSet/bded30291f886de346413d4e4e1de4ba.sol"},{"line":203,"column":9,"severity":"Warning","message":"Visibility modifier must be first in list of modifiers","ruleId":"visibility-modifier-order","fix":null,"filePath":"Benchmarks/Study_SamplesSet/bded30291f886de346413d4e4e1de4ba.sol"},{"line":205,"column":9,"severity":"Warning","message":"Use Custom Errors instead of require statements","ruleId":"custom-errors","fix":null,"filePath":"Benchmarks/Study_SamplesSet/bded30291f886de346413d4e4e1de4ba.sol"},{"line":206,"column":9,"severity":"Warning","message":"Use Custom Errors instead of require statements","ruleId":"custom-errors","fix":null,"filePath":"Benchmarks/Study_SamplesSet/bded30291f886de346413d4e4e1de4ba.sol"},{"line":212,"column":9,"severity":"Warning","message":"Visibility modifier must be first in list of modifiers","ruleId":"visibility-modifier-order","fix":null,"filePath":"Benchmarks/Study_SamplesSet/bded30291f886de346413d4e4e1de4ba.sol"},{"line":214,"column":9,"severity":"Warning","message":"Use Custom Errors instead of require statements","ruleId":"custom-errors","fix":null,"filePath":"Benchmarks/Study_SamplesSet/bded30291f886de346413d4e4e1de4ba.sol"},{"line":215,"column":9,"severity":"Warning","message":"Use Custom Errors instead of require statements","ruleId":"custom-errors","fix":null,"filePath":"Benchmarks/Study_SamplesSet/bded30291f886de346413d4e4e1de4ba.sol"},{"line":224,"column":9,"severity":"Warning","message":"Visibility modifier must be first in list of modifiers","ruleId":"visibility-modifier-order","fix":null,"filePath":"Benchmarks/Study_SamplesSet/bded30291f886de346413d4e4e1de4ba.sol"},{"line":248,"column":9,"severity":"Warning","message":"Visibility modifier must be first in list of modifiers","ruleId":"visibility-modifier-order","fix":null,"filePath":"Benchmarks/Study_SamplesSet/bded30291f886de346413d4e4e1de4ba.sol"},{"line":276,"column":9,"severity":"Warning","message":"Visibility modifier must be first in list of modifiers","ruleId":"visibility-modifier-order","fix":null,"filePath":"Benchmarks/Study_SamplesSet/bded30291f886de346413d4e4e1de4ba.sol"},{"line":283,"column":25,"severity":"Error","message":"Use double quotes for string literals","ruleId":"quotes","filePath":"Benchmarks/Study_SamplesSet/bded30291f886de346413d4e4e1de4ba.sol"},{"line":305,"column":9,"severity":"Warning","message":"Visibility modifier must be first in list of modifiers","ruleId":"visibility-modifier-order","fix":null,"filePath":"Benchmarks/Study_SamplesSet/bded30291f886de346413d4e4e1de4ba.sol"},{"line":328,"column":9,"severity":"Warning","message":"Visibility modifier must be first in list of modifiers","ruleId":"visibility-modifier-order","fix":null,"filePath":"Benchmarks/Study_SamplesSet/bded30291f886de346413d4e4e1de4ba.sol"},{"line":355,"column":9,"severity":"Warning","message":"Visibility modifier must be first in list of modifiers","ruleId":"visibility-modifier-order","fix":null,"filePath":"Benchmarks/Study_SamplesSet/bded30291f886de346413d4e4e1de4ba.sol"},{"line":361,"column":25,"severity":"Error","message":"Use double quotes for string literals","ruleId":"quotes","filePath":"Benchmarks/Study_SamplesSet/bded30291f886de346413d4e4e1de4ba.sol"},{"line":382,"column":9,"severity":"Warning","message":"Visibility modifier must be first in list of modifiers","ruleId":"visibility-modifier-order","fix":null,"filePath":"Benchmarks/Study_SamplesSet/bded30291f886de346413d4e4e1de4ba.sol"},{"line":385,"column":24,"severity":"Error","message":"Avoid making time-based decisions in your business logic","ruleId":"not-rely-on-time","fix":null,"filePath":"Benchmarks/Study_SamplesSet/bded30291f886de346413d4e4e1de4ba.sol"},{"line":429,"column":9,"severity":"Warning","message":"Visibility modifier must be first in list of modifiers","ruleId":"visibility-modifier-order","fix":null,"filePath":"Benchmarks/Study_SamplesSet/bded30291f886de346413d4e4e1de4ba.sol"},{"line":439,"column":123,"severity":"Error","message":"Avoid making time-based decisions in your business logic","ruleId":"not-rely-on-time","fix":null,"filePath":"Benchmarks/Study_SamplesSet/bded30291f886de346413d4e4e1de4ba.sol"},{"line":445,"column":9,"severity":"Warning","message":"Visibility modifier must be first in list of modifiers","ruleId":"visibility-modifier-order","fix":null,"filePath":"Benchmarks/Study_SamplesSet/bded30291f886de346413d4e4e1de4ba.sol"},{"line":455,"column":123,"severity":"Error","message":"Avoid making time-based decisions in your business logic","ruleId":"not-rely-on-time","fix":null,"filePath":"Benchmarks/Study_SamplesSet/bded30291f886de346413d4e4e1de4ba.sol"},{"line":461,"column":9,"severity":"Warning","message":"Visibility modifier must be first in list of modifiers","ruleId":"visibility-modifier-order","fix":null,"filePath":"Benchmarks/Study_SamplesSet/bded30291f886de346413d4e4e1de4ba.sol"},{"line":471,"column":123,"severity":"Error","message":"Avoid making time-based decisions in your business logic","ruleId":"not-rely-on-time","fix":null,"filePath":"Benchmarks/Study_SamplesSet/bded30291f886de346413d4e4e1de4ba.sol"},{"line":482,"column":24,"severity":"Error","message":"Avoid making time-based decisions in your business logic","ruleId":"not-rely-on-time","fix":null,"filePath":"Benchmarks/Study_SamplesSet/bded30291f886de346413d4e4e1de4ba.sol"},{"line":496,"column":24,"severity":"Error","message":"Avoid making time-based decisions in your business logic","ruleId":"not-rely-on-time","fix":null,"filePath":"Benchmarks/Study_SamplesSet/bded30291f886de346413d4e4e1de4ba.sol"},{"line":516,"column":13,"severity":"Error","message":"Avoid making time-based decisions in your business logic","ruleId":"not-rely-on-time","fix":null,"filePath":"Benchmarks/Study_SamplesSet/bded30291f886de346413d4e4e1de4ba.sol"},{"line":610,"column":24,"severity":"Error","message":"Avoid making time-based decisions in your business logic","ruleId":"not-rely-on-time","fix":null,"filePath":"Benchmarks/Study_SamplesSet/bded30291f886de346413d4e4e1de4ba.sol"},{"line":655,"column":24,"severity":"Error","message":"Avoid making time-based decisions in your business logic","ruleId":"not-rely-on-time","fix":null,"filePath":"Benchmarks/Study_SamplesSet/bded30291f886de346413d4e4e1de4ba.sol"},{"line":786,"column":24,"severity":"Error","message":"Avoid making time-based decisions in your business logic","ruleId":"not-rely-on-time","fix":null,"filePath":"Benchmarks/Study_SamplesSet/bded30291f886de346413d4e4e1de4ba.sol"},{"line":800,"column":24,"severity":"Error","message":"Avoid making time-based decisions in your business logic","ruleId":"not-rely-on-time","fix":null,"filePath":"Benchmarks/Study_SamplesSet/bded30291f886de346413d4e4e1de4ba.sol"},{"line":822,"column":9,"severity":"Warning","message":"Error message for require is too long: 39 counted / 32 allowed","ruleId":"reason-string","fix":null,"filePath":"Benchmarks/Study_SamplesSet/bded30291f886de346413d4e4e1de4ba.sol"},{"line":822,"column":9,"severity":"Warning","message":"Use Custom Errors instead of require statements","ruleId":"custom-errors","fix":null,"filePath":"Benchmarks/Study_SamplesSet/bded30291f886de346413d4e4e1de4ba.sol"},{"line":822,"column":40,"severity":"Error","message":"Explicitly mark all external contracts as trusted or untrusted","ruleId":"mark-callable-contracts","filePath":"Benchmarks/Study_SamplesSet/bded30291f886de346413d4e4e1de4ba.sol"},{"line":840,"column":9,"severity":"Warning","message":"Error message for require is too long: 39 counted / 32 allowed","ruleId":"reason-string","fix":null,"filePath":"Benchmarks/Study_SamplesSet/bded30291f886de346413d4e4e1de4ba.sol"},{"line":840,"column":9,"severity":"Warning","message":"Use Custom Errors instead of require statements","ruleId":"custom-errors","fix":null,"filePath":"Benchmarks/Study_SamplesSet/bded30291f886de346413d4e4e1de4ba.sol"},{"line":840,"column":40,"severity":"Error","message":"Explicitly mark all external contracts as trusted or untrusted","ruleId":"mark-callable-contracts","filePath":"Benchmarks/Study_SamplesSet/bded30291f886de346413d4e4e1de4ba.sol"},{"line":853,"column":20,"severity":"Error","message":"Explicitly mark all external contracts as trusted or untrusted","ruleId":"mark-callable-contracts","filePath":"Benchmarks/Study_SamplesSet/bded30291f886de346413d4e4e1de4ba.sol"},{"line":933,"column":9,"severity":"Error","message":"Possible reentrancy vulnerabilities. Avoid state changes after transfer.","ruleId":"reentrancy","fix":null,"filePath":"Benchmarks/Study_SamplesSet/bded30291f886de346413d4e4e1de4ba.sol"},{"line":946,"column":9,"severity":"Error","message":"Possible reentrancy vulnerabilities. Avoid state changes after transfer.","ruleId":"reentrancy","fix":null,"filePath":"Benchmarks/Study_SamplesSet/bded30291f886de346413d4e4e1de4ba.sol"},{"line":946,"column":29,"severity":"Error","message":"Avoid making time-based decisions in your business logic","ruleId":"not-rely-on-time","fix":null,"filePath":"Benchmarks/Study_SamplesSet/bded30291f886de346413d4e4e1de4ba.sol"},{"line":947,"column":9,"severity":"Error","message":"Possible reentrancy vulnerabilities. Avoid state changes after transfer.","ruleId":"reentrancy","fix":null,"filePath":"Benchmarks/Study_SamplesSet/bded30291f886de346413d4e4e1de4ba.sol"},{"line":947,"column":28,"severity":"Error","message":"Avoid making time-based decisions in your business logic","ruleId":"not-rely-on-time","fix":null,"filePath":"Benchmarks/Study_SamplesSet/bded30291f886de346413d4e4e1de4ba.sol"},{"line":948,"column":9,"severity":"Error","message":"Possible reentrancy vulnerabilities. Avoid state changes after transfer.","ruleId":"reentrancy","fix":null,"filePath":"Benchmarks/Study_SamplesSet/bded30291f886de346413d4e4e1de4ba.sol"},{"line":969,"column":24,"severity":"Error","message":"Avoid making time-based decisions in your business logic","ruleId":"not-rely-on-time","fix":null,"filePath":"Benchmarks/Study_SamplesSet/bded30291f886de346413d4e4e1de4ba.sol"},{"line":990,"column":14,"severity":"Error","message":"Avoid making time-based decisions in your business logic","ruleId":"not-rely-on-time","fix":null,"filePath":"Benchmarks/Study_SamplesSet/bded30291f886de346413d4e4e1de4ba.sol"},{"line":992,"column":72,"severity":"Error","message":"Avoid making time-based decisions in your business logic","ruleId":"not-rely-on-time","fix":null,"filePath":"Benchmarks/Study_SamplesSet/bded30291f886de346413d4e4e1de4ba.sol"},{"line":994,"column":68,"severity":"Error","message":"Avoid making time-based decisions in your business logic","ruleId":"not-rely-on-time","fix":null,"filePath":"Benchmarks/Study_SamplesSet/bded30291f886de346413d4e4e1de4ba.sol"},{"line":1019,"column":53,"severity":"Error","message":"Use double quotes for string literals","ruleId":"quotes","filePath":"Benchmarks/Study_SamplesSet/bded30291f886de346413d4e4e1de4ba.sol"},{"line":1021,"column":112,"severity":"Error","message":"Avoid making time-based decisions in your business logic","ruleId":"not-rely-on-time","fix":null,"filePath":"Benchmarks/Study_SamplesSet/bded30291f886de346413d4e4e1de4ba.sol"},{"line":1096,"column":68,"severity":"Error","message":"Avoid making time-based decisions in your business logic","ruleId":"not-rely-on-time","fix":null,"filePath":"Benchmarks/Study_SamplesSet/bded30291f886de346413d4e4e1de4ba.sol"},{"line":1122,"column":9,"severity":"Warning","message":"Use Custom Errors instead of require statements","ruleId":"custom-errors","fix":null,"filePath":"Benchmarks/Study_SamplesSet/bded30291f886de346413d4e4e1de4ba.sol"},{"line":1123,"column":9,"severity":"Warning","message":"Use Custom Errors instead of require statements","ruleId":"custom-errors","fix":null,"filePath":"Benchmarks/Study_SamplesSet/bded30291f886de346413d4e4e1de4ba.sol"},{"line":1128,"column":26,"severity":"Error","message":"Avoid making time-based decisions in your business logic","ruleId":"not-rely-on-time","fix":null,"filePath":"Benchmarks/Study_SamplesSet/bded30291f886de346413d4e4e1de4ba.sol"},{"line":1129,"column":25,"severity":"Error","message":"Avoid making time-based decisions in your business logic","ruleId":"not-rely-on-time","fix":null,"filePath":"Benchmarks/Study_SamplesSet/bded30291f886de346413d4e4e1de4ba.sol"},{"line":1135,"column":9,"severity":"Warning","message":"Use Custom Errors instead of require statements","ruleId":"custom-errors","fix":null,"filePath":"Benchmarks/Study_SamplesSet/bded30291f886de346413d4e4e1de4ba.sol"},{"line":1148,"column":9,"severity":"Warning","message":"Variable name must be in mixedCase","ruleId":"var-name-mixedcase","fix":null,"filePath":"Benchmarks/Study_SamplesSet/bded30291f886de346413d4e4e1de4ba.sol"},{"line":1250,"column":9,"severity":"Warning","message":"Use Custom Errors instead of require statements","ruleId":"custom-errors","fix":null,"filePath":"Benchmarks/Study_SamplesSet/bded30291f886de346413d4e4e1de4ba.sol"},{"line":1251,"column":9,"severity":"Warning","message":"Use Custom Errors instead of require statements","ruleId":"custom-errors","fix":null,"filePath":"Benchmarks/Study_SamplesSet/bded30291f886de346413d4e4e1de4ba.sol"},{"line":1254,"column":13,"severity":"Warning","message":"Use Custom Errors instead of require statements","ruleId":"custom-errors","fix":null,"filePath":"Benchmarks/Study_SamplesSet/bded30291f886de346413d4e4e1de4ba.sol"},{"line":1255,"column":13,"severity":"Warning","message":"Use Custom Errors instead of require statements","ruleId":"custom-errors","fix":null,"filePath":"Benchmarks/Study_SamplesSet/bded30291f886de346413d4e4e1de4ba.sol"},{"line":1265,"column":17,"severity":"Warning","message":"Rule is set with explicit type [var/s: uint]","ruleId":"explicit-types","filePath":"Benchmarks/Study_SamplesSet/bded30291f886de346413d4e4e1de4ba.sol"},{"line":1269,"column":17,"severity":"Warning","message":"Use Custom Errors instead of require statements","ruleId":"custom-errors","fix":null,"filePath":"Benchmarks/Study_SamplesSet/bded30291f886de346413d4e4e1de4ba.sol"},{"line":1277,"column":21,"severity":"Warning","message":"Use Custom Errors instead of require statements","ruleId":"custom-errors","fix":null,"filePath":"Benchmarks/Study_SamplesSet/bded30291f886de346413d4e4e1de4ba.sol"},{"line":1285,"column":9,"severity":"Warning","message":"Use Custom Errors instead of require statements","ruleId":"custom-errors","fix":null,"filePath":"Benchmarks/Study_SamplesSet/bded30291f886de346413d4e4e1de4ba.sol"},{"line":1288,"column":9,"severity":"Error","message":"Avoid to use inline assembly. It is acceptable only in rare cases","ruleId":"no-inline-assembly","fix":null,"filePath":"Benchmarks/Study_SamplesSet/bded30291f886de346413d4e4e1de4ba.sol"},{"line":1305,"column":9,"severity":"Warning","message":"Use Custom Errors instead of require statements","ruleId":"custom-errors","fix":null,"filePath":"Benchmarks/Study_SamplesSet/bded30291f886de346413d4e4e1de4ba.sol"},{"line":1313,"column":9,"severity":"Warning","message":"Use Custom Errors instead of require statements","ruleId":"custom-errors","fix":null,"filePath":"Benchmarks/Study_SamplesSet/bded30291f886de346413d4e4e1de4ba.sol"},{"line":1323,"column":9,"severity":"Warning","message":"Use Custom Errors instead of require statements","ruleId":"custom-errors","fix":null,"filePath":"Benchmarks/Study_SamplesSet/bded30291f886de346413d4e4e1de4ba.sol"},{"conclusion":"107 problem/s (44 error/s, 63 warning/s)"}]
