[{"line":1,"column":1,"severity":"Warning","message":"Found more than One contract per file. 5 contracts found!","ruleId":"one-contract-per-file","fix":null,"filePath":"Benchmarks/Study_SamplesSet/bf78f99f096987ca444f6a8ea28142cb.sol"},{"line":1,"column":1,"severity":"Error","message":"Compiler version ^0.4.8 does not satisfy the ^0.8.0 semver requirement","ruleId":"compiler-version","fix":null,"filePath":"Benchmarks/Study_SamplesSet/bf78f99f096987ca444f6a8ea28142cb.sol"},{"line":11,"column":33,"severity":"Error","message":"\"throw\" is deprecated, avoid to use it","ruleId":"avoid-throw","filePath":"Benchmarks/Study_SamplesSet/bf78f99f096987ca444f6a8ea28142cb.sol"},{"line":23,"column":19,"severity":"Error","message":"\"throw\" is deprecated, avoid to use it","ruleId":"avoid-throw","filePath":"Benchmarks/Study_SamplesSet/bf78f99f096987ca444f6a8ea28142cb.sol"},{"line":29,"column":19,"severity":"Error","message":"\"throw\" is deprecated, avoid to use it","ruleId":"avoid-throw","filePath":"Benchmarks/Study_SamplesSet/bf78f99f096987ca444f6a8ea28142cb.sol"},{"line":61,"column":5,"severity":"Error","message":"Explicitly mark visibility of state","ruleId":"state-visibility","fix":null,"filePath":"Benchmarks/Study_SamplesSet/bf78f99f096987ca444f6a8ea28142cb.sol"},{"line":68,"column":32,"severity":"Warning","message":"Rule is set with explicit type [var/s: uint]","ruleId":"explicit-types","filePath":"Benchmarks/Study_SamplesSet/bf78f99f096987ca444f6a8ea28142cb.sol"},{"line":70,"column":12,"severity":"Error","message":"\"throw\" is deprecated, avoid to use it","ruleId":"avoid-throw","filePath":"Benchmarks/Study_SamplesSet/bf78f99f096987ca444f6a8ea28142cb.sol"},{"line":80,"column":9,"severity":"Error","message":"\"throw\" is deprecated, avoid to use it","ruleId":"avoid-throw","filePath":"Benchmarks/Study_SamplesSet/bf78f99f096987ca444f6a8ea28142cb.sol"},{"line":83,"column":5,"severity":"Error","message":"Explicitly mark visibility in function","ruleId":"func-visibility","fix":null,"filePath":"Benchmarks/Study_SamplesSet/bf78f99f096987ca444f6a8ea28142cb.sol"},{"line":96,"column":5,"severity":"Error","message":"Explicitly mark visibility in function","ruleId":"func-visibility","fix":null,"filePath":"Benchmarks/Study_SamplesSet/bf78f99f096987ca444f6a8ea28142cb.sol"},{"line":114,"column":9,"severity":"Error","message":"Explicitly mark all external contracts as trusted or untrusted","ruleId":"mark-callable-contracts","filePath":"Benchmarks/Study_SamplesSet/bf78f99f096987ca444f6a8ea28142cb.sol"},{"line":122,"column":9,"severity":"Error","message":"Explicitly mark all external contracts as trusted or untrusted","ruleId":"mark-callable-contracts","filePath":"Benchmarks/Study_SamplesSet/bf78f99f096987ca444f6a8ea28142cb.sol"},{"line":124,"column":5,"severity":"Error","message":"Explicitly mark visibility in function","ruleId":"func-visibility","fix":null,"filePath":"Benchmarks/Study_SamplesSet/bf78f99f096987ca444f6a8ea28142cb.sol"},{"line":129,"column":5,"severity":"Error","message":"Explicitly mark visibility in function","ruleId":"func-visibility","fix":null,"filePath":"Benchmarks/Study_SamplesSet/bf78f99f096987ca444f6a8ea28142cb.sol"},{"line":129,"column":49,"severity":"Warning","message":"Variable name must be in mixedCase","ruleId":"var-name-mixedcase","fix":null,"filePath":"Benchmarks/Study_SamplesSet/bf78f99f096987ca444f6a8ea28142cb.sol"},{"line":132,"column":11,"severity":"Error","message":"Avoid to use inline assembly. It is acceptable only in rare cases","ruleId":"no-inline-assembly","fix":null,"filePath":"Benchmarks/Study_SamplesSet/bf78f99f096987ca444f6a8ea28142cb.sol"},{"line":146,"column":5,"severity":"Error","message":"Explicitly mark visibility of state","ruleId":"state-visibility","fix":null,"filePath":"Benchmarks/Study_SamplesSet/bf78f99f096987ca444f6a8ea28142cb.sol"},{"line":149,"column":5,"severity":"Error","message":"Explicitly mark visibility in function","ruleId":"func-visibility","fix":null,"filePath":"Benchmarks/Study_SamplesSet/bf78f99f096987ca444f6a8ea28142cb.sol"},{"line":158,"column":9,"severity":"Error","message":"Explicitly mark all external contracts as trusted or untrusted","ruleId":"mark-callable-contracts","filePath":"Benchmarks/Study_SamplesSet/bf78f99f096987ca444f6a8ea28142cb.sol"},{"line":161,"column":5,"severity":"Error","message":"Explicitly mark visibility in function","ruleId":"func-visibility","fix":null,"filePath":"Benchmarks/Study_SamplesSet/bf78f99f096987ca444f6a8ea28142cb.sol"},{"line":167,"column":68,"severity":"Error","message":"\"throw\" is deprecated, avoid to use it","ruleId":"avoid-throw","filePath":"Benchmarks/Study_SamplesSet/bf78f99f096987ca444f6a8ea28142cb.sol"},{"line":170,"column":9,"severity":"Error","message":"Explicitly mark all external contracts as trusted or untrusted","ruleId":"mark-callable-contracts","filePath":"Benchmarks/Study_SamplesSet/bf78f99f096987ca444f6a8ea28142cb.sol"},{"line":173,"column":5,"severity":"Error","message":"Explicitly mark visibility in function","ruleId":"func-visibility","fix":null,"filePath":"Benchmarks/Study_SamplesSet/bf78f99f096987ca444f6a8ea28142cb.sol"},{"line":185,"column":5,"severity":"Warning","message":"Constant name must be in capitalized SNAKE_CASE","ruleId":"const-name-snakecase","fix":null,"filePath":"Benchmarks/Study_SamplesSet/bf78f99f096987ca444f6a8ea28142cb.sol"},{"line":186,"column":5,"severity":"Warning","message":"Constant name must be in capitalized SNAKE_CASE","ruleId":"const-name-snakecase","fix":null,"filePath":"Benchmarks/Study_SamplesSet/bf78f99f096987ca444f6a8ea28142cb.sol"},{"line":187,"column":5,"severity":"Warning","message":"Constant name must be in capitalized SNAKE_CASE","ruleId":"const-name-snakecase","fix":null,"filePath":"Benchmarks/Study_SamplesSet/bf78f99f096987ca444f6a8ea28142cb.sol"},{"line":191,"column":5,"severity":"Warning","message":"Variable name must be in mixedCase","ruleId":"var-name-mixedcase","fix":null,"filePath":"Benchmarks/Study_SamplesSet/bf78f99f096987ca444f6a8ea28142cb.sol"},{"line":192,"column":5,"severity":"Warning","message":"Variable name must be in mixedCase","ruleId":"var-name-mixedcase","fix":null,"filePath":"Benchmarks/Study_SamplesSet/bf78f99f096987ca444f6a8ea28142cb.sol"},{"line":194,"column":5,"severity":"Error","message":"Explicitly mark visibility of state","ruleId":"state-visibility","fix":null,"filePath":"Benchmarks/Study_SamplesSet/bf78f99f096987ca444f6a8ea28142cb.sol"},{"line":208,"column":39,"severity":"Error","message":"\"throw\" is deprecated, avoid to use it","ruleId":"avoid-throw","filePath":"Benchmarks/Study_SamplesSet/bf78f99f096987ca444f6a8ea28142cb.sol"},{"line":215,"column":21,"severity":"Error","message":"\"throw\" is deprecated, avoid to use it","ruleId":"avoid-throw","filePath":"Benchmarks/Study_SamplesSet/bf78f99f096987ca444f6a8ea28142cb.sol"},{"line":221,"column":4,"severity":"Error","message":"Explicitly mark visibility in function (Set ignoreConstructors to true if using solidity >=0.7.0)","ruleId":"func-visibility","fix":null,"filePath":"Benchmarks/Study_SamplesSet/bf78f99f096987ca444f6a8ea28142cb.sol"},{"line":228,"column":5,"severity":"Error","message":"Explicitly mark visibility in function","ruleId":"func-visibility","fix":null,"filePath":"Benchmarks/Study_SamplesSet/bf78f99f096987ca444f6a8ea28142cb.sol"},{"line":234,"column":5,"severity":"Error","message":"Explicitly mark visibility in function","ruleId":"func-visibility","fix":null,"filePath":"Benchmarks/Study_SamplesSet/bf78f99f096987ca444f6a8ea28142cb.sol"},{"line":236,"column":9,"severity":"Error","message":"Explicitly mark all external contracts as trusted or untrusted","ruleId":"mark-callable-contracts","filePath":"Benchmarks/Study_SamplesSet/bf78f99f096987ca444f6a8ea28142cb.sol"},{"line":239,"column":5,"severity":"Error","message":"Explicitly mark visibility in function","ruleId":"func-visibility","fix":null,"filePath":"Benchmarks/Study_SamplesSet/bf78f99f096987ca444f6a8ea28142cb.sol"},{"line":241,"column":9,"severity":"Error","message":"Explicitly mark all external contracts as trusted or untrusted","ruleId":"mark-callable-contracts","filePath":"Benchmarks/Study_SamplesSet/bf78f99f096987ca444f6a8ea28142cb.sol"},{"line":244,"column":5,"severity":"Error","message":"Explicitly mark visibility in function","ruleId":"func-visibility","fix":null,"filePath":"Benchmarks/Study_SamplesSet/bf78f99f096987ca444f6a8ea28142cb.sol"},{"line":250,"column":28,"severity":"Error","message":"\"throw\" is deprecated, avoid to use it","ruleId":"avoid-throw","filePath":"Benchmarks/Study_SamplesSet/bf78f99f096987ca444f6a8ea28142cb.sol"},{"line":251,"column":28,"severity":"Error","message":"\"throw\" is deprecated, avoid to use it","ruleId":"avoid-throw","filePath":"Benchmarks/Study_SamplesSet/bf78f99f096987ca444f6a8ea28142cb.sol"},{"line":252,"column":69,"severity":"Error","message":"\"throw\" is deprecated, avoid to use it","ruleId":"avoid-throw","filePath":"Benchmarks/Study_SamplesSet/bf78f99f096987ca444f6a8ea28142cb.sol"},{"line":254,"column":65,"severity":"Error","message":"\"throw\" is deprecated, avoid to use it","ruleId":"avoid-throw","filePath":"Benchmarks/Study_SamplesSet/bf78f99f096987ca444f6a8ea28142cb.sol"},{"line":265,"column":40,"severity":"Error","message":"\"throw\" is deprecated, avoid to use it","ruleId":"avoid-throw","filePath":"Benchmarks/Study_SamplesSet/bf78f99f096987ca444f6a8ea28142cb.sol"},{"line":266,"column":9,"severity":"Error","message":"Explicitly mark all external contracts as trusted or untrusted","ruleId":"mark-callable-contracts","filePath":"Benchmarks/Study_SamplesSet/bf78f99f096987ca444f6a8ea28142cb.sol"},{"line":274,"column":9,"severity":"Error","message":"Explicitly mark all external contracts as trusted or untrusted","ruleId":"mark-callable-contracts","filePath":"Benchmarks/Study_SamplesSet/bf78f99f096987ca444f6a8ea28142cb.sol"},{"line":291,"column":37,"severity":"Error","message":"\"throw\" is deprecated, avoid to use it","ruleId":"avoid-throw","filePath":"Benchmarks/Study_SamplesSet/bf78f99f096987ca444f6a8ea28142cb.sol"},{"line":298,"column":32,"severity":"Error","message":"\"throw\" is deprecated, avoid to use it","ruleId":"avoid-throw","filePath":"Benchmarks/Study_SamplesSet/bf78f99f096987ca444f6a8ea28142cb.sol"},{"conclusion":"48 problem/s (40 error/s, 8 warning/s)"}]
