[{"line":1,"column":1,"severity":"Error","message":"Compiler version ^0.4.8 does not satisfy the ^0.8.0 semver requirement","ruleId":"compiler-version","fix":null,"filePath":"Benchmarks/Study_SamplesSet/c06dad74cbde3617f87d79ecdbac59d8.sol"},{"line":3,"column":1,"severity":"Warning","message":"Contract, Structs and Enums should be in CamelCase","ruleId":"contract-name-camelcase","filePath":"Benchmarks/Study_SamplesSet/c06dad74cbde3617f87d79ecdbac59d8.sol"},{"line":9,"column":2,"severity":"Error","message":"Explicitly mark visibility in function (Set ignoreConstructors to true if using solidity >=0.7.0)","ruleId":"func-visibility","fix":null,"filePath":"Benchmarks/Study_SamplesSet/c06dad74cbde3617f87d79ecdbac59d8.sol"},{"line":13,"column":2,"severity":"Error","message":"Explicitly mark visibility in function","ruleId":"func-visibility","fix":null,"filePath":"Benchmarks/Study_SamplesSet/c06dad74cbde3617f87d79ecdbac59d8.sol"},{"line":14,"column":37,"severity":"Error","message":"\"throw\" is deprecated, avoid to use it","ruleId":"avoid-throw","filePath":"Benchmarks/Study_SamplesSet/c06dad74cbde3617f87d79ecdbac59d8.sol"},{"line":15,"column":45,"severity":"Error","message":"\"throw\" is deprecated, avoid to use it","ruleId":"avoid-throw","filePath":"Benchmarks/Study_SamplesSet/c06dad74cbde3617f87d79ecdbac59d8.sol"},{"line":16,"column":17,"severity":"Error","message":"\"throw\" is deprecated, avoid to use it","ruleId":"avoid-throw","filePath":"Benchmarks/Study_SamplesSet/c06dad74cbde3617f87d79ecdbac59d8.sol"},{"line":20,"column":2,"severity":"Error","message":"Explicitly mark visibility in function","ruleId":"func-visibility","fix":null,"filePath":"Benchmarks/Study_SamplesSet/c06dad74cbde3617f87d79ecdbac59d8.sol"},{"line":25,"column":2,"severity":"Error","message":"Explicitly mark visibility in function","ruleId":"func-visibility","fix":null,"filePath":"Benchmarks/Study_SamplesSet/c06dad74cbde3617f87d79ecdbac59d8.sol"},{"line":26,"column":31,"severity":"Error","message":"\"throw\" is deprecated, avoid to use it","ruleId":"avoid-throw","filePath":"Benchmarks/Study_SamplesSet/c06dad74cbde3617f87d79ecdbac59d8.sol"},{"line":27,"column":41,"severity":"Error","message":"\"throw\" is deprecated, avoid to use it","ruleId":"avoid-throw","filePath":"Benchmarks/Study_SamplesSet/c06dad74cbde3617f87d79ecdbac59d8.sol"},{"line":28,"column":51,"severity":"Error","message":"\"throw\" is deprecated, avoid to use it","ruleId":"avoid-throw","filePath":"Benchmarks/Study_SamplesSet/c06dad74cbde3617f87d79ecdbac59d8.sol"},{"line":29,"column":44,"severity":"Error","message":"\"throw\" is deprecated, avoid to use it","ruleId":"avoid-throw","filePath":"Benchmarks/Study_SamplesSet/c06dad74cbde3617f87d79ecdbac59d8.sol"},{"line":30,"column":6,"severity":"Error","message":"Possible reentrancy vulnerabilities. Avoid state changes after transfer.","ruleId":"reentrancy","fix":null,"filePath":"Benchmarks/Study_SamplesSet/c06dad74cbde3617f87d79ecdbac59d8.sol"},{"line":31,"column":6,"severity":"Error","message":"Possible reentrancy vulnerabilities. Avoid state changes after transfer.","ruleId":"reentrancy","fix":null,"filePath":"Benchmarks/Study_SamplesSet/c06dad74cbde3617f87d79ecdbac59d8.sol"},{"line":32,"column":3,"severity":"Error","message":"Possible reentrancy vulnerabilities. Avoid state changes after transfer.","ruleId":"reentrancy","fix":null,"filePath":"Benchmarks/Study_SamplesSet/c06dad74cbde3617f87d79ecdbac59d8.sol"},{"conclusion":"16 problem/s (15 error/s, 1 warning/s)"}]
