[{"line":3,"column":1,"severity":"Warning","message":"Found more than One contract per file. 3 contracts found!","ruleId":"one-contract-per-file","fix":null,"filePath":"Benchmarks/Study_SamplesSet/c167f847e093b1b7947ca182fc7fe2d2.sol"},{"line":3,"column":1,"severity":"Error","message":"Compiler version ^0.4.6 does not satisfy the ^0.8.0 semver requirement","ruleId":"compiler-version","fix":null,"filePath":"Benchmarks/Study_SamplesSet/c167f847e093b1b7947ca182fc7fe2d2.sol"},{"line":11,"column":5,"severity":"Error","message":"Explicitly mark visibility of state","ruleId":"state-visibility","fix":null,"filePath":"Benchmarks/Study_SamplesSet/c167f847e093b1b7947ca182fc7fe2d2.sol"},{"line":12,"column":5,"severity":"Error","message":"Explicitly mark visibility of state","ruleId":"state-visibility","fix":null,"filePath":"Benchmarks/Study_SamplesSet/c167f847e093b1b7947ca182fc7fe2d2.sol"},{"line":22,"column":5,"severity":"Error","message":"Explicitly mark visibility in function","ruleId":"func-visibility","fix":null,"filePath":"Benchmarks/Study_SamplesSet/c167f847e093b1b7947ca182fc7fe2d2.sol"},{"line":26,"column":13,"severity":"Error","message":"Explicitly mark all external contracts as trusted or untrusted","ruleId":"mark-callable-contracts","filePath":"Benchmarks/Study_SamplesSet/c167f847e093b1b7947ca182fc7fe2d2.sol"},{"line":40,"column":5,"severity":"Error","message":"Explicitly mark visibility in function","ruleId":"func-visibility","fix":null,"filePath":"Benchmarks/Study_SamplesSet/c167f847e093b1b7947ca182fc7fe2d2.sol"},{"line":45,"column":13,"severity":"Error","message":"Explicitly mark all external contracts as trusted or untrusted","ruleId":"mark-callable-contracts","filePath":"Benchmarks/Study_SamplesSet/c167f847e093b1b7947ca182fc7fe2d2.sol"},{"line":57,"column":5,"severity":"Error","message":"Explicitly mark visibility in function","ruleId":"func-visibility","fix":null,"filePath":"Benchmarks/Study_SamplesSet/c167f847e093b1b7947ca182fc7fe2d2.sol"},{"line":67,"column":5,"severity":"Error","message":"Explicitly mark visibility in function","ruleId":"func-visibility","fix":null,"filePath":"Benchmarks/Study_SamplesSet/c167f847e093b1b7947ca182fc7fe2d2.sol"},{"line":69,"column":9,"severity":"Error","message":"Explicitly mark all external contracts as trusted or untrusted","ruleId":"mark-callable-contracts","filePath":"Benchmarks/Study_SamplesSet/c167f847e093b1b7947ca182fc7fe2d2.sol"},{"line":79,"column":5,"severity":"Error","message":"Explicitly mark visibility in function","ruleId":"func-visibility","fix":null,"filePath":"Benchmarks/Study_SamplesSet/c167f847e093b1b7947ca182fc7fe2d2.sol"},{"line":105,"column":5,"severity":"Error","message":"Explicitly mark visibility in function (Set ignoreConstructors to true if using solidity >=0.7.0)","ruleId":"func-visibility","fix":null,"filePath":"Benchmarks/Study_SamplesSet/c167f847e093b1b7947ca182fc7fe2d2.sol"},{"line":108,"column":16,"severity":"Error","message":"Use double quotes for string literals","ruleId":"quotes","filePath":"Benchmarks/Study_SamplesSet/c167f847e093b1b7947ca182fc7fe2d2.sol"},{"line":110,"column":18,"severity":"Error","message":"Use double quotes for string literals","ruleId":"quotes","filePath":"Benchmarks/Study_SamplesSet/c167f847e093b1b7947ca182fc7fe2d2.sol"},{"line":111,"column":19,"severity":"Error","message":"Use double quotes for string literals","ruleId":"quotes","filePath":"Benchmarks/Study_SamplesSet/c167f847e093b1b7947ca182fc7fe2d2.sol"},{"line":121,"column":5,"severity":"Error","message":"Explicitly mark visibility in function","ruleId":"func-visibility","fix":null,"filePath":"Benchmarks/Study_SamplesSet/c167f847e093b1b7947ca182fc7fe2d2.sol"},{"line":123,"column":13,"severity":"Error","message":"\"throw\" is deprecated, avoid to use it","ruleId":"avoid-throw","filePath":"Benchmarks/Study_SamplesSet/c167f847e093b1b7947ca182fc7fe2d2.sol"},{"line":128,"column":13,"severity":"Error","message":"Explicitly mark all external contracts as trusted or untrusted","ruleId":"mark-callable-contracts","filePath":"Benchmarks/Study_SamplesSet/c167f847e093b1b7947ca182fc7fe2d2.sol"},{"line":131,"column":13,"severity":"Error","message":"\"throw\" is deprecated, avoid to use it","ruleId":"avoid-throw","filePath":"Benchmarks/Study_SamplesSet/c167f847e093b1b7947ca182fc7fe2d2.sol"},{"line":140,"column":5,"severity":"Error","message":"Explicitly mark visibility in function","ruleId":"func-visibility","fix":null,"filePath":"Benchmarks/Study_SamplesSet/c167f847e093b1b7947ca182fc7fe2d2.sol"},{"line":142,"column":13,"severity":"Error","message":"\"throw\" is deprecated, avoid to use it","ruleId":"avoid-throw","filePath":"Benchmarks/Study_SamplesSet/c167f847e093b1b7947ca182fc7fe2d2.sol"},{"line":145,"column":13,"severity":"Error","message":"\"throw\" is deprecated, avoid to use it","ruleId":"avoid-throw","filePath":"Benchmarks/Study_SamplesSet/c167f847e093b1b7947ca182fc7fe2d2.sol"},{"line":151,"column":17,"severity":"Error","message":"Explicitly mark all external contracts as trusted or untrusted","ruleId":"mark-callable-contracts","filePath":"Benchmarks/Study_SamplesSet/c167f847e093b1b7947ca182fc7fe2d2.sol"},{"line":154,"column":17,"severity":"Error","message":"\"throw\" is deprecated, avoid to use it","ruleId":"avoid-throw","filePath":"Benchmarks/Study_SamplesSet/c167f847e093b1b7947ca182fc7fe2d2.sol"},{"line":157,"column":13,"severity":"Error","message":"\"throw\" is deprecated, avoid to use it","ruleId":"avoid-throw","filePath":"Benchmarks/Study_SamplesSet/c167f847e093b1b7947ca182fc7fe2d2.sol"},{"line":161,"column":5,"severity":"Error","message":"Explicitly mark visibility in function","ruleId":"func-visibility","fix":null,"filePath":"Benchmarks/Study_SamplesSet/c167f847e093b1b7947ca182fc7fe2d2.sol"},{"conclusion":"27 problem/s (26 error/s, 1 warning/s)"}]
