[{"line":1,"column":1,"severity":"Warning","message":"Found more than One contract per file. 6 contracts found!","ruleId":"one-contract-per-file","fix":null,"filePath":"Benchmarks/Study_SamplesSet/c3df3c20c8b2aed1c86adf15e5e444e5.sol"},{"line":1,"column":1,"severity":"Error","message":"Compiler version ^0.4.15 does not satisfy the ^0.8.0 semver requirement","ruleId":"compiler-version","fix":null,"filePath":"Benchmarks/Study_SamplesSet/c3df3c20c8b2aed1c86adf15e5e444e5.sol"},{"line":31,"column":3,"severity":"Error","message":"Explicitly mark visibility in function","ruleId":"func-visibility","fix":null,"filePath":"Benchmarks/Study_SamplesSet/c3df3c20c8b2aed1c86adf15e5e444e5.sol"},{"line":32,"column":3,"severity":"Error","message":"Explicitly mark visibility in function","ruleId":"func-visibility","fix":null,"filePath":"Benchmarks/Study_SamplesSet/c3df3c20c8b2aed1c86adf15e5e444e5.sol"},{"line":39,"column":3,"severity":"Error","message":"Explicitly mark visibility of state","ruleId":"state-visibility","fix":null,"filePath":"Benchmarks/Study_SamplesSet/c3df3c20c8b2aed1c86adf15e5e444e5.sol"},{"line":46,"column":3,"severity":"Error","message":"Explicitly mark visibility in function","ruleId":"func-visibility","fix":null,"filePath":"Benchmarks/Study_SamplesSet/c3df3c20c8b2aed1c86adf15e5e444e5.sol"},{"line":47,"column":5,"severity":"Warning","message":"Provide an error message for require","ruleId":"reason-string","fix":null,"filePath":"Benchmarks/Study_SamplesSet/c3df3c20c8b2aed1c86adf15e5e444e5.sol"},{"line":47,"column":5,"severity":"Warning","message":"Use Custom Errors instead of require statements","ruleId":"custom-errors","fix":null,"filePath":"Benchmarks/Study_SamplesSet/c3df3c20c8b2aed1c86adf15e5e444e5.sol"},{"line":52,"column":5,"severity":"Error","message":"Explicitly mark all external contracts as trusted or untrusted","ruleId":"mark-callable-contracts","filePath":"Benchmarks/Study_SamplesSet/c3df3c20c8b2aed1c86adf15e5e444e5.sol"},{"line":61,"column":3,"severity":"Error","message":"Explicitly mark visibility in function","ruleId":"func-visibility","fix":null,"filePath":"Benchmarks/Study_SamplesSet/c3df3c20c8b2aed1c86adf15e5e444e5.sol"},{"line":67,"column":3,"severity":"Error","message":"Explicitly mark visibility in function","ruleId":"func-visibility","fix":null,"filePath":"Benchmarks/Study_SamplesSet/c3df3c20c8b2aed1c86adf15e5e444e5.sol"},{"line":68,"column":3,"severity":"Error","message":"Explicitly mark visibility in function","ruleId":"func-visibility","fix":null,"filePath":"Benchmarks/Study_SamplesSet/c3df3c20c8b2aed1c86adf15e5e444e5.sol"},{"line":69,"column":3,"severity":"Error","message":"Explicitly mark visibility in function","ruleId":"func-visibility","fix":null,"filePath":"Benchmarks/Study_SamplesSet/c3df3c20c8b2aed1c86adf15e5e444e5.sol"},{"line":75,"column":3,"severity":"Error","message":"Explicitly mark visibility of state","ruleId":"state-visibility","fix":null,"filePath":"Benchmarks/Study_SamplesSet/c3df3c20c8b2aed1c86adf15e5e444e5.sol"},{"line":84,"column":3,"severity":"Error","message":"Explicitly mark visibility in function","ruleId":"func-visibility","fix":null,"filePath":"Benchmarks/Study_SamplesSet/c3df3c20c8b2aed1c86adf15e5e444e5.sol"},{"line":85,"column":5,"severity":"Warning","message":"Provide an error message for require","ruleId":"reason-string","fix":null,"filePath":"Benchmarks/Study_SamplesSet/c3df3c20c8b2aed1c86adf15e5e444e5.sol"},{"line":85,"column":5,"severity":"Warning","message":"Use Custom Errors instead of require statements","ruleId":"custom-errors","fix":null,"filePath":"Benchmarks/Study_SamplesSet/c3df3c20c8b2aed1c86adf15e5e444e5.sol"},{"line":95,"column":5,"severity":"Error","message":"Explicitly mark all external contracts as trusted or untrusted","ruleId":"mark-callable-contracts","filePath":"Benchmarks/Study_SamplesSet/c3df3c20c8b2aed1c86adf15e5e444e5.sol"},{"line":104,"column":3,"severity":"Error","message":"Explicitly mark visibility in function","ruleId":"func-visibility","fix":null,"filePath":"Benchmarks/Study_SamplesSet/c3df3c20c8b2aed1c86adf15e5e444e5.sol"},{"line":110,"column":5,"severity":"Warning","message":"Provide an error message for require","ruleId":"reason-string","fix":null,"filePath":"Benchmarks/Study_SamplesSet/c3df3c20c8b2aed1c86adf15e5e444e5.sol"},{"line":110,"column":5,"severity":"Warning","message":"Use Custom Errors instead of require statements","ruleId":"custom-errors","fix":null,"filePath":"Benchmarks/Study_SamplesSet/c3df3c20c8b2aed1c86adf15e5e444e5.sol"},{"line":113,"column":5,"severity":"Error","message":"Explicitly mark all external contracts as trusted or untrusted","ruleId":"mark-callable-contracts","filePath":"Benchmarks/Study_SamplesSet/c3df3c20c8b2aed1c86adf15e5e444e5.sol"},{"line":123,"column":3,"severity":"Error","message":"Explicitly mark visibility in function","ruleId":"func-visibility","fix":null,"filePath":"Benchmarks/Study_SamplesSet/c3df3c20c8b2aed1c86adf15e5e444e5.sol"},{"line":133,"column":3,"severity":"Error","message":"Explicitly mark visibility in function","ruleId":"func-visibility","fix":null,"filePath":"Benchmarks/Study_SamplesSet/c3df3c20c8b2aed1c86adf15e5e444e5.sol"},{"line":133,"column":48,"severity":"Warning","message":"Rule is set with explicit type [var/s: uint]","ruleId":"explicit-types","filePath":"Benchmarks/Study_SamplesSet/c3df3c20c8b2aed1c86adf15e5e444e5.sol"},{"line":136,"column":5,"severity":"Error","message":"Explicitly mark all external contracts as trusted or untrusted","ruleId":"mark-callable-contracts","filePath":"Benchmarks/Study_SamplesSet/c3df3c20c8b2aed1c86adf15e5e444e5.sol"},{"line":140,"column":3,"severity":"Error","message":"Explicitly mark visibility in function","ruleId":"func-visibility","fix":null,"filePath":"Benchmarks/Study_SamplesSet/c3df3c20c8b2aed1c86adf15e5e444e5.sol"},{"line":140,"column":48,"severity":"Warning","message":"Rule is set with explicit type [var/s: uint]","ruleId":"explicit-types","filePath":"Benchmarks/Study_SamplesSet/c3df3c20c8b2aed1c86adf15e5e444e5.sol"},{"line":142,"column":5,"severity":"Warning","message":"Rule is set with explicit type [var/s: uint]","ruleId":"explicit-types","filePath":"Benchmarks/Study_SamplesSet/c3df3c20c8b2aed1c86adf15e5e444e5.sol"},{"line":148,"column":5,"severity":"Error","message":"Explicitly mark all external contracts as trusted or untrusted","ruleId":"mark-callable-contracts","filePath":"Benchmarks/Study_SamplesSet/c3df3c20c8b2aed1c86adf15e5e444e5.sol"},{"line":155,"column":1,"severity":"Warning","message":"Contract has 26 states declarations but allowed no more than 15","ruleId":"max-states-count","fix":null,"filePath":"Benchmarks/Study_SamplesSet/c3df3c20c8b2aed1c86adf15e5e444e5.sol"},{"line":181,"column":5,"severity":"Warning","message":"Constant name must be in capitalized SNAKE_CASE","ruleId":"const-name-snakecase","fix":null,"filePath":"Benchmarks/Study_SamplesSet/c3df3c20c8b2aed1c86adf15e5e444e5.sol"},{"line":182,"column":5,"severity":"Warning","message":"Constant name must be in capitalized SNAKE_CASE","ruleId":"const-name-snakecase","fix":null,"filePath":"Benchmarks/Study_SamplesSet/c3df3c20c8b2aed1c86adf15e5e444e5.sol"},{"line":183,"column":5,"severity":"Warning","message":"Constant name must be in capitalized SNAKE_CASE","ruleId":"const-name-snakecase","fix":null,"filePath":"Benchmarks/Study_SamplesSet/c3df3c20c8b2aed1c86adf15e5e444e5.sol"},{"line":200,"column":5,"severity":"Warning","message":"Variable name must be in mixedCase","ruleId":"var-name-mixedcase","fix":null,"filePath":"Benchmarks/Study_SamplesSet/c3df3c20c8b2aed1c86adf15e5e444e5.sol"},{"line":201,"column":5,"severity":"Warning","message":"Variable name must be in mixedCase","ruleId":"var-name-mixedcase","fix":null,"filePath":"Benchmarks/Study_SamplesSet/c3df3c20c8b2aed1c86adf15e5e444e5.sol"},{"line":209,"column":5,"severity":"Warning","message":"Variable name must be in mixedCase","ruleId":"var-name-mixedcase","fix":null,"filePath":"Benchmarks/Study_SamplesSet/c3df3c20c8b2aed1c86adf15e5e444e5.sol"},{"line":210,"column":5,"severity":"Warning","message":"Variable name must be in mixedCase","ruleId":"var-name-mixedcase","fix":null,"filePath":"Benchmarks/Study_SamplesSet/c3df3c20c8b2aed1c86adf15e5e444e5.sol"},{"line":241,"column":9,"severity":"Warning","message":"Provide an error message for require","ruleId":"reason-string","fix":null,"filePath":"Benchmarks/Study_SamplesSet/c3df3c20c8b2aed1c86adf15e5e444e5.sol"},{"line":241,"column":9,"severity":"Warning","message":"Use Custom Errors instead of require statements","ruleId":"custom-errors","fix":null,"filePath":"Benchmarks/Study_SamplesSet/c3df3c20c8b2aed1c86adf15e5e444e5.sol"},{"line":241,"column":60,"severity":"Error","message":"Avoid making time-based decisions in your business logic","ruleId":"not-rely-on-time","fix":null,"filePath":"Benchmarks/Study_SamplesSet/c3df3c20c8b2aed1c86adf15e5e444e5.sol"},{"line":244,"column":34,"severity":"Error","message":"Avoid making time-based decisions in your business logic","ruleId":"not-rely-on-time","fix":null,"filePath":"Benchmarks/Study_SamplesSet/c3df3c20c8b2aed1c86adf15e5e444e5.sol"},{"line":254,"column":9,"severity":"Warning","message":"Provide an error message for require","ruleId":"reason-string","fix":null,"filePath":"Benchmarks/Study_SamplesSet/c3df3c20c8b2aed1c86adf15e5e444e5.sol"},{"line":254,"column":9,"severity":"Warning","message":"Use Custom Errors instead of require statements","ruleId":"custom-errors","fix":null,"filePath":"Benchmarks/Study_SamplesSet/c3df3c20c8b2aed1c86adf15e5e444e5.sol"},{"line":264,"column":9,"severity":"Warning","message":"Provide an error message for require","ruleId":"reason-string","fix":null,"filePath":"Benchmarks/Study_SamplesSet/c3df3c20c8b2aed1c86adf15e5e444e5.sol"},{"line":264,"column":9,"severity":"Warning","message":"Use Custom Errors instead of require statements","ruleId":"custom-errors","fix":null,"filePath":"Benchmarks/Study_SamplesSet/c3df3c20c8b2aed1c86adf15e5e444e5.sol"},{"line":273,"column":8,"severity":"Warning","message":"Provide an error message for require","ruleId":"reason-string","fix":null,"filePath":"Benchmarks/Study_SamplesSet/c3df3c20c8b2aed1c86adf15e5e444e5.sol"},{"line":273,"column":8,"severity":"Warning","message":"Use Custom Errors instead of require statements","ruleId":"custom-errors","fix":null,"filePath":"Benchmarks/Study_SamplesSet/c3df3c20c8b2aed1c86adf15e5e444e5.sol"},{"line":282,"column":9,"severity":"Warning","message":"Provide an error message for require","ruleId":"reason-string","fix":null,"filePath":"Benchmarks/Study_SamplesSet/c3df3c20c8b2aed1c86adf15e5e444e5.sol"},{"line":282,"column":9,"severity":"Warning","message":"Use Custom Errors instead of require statements","ruleId":"custom-errors","fix":null,"filePath":"Benchmarks/Study_SamplesSet/c3df3c20c8b2aed1c86adf15e5e444e5.sol"},{"line":291,"column":9,"severity":"Warning","message":"Provide an error message for require","ruleId":"reason-string","fix":null,"filePath":"Benchmarks/Study_SamplesSet/c3df3c20c8b2aed1c86adf15e5e444e5.sol"},{"line":291,"column":9,"severity":"Warning","message":"Use Custom Errors instead of require statements","ruleId":"custom-errors","fix":null,"filePath":"Benchmarks/Study_SamplesSet/c3df3c20c8b2aed1c86adf15e5e444e5.sol"},{"line":300,"column":9,"severity":"Warning","message":"Provide an error message for require","ruleId":"reason-string","fix":null,"filePath":"Benchmarks/Study_SamplesSet/c3df3c20c8b2aed1c86adf15e5e444e5.sol"},{"line":300,"column":9,"severity":"Warning","message":"Use Custom Errors instead of require statements","ruleId":"custom-errors","fix":null,"filePath":"Benchmarks/Study_SamplesSet/c3df3c20c8b2aed1c86adf15e5e444e5.sol"},{"line":309,"column":9,"severity":"Warning","message":"Provide an error message for require","ruleId":"reason-string","fix":null,"filePath":"Benchmarks/Study_SamplesSet/c3df3c20c8b2aed1c86adf15e5e444e5.sol"},{"line":309,"column":9,"severity":"Warning","message":"Use Custom Errors instead of require statements","ruleId":"custom-errors","fix":null,"filePath":"Benchmarks/Study_SamplesSet/c3df3c20c8b2aed1c86adf15e5e444e5.sol"},{"line":318,"column":9,"severity":"Warning","message":"Provide an error message for require","ruleId":"reason-string","fix":null,"filePath":"Benchmarks/Study_SamplesSet/c3df3c20c8b2aed1c86adf15e5e444e5.sol"},{"line":318,"column":9,"severity":"Warning","message":"Use Custom Errors instead of require statements","ruleId":"custom-errors","fix":null,"filePath":"Benchmarks/Study_SamplesSet/c3df3c20c8b2aed1c86adf15e5e444e5.sol"},{"line":327,"column":9,"severity":"Warning","message":"Provide an error message for require","ruleId":"reason-string","fix":null,"filePath":"Benchmarks/Study_SamplesSet/c3df3c20c8b2aed1c86adf15e5e444e5.sol"},{"line":327,"column":9,"severity":"Warning","message":"Use Custom Errors instead of require statements","ruleId":"custom-errors","fix":null,"filePath":"Benchmarks/Study_SamplesSet/c3df3c20c8b2aed1c86adf15e5e444e5.sol"},{"line":335,"column":5,"severity":"Error","message":"Explicitly mark visibility in function","ruleId":"func-visibility","fix":null,"filePath":"Benchmarks/Study_SamplesSet/c3df3c20c8b2aed1c86adf15e5e444e5.sol"},{"line":345,"column":5,"severity":"Error","message":"Explicitly mark visibility in function","ruleId":"func-visibility","fix":null,"filePath":"Benchmarks/Study_SamplesSet/c3df3c20c8b2aed1c86adf15e5e444e5.sol"},{"line":355,"column":5,"severity":"Error","message":"Explicitly mark visibility in function","ruleId":"func-visibility","fix":null,"filePath":"Benchmarks/Study_SamplesSet/c3df3c20c8b2aed1c86adf15e5e444e5.sol"},{"line":365,"column":5,"severity":"Error","message":"Explicitly mark visibility in function","ruleId":"func-visibility","fix":null,"filePath":"Benchmarks/Study_SamplesSet/c3df3c20c8b2aed1c86adf15e5e444e5.sol"},{"line":375,"column":5,"severity":"Error","message":"Explicitly mark visibility in function","ruleId":"func-visibility","fix":null,"filePath":"Benchmarks/Study_SamplesSet/c3df3c20c8b2aed1c86adf15e5e444e5.sol"},{"line":385,"column":5,"severity":"Error","message":"Explicitly mark visibility in function","ruleId":"func-visibility","fix":null,"filePath":"Benchmarks/Study_SamplesSet/c3df3c20c8b2aed1c86adf15e5e444e5.sol"},{"line":389,"column":11,"severity":"Error","message":"Explicitly mark all external contracts as trusted or untrusted","ruleId":"mark-callable-contracts","filePath":"Benchmarks/Study_SamplesSet/c3df3c20c8b2aed1c86adf15e5e444e5.sol"},{"line":396,"column":5,"severity":"Error","message":"Explicitly mark visibility in function","ruleId":"func-visibility","fix":null,"filePath":"Benchmarks/Study_SamplesSet/c3df3c20c8b2aed1c86adf15e5e444e5.sol"},{"line":400,"column":11,"severity":"Error","message":"Explicitly mark all external contracts as trusted or untrusted","ruleId":"mark-callable-contracts","filePath":"Benchmarks/Study_SamplesSet/c3df3c20c8b2aed1c86adf15e5e444e5.sol"},{"line":410,"column":5,"severity":"Error","message":"Explicitly mark visibility in function","ruleId":"func-visibility","fix":null,"filePath":"Benchmarks/Study_SamplesSet/c3df3c20c8b2aed1c86adf15e5e444e5.sol"},{"line":443,"column":5,"severity":"Error","message":"Explicitly mark visibility in function","ruleId":"func-visibility","fix":null,"filePath":"Benchmarks/Study_SamplesSet/c3df3c20c8b2aed1c86adf15e5e444e5.sol"},{"line":466,"column":21,"severity":"Error","message":"Explicitly mark all external contracts as trusted or untrusted","ruleId":"mark-callable-contracts","filePath":"Benchmarks/Study_SamplesSet/c3df3c20c8b2aed1c86adf15e5e444e5.sol"},{"line":466,"column":45,"severity":"Error","message":"Explicitly mark all external contracts as trusted or untrusted","ruleId":"mark-callable-contracts","filePath":"Benchmarks/Study_SamplesSet/c3df3c20c8b2aed1c86adf15e5e444e5.sol"},{"line":473,"column":21,"severity":"Error","message":"Explicitly mark all external contracts as trusted or untrusted","ruleId":"mark-callable-contracts","filePath":"Benchmarks/Study_SamplesSet/c3df3c20c8b2aed1c86adf15e5e444e5.sol"},{"line":473,"column":42,"severity":"Error","message":"Explicitly mark all external contracts as trusted or untrusted","ruleId":"mark-callable-contracts","filePath":"Benchmarks/Study_SamplesSet/c3df3c20c8b2aed1c86adf15e5e444e5.sol"},{"line":473,"column":76,"severity":"Error","message":"Explicitly mark all external contracts as trusted or untrusted","ruleId":"mark-callable-contracts","filePath":"Benchmarks/Study_SamplesSet/c3df3c20c8b2aed1c86adf15e5e444e5.sol"},{"line":476,"column":21,"severity":"Error","message":"Explicitly mark all external contracts as trusted or untrusted","ruleId":"mark-callable-contracts","filePath":"Benchmarks/Study_SamplesSet/c3df3c20c8b2aed1c86adf15e5e444e5.sol"},{"line":487,"column":13,"severity":"Error","message":"Explicitly mark all external contracts as trusted or untrusted","ruleId":"mark-callable-contracts","filePath":"Benchmarks/Study_SamplesSet/c3df3c20c8b2aed1c86adf15e5e444e5.sol"},{"line":487,"column":34,"severity":"Error","message":"Explicitly mark all external contracts as trusted or untrusted","ruleId":"mark-callable-contracts","filePath":"Benchmarks/Study_SamplesSet/c3df3c20c8b2aed1c86adf15e5e444e5.sol"},{"line":515,"column":9,"severity":"Error","message":"Explicitly mark all external contracts as trusted or untrusted","ruleId":"mark-callable-contracts","filePath":"Benchmarks/Study_SamplesSet/c3df3c20c8b2aed1c86adf15e5e444e5.sol"},{"line":534,"column":67,"severity":"Error","message":"Explicitly mark all external contracts as trusted or untrusted","ruleId":"mark-callable-contracts","filePath":"Benchmarks/Study_SamplesSet/c3df3c20c8b2aed1c86adf15e5e444e5.sol"},{"line":537,"column":13,"severity":"Error","message":"Explicitly mark all external contracts as trusted or untrusted","ruleId":"mark-callable-contracts","filePath":"Benchmarks/Study_SamplesSet/c3df3c20c8b2aed1c86adf15e5e444e5.sol"},{"line":552,"column":15,"severity":"Error","message":"Explicitly mark all external contracts as trusted or untrusted","ruleId":"mark-callable-contracts","filePath":"Benchmarks/Study_SamplesSet/c3df3c20c8b2aed1c86adf15e5e444e5.sol"},{"line":552,"column":36,"severity":"Error","message":"Explicitly mark all external contracts as trusted or untrusted","ruleId":"mark-callable-contracts","filePath":"Benchmarks/Study_SamplesSet/c3df3c20c8b2aed1c86adf15e5e444e5.sol"},{"line":552,"column":59,"severity":"Error","message":"Explicitly mark all external contracts as trusted or untrusted","ruleId":"mark-callable-contracts","filePath":"Benchmarks/Study_SamplesSet/c3df3c20c8b2aed1c86adf15e5e444e5.sol"},{"line":555,"column":15,"severity":"Error","message":"Explicitly mark all external contracts as trusted or untrusted","ruleId":"mark-callable-contracts","filePath":"Benchmarks/Study_SamplesSet/c3df3c20c8b2aed1c86adf15e5e444e5.sol"},{"line":567,"column":9,"severity":"Warning","message":"Provide an error message for require","ruleId":"reason-string","fix":null,"filePath":"Benchmarks/Study_SamplesSet/c3df3c20c8b2aed1c86adf15e5e444e5.sol"},{"line":567,"column":9,"severity":"Warning","message":"Use Custom Errors instead of require statements","ruleId":"custom-errors","fix":null,"filePath":"Benchmarks/Study_SamplesSet/c3df3c20c8b2aed1c86adf15e5e444e5.sol"},{"line":575,"column":5,"severity":"Error","message":"Explicitly mark visibility in function (Set ignoreConstructors to true if using solidity >=0.7.0)","ruleId":"func-visibility","fix":null,"filePath":"Benchmarks/Study_SamplesSet/c3df3c20c8b2aed1c86adf15e5e444e5.sol"},{"line":593,"column":11,"severity":"Error","message":"Explicitly mark all external contracts as trusted or untrusted","ruleId":"mark-callable-contracts","filePath":"Benchmarks/Study_SamplesSet/c3df3c20c8b2aed1c86adf15e5e444e5.sol"},{"line":594,"column":11,"severity":"Error","message":"Explicitly mark all external contracts as trusted or untrusted","ruleId":"mark-callable-contracts","filePath":"Benchmarks/Study_SamplesSet/c3df3c20c8b2aed1c86adf15e5e444e5.sol"},{"line":603,"column":11,"severity":"Error","message":"Explicitly mark all external contracts as trusted or untrusted","ruleId":"mark-callable-contracts","filePath":"Benchmarks/Study_SamplesSet/c3df3c20c8b2aed1c86adf15e5e444e5.sol"},{"line":603,"column":35,"severity":"Error","message":"Explicitly mark all external contracts as trusted or untrusted","ruleId":"mark-callable-contracts","filePath":"Benchmarks/Study_SamplesSet/c3df3c20c8b2aed1c86adf15e5e444e5.sol"},{"line":604,"column":11,"severity":"Error","message":"Explicitly mark all external contracts as trusted or untrusted","ruleId":"mark-callable-contracts","filePath":"Benchmarks/Study_SamplesSet/c3df3c20c8b2aed1c86adf15e5e444e5.sol"},{"line":604,"column":32,"severity":"Error","message":"Explicitly mark all external contracts as trusted or untrusted","ruleId":"mark-callable-contracts","filePath":"Benchmarks/Study_SamplesSet/c3df3c20c8b2aed1c86adf15e5e444e5.sol"},{"line":612,"column":66,"severity":"Error","message":"Avoid making time-based decisions in your business logic","ruleId":"not-rely-on-time","fix":null,"filePath":"Benchmarks/Study_SamplesSet/c3df3c20c8b2aed1c86adf15e5e444e5.sol"},{"line":612,"column":91,"severity":"Error","message":"Avoid making time-based decisions in your business logic","ruleId":"not-rely-on-time","fix":null,"filePath":"Benchmarks/Study_SamplesSet/c3df3c20c8b2aed1c86adf15e5e444e5.sol"},{"conclusion":"97 problem/s (57 error/s, 40 warning/s)"}]
