[{"line":1,"column":1,"severity":"Warning","message":"Found more than One contract per file. 4 contracts found!","ruleId":"one-contract-per-file","fix":null,"filePath":"Benchmarks/Study_SamplesSet/cb37b4fb4f1b4a8c4d7ad0ebfa33ec8c.sol"},{"line":1,"column":1,"severity":"Error","message":"Compiler version ^0.4.24 does not satisfy the ^0.8.0 semver requirement","ruleId":"compiler-version","fix":null,"filePath":"Benchmarks/Study_SamplesSet/cb37b4fb4f1b4a8c4d7ad0ebfa33ec8c.sol"},{"line":38,"column":32,"severity":"Warning","message":"Rule is set with explicit type [var/s: uint]","ruleId":"explicit-types","filePath":"Benchmarks/Study_SamplesSet/cb37b4fb4f1b4a8c4d7ad0ebfa33ec8c.sol"},{"line":39,"column":50,"severity":"Warning","message":"Rule is set with explicit type [var/s: uint]","ruleId":"explicit-types","filePath":"Benchmarks/Study_SamplesSet/cb37b4fb4f1b4a8c4d7ad0ebfa33ec8c.sol"},{"line":42,"column":59,"severity":"Warning","message":"Rule is set with explicit type [var/s: uint]","ruleId":"explicit-types","filePath":"Benchmarks/Study_SamplesSet/cb37b4fb4f1b4a8c4d7ad0ebfa33ec8c.sol"},{"line":57,"column":9,"severity":"Warning","message":"Provide an error message for require","ruleId":"reason-string","fix":null,"filePath":"Benchmarks/Study_SamplesSet/cb37b4fb4f1b4a8c4d7ad0ebfa33ec8c.sol"},{"line":57,"column":9,"severity":"Warning","message":"Use Custom Errors instead of require statements","ruleId":"custom-errors","fix":null,"filePath":"Benchmarks/Study_SamplesSet/cb37b4fb4f1b4a8c4d7ad0ebfa33ec8c.sol"},{"line":61,"column":60,"severity":"Warning","message":"Visibility modifier must be first in list of modifiers","ruleId":"visibility-modifier-order","fix":null,"filePath":"Benchmarks/Study_SamplesSet/cb37b4fb4f1b4a8c4d7ad0ebfa33ec8c.sol"},{"line":77,"column":5,"severity":"Warning","message":"Rule is set with explicit type [var/s: uint]","ruleId":"explicit-types","filePath":"Benchmarks/Study_SamplesSet/cb37b4fb4f1b4a8c4d7ad0ebfa33ec8c.sol"},{"line":77,"column":5,"severity":"Warning","message":"Rule is set with explicit type [var/s: uint]","ruleId":"explicit-types","filePath":"Benchmarks/Study_SamplesSet/cb37b4fb4f1b4a8c4d7ad0ebfa33ec8c.sol"},{"line":81,"column":2,"severity":"Warning","message":"Rule is set with explicit type [var/s: uint]","ruleId":"explicit-types","filePath":"Benchmarks/Study_SamplesSet/cb37b4fb4f1b4a8c4d7ad0ebfa33ec8c.sol"},{"line":83,"column":2,"severity":"Warning","message":"Rule is set with explicit type [var/s: uint]","ruleId":"explicit-types","filePath":"Benchmarks/Study_SamplesSet/cb37b4fb4f1b4a8c4d7ad0ebfa33ec8c.sol"},{"line":96,"column":61,"severity":"Warning","message":"Rule is set with explicit type [var/s: uint]","ruleId":"explicit-types","filePath":"Benchmarks/Study_SamplesSet/cb37b4fb4f1b4a8c4d7ad0ebfa33ec8c.sol"},{"line":97,"column":3,"severity":"Warning","message":"Provide an error message for require","ruleId":"reason-string","fix":null,"filePath":"Benchmarks/Study_SamplesSet/cb37b4fb4f1b4a8c4d7ad0ebfa33ec8c.sol"},{"line":97,"column":3,"severity":"Warning","message":"Use Custom Errors instead of require statements","ruleId":"custom-errors","fix":null,"filePath":"Benchmarks/Study_SamplesSet/cb37b4fb4f1b4a8c4d7ad0ebfa33ec8c.sol"},{"line":98,"column":3,"severity":"Warning","message":"Provide an error message for require","ruleId":"reason-string","fix":null,"filePath":"Benchmarks/Study_SamplesSet/cb37b4fb4f1b4a8c4d7ad0ebfa33ec8c.sol"},{"line":98,"column":3,"severity":"Warning","message":"Use Custom Errors instead of require statements","ruleId":"custom-errors","fix":null,"filePath":"Benchmarks/Study_SamplesSet/cb37b4fb4f1b4a8c4d7ad0ebfa33ec8c.sol"},{"line":113,"column":5,"severity":"Warning","message":"Provide an error message for require","ruleId":"reason-string","fix":null,"filePath":"Benchmarks/Study_SamplesSet/cb37b4fb4f1b4a8c4d7ad0ebfa33ec8c.sol"},{"line":113,"column":5,"severity":"Warning","message":"Use Custom Errors instead of require statements","ruleId":"custom-errors","fix":null,"filePath":"Benchmarks/Study_SamplesSet/cb37b4fb4f1b4a8c4d7ad0ebfa33ec8c.sol"},{"line":114,"column":5,"severity":"Warning","message":"Provide an error message for require","ruleId":"reason-string","fix":null,"filePath":"Benchmarks/Study_SamplesSet/cb37b4fb4f1b4a8c4d7ad0ebfa33ec8c.sol"},{"line":114,"column":5,"severity":"Warning","message":"Use Custom Errors instead of require statements","ruleId":"custom-errors","fix":null,"filePath":"Benchmarks/Study_SamplesSet/cb37b4fb4f1b4a8c4d7ad0ebfa33ec8c.sol"},{"line":116,"column":5,"severity":"Warning","message":"Provide an error message for require","ruleId":"reason-string","fix":null,"filePath":"Benchmarks/Study_SamplesSet/cb37b4fb4f1b4a8c4d7ad0ebfa33ec8c.sol"},{"line":116,"column":5,"severity":"Warning","message":"Use Custom Errors instead of require statements","ruleId":"custom-errors","fix":null,"filePath":"Benchmarks/Study_SamplesSet/cb37b4fb4f1b4a8c4d7ad0ebfa33ec8c.sol"},{"line":126,"column":54,"severity":"Warning","message":"Rule is set with explicit type [var/s: uint]","ruleId":"explicit-types","filePath":"Benchmarks/Study_SamplesSet/cb37b4fb4f1b4a8c4d7ad0ebfa33ec8c.sol"},{"line":127,"column":3,"severity":"Warning","message":"Provide an error message for require","ruleId":"reason-string","fix":null,"filePath":"Benchmarks/Study_SamplesSet/cb37b4fb4f1b4a8c4d7ad0ebfa33ec8c.sol"},{"line":127,"column":3,"severity":"Warning","message":"Use Custom Errors instead of require statements","ruleId":"custom-errors","fix":null,"filePath":"Benchmarks/Study_SamplesSet/cb37b4fb4f1b4a8c4d7ad0ebfa33ec8c.sol"},{"line":146,"column":8,"severity":"Warning","message":"Provide an error message for require","ruleId":"reason-string","fix":null,"filePath":"Benchmarks/Study_SamplesSet/cb37b4fb4f1b4a8c4d7ad0ebfa33ec8c.sol"},{"line":146,"column":8,"severity":"Warning","message":"Use Custom Errors instead of require statements","ruleId":"custom-errors","fix":null,"filePath":"Benchmarks/Study_SamplesSet/cb37b4fb4f1b4a8c4d7ad0ebfa33ec8c.sol"},{"line":154,"column":8,"severity":"Warning","message":"Provide an error message for require","ruleId":"reason-string","fix":null,"filePath":"Benchmarks/Study_SamplesSet/cb37b4fb4f1b4a8c4d7ad0ebfa33ec8c.sol"},{"line":154,"column":8,"severity":"Warning","message":"Use Custom Errors instead of require statements","ruleId":"custom-errors","fix":null,"filePath":"Benchmarks/Study_SamplesSet/cb37b4fb4f1b4a8c4d7ad0ebfa33ec8c.sol"},{"line":155,"column":8,"severity":"Warning","message":"Provide an error message for require","ruleId":"reason-string","fix":null,"filePath":"Benchmarks/Study_SamplesSet/cb37b4fb4f1b4a8c4d7ad0ebfa33ec8c.sol"},{"line":155,"column":8,"severity":"Warning","message":"Use Custom Errors instead of require statements","ruleId":"custom-errors","fix":null,"filePath":"Benchmarks/Study_SamplesSet/cb37b4fb4f1b4a8c4d7ad0ebfa33ec8c.sol"},{"conclusion":"32 problem/s (1 error/s, 31 warning/s)"}]
