[{"line":1,"column":1,"severity":"Warning","message":"Found more than One contract per file. 2 contracts found!","ruleId":"one-contract-per-file","fix":null,"filePath":"Benchmarks/Study_SamplesSet/cd7b42cc3b01f08f57ba4c593dd9cf9a.sol"},{"line":1,"column":1,"severity":"Error","message":"Compiler version ^0.4.16 does not satisfy the ^0.8.0 semver requirement","ruleId":"compiler-version","fix":null,"filePath":"Benchmarks/Study_SamplesSet/cd7b42cc3b01f08f57ba4c593dd9cf9a.sol"},{"line":5,"column":5,"severity":"Error","message":"Explicitly mark visibility in function","ruleId":"func-visibility","fix":null,"filePath":"Benchmarks/Study_SamplesSet/cd7b42cc3b01f08f57ba4c593dd9cf9a.sol"},{"line":5,"column":46,"severity":"Warning","message":"Rule is set with explicit type [var/s: uint]","ruleId":"explicit-types","filePath":"Benchmarks/Study_SamplesSet/cd7b42cc3b01f08f57ba4c593dd9cf9a.sol"},{"line":6,"column":5,"severity":"Error","message":"Explicitly mark visibility in function","ruleId":"func-visibility","fix":null,"filePath":"Benchmarks/Study_SamplesSet/cd7b42cc3b01f08f57ba4c593dd9cf9a.sol"},{"line":6,"column":58,"severity":"Warning","message":"Rule is set with explicit type [var/s: uint]","ruleId":"explicit-types","filePath":"Benchmarks/Study_SamplesSet/cd7b42cc3b01f08f57ba4c593dd9cf9a.sol"},{"line":7,"column":5,"severity":"Error","message":"Explicitly mark visibility in function","ruleId":"func-visibility","fix":null,"filePath":"Benchmarks/Study_SamplesSet/cd7b42cc3b01f08f57ba4c593dd9cf9a.sol"},{"line":7,"column":36,"severity":"Warning","message":"Rule is set with explicit type [var/s: uint]","ruleId":"explicit-types","filePath":"Benchmarks/Study_SamplesSet/cd7b42cc3b01f08f57ba4c593dd9cf9a.sol"},{"line":8,"column":5,"severity":"Error","message":"Explicitly mark visibility in function","ruleId":"func-visibility","fix":null,"filePath":"Benchmarks/Study_SamplesSet/cd7b42cc3b01f08f57ba4c593dd9cf9a.sol"},{"line":8,"column":55,"severity":"Warning","message":"Rule is set with explicit type [var/s: uint]","ruleId":"explicit-types","filePath":"Benchmarks/Study_SamplesSet/cd7b42cc3b01f08f57ba4c593dd9cf9a.sol"},{"line":9,"column":5,"severity":"Error","message":"Explicitly mark visibility in function","ruleId":"func-visibility","fix":null,"filePath":"Benchmarks/Study_SamplesSet/cd7b42cc3b01f08f57ba4c593dd9cf9a.sol"},{"line":9,"column":40,"severity":"Warning","message":"Rule is set with explicit type [var/s: uint]","ruleId":"explicit-types","filePath":"Benchmarks/Study_SamplesSet/cd7b42cc3b01f08f57ba4c593dd9cf9a.sol"},{"line":10,"column":5,"severity":"Error","message":"Explicitly mark visibility in function","ruleId":"func-visibility","fix":null,"filePath":"Benchmarks/Study_SamplesSet/cd7b42cc3b01f08f57ba4c593dd9cf9a.sol"},{"line":10,"column":76,"severity":"Warning","message":"Rule is set with explicit type [var/s: uint]","ruleId":"explicit-types","filePath":"Benchmarks/Study_SamplesSet/cd7b42cc3b01f08f57ba4c593dd9cf9a.sol"},{"line":11,"column":64,"severity":"Warning","message":"Rule is set with explicit type [var/s: uint]","ruleId":"explicit-types","filePath":"Benchmarks/Study_SamplesSet/cd7b42cc3b01f08f57ba4c593dd9cf9a.sol"},{"line":12,"column":70,"severity":"Warning","message":"Rule is set with explicit type [var/s: uint]","ruleId":"explicit-types","filePath":"Benchmarks/Study_SamplesSet/cd7b42cc3b01f08f57ba4c593dd9cf9a.sol"},{"line":17,"column":5,"severity":"Warning","message":"Rule is set with explicit type [var/s: uint]","ruleId":"explicit-types","filePath":"Benchmarks/Study_SamplesSet/cd7b42cc3b01f08f57ba4c593dd9cf9a.sol"},{"line":18,"column":5,"severity":"Error","message":"Explicitly mark visibility of state","ruleId":"state-visibility","fix":null,"filePath":"Benchmarks/Study_SamplesSet/cd7b42cc3b01f08f57ba4c593dd9cf9a.sol"},{"line":20,"column":28,"severity":"Warning","message":"Rule is set with explicit type [var/s: uint]","ruleId":"explicit-types","filePath":"Benchmarks/Study_SamplesSet/cd7b42cc3b01f08f57ba4c593dd9cf9a.sol"},{"line":32,"column":18,"severity":"Warning","message":"Rule is set with explicit type [var/s: uint]","ruleId":"explicit-types","filePath":"Benchmarks/Study_SamplesSet/cd7b42cc3b01f08f57ba4c593dd9cf9a.sol"},{"line":32,"column":18,"severity":"Warning","message":"Variable name must be in mixedCase","ruleId":"var-name-mixedcase","fix":null,"filePath":"Benchmarks/Study_SamplesSet/cd7b42cc3b01f08f57ba4c593dd9cf9a.sol"},{"line":33,"column":9,"severity":"Warning","message":"Visibility modifier must be first in list of modifiers","ruleId":"visibility-modifier-order","fix":null,"filePath":"Benchmarks/Study_SamplesSet/cd7b42cc3b01f08f57ba4c593dd9cf9a.sol"},{"line":35,"column":9,"severity":"Warning","message":"Provide an error message for require","ruleId":"reason-string","fix":null,"filePath":"Benchmarks/Study_SamplesSet/cd7b42cc3b01f08f57ba4c593dd9cf9a.sol"},{"line":35,"column":9,"severity":"Warning","message":"Use Custom Errors instead of require statements","ruleId":"custom-errors","fix":null,"filePath":"Benchmarks/Study_SamplesSet/cd7b42cc3b01f08f57ba4c593dd9cf9a.sol"},{"line":45,"column":5,"severity":"Error","message":"Explicitly mark visibility in function","ruleId":"func-visibility","fix":null,"filePath":"Benchmarks/Study_SamplesSet/cd7b42cc3b01f08f57ba4c593dd9cf9a.sol"},{"line":45,"column":26,"severity":"Warning","message":"Rule is set with explicit type [var/s: uint]","ruleId":"explicit-types","filePath":"Benchmarks/Study_SamplesSet/cd7b42cc3b01f08f57ba4c593dd9cf9a.sol"},{"line":45,"column":26,"severity":"Warning","message":"Variable name must be in mixedCase","ruleId":"var-name-mixedcase","fix":null,"filePath":"Benchmarks/Study_SamplesSet/cd7b42cc3b01f08f57ba4c593dd9cf9a.sol"},{"line":46,"column":9,"severity":"Warning","message":"Provide an error message for require","ruleId":"reason-string","fix":null,"filePath":"Benchmarks/Study_SamplesSet/cd7b42cc3b01f08f57ba4c593dd9cf9a.sol"},{"line":46,"column":9,"severity":"Warning","message":"Use Custom Errors instead of require statements","ruleId":"custom-errors","fix":null,"filePath":"Benchmarks/Study_SamplesSet/cd7b42cc3b01f08f57ba4c593dd9cf9a.sol"},{"conclusion":"29 problem/s (9 error/s, 20 warning/s)"}]
