[{"line":7,"column":2,"severity":"Error","message":"Compiler version ^0.4.18 does not satisfy the ^0.8.0 semver requirement","ruleId":"compiler-version","fix":null,"filePath":"Benchmarks/Study_SamplesSet/d099798ce13d85be5a7c3ba32762a326.sol"},{"line":11,"column":4,"severity":"Error","message":"Explicitly mark visibility of state","ruleId":"state-visibility","fix":null,"filePath":"Benchmarks/Study_SamplesSet/d099798ce13d85be5a7c3ba32762a326.sol"},{"line":11,"column":4,"severity":"Warning","message":"Rule is set with explicit type [var/s: uint]","ruleId":"explicit-types","filePath":"Benchmarks/Study_SamplesSet/d099798ce13d85be5a7c3ba32762a326.sol"},{"line":12,"column":4,"severity":"Warning","message":"Rule is set with explicit type [var/s: uint]","ruleId":"explicit-types","filePath":"Benchmarks/Study_SamplesSet/d099798ce13d85be5a7c3ba32762a326.sol"},{"line":14,"column":4,"severity":"Error","message":"Explicitly mark visibility in function (Set ignoreConstructors to true if using solidity >=0.7.0)","ruleId":"func-visibility","fix":null,"filePath":"Benchmarks/Study_SamplesSet/d099798ce13d85be5a7c3ba32762a326.sol"},{"line":14,"column":19,"severity":"Warning","message":"Rule is set with explicit type [var/s: uint]","ruleId":"explicit-types","filePath":"Benchmarks/Study_SamplesSet/d099798ce13d85be5a7c3ba32762a326.sol"},{"line":18,"column":35,"severity":"Warning","message":"Rule is set with explicit type [var/s: uint]","ruleId":"explicit-types","filePath":"Benchmarks/Study_SamplesSet/d099798ce13d85be5a7c3ba32762a326.sol"},{"line":20,"column":6,"severity":"Warning","message":"Provide an error message for require","ruleId":"reason-string","fix":null,"filePath":"Benchmarks/Study_SamplesSet/d099798ce13d85be5a7c3ba32762a326.sol"},{"line":20,"column":6,"severity":"Warning","message":"Use Custom Errors instead of require statements","ruleId":"custom-errors","fix":null,"filePath":"Benchmarks/Study_SamplesSet/d099798ce13d85be5a7c3ba32762a326.sol"},{"line":27,"column":64,"severity":"Warning","message":"Rule is set with explicit type [var/s: uint]","ruleId":"explicit-types","filePath":"Benchmarks/Study_SamplesSet/d099798ce13d85be5a7c3ba32762a326.sol"},{"conclusion":"10 problem/s (3 error/s, 7 warning/s)"}]
