[{"line":3,"column":1,"severity":"Warning","message":"Found more than One contract per file. 3 contracts found!","ruleId":"one-contract-per-file","fix":null,"filePath":"Benchmarks/Study_SamplesSet/d1f0d1d3dccf1619e4a321e67b66671d.sol"},{"line":3,"column":1,"severity":"Error","message":"Compiler version 0.4.15 does not satisfy the ^0.8.0 semver requirement","ruleId":"compiler-version","fix":null,"filePath":"Benchmarks/Study_SamplesSet/d1f0d1d3dccf1619e4a321e67b66671d.sol"},{"line":20,"column":5,"severity":"Error","message":"Explicitly mark visibility in function","ruleId":"func-visibility","fix":null,"filePath":"Benchmarks/Study_SamplesSet/d1f0d1d3dccf1619e4a321e67b66671d.sol"},{"line":26,"column":5,"severity":"Error","message":"Explicitly mark visibility in function","ruleId":"func-visibility","fix":null,"filePath":"Benchmarks/Study_SamplesSet/d1f0d1d3dccf1619e4a321e67b66671d.sol"},{"line":33,"column":5,"severity":"Error","message":"Explicitly mark visibility in function","ruleId":"func-visibility","fix":null,"filePath":"Benchmarks/Study_SamplesSet/d1f0d1d3dccf1619e4a321e67b66671d.sol"},{"line":39,"column":5,"severity":"Error","message":"Explicitly mark visibility in function","ruleId":"func-visibility","fix":null,"filePath":"Benchmarks/Study_SamplesSet/d1f0d1d3dccf1619e4a321e67b66671d.sol"},{"line":44,"column":5,"severity":"Error","message":"Explicitly mark visibility in function","ruleId":"func-visibility","fix":null,"filePath":"Benchmarks/Study_SamplesSet/d1f0d1d3dccf1619e4a321e67b66671d.sol"},{"line":61,"column":5,"severity":"Error","message":"Explicitly mark visibility in function","ruleId":"func-visibility","fix":null,"filePath":"Benchmarks/Study_SamplesSet/d1f0d1d3dccf1619e4a321e67b66671d.sol"},{"line":66,"column":9,"severity":"Warning","message":"Provide an error message for require","ruleId":"reason-string","fix":null,"filePath":"Benchmarks/Study_SamplesSet/d1f0d1d3dccf1619e4a321e67b66671d.sol"},{"line":66,"column":9,"severity":"Warning","message":"Use Custom Errors instead of require statements","ruleId":"custom-errors","fix":null,"filePath":"Benchmarks/Study_SamplesSet/d1f0d1d3dccf1619e4a321e67b66671d.sol"},{"line":69,"column":9,"severity":"Error","message":"Explicitly mark all external contracts as trusted or untrusted","ruleId":"mark-callable-contracts","filePath":"Benchmarks/Study_SamplesSet/d1f0d1d3dccf1619e4a321e67b66671d.sol"},{"line":73,"column":5,"severity":"Error","message":"Explicitly mark visibility in function","ruleId":"func-visibility","fix":null,"filePath":"Benchmarks/Study_SamplesSet/d1f0d1d3dccf1619e4a321e67b66671d.sol"},{"line":76,"column":9,"severity":"Warning","message":"Provide an error message for require","ruleId":"reason-string","fix":null,"filePath":"Benchmarks/Study_SamplesSet/d1f0d1d3dccf1619e4a321e67b66671d.sol"},{"line":76,"column":9,"severity":"Warning","message":"Use Custom Errors instead of require statements","ruleId":"custom-errors","fix":null,"filePath":"Benchmarks/Study_SamplesSet/d1f0d1d3dccf1619e4a321e67b66671d.sol"},{"line":80,"column":9,"severity":"Error","message":"Explicitly mark all external contracts as trusted or untrusted","ruleId":"mark-callable-contracts","filePath":"Benchmarks/Study_SamplesSet/d1f0d1d3dccf1619e4a321e67b66671d.sol"},{"line":84,"column":5,"severity":"Error","message":"Explicitly mark visibility in function","ruleId":"func-visibility","fix":null,"filePath":"Benchmarks/Study_SamplesSet/d1f0d1d3dccf1619e4a321e67b66671d.sol"},{"line":88,"column":5,"severity":"Error","message":"Explicitly mark visibility in function","ruleId":"func-visibility","fix":null,"filePath":"Benchmarks/Study_SamplesSet/d1f0d1d3dccf1619e4a321e67b66671d.sol"},{"line":90,"column":9,"severity":"Error","message":"Explicitly mark all external contracts as trusted or untrusted","ruleId":"mark-callable-contracts","filePath":"Benchmarks/Study_SamplesSet/d1f0d1d3dccf1619e4a321e67b66671d.sol"},{"line":94,"column":5,"severity":"Error","message":"Explicitly mark visibility in function","ruleId":"func-visibility","fix":null,"filePath":"Benchmarks/Study_SamplesSet/d1f0d1d3dccf1619e4a321e67b66671d.sol"},{"line":98,"column":5,"severity":"Error","message":"Explicitly mark visibility of state","ruleId":"state-visibility","fix":null,"filePath":"Benchmarks/Study_SamplesSet/d1f0d1d3dccf1619e4a321e67b66671d.sol"},{"line":99,"column":5,"severity":"Error","message":"Explicitly mark visibility of state","ruleId":"state-visibility","fix":null,"filePath":"Benchmarks/Study_SamplesSet/d1f0d1d3dccf1619e4a321e67b66671d.sol"},{"line":127,"column":29,"severity":"Error","message":"Use double quotes for string literals","ruleId":"quotes","filePath":"Benchmarks/Study_SamplesSet/d1f0d1d3dccf1619e4a321e67b66671d.sol"},{"line":129,"column":5,"severity":"Error","message":"Explicitly mark visibility in function (Set ignoreConstructors to true if using solidity >=0.7.0)","ruleId":"func-visibility","fix":null,"filePath":"Benchmarks/Study_SamplesSet/d1f0d1d3dccf1619e4a321e67b66671d.sol"},{"line":143,"column":5,"severity":"Error","message":"Explicitly mark visibility in function","ruleId":"func-visibility","fix":null,"filePath":"Benchmarks/Study_SamplesSet/d1f0d1d3dccf1619e4a321e67b66671d.sol"},{"line":145,"column":9,"severity":"Error","message":"Explicitly mark all external contracts as trusted or untrusted","ruleId":"mark-callable-contracts","filePath":"Benchmarks/Study_SamplesSet/d1f0d1d3dccf1619e4a321e67b66671d.sol"},{"line":150,"column":9,"severity":"Warning","message":"Provide an error message for require","ruleId":"reason-string","fix":null,"filePath":"Benchmarks/Study_SamplesSet/d1f0d1d3dccf1619e4a321e67b66671d.sol"},{"line":150,"column":9,"severity":"Warning","message":"Use Custom Errors instead of require statements","ruleId":"custom-errors","fix":null,"filePath":"Benchmarks/Study_SamplesSet/d1f0d1d3dccf1619e4a321e67b66671d.sol"},{"line":150,"column":17,"severity":"Error","message":"Avoid to use low level calls.","ruleId":"avoid-low-level-calls","fix":null,"filePath":"Benchmarks/Study_SamplesSet/d1f0d1d3dccf1619e4a321e67b66671d.sol"},{"line":150,"column":46,"severity":"Error","message":"Use \"keccak256\" instead of deprecated \"sha3\"","ruleId":"avoid-sha3","filePath":"Benchmarks/Study_SamplesSet/d1f0d1d3dccf1619e4a321e67b66671d.sol"},{"conclusion":"29 problem/s (22 error/s, 7 warning/s)"}]
