[{"line":5,"column":1,"severity":"Warning","message":"Found more than One contract per file. 4 contracts found!","ruleId":"one-contract-per-file","fix":null,"filePath":"Benchmarks/Study_SamplesSet/d4cc986289fea5a415196e8f598143db.sol"},{"line":5,"column":1,"severity":"Error","message":"Compiler version ^0.5.0 does not satisfy the ^0.8.0 semver requirement","ruleId":"compiler-version","fix":null,"filePath":"Benchmarks/Study_SamplesSet/d4cc986289fea5a415196e8f598143db.sol"},{"line":53,"column":3,"severity":"Warning","message":"Function name must be in mixedCase","ruleId":"func-name-mixedcase","fix":null,"filePath":"Benchmarks/Study_SamplesSet/d4cc986289fea5a415196e8f598143db.sol"},{"line":54,"column":2,"severity":"Warning","message":"Rule is set with explicit type [var/s: uint]","ruleId":"explicit-types","filePath":"Benchmarks/Study_SamplesSet/d4cc986289fea5a415196e8f598143db.sol"},{"line":54,"column":2,"severity":"Warning","message":"Variable name must be in mixedCase","ruleId":"var-name-mixedcase","fix":null,"filePath":"Benchmarks/Study_SamplesSet/d4cc986289fea5a415196e8f598143db.sol"},{"line":55,"column":2,"severity":"Error","message":"Check result of \"send\" call","ruleId":"check-send-result","fix":null,"filePath":"Benchmarks/Study_SamplesSet/d4cc986289fea5a415196e8f598143db.sol"},{"line":55,"column":18,"severity":"Error","message":"Explicitly mark all external contracts as trusted or untrusted","ruleId":"mark-callable-contracts","filePath":"Benchmarks/Study_SamplesSet/d4cc986289fea5a415196e8f598143db.sol"},{"line":57,"column":3,"severity":"Warning","message":"Variable name must be in mixedCase","ruleId":"var-name-mixedcase","fix":null,"filePath":"Benchmarks/Study_SamplesSet/d4cc986289fea5a415196e8f598143db.sol"},{"line":59,"column":1,"severity":"Warning","message":"Function name must be in mixedCase","ruleId":"func-name-mixedcase","fix":null,"filePath":"Benchmarks/Study_SamplesSet/d4cc986289fea5a415196e8f598143db.sol"},{"line":60,"column":9,"severity":"Warning","message":"Provide an error message for require","ruleId":"reason-string","fix":null,"filePath":"Benchmarks/Study_SamplesSet/d4cc986289fea5a415196e8f598143db.sol"},{"line":60,"column":9,"severity":"Warning","message":"Use Custom Errors instead of require statements","ruleId":"custom-errors","fix":null,"filePath":"Benchmarks/Study_SamplesSet/d4cc986289fea5a415196e8f598143db.sol"},{"line":61,"column":9,"severity":"Error","message":"Check result of \"send\" call","ruleId":"check-send-result","fix":null,"filePath":"Benchmarks/Study_SamplesSet/d4cc986289fea5a415196e8f598143db.sol"},{"line":69,"column":1,"severity":"Warning","message":"Function name must be in mixedCase","ruleId":"func-name-mixedcase","fix":null,"filePath":"Benchmarks/Study_SamplesSet/d4cc986289fea5a415196e8f598143db.sol"},{"line":70,"column":2,"severity":"Warning","message":"Variable name must be in mixedCase","ruleId":"var-name-mixedcase","fix":null,"filePath":"Benchmarks/Study_SamplesSet/d4cc986289fea5a415196e8f598143db.sol"},{"line":71,"column":2,"severity":"Error","message":"Check result of \"send\" call","ruleId":"check-send-result","fix":null,"filePath":"Benchmarks/Study_SamplesSet/d4cc986289fea5a415196e8f598143db.sol"},{"line":71,"column":18,"severity":"Error","message":"Explicitly mark all external contracts as trusted or untrusted","ruleId":"mark-callable-contracts","filePath":"Benchmarks/Study_SamplesSet/d4cc986289fea5a415196e8f598143db.sol"},{"line":75,"column":7,"severity":"Warning","message":"Provide an error message for require","ruleId":"reason-string","fix":null,"filePath":"Benchmarks/Study_SamplesSet/d4cc986289fea5a415196e8f598143db.sol"},{"line":75,"column":7,"severity":"Warning","message":"Use Custom Errors instead of require statements","ruleId":"custom-errors","fix":null,"filePath":"Benchmarks/Study_SamplesSet/d4cc986289fea5a415196e8f598143db.sol"},{"line":81,"column":7,"severity":"Warning","message":"Provide an error message for require","ruleId":"reason-string","fix":null,"filePath":"Benchmarks/Study_SamplesSet/d4cc986289fea5a415196e8f598143db.sol"},{"line":81,"column":7,"severity":"Warning","message":"Use Custom Errors instead of require statements","ruleId":"custom-errors","fix":null,"filePath":"Benchmarks/Study_SamplesSet/d4cc986289fea5a415196e8f598143db.sol"},{"line":85,"column":1,"severity":"Warning","message":"Function name must be in mixedCase","ruleId":"func-name-mixedcase","fix":null,"filePath":"Benchmarks/Study_SamplesSet/d4cc986289fea5a415196e8f598143db.sol"},{"line":86,"column":1,"severity":"Warning","message":"Rule is set with explicit type [var/s: uint]","ruleId":"explicit-types","filePath":"Benchmarks/Study_SamplesSet/d4cc986289fea5a415196e8f598143db.sol"},{"line":86,"column":1,"severity":"Warning","message":"Variable name must be in mixedCase","ruleId":"var-name-mixedcase","fix":null,"filePath":"Benchmarks/Study_SamplesSet/d4cc986289fea5a415196e8f598143db.sol"},{"line":87,"column":1,"severity":"Warning","message":"Variable name must be in mixedCase","ruleId":"var-name-mixedcase","fix":null,"filePath":"Benchmarks/Study_SamplesSet/d4cc986289fea5a415196e8f598143db.sol"},{"line":91,"column":3,"severity":"Warning","message":"Provide an error message for revert","ruleId":"reason-string","fix":null,"filePath":"Benchmarks/Study_SamplesSet/d4cc986289fea5a415196e8f598143db.sol"},{"line":91,"column":3,"severity":"Warning","message":"Use Custom Errors instead of revert statements","ruleId":"custom-errors","fix":null,"filePath":"Benchmarks/Study_SamplesSet/d4cc986289fea5a415196e8f598143db.sol"},{"line":99,"column":1,"severity":"Warning","message":"Function name must be in mixedCase","ruleId":"func-name-mixedcase","fix":null,"filePath":"Benchmarks/Study_SamplesSet/d4cc986289fea5a415196e8f598143db.sol"},{"line":100,"column":1,"severity":"Warning","message":"Rule is set with explicit type [var/s: uint]","ruleId":"explicit-types","filePath":"Benchmarks/Study_SamplesSet/d4cc986289fea5a415196e8f598143db.sol"},{"line":100,"column":1,"severity":"Warning","message":"Variable name must be in mixedCase","ruleId":"var-name-mixedcase","fix":null,"filePath":"Benchmarks/Study_SamplesSet/d4cc986289fea5a415196e8f598143db.sol"},{"line":101,"column":1,"severity":"Warning","message":"Variable name must be in mixedCase","ruleId":"var-name-mixedcase","fix":null,"filePath":"Benchmarks/Study_SamplesSet/d4cc986289fea5a415196e8f598143db.sol"},{"line":105,"column":3,"severity":"Warning","message":"Provide an error message for revert","ruleId":"reason-string","fix":null,"filePath":"Benchmarks/Study_SamplesSet/d4cc986289fea5a415196e8f598143db.sol"},{"line":105,"column":3,"severity":"Warning","message":"Use Custom Errors instead of revert statements","ruleId":"custom-errors","fix":null,"filePath":"Benchmarks/Study_SamplesSet/d4cc986289fea5a415196e8f598143db.sol"},{"line":108,"column":1,"severity":"Warning","message":"Function name must be in mixedCase","ruleId":"func-name-mixedcase","fix":null,"filePath":"Benchmarks/Study_SamplesSet/d4cc986289fea5a415196e8f598143db.sol"},{"line":109,"column":4,"severity":"Warning","message":"Variable name must be in mixedCase","ruleId":"var-name-mixedcase","fix":null,"filePath":"Benchmarks/Study_SamplesSet/d4cc986289fea5a415196e8f598143db.sol"},{"line":111,"column":7,"severity":"Warning","message":"Code contains empty blocks","ruleId":"no-empty-blocks","fix":null,"filePath":"Benchmarks/Study_SamplesSet/d4cc986289fea5a415196e8f598143db.sol"},{"line":114,"column":7,"severity":"Warning","message":"Code contains empty blocks","ruleId":"no-empty-blocks","fix":null,"filePath":"Benchmarks/Study_SamplesSet/d4cc986289fea5a415196e8f598143db.sol"},{"line":118,"column":1,"severity":"Warning","message":"Function name must be in mixedCase","ruleId":"func-name-mixedcase","fix":null,"filePath":"Benchmarks/Study_SamplesSet/d4cc986289fea5a415196e8f598143db.sol"},{"line":119,"column":9,"severity":"Error","message":"Avoid to use low level calls.","ruleId":"avoid-low-level-calls","fix":null,"filePath":"Benchmarks/Study_SamplesSet/d4cc986289fea5a415196e8f598143db.sol"},{"line":119,"column":9,"severity":"Error","message":"Avoid to use \".call.value()()\"","ruleId":"avoid-call-value","fix":null,"filePath":"Benchmarks/Study_SamplesSet/d4cc986289fea5a415196e8f598143db.sol"},{"line":128,"column":1,"severity":"Warning","message":"Function name must be in mixedCase","ruleId":"func-name-mixedcase","fix":null,"filePath":"Benchmarks/Study_SamplesSet/d4cc986289fea5a415196e8f598143db.sol"},{"line":129,"column":5,"severity":"Error","message":"Check result of \"send\" call","ruleId":"check-send-result","fix":null,"filePath":"Benchmarks/Study_SamplesSet/d4cc986289fea5a415196e8f598143db.sol"},{"line":135,"column":1,"severity":"Warning","message":"Function name must be in mixedCase","ruleId":"func-name-mixedcase","fix":null,"filePath":"Benchmarks/Study_SamplesSet/d4cc986289fea5a415196e8f598143db.sol"},{"line":136,"column":1,"severity":"Warning","message":"Variable name must be in mixedCase","ruleId":"var-name-mixedcase","fix":null,"filePath":"Benchmarks/Study_SamplesSet/d4cc986289fea5a415196e8f598143db.sol"},{"line":138,"column":3,"severity":"Warning","message":"Provide an error message for revert","ruleId":"reason-string","fix":null,"filePath":"Benchmarks/Study_SamplesSet/d4cc986289fea5a415196e8f598143db.sol"},{"line":138,"column":3,"severity":"Warning","message":"Use Custom Errors instead of revert statements","ruleId":"custom-errors","fix":null,"filePath":"Benchmarks/Study_SamplesSet/d4cc986289fea5a415196e8f598143db.sol"},{"line":144,"column":1,"severity":"Warning","message":"Function name must be in mixedCase","ruleId":"func-name-mixedcase","fix":null,"filePath":"Benchmarks/Study_SamplesSet/d4cc986289fea5a415196e8f598143db.sol"},{"line":145,"column":9,"severity":"Error","message":"Avoid to use low level calls.","ruleId":"avoid-low-level-calls","fix":null,"filePath":"Benchmarks/Study_SamplesSet/d4cc986289fea5a415196e8f598143db.sol"},{"line":145,"column":9,"severity":"Error","message":"Avoid to use \".call.value()()\"","ruleId":"avoid-call-value","fix":null,"filePath":"Benchmarks/Study_SamplesSet/d4cc986289fea5a415196e8f598143db.sol"},{"line":151,"column":1,"severity":"Warning","message":"Function name must be in mixedCase","ruleId":"func-name-mixedcase","fix":null,"filePath":"Benchmarks/Study_SamplesSet/d4cc986289fea5a415196e8f598143db.sol"},{"line":152,"column":2,"severity":"Warning","message":"Variable name must be in mixedCase","ruleId":"var-name-mixedcase","fix":null,"filePath":"Benchmarks/Study_SamplesSet/d4cc986289fea5a415196e8f598143db.sol"},{"line":153,"column":2,"severity":"Error","message":"Check result of \"send\" call","ruleId":"check-send-result","fix":null,"filePath":"Benchmarks/Study_SamplesSet/d4cc986289fea5a415196e8f598143db.sol"},{"line":153,"column":18,"severity":"Error","message":"Explicitly mark all external contracts as trusted or untrusted","ruleId":"mark-callable-contracts","filePath":"Benchmarks/Study_SamplesSet/d4cc986289fea5a415196e8f598143db.sol"},{"line":156,"column":1,"severity":"Warning","message":"Contract has 23 states declarations but allowed no more than 15","ruleId":"max-states-count","fix":null,"filePath":"Benchmarks/Study_SamplesSet/d4cc986289fea5a415196e8f598143db.sol"},{"line":159,"column":1,"severity":"Warning","message":"Function name must be in mixedCase","ruleId":"func-name-mixedcase","fix":null,"filePath":"Benchmarks/Study_SamplesSet/d4cc986289fea5a415196e8f598143db.sol"},{"line":160,"column":2,"severity":"Warning","message":"Variable name must be in mixedCase","ruleId":"var-name-mixedcase","fix":null,"filePath":"Benchmarks/Study_SamplesSet/d4cc986289fea5a415196e8f598143db.sol"},{"line":161,"column":2,"severity":"Error","message":"Check result of \"send\" call","ruleId":"check-send-result","fix":null,"filePath":"Benchmarks/Study_SamplesSet/d4cc986289fea5a415196e8f598143db.sol"},{"line":161,"column":18,"severity":"Error","message":"Explicitly mark all external contracts as trusted or untrusted","ruleId":"mark-callable-contracts","filePath":"Benchmarks/Study_SamplesSet/d4cc986289fea5a415196e8f598143db.sol"},{"line":163,"column":1,"severity":"Warning","message":"Function name must be in mixedCase","ruleId":"func-name-mixedcase","fix":null,"filePath":"Benchmarks/Study_SamplesSet/d4cc986289fea5a415196e8f598143db.sol"},{"line":164,"column":8,"severity":"Error","message":"Check result of \"send\" call","ruleId":"check-send-result","fix":null,"filePath":"Benchmarks/Study_SamplesSet/d4cc986289fea5a415196e8f598143db.sol"},{"line":167,"column":1,"severity":"Warning","message":"Function name must be in mixedCase","ruleId":"func-name-mixedcase","fix":null,"filePath":"Benchmarks/Study_SamplesSet/d4cc986289fea5a415196e8f598143db.sol"},{"line":168,"column":4,"severity":"Warning","message":"Variable name must be in mixedCase","ruleId":"var-name-mixedcase","fix":null,"filePath":"Benchmarks/Study_SamplesSet/d4cc986289fea5a415196e8f598143db.sol"},{"line":170,"column":7,"severity":"Warning","message":"Code contains empty blocks","ruleId":"no-empty-blocks","fix":null,"filePath":"Benchmarks/Study_SamplesSet/d4cc986289fea5a415196e8f598143db.sol"},{"line":173,"column":7,"severity":"Warning","message":"Code contains empty blocks","ruleId":"no-empty-blocks","fix":null,"filePath":"Benchmarks/Study_SamplesSet/d4cc986289fea5a415196e8f598143db.sol"},{"line":176,"column":3,"severity":"Error","message":"Explicitly mark visibility of state","ruleId":"state-visibility","fix":null,"filePath":"Benchmarks/Study_SamplesSet/d4cc986289fea5a415196e8f598143db.sol"},{"line":176,"column":3,"severity":"Warning","message":"Constant name must be in capitalized SNAKE_CASE","ruleId":"const-name-snakecase","fix":null,"filePath":"Benchmarks/Study_SamplesSet/d4cc986289fea5a415196e8f598143db.sol"},{"line":177,"column":1,"severity":"Warning","message":"Function name must be in mixedCase","ruleId":"func-name-mixedcase","fix":null,"filePath":"Benchmarks/Study_SamplesSet/d4cc986289fea5a415196e8f598143db.sol"},{"line":177,"column":23,"severity":"Warning","message":"Rule is set with explicit type [var/s: uint]","ruleId":"explicit-types","filePath":"Benchmarks/Study_SamplesSet/d4cc986289fea5a415196e8f598143db.sol"},{"line":177,"column":40,"severity":"Warning","message":"Rule is set with explicit type [var/s: uint]","ruleId":"explicit-types","filePath":"Benchmarks/Study_SamplesSet/d4cc986289fea5a415196e8f598143db.sol"},{"line":177,"column":58,"severity":"Warning","message":"Variable name must be in mixedCase","ruleId":"var-name-mixedcase","fix":null,"filePath":"Benchmarks/Study_SamplesSet/d4cc986289fea5a415196e8f598143db.sol"},{"line":177,"column":23,"severity":"Warning","message":"Variable \"roundIndex\" is unused","ruleId":"no-unused-vars","fix":null,"filePath":"Benchmarks/Study_SamplesSet/d4cc986289fea5a415196e8f598143db.sol"},{"line":177,"column":40,"severity":"Warning","message":"Variable \"subpotIndex\" is unused","ruleId":"no-unused-vars","fix":null,"filePath":"Benchmarks/Study_SamplesSet/d4cc986289fea5a415196e8f598143db.sol"},{"line":178,"column":9,"severity":"Warning","message":"Variable name must be in mixedCase","ruleId":"var-name-mixedcase","fix":null,"filePath":"Benchmarks/Study_SamplesSet/d4cc986289fea5a415196e8f598143db.sol"},{"line":179,"column":9,"severity":"Error","message":"Check result of \"send\" call","ruleId":"check-send-result","fix":null,"filePath":"Benchmarks/Study_SamplesSet/d4cc986289fea5a415196e8f598143db.sol"},{"line":182,"column":3,"severity":"Error","message":"Explicitly mark visibility of state","ruleId":"state-visibility","fix":null,"filePath":"Benchmarks/Study_SamplesSet/d4cc986289fea5a415196e8f598143db.sol"},{"line":182,"column":3,"severity":"Warning","message":"Constant name must be in capitalized SNAKE_CASE","ruleId":"const-name-snakecase","fix":null,"filePath":"Benchmarks/Study_SamplesSet/d4cc986289fea5a415196e8f598143db.sol"},{"line":183,"column":1,"severity":"Warning","message":"Variable name must be in mixedCase","ruleId":"var-name-mixedcase","fix":null,"filePath":"Benchmarks/Study_SamplesSet/d4cc986289fea5a415196e8f598143db.sol"},{"line":185,"column":1,"severity":"Warning","message":"Function name must be in mixedCase","ruleId":"func-name-mixedcase","fix":null,"filePath":"Benchmarks/Study_SamplesSet/d4cc986289fea5a415196e8f598143db.sol"},{"line":186,"column":9,"severity":"Warning","message":"Provide an error message for require","ruleId":"reason-string","fix":null,"filePath":"Benchmarks/Study_SamplesSet/d4cc986289fea5a415196e8f598143db.sol"},{"line":186,"column":9,"severity":"Warning","message":"Use Custom Errors instead of require statements","ruleId":"custom-errors","fix":null,"filePath":"Benchmarks/Study_SamplesSet/d4cc986289fea5a415196e8f598143db.sol"},{"line":187,"column":9,"severity":"Error","message":"Check result of \"send\" call","ruleId":"check-send-result","fix":null,"filePath":"Benchmarks/Study_SamplesSet/d4cc986289fea5a415196e8f598143db.sol"},{"line":189,"column":3,"severity":"Error","message":"Explicitly mark visibility of state","ruleId":"state-visibility","fix":null,"filePath":"Benchmarks/Study_SamplesSet/d4cc986289fea5a415196e8f598143db.sol"},{"line":189,"column":3,"severity":"Warning","message":"Constant name must be in capitalized SNAKE_CASE","ruleId":"const-name-snakecase","fix":null,"filePath":"Benchmarks/Study_SamplesSet/d4cc986289fea5a415196e8f598143db.sol"},{"line":190,"column":1,"severity":"Warning","message":"Function name must be in mixedCase","ruleId":"func-name-mixedcase","fix":null,"filePath":"Benchmarks/Study_SamplesSet/d4cc986289fea5a415196e8f598143db.sol"},{"line":190,"column":23,"severity":"Warning","message":"Rule is set with explicit type [var/s: uint]","ruleId":"explicit-types","filePath":"Benchmarks/Study_SamplesSet/d4cc986289fea5a415196e8f598143db.sol"},{"line":190,"column":40,"severity":"Warning","message":"Rule is set with explicit type [var/s: uint]","ruleId":"explicit-types","filePath":"Benchmarks/Study_SamplesSet/d4cc986289fea5a415196e8f598143db.sol"},{"line":190,"column":57,"severity":"Warning","message":"Variable name must be in mixedCase","ruleId":"var-name-mixedcase","fix":null,"filePath":"Benchmarks/Study_SamplesSet/d4cc986289fea5a415196e8f598143db.sol"},{"line":190,"column":23,"severity":"Warning","message":"Variable \"roundIndex\" is unused","ruleId":"no-unused-vars","fix":null,"filePath":"Benchmarks/Study_SamplesSet/d4cc986289fea5a415196e8f598143db.sol"},{"line":190,"column":40,"severity":"Warning","message":"Variable \"subpotIndex\" is unused","ruleId":"no-unused-vars","fix":null,"filePath":"Benchmarks/Study_SamplesSet/d4cc986289fea5a415196e8f598143db.sol"},{"line":191,"column":9,"severity":"Warning","message":"Variable name must be in mixedCase","ruleId":"var-name-mixedcase","fix":null,"filePath":"Benchmarks/Study_SamplesSet/d4cc986289fea5a415196e8f598143db.sol"},{"line":192,"column":9,"severity":"Error","message":"Check result of \"send\" call","ruleId":"check-send-result","fix":null,"filePath":"Benchmarks/Study_SamplesSet/d4cc986289fea5a415196e8f598143db.sol"},{"line":195,"column":3,"severity":"Error","message":"Explicitly mark visibility of state","ruleId":"state-visibility","fix":null,"filePath":"Benchmarks/Study_SamplesSet/d4cc986289fea5a415196e8f598143db.sol"},{"line":196,"column":1,"severity":"Warning","message":"Function name must be in mixedCase","ruleId":"func-name-mixedcase","fix":null,"filePath":"Benchmarks/Study_SamplesSet/d4cc986289fea5a415196e8f598143db.sol"},{"line":197,"column":9,"severity":"Error","message":"Check result of \"send\" call","ruleId":"check-send-result","fix":null,"filePath":"Benchmarks/Study_SamplesSet/d4cc986289fea5a415196e8f598143db.sol"},{"line":200,"column":1,"severity":"Warning","message":"Function name must be in mixedCase","ruleId":"func-name-mixedcase","fix":null,"filePath":"Benchmarks/Study_SamplesSet/d4cc986289fea5a415196e8f598143db.sol"},{"line":200,"column":23,"severity":"Warning","message":"Rule is set with explicit type [var/s: uint]","ruleId":"explicit-types","filePath":"Benchmarks/Study_SamplesSet/d4cc986289fea5a415196e8f598143db.sol"},{"line":200,"column":40,"severity":"Warning","message":"Rule is set with explicit type [var/s: uint]","ruleId":"explicit-types","filePath":"Benchmarks/Study_SamplesSet/d4cc986289fea5a415196e8f598143db.sol"},{"line":200,"column":58,"severity":"Warning","message":"Variable name must be in mixedCase","ruleId":"var-name-mixedcase","fix":null,"filePath":"Benchmarks/Study_SamplesSet/d4cc986289fea5a415196e8f598143db.sol"},{"line":200,"column":23,"severity":"Warning","message":"Variable \"roundIndex\" is unused","ruleId":"no-unused-vars","fix":null,"filePath":"Benchmarks/Study_SamplesSet/d4cc986289fea5a415196e8f598143db.sol"},{"line":200,"column":40,"severity":"Warning","message":"Variable \"subpotIndex\" is unused","ruleId":"no-unused-vars","fix":null,"filePath":"Benchmarks/Study_SamplesSet/d4cc986289fea5a415196e8f598143db.sol"},{"line":201,"column":9,"severity":"Warning","message":"Variable name must be in mixedCase","ruleId":"var-name-mixedcase","fix":null,"filePath":"Benchmarks/Study_SamplesSet/d4cc986289fea5a415196e8f598143db.sol"},{"line":202,"column":9,"severity":"Error","message":"Check result of \"send\" call","ruleId":"check-send-result","fix":null,"filePath":"Benchmarks/Study_SamplesSet/d4cc986289fea5a415196e8f598143db.sol"},{"line":206,"column":1,"severity":"Warning","message":"Function name must be in mixedCase","ruleId":"func-name-mixedcase","fix":null,"filePath":"Benchmarks/Study_SamplesSet/d4cc986289fea5a415196e8f598143db.sol"},{"line":207,"column":9,"severity":"Error","message":"Avoid to use low level calls.","ruleId":"avoid-low-level-calls","fix":null,"filePath":"Benchmarks/Study_SamplesSet/d4cc986289fea5a415196e8f598143db.sol"},{"line":207,"column":9,"severity":"Error","message":"Avoid to use \".call.value()()\"","ruleId":"avoid-call-value","fix":null,"filePath":"Benchmarks/Study_SamplesSet/d4cc986289fea5a415196e8f598143db.sol"},{"line":209,"column":3,"severity":"Warning","message":"Variable name must be in mixedCase","ruleId":"var-name-mixedcase","fix":null,"filePath":"Benchmarks/Study_SamplesSet/d4cc986289fea5a415196e8f598143db.sol"},{"line":210,"column":1,"severity":"Warning","message":"Function name must be in mixedCase","ruleId":"func-name-mixedcase","fix":null,"filePath":"Benchmarks/Study_SamplesSet/d4cc986289fea5a415196e8f598143db.sol"},{"line":211,"column":8,"severity":"Error","message":"Check result of \"send\" call","ruleId":"check-send-result","fix":null,"filePath":"Benchmarks/Study_SamplesSet/d4cc986289fea5a415196e8f598143db.sol"},{"line":213,"column":1,"severity":"Warning","message":"Function name must be in mixedCase","ruleId":"func-name-mixedcase","fix":null,"filePath":"Benchmarks/Study_SamplesSet/d4cc986289fea5a415196e8f598143db.sol"},{"line":214,"column":1,"severity":"Warning","message":"Variable name must be in mixedCase","ruleId":"var-name-mixedcase","fix":null,"filePath":"Benchmarks/Study_SamplesSet/d4cc986289fea5a415196e8f598143db.sol"},{"line":216,"column":3,"severity":"Warning","message":"Provide an error message for revert","ruleId":"reason-string","fix":null,"filePath":"Benchmarks/Study_SamplesSet/d4cc986289fea5a415196e8f598143db.sol"},{"line":216,"column":3,"severity":"Warning","message":"Use Custom Errors instead of revert statements","ruleId":"custom-errors","fix":null,"filePath":"Benchmarks/Study_SamplesSet/d4cc986289fea5a415196e8f598143db.sol"},{"line":219,"column":1,"severity":"Warning","message":"Variable name must be in mixedCase","ruleId":"var-name-mixedcase","fix":null,"filePath":"Benchmarks/Study_SamplesSet/d4cc986289fea5a415196e8f598143db.sol"},{"line":221,"column":1,"severity":"Warning","message":"Function name must be in mixedCase","ruleId":"func-name-mixedcase","fix":null,"filePath":"Benchmarks/Study_SamplesSet/d4cc986289fea5a415196e8f598143db.sol"},{"line":222,"column":9,"severity":"Warning","message":"Provide an error message for require","ruleId":"reason-string","fix":null,"filePath":"Benchmarks/Study_SamplesSet/d4cc986289fea5a415196e8f598143db.sol"},{"line":222,"column":9,"severity":"Warning","message":"Use Custom Errors instead of require statements","ruleId":"custom-errors","fix":null,"filePath":"Benchmarks/Study_SamplesSet/d4cc986289fea5a415196e8f598143db.sol"},{"line":223,"column":9,"severity":"Error","message":"Check result of \"send\" call","ruleId":"check-send-result","fix":null,"filePath":"Benchmarks/Study_SamplesSet/d4cc986289fea5a415196e8f598143db.sol"},{"line":226,"column":1,"severity":"Warning","message":"Function name must be in mixedCase","ruleId":"func-name-mixedcase","fix":null,"filePath":"Benchmarks/Study_SamplesSet/d4cc986289fea5a415196e8f598143db.sol"},{"line":227,"column":5,"severity":"Error","message":"Avoid to use low level calls.","ruleId":"avoid-low-level-calls","fix":null,"filePath":"Benchmarks/Study_SamplesSet/d4cc986289fea5a415196e8f598143db.sol"},{"line":227,"column":5,"severity":"Error","message":"Avoid to use \".call.value()()\"","ruleId":"avoid-call-value","fix":null,"filePath":"Benchmarks/Study_SamplesSet/d4cc986289fea5a415196e8f598143db.sol"},{"line":232,"column":3,"severity":"Warning","message":"Function name must be in mixedCase","ruleId":"func-name-mixedcase","fix":null,"filePath":"Benchmarks/Study_SamplesSet/d4cc986289fea5a415196e8f598143db.sol"},{"line":233,"column":9,"severity":"Error","message":"Check result of \"send\" call","ruleId":"check-send-result","fix":null,"filePath":"Benchmarks/Study_SamplesSet/d4cc986289fea5a415196e8f598143db.sol"},{"line":236,"column":3,"severity":"Warning","message":"Function name must be in mixedCase","ruleId":"func-name-mixedcase","fix":null,"filePath":"Benchmarks/Study_SamplesSet/d4cc986289fea5a415196e8f598143db.sol"},{"line":237,"column":5,"severity":"Error","message":"Avoid to use low level calls.","ruleId":"avoid-low-level-calls","fix":null,"filePath":"Benchmarks/Study_SamplesSet/d4cc986289fea5a415196e8f598143db.sol"},{"line":237,"column":5,"severity":"Error","message":"Avoid to use \".call.value()()\"","ruleId":"avoid-call-value","fix":null,"filePath":"Benchmarks/Study_SamplesSet/d4cc986289fea5a415196e8f598143db.sol"},{"line":244,"column":1,"severity":"Warning","message":"Function name must be in mixedCase","ruleId":"func-name-mixedcase","fix":null,"filePath":"Benchmarks/Study_SamplesSet/d4cc986289fea5a415196e8f598143db.sol"},{"line":245,"column":5,"severity":"Error","message":"Avoid to use low level calls.","ruleId":"avoid-low-level-calls","fix":null,"filePath":"Benchmarks/Study_SamplesSet/d4cc986289fea5a415196e8f598143db.sol"},{"line":245,"column":5,"severity":"Error","message":"Avoid to use \".call.value()()\"","ruleId":"avoid-call-value","fix":null,"filePath":"Benchmarks/Study_SamplesSet/d4cc986289fea5a415196e8f598143db.sol"},{"line":251,"column":1,"severity":"Warning","message":"Function name must be in mixedCase","ruleId":"func-name-mixedcase","fix":null,"filePath":"Benchmarks/Study_SamplesSet/d4cc986289fea5a415196e8f598143db.sol"},{"line":252,"column":8,"severity":"Error","message":"Check result of \"send\" call","ruleId":"check-send-result","fix":null,"filePath":"Benchmarks/Study_SamplesSet/d4cc986289fea5a415196e8f598143db.sol"},{"line":257,"column":1,"severity":"Warning","message":"Variable name must be in mixedCase","ruleId":"var-name-mixedcase","fix":null,"filePath":"Benchmarks/Study_SamplesSet/d4cc986289fea5a415196e8f598143db.sol"},{"line":259,"column":1,"severity":"Warning","message":"Function name must be in mixedCase","ruleId":"func-name-mixedcase","fix":null,"filePath":"Benchmarks/Study_SamplesSet/d4cc986289fea5a415196e8f598143db.sol"},{"line":260,"column":9,"severity":"Warning","message":"Provide an error message for require","ruleId":"reason-string","fix":null,"filePath":"Benchmarks/Study_SamplesSet/d4cc986289fea5a415196e8f598143db.sol"},{"line":260,"column":9,"severity":"Warning","message":"Use Custom Errors instead of require statements","ruleId":"custom-errors","fix":null,"filePath":"Benchmarks/Study_SamplesSet/d4cc986289fea5a415196e8f598143db.sol"},{"line":261,"column":9,"severity":"Error","message":"Check result of \"send\" call","ruleId":"check-send-result","fix":null,"filePath":"Benchmarks/Study_SamplesSet/d4cc986289fea5a415196e8f598143db.sol"},{"line":267,"column":1,"severity":"Warning","message":"Function name must be in mixedCase","ruleId":"func-name-mixedcase","fix":null,"filePath":"Benchmarks/Study_SamplesSet/d4cc986289fea5a415196e8f598143db.sol"},{"line":268,"column":5,"severity":"Error","message":"Avoid to use low level calls.","ruleId":"avoid-low-level-calls","fix":null,"filePath":"Benchmarks/Study_SamplesSet/d4cc986289fea5a415196e8f598143db.sol"},{"line":268,"column":5,"severity":"Error","message":"Avoid to use \".call.value()()\"","ruleId":"avoid-call-value","fix":null,"filePath":"Benchmarks/Study_SamplesSet/d4cc986289fea5a415196e8f598143db.sol"},{"line":276,"column":1,"severity":"Warning","message":"Function name must be in mixedCase","ruleId":"func-name-mixedcase","fix":null,"filePath":"Benchmarks/Study_SamplesSet/d4cc986289fea5a415196e8f598143db.sol"},{"line":277,"column":1,"severity":"Warning","message":"Variable name must be in mixedCase","ruleId":"var-name-mixedcase","fix":null,"filePath":"Benchmarks/Study_SamplesSet/d4cc986289fea5a415196e8f598143db.sol"},{"line":279,"column":3,"severity":"Warning","message":"Provide an error message for revert","ruleId":"reason-string","fix":null,"filePath":"Benchmarks/Study_SamplesSet/d4cc986289fea5a415196e8f598143db.sol"},{"line":279,"column":3,"severity":"Warning","message":"Use Custom Errors instead of revert statements","ruleId":"custom-errors","fix":null,"filePath":"Benchmarks/Study_SamplesSet/d4cc986289fea5a415196e8f598143db.sol"},{"line":283,"column":5,"severity":"Warning","message":"Variable name must be in mixedCase","ruleId":"var-name-mixedcase","fix":null,"filePath":"Benchmarks/Study_SamplesSet/d4cc986289fea5a415196e8f598143db.sol"},{"line":286,"column":1,"severity":"Warning","message":"Function name must be in mixedCase","ruleId":"func-name-mixedcase","fix":null,"filePath":"Benchmarks/Study_SamplesSet/d4cc986289fea5a415196e8f598143db.sol"},{"line":287,"column":5,"severity":"Error","message":"Check result of \"send\" call","ruleId":"check-send-result","fix":null,"filePath":"Benchmarks/Study_SamplesSet/d4cc986289fea5a415196e8f598143db.sol"},{"line":291,"column":5,"severity":"Warning","message":"Provide an error message for require","ruleId":"reason-string","fix":null,"filePath":"Benchmarks/Study_SamplesSet/d4cc986289fea5a415196e8f598143db.sol"},{"line":291,"column":5,"severity":"Warning","message":"Use Custom Errors instead of require statements","ruleId":"custom-errors","fix":null,"filePath":"Benchmarks/Study_SamplesSet/d4cc986289fea5a415196e8f598143db.sol"},{"line":292,"column":5,"severity":"Warning","message":"Provide an error message for require","ruleId":"reason-string","fix":null,"filePath":"Benchmarks/Study_SamplesSet/d4cc986289fea5a415196e8f598143db.sol"},{"line":292,"column":5,"severity":"Warning","message":"Use Custom Errors instead of require statements","ruleId":"custom-errors","fix":null,"filePath":"Benchmarks/Study_SamplesSet/d4cc986289fea5a415196e8f598143db.sol"},{"line":329,"column":23,"severity":"Error","message":"Explicitly mark all external contracts as trusted or untrusted","ruleId":"mark-callable-contracts","filePath":"Benchmarks/Study_SamplesSet/d4cc986289fea5a415196e8f598143db.sol"},{"line":329,"column":50,"severity":"Error","message":"Explicitly mark all external contracts as trusted or untrusted","ruleId":"mark-callable-contracts","filePath":"Benchmarks/Study_SamplesSet/d4cc986289fea5a415196e8f598143db.sol"},{"line":346,"column":1,"severity":"Warning","message":"Variable name must be in mixedCase","ruleId":"var-name-mixedcase","fix":null,"filePath":"Benchmarks/Study_SamplesSet/d4cc986289fea5a415196e8f598143db.sol"},{"line":347,"column":1,"severity":"Warning","message":"Variable name must be in mixedCase","ruleId":"var-name-mixedcase","fix":null,"filePath":"Benchmarks/Study_SamplesSet/d4cc986289fea5a415196e8f598143db.sol"},{"line":348,"column":1,"severity":"Warning","message":"Rule is set with explicit type [var/s: uint]","ruleId":"explicit-types","filePath":"Benchmarks/Study_SamplesSet/d4cc986289fea5a415196e8f598143db.sol"},{"line":348,"column":1,"severity":"Warning","message":"Variable name must be in mixedCase","ruleId":"var-name-mixedcase","fix":null,"filePath":"Benchmarks/Study_SamplesSet/d4cc986289fea5a415196e8f598143db.sol"},{"line":350,"column":1,"severity":"Warning","message":"Function name must be in mixedCase","ruleId":"func-name-mixedcase","fix":null,"filePath":"Benchmarks/Study_SamplesSet/d4cc986289fea5a415196e8f598143db.sol"},{"line":351,"column":9,"severity":"Warning","message":"Provide an error message for require","ruleId":"reason-string","fix":null,"filePath":"Benchmarks/Study_SamplesSet/d4cc986289fea5a415196e8f598143db.sol"},{"line":351,"column":9,"severity":"Warning","message":"Use Custom Errors instead of require statements","ruleId":"custom-errors","fix":null,"filePath":"Benchmarks/Study_SamplesSet/d4cc986289fea5a415196e8f598143db.sol"},{"line":352,"column":9,"severity":"Error","message":"Check result of \"send\" call","ruleId":"check-send-result","fix":null,"filePath":"Benchmarks/Study_SamplesSet/d4cc986289fea5a415196e8f598143db.sol"},{"line":353,"column":9,"severity":"Error","message":"Possible reentrancy vulnerabilities. Avoid state changes after transfer.","ruleId":"reentrancy","fix":null,"filePath":"Benchmarks/Study_SamplesSet/d4cc986289fea5a415196e8f598143db.sol"},{"line":361,"column":1,"severity":"Warning","message":"Variable name must be in mixedCase","ruleId":"var-name-mixedcase","fix":null,"filePath":"Benchmarks/Study_SamplesSet/d4cc986289fea5a415196e8f598143db.sol"},{"line":362,"column":1,"severity":"Warning","message":"Variable name must be in mixedCase","ruleId":"var-name-mixedcase","fix":null,"filePath":"Benchmarks/Study_SamplesSet/d4cc986289fea5a415196e8f598143db.sol"},{"line":363,"column":1,"severity":"Warning","message":"Rule is set with explicit type [var/s: uint]","ruleId":"explicit-types","filePath":"Benchmarks/Study_SamplesSet/d4cc986289fea5a415196e8f598143db.sol"},{"line":363,"column":1,"severity":"Warning","message":"Variable name must be in mixedCase","ruleId":"var-name-mixedcase","fix":null,"filePath":"Benchmarks/Study_SamplesSet/d4cc986289fea5a415196e8f598143db.sol"},{"line":365,"column":1,"severity":"Warning","message":"Function name must be in mixedCase","ruleId":"func-name-mixedcase","fix":null,"filePath":"Benchmarks/Study_SamplesSet/d4cc986289fea5a415196e8f598143db.sol"},{"line":366,"column":9,"severity":"Warning","message":"Provide an error message for require","ruleId":"reason-string","fix":null,"filePath":"Benchmarks/Study_SamplesSet/d4cc986289fea5a415196e8f598143db.sol"},{"line":366,"column":9,"severity":"Warning","message":"Use Custom Errors instead of require statements","ruleId":"custom-errors","fix":null,"filePath":"Benchmarks/Study_SamplesSet/d4cc986289fea5a415196e8f598143db.sol"},{"line":367,"column":9,"severity":"Error","message":"Check result of \"send\" call","ruleId":"check-send-result","fix":null,"filePath":"Benchmarks/Study_SamplesSet/d4cc986289fea5a415196e8f598143db.sol"},{"line":368,"column":9,"severity":"Error","message":"Possible reentrancy vulnerabilities. Avoid state changes after transfer.","ruleId":"reentrancy","fix":null,"filePath":"Benchmarks/Study_SamplesSet/d4cc986289fea5a415196e8f598143db.sol"},{"line":372,"column":5,"severity":"Warning","message":"Provide an error message for require","ruleId":"reason-string","fix":null,"filePath":"Benchmarks/Study_SamplesSet/d4cc986289fea5a415196e8f598143db.sol"},{"line":372,"column":5,"severity":"Warning","message":"Use Custom Errors instead of require statements","ruleId":"custom-errors","fix":null,"filePath":"Benchmarks/Study_SamplesSet/d4cc986289fea5a415196e8f598143db.sol"},{"line":377,"column":1,"severity":"Warning","message":"Function name must be in mixedCase","ruleId":"func-name-mixedcase","fix":null,"filePath":"Benchmarks/Study_SamplesSet/d4cc986289fea5a415196e8f598143db.sol"},{"line":378,"column":5,"severity":"Error","message":"Check result of \"send\" call","ruleId":"check-send-result","fix":null,"filePath":"Benchmarks/Study_SamplesSet/d4cc986289fea5a415196e8f598143db.sol"},{"line":382,"column":5,"severity":"Warning","message":"Provide an error message for require","ruleId":"reason-string","fix":null,"filePath":"Benchmarks/Study_SamplesSet/d4cc986289fea5a415196e8f598143db.sol"},{"line":382,"column":5,"severity":"Warning","message":"Use Custom Errors instead of require statements","ruleId":"custom-errors","fix":null,"filePath":"Benchmarks/Study_SamplesSet/d4cc986289fea5a415196e8f598143db.sol"},{"line":383,"column":5,"severity":"Warning","message":"Provide an error message for require","ruleId":"reason-string","fix":null,"filePath":"Benchmarks/Study_SamplesSet/d4cc986289fea5a415196e8f598143db.sol"},{"line":383,"column":5,"severity":"Warning","message":"Use Custom Errors instead of require statements","ruleId":"custom-errors","fix":null,"filePath":"Benchmarks/Study_SamplesSet/d4cc986289fea5a415196e8f598143db.sol"},{"line":384,"column":5,"severity":"Warning","message":"Provide an error message for require","ruleId":"reason-string","fix":null,"filePath":"Benchmarks/Study_SamplesSet/d4cc986289fea5a415196e8f598143db.sol"},{"line":384,"column":5,"severity":"Warning","message":"Use Custom Errors instead of require statements","ruleId":"custom-errors","fix":null,"filePath":"Benchmarks/Study_SamplesSet/d4cc986289fea5a415196e8f598143db.sol"},{"line":418,"column":23,"severity":"Error","message":"Explicitly mark all external contracts as trusted or untrusted","ruleId":"mark-callable-contracts","filePath":"Benchmarks/Study_SamplesSet/d4cc986289fea5a415196e8f598143db.sol"},{"line":418,"column":50,"severity":"Error","message":"Explicitly mark all external contracts as trusted or untrusted","ruleId":"mark-callable-contracts","filePath":"Benchmarks/Study_SamplesSet/d4cc986289fea5a415196e8f598143db.sol"},{"line":436,"column":1,"severity":"Warning","message":"Function name must be in mixedCase","ruleId":"func-name-mixedcase","fix":null,"filePath":"Benchmarks/Study_SamplesSet/d4cc986289fea5a415196e8f598143db.sol"},{"line":436,"column":23,"severity":"Warning","message":"Rule is set with explicit type [var/s: uint]","ruleId":"explicit-types","filePath":"Benchmarks/Study_SamplesSet/d4cc986289fea5a415196e8f598143db.sol"},{"line":436,"column":40,"severity":"Warning","message":"Rule is set with explicit type [var/s: uint]","ruleId":"explicit-types","filePath":"Benchmarks/Study_SamplesSet/d4cc986289fea5a415196e8f598143db.sol"},{"line":436,"column":58,"severity":"Warning","message":"Variable name must be in mixedCase","ruleId":"var-name-mixedcase","fix":null,"filePath":"Benchmarks/Study_SamplesSet/d4cc986289fea5a415196e8f598143db.sol"},{"line":436,"column":23,"severity":"Warning","message":"Variable \"roundIndex\" is unused","ruleId":"no-unused-vars","fix":null,"filePath":"Benchmarks/Study_SamplesSet/d4cc986289fea5a415196e8f598143db.sol"},{"line":436,"column":40,"severity":"Warning","message":"Variable \"subpotIndex\" is unused","ruleId":"no-unused-vars","fix":null,"filePath":"Benchmarks/Study_SamplesSet/d4cc986289fea5a415196e8f598143db.sol"},{"line":437,"column":9,"severity":"Warning","message":"Variable name must be in mixedCase","ruleId":"var-name-mixedcase","fix":null,"filePath":"Benchmarks/Study_SamplesSet/d4cc986289fea5a415196e8f598143db.sol"},{"line":438,"column":9,"severity":"Error","message":"Check result of \"send\" call","ruleId":"check-send-result","fix":null,"filePath":"Benchmarks/Study_SamplesSet/d4cc986289fea5a415196e8f598143db.sol"},{"line":443,"column":5,"severity":"Warning","message":"Provide an error message for require","ruleId":"reason-string","fix":null,"filePath":"Benchmarks/Study_SamplesSet/d4cc986289fea5a415196e8f598143db.sol"},{"line":443,"column":5,"severity":"Warning","message":"Use Custom Errors instead of require statements","ruleId":"custom-errors","fix":null,"filePath":"Benchmarks/Study_SamplesSet/d4cc986289fea5a415196e8f598143db.sol"},{"line":448,"column":1,"severity":"Warning","message":"Function name must be in mixedCase","ruleId":"func-name-mixedcase","fix":null,"filePath":"Benchmarks/Study_SamplesSet/d4cc986289fea5a415196e8f598143db.sol"},{"line":449,"column":4,"severity":"Warning","message":"Variable name must be in mixedCase","ruleId":"var-name-mixedcase","fix":null,"filePath":"Benchmarks/Study_SamplesSet/d4cc986289fea5a415196e8f598143db.sol"},{"line":451,"column":7,"severity":"Warning","message":"Code contains empty blocks","ruleId":"no-empty-blocks","fix":null,"filePath":"Benchmarks/Study_SamplesSet/d4cc986289fea5a415196e8f598143db.sol"},{"line":454,"column":7,"severity":"Warning","message":"Code contains empty blocks","ruleId":"no-empty-blocks","fix":null,"filePath":"Benchmarks/Study_SamplesSet/d4cc986289fea5a415196e8f598143db.sol"},{"line":459,"column":5,"severity":"Warning","message":"Provide an error message for require","ruleId":"reason-string","fix":null,"filePath":"Benchmarks/Study_SamplesSet/d4cc986289fea5a415196e8f598143db.sol"},{"line":459,"column":5,"severity":"Warning","message":"Use Custom Errors instead of require statements","ruleId":"custom-errors","fix":null,"filePath":"Benchmarks/Study_SamplesSet/d4cc986289fea5a415196e8f598143db.sol"},{"line":464,"column":1,"severity":"Warning","message":"Function name must be in mixedCase","ruleId":"func-name-mixedcase","fix":null,"filePath":"Benchmarks/Study_SamplesSet/d4cc986289fea5a415196e8f598143db.sol"},{"line":465,"column":1,"severity":"Warning","message":"Variable name must be in mixedCase","ruleId":"var-name-mixedcase","fix":null,"filePath":"Benchmarks/Study_SamplesSet/d4cc986289fea5a415196e8f598143db.sol"},{"line":467,"column":3,"severity":"Warning","message":"Provide an error message for revert","ruleId":"reason-string","fix":null,"filePath":"Benchmarks/Study_SamplesSet/d4cc986289fea5a415196e8f598143db.sol"},{"line":467,"column":3,"severity":"Warning","message":"Use Custom Errors instead of revert statements","ruleId":"custom-errors","fix":null,"filePath":"Benchmarks/Study_SamplesSet/d4cc986289fea5a415196e8f598143db.sol"},{"line":471,"column":5,"severity":"Warning","message":"Provide an error message for require","ruleId":"reason-string","fix":null,"filePath":"Benchmarks/Study_SamplesSet/d4cc986289fea5a415196e8f598143db.sol"},{"line":471,"column":5,"severity":"Warning","message":"Use Custom Errors instead of require statements","ruleId":"custom-errors","fix":null,"filePath":"Benchmarks/Study_SamplesSet/d4cc986289fea5a415196e8f598143db.sol"},{"line":475,"column":1,"severity":"Warning","message":"Function name must be in mixedCase","ruleId":"func-name-mixedcase","fix":null,"filePath":"Benchmarks/Study_SamplesSet/d4cc986289fea5a415196e8f598143db.sol"},{"line":476,"column":9,"severity":"Error","message":"Check result of \"send\" call","ruleId":"check-send-result","fix":null,"filePath":"Benchmarks/Study_SamplesSet/d4cc986289fea5a415196e8f598143db.sol"},{"line":482,"column":1,"severity":"Warning","message":"Function name must be in mixedCase","ruleId":"func-name-mixedcase","fix":null,"filePath":"Benchmarks/Study_SamplesSet/d4cc986289fea5a415196e8f598143db.sol"},{"line":483,"column":5,"severity":"Error","message":"Check result of \"send\" call","ruleId":"check-send-result","fix":null,"filePath":"Benchmarks/Study_SamplesSet/d4cc986289fea5a415196e8f598143db.sol"},{"line":487,"column":5,"severity":"Warning","message":"Provide an error message for require","ruleId":"reason-string","fix":null,"filePath":"Benchmarks/Study_SamplesSet/d4cc986289fea5a415196e8f598143db.sol"},{"line":487,"column":5,"severity":"Warning","message":"Use Custom Errors instead of require statements","ruleId":"custom-errors","fix":null,"filePath":"Benchmarks/Study_SamplesSet/d4cc986289fea5a415196e8f598143db.sol"},{"line":488,"column":5,"severity":"Warning","message":"Provide an error message for require","ruleId":"reason-string","fix":null,"filePath":"Benchmarks/Study_SamplesSet/d4cc986289fea5a415196e8f598143db.sol"},{"line":488,"column":5,"severity":"Warning","message":"Use Custom Errors instead of require statements","ruleId":"custom-errors","fix":null,"filePath":"Benchmarks/Study_SamplesSet/d4cc986289fea5a415196e8f598143db.sol"},{"line":493,"column":1,"severity":"Warning","message":"Function name must be in mixedCase","ruleId":"func-name-mixedcase","fix":null,"filePath":"Benchmarks/Study_SamplesSet/d4cc986289fea5a415196e8f598143db.sol"},{"line":494,"column":1,"severity":"Warning","message":"Rule is set with explicit type [var/s: uint]","ruleId":"explicit-types","filePath":"Benchmarks/Study_SamplesSet/d4cc986289fea5a415196e8f598143db.sol"},{"line":494,"column":1,"severity":"Warning","message":"Variable name must be in mixedCase","ruleId":"var-name-mixedcase","fix":null,"filePath":"Benchmarks/Study_SamplesSet/d4cc986289fea5a415196e8f598143db.sol"},{"line":495,"column":1,"severity":"Warning","message":"Variable name must be in mixedCase","ruleId":"var-name-mixedcase","fix":null,"filePath":"Benchmarks/Study_SamplesSet/d4cc986289fea5a415196e8f598143db.sol"},{"line":499,"column":3,"severity":"Warning","message":"Provide an error message for revert","ruleId":"reason-string","fix":null,"filePath":"Benchmarks/Study_SamplesSet/d4cc986289fea5a415196e8f598143db.sol"},{"line":499,"column":3,"severity":"Warning","message":"Use Custom Errors instead of revert statements","ruleId":"custom-errors","fix":null,"filePath":"Benchmarks/Study_SamplesSet/d4cc986289fea5a415196e8f598143db.sol"},{"line":503,"column":5,"severity":"Warning","message":"Provide an error message for require","ruleId":"reason-string","fix":null,"filePath":"Benchmarks/Study_SamplesSet/d4cc986289fea5a415196e8f598143db.sol"},{"line":503,"column":5,"severity":"Warning","message":"Use Custom Errors instead of require statements","ruleId":"custom-errors","fix":null,"filePath":"Benchmarks/Study_SamplesSet/d4cc986289fea5a415196e8f598143db.sol"},{"line":507,"column":1,"severity":"Warning","message":"Variable name must be in mixedCase","ruleId":"var-name-mixedcase","fix":null,"filePath":"Benchmarks/Study_SamplesSet/d4cc986289fea5a415196e8f598143db.sol"},{"line":508,"column":1,"severity":"Warning","message":"Variable name must be in mixedCase","ruleId":"var-name-mixedcase","fix":null,"filePath":"Benchmarks/Study_SamplesSet/d4cc986289fea5a415196e8f598143db.sol"},{"line":509,"column":1,"severity":"Warning","message":"Rule is set with explicit type [var/s: uint]","ruleId":"explicit-types","filePath":"Benchmarks/Study_SamplesSet/d4cc986289fea5a415196e8f598143db.sol"},{"line":509,"column":1,"severity":"Warning","message":"Variable name must be in mixedCase","ruleId":"var-name-mixedcase","fix":null,"filePath":"Benchmarks/Study_SamplesSet/d4cc986289fea5a415196e8f598143db.sol"},{"line":511,"column":1,"severity":"Warning","message":"Function name must be in mixedCase","ruleId":"func-name-mixedcase","fix":null,"filePath":"Benchmarks/Study_SamplesSet/d4cc986289fea5a415196e8f598143db.sol"},{"line":512,"column":9,"severity":"Warning","message":"Provide an error message for require","ruleId":"reason-string","fix":null,"filePath":"Benchmarks/Study_SamplesSet/d4cc986289fea5a415196e8f598143db.sol"},{"line":512,"column":9,"severity":"Warning","message":"Use Custom Errors instead of require statements","ruleId":"custom-errors","fix":null,"filePath":"Benchmarks/Study_SamplesSet/d4cc986289fea5a415196e8f598143db.sol"},{"line":513,"column":9,"severity":"Error","message":"Check result of \"send\" call","ruleId":"check-send-result","fix":null,"filePath":"Benchmarks/Study_SamplesSet/d4cc986289fea5a415196e8f598143db.sol"},{"line":514,"column":9,"severity":"Error","message":"Possible reentrancy vulnerabilities. Avoid state changes after transfer.","ruleId":"reentrancy","fix":null,"filePath":"Benchmarks/Study_SamplesSet/d4cc986289fea5a415196e8f598143db.sol"},{"line":517,"column":3,"severity":"Warning","message":"Function name must be in mixedCase","ruleId":"func-name-mixedcase","fix":null,"filePath":"Benchmarks/Study_SamplesSet/d4cc986289fea5a415196e8f598143db.sol"},{"line":518,"column":5,"severity":"Warning","message":"Provide an error message for require","ruleId":"reason-string","fix":null,"filePath":"Benchmarks/Study_SamplesSet/d4cc986289fea5a415196e8f598143db.sol"},{"line":518,"column":5,"severity":"Warning","message":"Use Custom Errors instead of require statements","ruleId":"custom-errors","fix":null,"filePath":"Benchmarks/Study_SamplesSet/d4cc986289fea5a415196e8f598143db.sol"},{"line":520,"column":7,"severity":"Error","message":"Explicitly mark all external contracts as trusted or untrusted","ruleId":"mark-callable-contracts","filePath":"Benchmarks/Study_SamplesSet/d4cc986289fea5a415196e8f598143db.sol"},{"line":522,"column":1,"severity":"Warning","message":"Function name must be in mixedCase","ruleId":"func-name-mixedcase","fix":null,"filePath":"Benchmarks/Study_SamplesSet/d4cc986289fea5a415196e8f598143db.sol"},{"line":523,"column":8,"severity":"Error","message":"Check result of \"send\" call","ruleId":"check-send-result","fix":null,"filePath":"Benchmarks/Study_SamplesSet/d4cc986289fea5a415196e8f598143db.sol"},{"line":525,"column":3,"severity":"Warning","message":"Function name must be in mixedCase","ruleId":"func-name-mixedcase","fix":null,"filePath":"Benchmarks/Study_SamplesSet/d4cc986289fea5a415196e8f598143db.sol"},{"line":529,"column":1,"severity":"Warning","message":"Function name must be in mixedCase","ruleId":"func-name-mixedcase","fix":null,"filePath":"Benchmarks/Study_SamplesSet/d4cc986289fea5a415196e8f598143db.sol"},{"line":530,"column":9,"severity":"Error","message":"Avoid to use low level calls.","ruleId":"avoid-low-level-calls","fix":null,"filePath":"Benchmarks/Study_SamplesSet/d4cc986289fea5a415196e8f598143db.sol"},{"line":530,"column":9,"severity":"Error","message":"Avoid to use \".call.value()()\"","ruleId":"avoid-call-value","fix":null,"filePath":"Benchmarks/Study_SamplesSet/d4cc986289fea5a415196e8f598143db.sol"},{"line":537,"column":1,"severity":"Warning","message":"Function name must be in mixedCase","ruleId":"func-name-mixedcase","fix":null,"filePath":"Benchmarks/Study_SamplesSet/d4cc986289fea5a415196e8f598143db.sol"},{"line":538,"column":9,"severity":"Error","message":"Check result of \"send\" call","ruleId":"check-send-result","fix":null,"filePath":"Benchmarks/Study_SamplesSet/d4cc986289fea5a415196e8f598143db.sol"},{"line":545,"column":1,"severity":"Warning","message":"Variable name must be in mixedCase","ruleId":"var-name-mixedcase","fix":null,"filePath":"Benchmarks/Study_SamplesSet/d4cc986289fea5a415196e8f598143db.sol"},{"line":546,"column":1,"severity":"Warning","message":"Variable name must be in mixedCase","ruleId":"var-name-mixedcase","fix":null,"filePath":"Benchmarks/Study_SamplesSet/d4cc986289fea5a415196e8f598143db.sol"},{"line":547,"column":1,"severity":"Warning","message":"Rule is set with explicit type [var/s: uint]","ruleId":"explicit-types","filePath":"Benchmarks/Study_SamplesSet/d4cc986289fea5a415196e8f598143db.sol"},{"line":547,"column":1,"severity":"Warning","message":"Variable name must be in mixedCase","ruleId":"var-name-mixedcase","fix":null,"filePath":"Benchmarks/Study_SamplesSet/d4cc986289fea5a415196e8f598143db.sol"},{"line":549,"column":1,"severity":"Warning","message":"Function name must be in mixedCase","ruleId":"func-name-mixedcase","fix":null,"filePath":"Benchmarks/Study_SamplesSet/d4cc986289fea5a415196e8f598143db.sol"},{"line":550,"column":9,"severity":"Warning","message":"Provide an error message for require","ruleId":"reason-string","fix":null,"filePath":"Benchmarks/Study_SamplesSet/d4cc986289fea5a415196e8f598143db.sol"},{"line":550,"column":9,"severity":"Warning","message":"Use Custom Errors instead of require statements","ruleId":"custom-errors","fix":null,"filePath":"Benchmarks/Study_SamplesSet/d4cc986289fea5a415196e8f598143db.sol"},{"line":551,"column":9,"severity":"Error","message":"Check result of \"send\" call","ruleId":"check-send-result","fix":null,"filePath":"Benchmarks/Study_SamplesSet/d4cc986289fea5a415196e8f598143db.sol"},{"line":552,"column":9,"severity":"Error","message":"Possible reentrancy vulnerabilities. Avoid state changes after transfer.","ruleId":"reentrancy","fix":null,"filePath":"Benchmarks/Study_SamplesSet/d4cc986289fea5a415196e8f598143db.sol"},{"line":559,"column":1,"severity":"Warning","message":"Function name must be in mixedCase","ruleId":"func-name-mixedcase","fix":null,"filePath":"Benchmarks/Study_SamplesSet/d4cc986289fea5a415196e8f598143db.sol"},{"line":560,"column":4,"severity":"Warning","message":"Variable name must be in mixedCase","ruleId":"var-name-mixedcase","fix":null,"filePath":"Benchmarks/Study_SamplesSet/d4cc986289fea5a415196e8f598143db.sol"},{"line":562,"column":7,"severity":"Warning","message":"Code contains empty blocks","ruleId":"no-empty-blocks","fix":null,"filePath":"Benchmarks/Study_SamplesSet/d4cc986289fea5a415196e8f598143db.sol"},{"line":565,"column":7,"severity":"Warning","message":"Code contains empty blocks","ruleId":"no-empty-blocks","fix":null,"filePath":"Benchmarks/Study_SamplesSet/d4cc986289fea5a415196e8f598143db.sol"},{"conclusion":"252 problem/s (62 error/s, 190 warning/s)"}]
