[{"line":5,"column":1,"severity":"Warning","message":"Found more than One contract per file. 6 contracts found!","ruleId":"one-contract-per-file","fix":null,"filePath":"Benchmarks/Study_SamplesSet/d54d9d7b61cef6e1d8b15fc785b106be.sol"},{"line":5,"column":1,"severity":"Error","message":"Compiler version ^0.5.10 does not satisfy the ^0.8.0 semver requirement","ruleId":"compiler-version","fix":null,"filePath":"Benchmarks/Study_SamplesSet/d54d9d7b61cef6e1d8b15fc785b106be.sol"},{"line":32,"column":3,"severity":"Warning","message":"Function name must be in mixedCase","ruleId":"func-name-mixedcase","fix":null,"filePath":"Benchmarks/Study_SamplesSet/d54d9d7b61cef6e1d8b15fc785b106be.sol"},{"line":33,"column":1,"severity":"Warning","message":"Rule is set with explicit type [var/s: uint]","ruleId":"explicit-types","filePath":"Benchmarks/Study_SamplesSet/d54d9d7b61cef6e1d8b15fc785b106be.sol"},{"line":33,"column":1,"severity":"Warning","message":"Variable name must be in mixedCase","ruleId":"var-name-mixedcase","fix":null,"filePath":"Benchmarks/Study_SamplesSet/d54d9d7b61cef6e1d8b15fc785b106be.sol"},{"line":34,"column":1,"severity":"Warning","message":"Variable name must be in mixedCase","ruleId":"var-name-mixedcase","fix":null,"filePath":"Benchmarks/Study_SamplesSet/d54d9d7b61cef6e1d8b15fc785b106be.sol"},{"line":38,"column":3,"severity":"Warning","message":"Provide an error message for revert","ruleId":"reason-string","fix":null,"filePath":"Benchmarks/Study_SamplesSet/d54d9d7b61cef6e1d8b15fc785b106be.sol"},{"line":38,"column":3,"severity":"Warning","message":"Use Custom Errors instead of revert statements","ruleId":"custom-errors","fix":null,"filePath":"Benchmarks/Study_SamplesSet/d54d9d7b61cef6e1d8b15fc785b106be.sol"},{"line":42,"column":3,"severity":"Warning","message":"Variable name must be in mixedCase","ruleId":"var-name-mixedcase","fix":null,"filePath":"Benchmarks/Study_SamplesSet/d54d9d7b61cef6e1d8b15fc785b106be.sol"},{"line":44,"column":1,"severity":"Warning","message":"Function name must be in mixedCase","ruleId":"func-name-mixedcase","fix":null,"filePath":"Benchmarks/Study_SamplesSet/d54d9d7b61cef6e1d8b15fc785b106be.sol"},{"line":45,"column":9,"severity":"Warning","message":"Provide an error message for require","ruleId":"reason-string","fix":null,"filePath":"Benchmarks/Study_SamplesSet/d54d9d7b61cef6e1d8b15fc785b106be.sol"},{"line":45,"column":9,"severity":"Warning","message":"Use Custom Errors instead of require statements","ruleId":"custom-errors","fix":null,"filePath":"Benchmarks/Study_SamplesSet/d54d9d7b61cef6e1d8b15fc785b106be.sol"},{"line":46,"column":9,"severity":"Error","message":"Check result of \"send\" call","ruleId":"check-send-result","fix":null,"filePath":"Benchmarks/Study_SamplesSet/d54d9d7b61cef6e1d8b15fc785b106be.sol"},{"line":53,"column":1,"severity":"Warning","message":"Variable name must be in mixedCase","ruleId":"var-name-mixedcase","fix":null,"filePath":"Benchmarks/Study_SamplesSet/d54d9d7b61cef6e1d8b15fc785b106be.sol"},{"line":55,"column":1,"severity":"Warning","message":"Function name must be in mixedCase","ruleId":"func-name-mixedcase","fix":null,"filePath":"Benchmarks/Study_SamplesSet/d54d9d7b61cef6e1d8b15fc785b106be.sol"},{"line":56,"column":9,"severity":"Warning","message":"Provide an error message for require","ruleId":"reason-string","fix":null,"filePath":"Benchmarks/Study_SamplesSet/d54d9d7b61cef6e1d8b15fc785b106be.sol"},{"line":56,"column":9,"severity":"Warning","message":"Use Custom Errors instead of require statements","ruleId":"custom-errors","fix":null,"filePath":"Benchmarks/Study_SamplesSet/d54d9d7b61cef6e1d8b15fc785b106be.sol"},{"line":57,"column":9,"severity":"Error","message":"Check result of \"send\" call","ruleId":"check-send-result","fix":null,"filePath":"Benchmarks/Study_SamplesSet/d54d9d7b61cef6e1d8b15fc785b106be.sol"},{"line":61,"column":9,"severity":"Warning","message":"Use Custom Errors instead of require statements","ruleId":"custom-errors","fix":null,"filePath":"Benchmarks/Study_SamplesSet/d54d9d7b61cef6e1d8b15fc785b106be.sol"},{"line":69,"column":1,"severity":"Warning","message":"Function name must be in mixedCase","ruleId":"func-name-mixedcase","fix":null,"filePath":"Benchmarks/Study_SamplesSet/d54d9d7b61cef6e1d8b15fc785b106be.sol"},{"line":70,"column":5,"severity":"Error","message":"Avoid to use low level calls.","ruleId":"avoid-low-level-calls","fix":null,"filePath":"Benchmarks/Study_SamplesSet/d54d9d7b61cef6e1d8b15fc785b106be.sol"},{"line":70,"column":5,"severity":"Error","message":"Avoid to use \".call.value()()\"","ruleId":"avoid-call-value","fix":null,"filePath":"Benchmarks/Study_SamplesSet/d54d9d7b61cef6e1d8b15fc785b106be.sol"},{"line":81,"column":3,"severity":"Warning","message":"Function name must be in mixedCase","ruleId":"func-name-mixedcase","fix":null,"filePath":"Benchmarks/Study_SamplesSet/d54d9d7b61cef6e1d8b15fc785b106be.sol"},{"line":82,"column":5,"severity":"Error","message":"Check result of \"send\" call","ruleId":"check-send-result","fix":null,"filePath":"Benchmarks/Study_SamplesSet/d54d9d7b61cef6e1d8b15fc785b106be.sol"},{"line":86,"column":3,"severity":"Warning","message":"Function name must be in mixedCase","ruleId":"func-name-mixedcase","fix":null,"filePath":"Benchmarks/Study_SamplesSet/d54d9d7b61cef6e1d8b15fc785b106be.sol"},{"line":87,"column":8,"severity":"Error","message":"Check result of \"send\" call","ruleId":"check-send-result","fix":null,"filePath":"Benchmarks/Study_SamplesSet/d54d9d7b61cef6e1d8b15fc785b106be.sol"},{"line":91,"column":9,"severity":"Warning","message":"Use Custom Errors instead of require statements","ruleId":"custom-errors","fix":null,"filePath":"Benchmarks/Study_SamplesSet/d54d9d7b61cef6e1d8b15fc785b106be.sol"},{"line":100,"column":1,"severity":"Warning","message":"Function name must be in mixedCase","ruleId":"func-name-mixedcase","fix":null,"filePath":"Benchmarks/Study_SamplesSet/d54d9d7b61cef6e1d8b15fc785b106be.sol"},{"line":101,"column":1,"severity":"Warning","message":"Variable name must be in mixedCase","ruleId":"var-name-mixedcase","fix":null,"filePath":"Benchmarks/Study_SamplesSet/d54d9d7b61cef6e1d8b15fc785b106be.sol"},{"line":103,"column":3,"severity":"Warning","message":"Provide an error message for revert","ruleId":"reason-string","fix":null,"filePath":"Benchmarks/Study_SamplesSet/d54d9d7b61cef6e1d8b15fc785b106be.sol"},{"line":103,"column":3,"severity":"Warning","message":"Use Custom Errors instead of revert statements","ruleId":"custom-errors","fix":null,"filePath":"Benchmarks/Study_SamplesSet/d54d9d7b61cef6e1d8b15fc785b106be.sol"},{"line":114,"column":5,"severity":"Warning","message":"Variable name must be in mixedCase","ruleId":"var-name-mixedcase","fix":null,"filePath":"Benchmarks/Study_SamplesSet/d54d9d7b61cef6e1d8b15fc785b106be.sol"},{"line":127,"column":5,"severity":"Warning","message":"Variable name must be in mixedCase","ruleId":"var-name-mixedcase","fix":null,"filePath":"Benchmarks/Study_SamplesSet/d54d9d7b61cef6e1d8b15fc785b106be.sol"},{"line":137,"column":1,"severity":"Warning","message":"Function name must be in mixedCase","ruleId":"func-name-mixedcase","fix":null,"filePath":"Benchmarks/Study_SamplesSet/d54d9d7b61cef6e1d8b15fc785b106be.sol"},{"line":138,"column":5,"severity":"Error","message":"Check result of \"send\" call","ruleId":"check-send-result","fix":null,"filePath":"Benchmarks/Study_SamplesSet/d54d9d7b61cef6e1d8b15fc785b106be.sol"},{"line":149,"column":1,"severity":"Warning","message":"Variable name must be in mixedCase","ruleId":"var-name-mixedcase","fix":null,"filePath":"Benchmarks/Study_SamplesSet/d54d9d7b61cef6e1d8b15fc785b106be.sol"},{"line":150,"column":1,"severity":"Warning","message":"Variable name must be in mixedCase","ruleId":"var-name-mixedcase","fix":null,"filePath":"Benchmarks/Study_SamplesSet/d54d9d7b61cef6e1d8b15fc785b106be.sol"},{"line":151,"column":1,"severity":"Warning","message":"Rule is set with explicit type [var/s: uint]","ruleId":"explicit-types","filePath":"Benchmarks/Study_SamplesSet/d54d9d7b61cef6e1d8b15fc785b106be.sol"},{"line":151,"column":1,"severity":"Warning","message":"Variable name must be in mixedCase","ruleId":"var-name-mixedcase","fix":null,"filePath":"Benchmarks/Study_SamplesSet/d54d9d7b61cef6e1d8b15fc785b106be.sol"},{"line":153,"column":1,"severity":"Warning","message":"Function name must be in mixedCase","ruleId":"func-name-mixedcase","fix":null,"filePath":"Benchmarks/Study_SamplesSet/d54d9d7b61cef6e1d8b15fc785b106be.sol"},{"line":154,"column":9,"severity":"Warning","message":"Provide an error message for require","ruleId":"reason-string","fix":null,"filePath":"Benchmarks/Study_SamplesSet/d54d9d7b61cef6e1d8b15fc785b106be.sol"},{"line":154,"column":9,"severity":"Warning","message":"Use Custom Errors instead of require statements","ruleId":"custom-errors","fix":null,"filePath":"Benchmarks/Study_SamplesSet/d54d9d7b61cef6e1d8b15fc785b106be.sol"},{"line":155,"column":9,"severity":"Error","message":"Check result of \"send\" call","ruleId":"check-send-result","fix":null,"filePath":"Benchmarks/Study_SamplesSet/d54d9d7b61cef6e1d8b15fc785b106be.sol"},{"line":156,"column":9,"severity":"Error","message":"Possible reentrancy vulnerabilities. Avoid state changes after transfer.","ruleId":"reentrancy","fix":null,"filePath":"Benchmarks/Study_SamplesSet/d54d9d7b61cef6e1d8b15fc785b106be.sol"},{"line":179,"column":5,"severity":"Warning","message":"Variable name must be in mixedCase","ruleId":"var-name-mixedcase","fix":null,"filePath":"Benchmarks/Study_SamplesSet/d54d9d7b61cef6e1d8b15fc785b106be.sol"},{"line":181,"column":3,"severity":"Warning","message":"Function name must be in mixedCase","ruleId":"func-name-mixedcase","fix":null,"filePath":"Benchmarks/Study_SamplesSet/d54d9d7b61cef6e1d8b15fc785b106be.sol"},{"line":182,"column":1,"severity":"Warning","message":"Variable name must be in mixedCase","ruleId":"var-name-mixedcase","fix":null,"filePath":"Benchmarks/Study_SamplesSet/d54d9d7b61cef6e1d8b15fc785b106be.sol"},{"line":184,"column":3,"severity":"Warning","message":"Provide an error message for revert","ruleId":"reason-string","fix":null,"filePath":"Benchmarks/Study_SamplesSet/d54d9d7b61cef6e1d8b15fc785b106be.sol"},{"line":184,"column":3,"severity":"Warning","message":"Use Custom Errors instead of revert statements","ruleId":"custom-errors","fix":null,"filePath":"Benchmarks/Study_SamplesSet/d54d9d7b61cef6e1d8b15fc785b106be.sol"},{"line":187,"column":3,"severity":"Warning","message":"Function name must be in mixedCase","ruleId":"func-name-mixedcase","fix":null,"filePath":"Benchmarks/Study_SamplesSet/d54d9d7b61cef6e1d8b15fc785b106be.sol"},{"line":188,"column":9,"severity":"Error","message":"Avoid to use low level calls.","ruleId":"avoid-low-level-calls","fix":null,"filePath":"Benchmarks/Study_SamplesSet/d54d9d7b61cef6e1d8b15fc785b106be.sol"},{"line":188,"column":9,"severity":"Error","message":"Avoid to use \".call.value()()\"","ruleId":"avoid-call-value","fix":null,"filePath":"Benchmarks/Study_SamplesSet/d54d9d7b61cef6e1d8b15fc785b106be.sol"},{"line":191,"column":3,"severity":"Warning","message":"Function name must be in mixedCase","ruleId":"func-name-mixedcase","fix":null,"filePath":"Benchmarks/Study_SamplesSet/d54d9d7b61cef6e1d8b15fc785b106be.sol"},{"line":192,"column":2,"severity":"Warning","message":"Variable name must be in mixedCase","ruleId":"var-name-mixedcase","fix":null,"filePath":"Benchmarks/Study_SamplesSet/d54d9d7b61cef6e1d8b15fc785b106be.sol"},{"line":193,"column":2,"severity":"Error","message":"Check result of \"send\" call","ruleId":"check-send-result","fix":null,"filePath":"Benchmarks/Study_SamplesSet/d54d9d7b61cef6e1d8b15fc785b106be.sol"},{"line":193,"column":18,"severity":"Error","message":"Explicitly mark all external contracts as trusted or untrusted","ruleId":"mark-callable-contracts","filePath":"Benchmarks/Study_SamplesSet/d54d9d7b61cef6e1d8b15fc785b106be.sol"},{"line":195,"column":3,"severity":"Warning","message":"Function name must be in mixedCase","ruleId":"func-name-mixedcase","fix":null,"filePath":"Benchmarks/Study_SamplesSet/d54d9d7b61cef6e1d8b15fc785b106be.sol"},{"line":196,"column":5,"severity":"Error","message":"Avoid to use low level calls.","ruleId":"avoid-low-level-calls","fix":null,"filePath":"Benchmarks/Study_SamplesSet/d54d9d7b61cef6e1d8b15fc785b106be.sol"},{"line":196,"column":5,"severity":"Error","message":"Avoid to use \".call.value()()\"","ruleId":"avoid-call-value","fix":null,"filePath":"Benchmarks/Study_SamplesSet/d54d9d7b61cef6e1d8b15fc785b106be.sol"},{"line":205,"column":3,"severity":"Warning","message":"Function name must be in mixedCase","ruleId":"func-name-mixedcase","fix":null,"filePath":"Benchmarks/Study_SamplesSet/d54d9d7b61cef6e1d8b15fc785b106be.sol"},{"line":206,"column":1,"severity":"Warning","message":"Variable name must be in mixedCase","ruleId":"var-name-mixedcase","fix":null,"filePath":"Benchmarks/Study_SamplesSet/d54d9d7b61cef6e1d8b15fc785b106be.sol"},{"line":208,"column":3,"severity":"Warning","message":"Provide an error message for revert","ruleId":"reason-string","fix":null,"filePath":"Benchmarks/Study_SamplesSet/d54d9d7b61cef6e1d8b15fc785b106be.sol"},{"line":208,"column":3,"severity":"Warning","message":"Use Custom Errors instead of revert statements","ruleId":"custom-errors","fix":null,"filePath":"Benchmarks/Study_SamplesSet/d54d9d7b61cef6e1d8b15fc785b106be.sol"},{"line":211,"column":3,"severity":"Warning","message":"Variable name must be in mixedCase","ruleId":"var-name-mixedcase","fix":null,"filePath":"Benchmarks/Study_SamplesSet/d54d9d7b61cef6e1d8b15fc785b106be.sol"},{"line":213,"column":1,"severity":"Warning","message":"Function name must be in mixedCase","ruleId":"func-name-mixedcase","fix":null,"filePath":"Benchmarks/Study_SamplesSet/d54d9d7b61cef6e1d8b15fc785b106be.sol"},{"line":214,"column":9,"severity":"Warning","message":"Provide an error message for require","ruleId":"reason-string","fix":null,"filePath":"Benchmarks/Study_SamplesSet/d54d9d7b61cef6e1d8b15fc785b106be.sol"},{"line":214,"column":9,"severity":"Warning","message":"Use Custom Errors instead of require statements","ruleId":"custom-errors","fix":null,"filePath":"Benchmarks/Study_SamplesSet/d54d9d7b61cef6e1d8b15fc785b106be.sol"},{"line":215,"column":9,"severity":"Error","message":"Check result of \"send\" call","ruleId":"check-send-result","fix":null,"filePath":"Benchmarks/Study_SamplesSet/d54d9d7b61cef6e1d8b15fc785b106be.sol"},{"line":218,"column":3,"severity":"Warning","message":"Function name must be in mixedCase","ruleId":"func-name-mixedcase","fix":null,"filePath":"Benchmarks/Study_SamplesSet/d54d9d7b61cef6e1d8b15fc785b106be.sol"},{"line":219,"column":5,"severity":"Error","message":"Avoid to use low level calls.","ruleId":"avoid-low-level-calls","fix":null,"filePath":"Benchmarks/Study_SamplesSet/d54d9d7b61cef6e1d8b15fc785b106be.sol"},{"line":219,"column":5,"severity":"Error","message":"Avoid to use \".call.value()()\"","ruleId":"avoid-call-value","fix":null,"filePath":"Benchmarks/Study_SamplesSet/d54d9d7b61cef6e1d8b15fc785b106be.sol"},{"line":238,"column":9,"severity":"Error","message":"Explicitly mark all external contracts as trusted or untrusted","ruleId":"mark-callable-contracts","filePath":"Benchmarks/Study_SamplesSet/d54d9d7b61cef6e1d8b15fc785b106be.sol"},{"line":240,"column":1,"severity":"Warning","message":"Variable name must be in mixedCase","ruleId":"var-name-mixedcase","fix":null,"filePath":"Benchmarks/Study_SamplesSet/d54d9d7b61cef6e1d8b15fc785b106be.sol"},{"line":241,"column":1,"severity":"Warning","message":"Variable name must be in mixedCase","ruleId":"var-name-mixedcase","fix":null,"filePath":"Benchmarks/Study_SamplesSet/d54d9d7b61cef6e1d8b15fc785b106be.sol"},{"line":242,"column":1,"severity":"Warning","message":"Rule is set with explicit type [var/s: uint]","ruleId":"explicit-types","filePath":"Benchmarks/Study_SamplesSet/d54d9d7b61cef6e1d8b15fc785b106be.sol"},{"line":242,"column":1,"severity":"Warning","message":"Variable name must be in mixedCase","ruleId":"var-name-mixedcase","fix":null,"filePath":"Benchmarks/Study_SamplesSet/d54d9d7b61cef6e1d8b15fc785b106be.sol"},{"line":244,"column":1,"severity":"Warning","message":"Function name must be in mixedCase","ruleId":"func-name-mixedcase","fix":null,"filePath":"Benchmarks/Study_SamplesSet/d54d9d7b61cef6e1d8b15fc785b106be.sol"},{"line":245,"column":9,"severity":"Warning","message":"Provide an error message for require","ruleId":"reason-string","fix":null,"filePath":"Benchmarks/Study_SamplesSet/d54d9d7b61cef6e1d8b15fc785b106be.sol"},{"line":245,"column":9,"severity":"Warning","message":"Use Custom Errors instead of require statements","ruleId":"custom-errors","fix":null,"filePath":"Benchmarks/Study_SamplesSet/d54d9d7b61cef6e1d8b15fc785b106be.sol"},{"line":246,"column":9,"severity":"Error","message":"Check result of \"send\" call","ruleId":"check-send-result","fix":null,"filePath":"Benchmarks/Study_SamplesSet/d54d9d7b61cef6e1d8b15fc785b106be.sol"},{"line":247,"column":9,"severity":"Error","message":"Possible reentrancy vulnerabilities. Avoid state changes after transfer.","ruleId":"reentrancy","fix":null,"filePath":"Benchmarks/Study_SamplesSet/d54d9d7b61cef6e1d8b15fc785b106be.sol"},{"line":251,"column":1,"severity":"Warning","message":"Function name must be in mixedCase","ruleId":"func-name-mixedcase","fix":null,"filePath":"Benchmarks/Study_SamplesSet/d54d9d7b61cef6e1d8b15fc785b106be.sol"},{"line":252,"column":5,"severity":"Error","message":"Check result of \"send\" call","ruleId":"check-send-result","fix":null,"filePath":"Benchmarks/Study_SamplesSet/d54d9d7b61cef6e1d8b15fc785b106be.sol"},{"line":257,"column":1,"severity":"Warning","message":"Function name must be in mixedCase","ruleId":"func-name-mixedcase","fix":null,"filePath":"Benchmarks/Study_SamplesSet/d54d9d7b61cef6e1d8b15fc785b106be.sol"},{"line":257,"column":23,"severity":"Warning","message":"Rule is set with explicit type [var/s: uint]","ruleId":"explicit-types","filePath":"Benchmarks/Study_SamplesSet/d54d9d7b61cef6e1d8b15fc785b106be.sol"},{"line":257,"column":40,"severity":"Warning","message":"Rule is set with explicit type [var/s: uint]","ruleId":"explicit-types","filePath":"Benchmarks/Study_SamplesSet/d54d9d7b61cef6e1d8b15fc785b106be.sol"},{"line":257,"column":58,"severity":"Warning","message":"Variable name must be in mixedCase","ruleId":"var-name-mixedcase","fix":null,"filePath":"Benchmarks/Study_SamplesSet/d54d9d7b61cef6e1d8b15fc785b106be.sol"},{"line":257,"column":23,"severity":"Warning","message":"Variable \"roundIndex\" is unused","ruleId":"no-unused-vars","fix":null,"filePath":"Benchmarks/Study_SamplesSet/d54d9d7b61cef6e1d8b15fc785b106be.sol"},{"line":257,"column":40,"severity":"Warning","message":"Variable \"subpotIndex\" is unused","ruleId":"no-unused-vars","fix":null,"filePath":"Benchmarks/Study_SamplesSet/d54d9d7b61cef6e1d8b15fc785b106be.sol"},{"line":258,"column":9,"severity":"Warning","message":"Variable name must be in mixedCase","ruleId":"var-name-mixedcase","fix":null,"filePath":"Benchmarks/Study_SamplesSet/d54d9d7b61cef6e1d8b15fc785b106be.sol"},{"line":259,"column":9,"severity":"Error","message":"Check result of \"send\" call","ruleId":"check-send-result","fix":null,"filePath":"Benchmarks/Study_SamplesSet/d54d9d7b61cef6e1d8b15fc785b106be.sol"},{"line":266,"column":1,"severity":"Warning","message":"Function name must be in mixedCase","ruleId":"func-name-mixedcase","fix":null,"filePath":"Benchmarks/Study_SamplesSet/d54d9d7b61cef6e1d8b15fc785b106be.sol"},{"line":267,"column":4,"severity":"Warning","message":"Variable name must be in mixedCase","ruleId":"var-name-mixedcase","fix":null,"filePath":"Benchmarks/Study_SamplesSet/d54d9d7b61cef6e1d8b15fc785b106be.sol"},{"line":269,"column":7,"severity":"Warning","message":"Code contains empty blocks","ruleId":"no-empty-blocks","fix":null,"filePath":"Benchmarks/Study_SamplesSet/d54d9d7b61cef6e1d8b15fc785b106be.sol"},{"line":272,"column":7,"severity":"Warning","message":"Code contains empty blocks","ruleId":"no-empty-blocks","fix":null,"filePath":"Benchmarks/Study_SamplesSet/d54d9d7b61cef6e1d8b15fc785b106be.sol"},{"line":284,"column":1,"severity":"Warning","message":"Function name must be in mixedCase","ruleId":"func-name-mixedcase","fix":null,"filePath":"Benchmarks/Study_SamplesSet/d54d9d7b61cef6e1d8b15fc785b106be.sol"},{"line":285,"column":1,"severity":"Warning","message":"Variable name must be in mixedCase","ruleId":"var-name-mixedcase","fix":null,"filePath":"Benchmarks/Study_SamplesSet/d54d9d7b61cef6e1d8b15fc785b106be.sol"},{"line":287,"column":3,"severity":"Warning","message":"Provide an error message for revert","ruleId":"reason-string","fix":null,"filePath":"Benchmarks/Study_SamplesSet/d54d9d7b61cef6e1d8b15fc785b106be.sol"},{"line":287,"column":3,"severity":"Warning","message":"Use Custom Errors instead of revert statements","ruleId":"custom-errors","fix":null,"filePath":"Benchmarks/Study_SamplesSet/d54d9d7b61cef6e1d8b15fc785b106be.sol"},{"line":297,"column":1,"severity":"Warning","message":"Function name must be in mixedCase","ruleId":"func-name-mixedcase","fix":null,"filePath":"Benchmarks/Study_SamplesSet/d54d9d7b61cef6e1d8b15fc785b106be.sol"},{"line":298,"column":9,"severity":"Error","message":"Check result of \"send\" call","ruleId":"check-send-result","fix":null,"filePath":"Benchmarks/Study_SamplesSet/d54d9d7b61cef6e1d8b15fc785b106be.sol"},{"line":310,"column":9,"severity":"Error","message":"Explicitly mark all external contracts as trusted or untrusted","ruleId":"mark-callable-contracts","filePath":"Benchmarks/Study_SamplesSet/d54d9d7b61cef6e1d8b15fc785b106be.sol"},{"line":318,"column":1,"severity":"Warning","message":"Function name must be in mixedCase","ruleId":"func-name-mixedcase","fix":null,"filePath":"Benchmarks/Study_SamplesSet/d54d9d7b61cef6e1d8b15fc785b106be.sol"},{"line":319,"column":5,"severity":"Error","message":"Check result of \"send\" call","ruleId":"check-send-result","fix":null,"filePath":"Benchmarks/Study_SamplesSet/d54d9d7b61cef6e1d8b15fc785b106be.sol"},{"line":328,"column":9,"severity":"Error","message":"Explicitly mark all external contracts as trusted or untrusted","ruleId":"mark-callable-contracts","filePath":"Benchmarks/Study_SamplesSet/d54d9d7b61cef6e1d8b15fc785b106be.sol"},{"line":336,"column":1,"severity":"Warning","message":"Function name must be in mixedCase","ruleId":"func-name-mixedcase","fix":null,"filePath":"Benchmarks/Study_SamplesSet/d54d9d7b61cef6e1d8b15fc785b106be.sol"},{"line":337,"column":1,"severity":"Warning","message":"Rule is set with explicit type [var/s: uint]","ruleId":"explicit-types","filePath":"Benchmarks/Study_SamplesSet/d54d9d7b61cef6e1d8b15fc785b106be.sol"},{"line":337,"column":1,"severity":"Warning","message":"Variable name must be in mixedCase","ruleId":"var-name-mixedcase","fix":null,"filePath":"Benchmarks/Study_SamplesSet/d54d9d7b61cef6e1d8b15fc785b106be.sol"},{"line":338,"column":1,"severity":"Warning","message":"Variable name must be in mixedCase","ruleId":"var-name-mixedcase","fix":null,"filePath":"Benchmarks/Study_SamplesSet/d54d9d7b61cef6e1d8b15fc785b106be.sol"},{"line":342,"column":3,"severity":"Warning","message":"Provide an error message for revert","ruleId":"reason-string","fix":null,"filePath":"Benchmarks/Study_SamplesSet/d54d9d7b61cef6e1d8b15fc785b106be.sol"},{"line":342,"column":3,"severity":"Warning","message":"Use Custom Errors instead of revert statements","ruleId":"custom-errors","fix":null,"filePath":"Benchmarks/Study_SamplesSet/d54d9d7b61cef6e1d8b15fc785b106be.sol"},{"line":350,"column":9,"severity":"Warning","message":"Use Custom Errors instead of revert statements","ruleId":"custom-errors","fix":null,"filePath":"Benchmarks/Study_SamplesSet/d54d9d7b61cef6e1d8b15fc785b106be.sol"},{"line":352,"column":1,"severity":"Warning","message":"Variable name must be in mixedCase","ruleId":"var-name-mixedcase","fix":null,"filePath":"Benchmarks/Study_SamplesSet/d54d9d7b61cef6e1d8b15fc785b106be.sol"},{"line":353,"column":1,"severity":"Warning","message":"Variable name must be in mixedCase","ruleId":"var-name-mixedcase","fix":null,"filePath":"Benchmarks/Study_SamplesSet/d54d9d7b61cef6e1d8b15fc785b106be.sol"},{"line":354,"column":1,"severity":"Warning","message":"Rule is set with explicit type [var/s: uint]","ruleId":"explicit-types","filePath":"Benchmarks/Study_SamplesSet/d54d9d7b61cef6e1d8b15fc785b106be.sol"},{"line":354,"column":1,"severity":"Warning","message":"Variable name must be in mixedCase","ruleId":"var-name-mixedcase","fix":null,"filePath":"Benchmarks/Study_SamplesSet/d54d9d7b61cef6e1d8b15fc785b106be.sol"},{"line":356,"column":1,"severity":"Warning","message":"Function name must be in mixedCase","ruleId":"func-name-mixedcase","fix":null,"filePath":"Benchmarks/Study_SamplesSet/d54d9d7b61cef6e1d8b15fc785b106be.sol"},{"line":357,"column":9,"severity":"Warning","message":"Provide an error message for require","ruleId":"reason-string","fix":null,"filePath":"Benchmarks/Study_SamplesSet/d54d9d7b61cef6e1d8b15fc785b106be.sol"},{"line":357,"column":9,"severity":"Warning","message":"Use Custom Errors instead of require statements","ruleId":"custom-errors","fix":null,"filePath":"Benchmarks/Study_SamplesSet/d54d9d7b61cef6e1d8b15fc785b106be.sol"},{"line":358,"column":9,"severity":"Error","message":"Check result of \"send\" call","ruleId":"check-send-result","fix":null,"filePath":"Benchmarks/Study_SamplesSet/d54d9d7b61cef6e1d8b15fc785b106be.sol"},{"line":359,"column":9,"severity":"Error","message":"Possible reentrancy vulnerabilities. Avoid state changes after transfer.","ruleId":"reentrancy","fix":null,"filePath":"Benchmarks/Study_SamplesSet/d54d9d7b61cef6e1d8b15fc785b106be.sol"},{"line":363,"column":9,"severity":"Warning","message":"Error message for require is too long: 37 counted / 32 allowed","ruleId":"reason-string","fix":null,"filePath":"Benchmarks/Study_SamplesSet/d54d9d7b61cef6e1d8b15fc785b106be.sol"},{"line":363,"column":9,"severity":"Warning","message":"Use Custom Errors instead of require statements","ruleId":"custom-errors","fix":null,"filePath":"Benchmarks/Study_SamplesSet/d54d9d7b61cef6e1d8b15fc785b106be.sol"},{"line":368,"column":9,"severity":"Warning","message":"Use Custom Errors instead of require statements","ruleId":"custom-errors","fix":null,"filePath":"Benchmarks/Study_SamplesSet/d54d9d7b61cef6e1d8b15fc785b106be.sol"},{"line":373,"column":9,"severity":"Warning","message":"Use Custom Errors instead of require statements","ruleId":"custom-errors","fix":null,"filePath":"Benchmarks/Study_SamplesSet/d54d9d7b61cef6e1d8b15fc785b106be.sol"},{"line":374,"column":9,"severity":"Warning","message":"Use Custom Errors instead of require statements","ruleId":"custom-errors","fix":null,"filePath":"Benchmarks/Study_SamplesSet/d54d9d7b61cef6e1d8b15fc785b106be.sol"},{"line":374,"column":31,"severity":"Error","message":"Explicitly mark all external contracts as trusted or untrusted","ruleId":"mark-callable-contracts","filePath":"Benchmarks/Study_SamplesSet/d54d9d7b61cef6e1d8b15fc785b106be.sol"},{"line":379,"column":9,"severity":"Warning","message":"Use Custom Errors instead of require statements","ruleId":"custom-errors","fix":null,"filePath":"Benchmarks/Study_SamplesSet/d54d9d7b61cef6e1d8b15fc785b106be.sol"},{"line":380,"column":9,"severity":"Warning","message":"Error message for require is too long: 43 counted / 32 allowed","ruleId":"reason-string","fix":null,"filePath":"Benchmarks/Study_SamplesSet/d54d9d7b61cef6e1d8b15fc785b106be.sol"},{"line":380,"column":9,"severity":"Warning","message":"Use Custom Errors instead of require statements","ruleId":"custom-errors","fix":null,"filePath":"Benchmarks/Study_SamplesSet/d54d9d7b61cef6e1d8b15fc785b106be.sol"},{"line":381,"column":13,"severity":"Error","message":"Explicitly mark all external contracts as trusted or untrusted","ruleId":"mark-callable-contracts","filePath":"Benchmarks/Study_SamplesSet/d54d9d7b61cef6e1d8b15fc785b106be.sol"},{"line":396,"column":3,"severity":"Warning","message":"Function name must be in mixedCase","ruleId":"func-name-mixedcase","fix":null,"filePath":"Benchmarks/Study_SamplesSet/d54d9d7b61cef6e1d8b15fc785b106be.sol"},{"line":397,"column":8,"severity":"Error","message":"Check result of \"send\" call","ruleId":"check-send-result","fix":null,"filePath":"Benchmarks/Study_SamplesSet/d54d9d7b61cef6e1d8b15fc785b106be.sol"},{"line":411,"column":1,"severity":"Warning","message":"Function name must be in mixedCase","ruleId":"func-name-mixedcase","fix":null,"filePath":"Benchmarks/Study_SamplesSet/d54d9d7b61cef6e1d8b15fc785b106be.sol"},{"line":412,"column":8,"severity":"Error","message":"Check result of \"send\" call","ruleId":"check-send-result","fix":null,"filePath":"Benchmarks/Study_SamplesSet/d54d9d7b61cef6e1d8b15fc785b106be.sol"},{"line":417,"column":1,"severity":"Warning","message":"Function name must be in mixedCase","ruleId":"func-name-mixedcase","fix":null,"filePath":"Benchmarks/Study_SamplesSet/d54d9d7b61cef6e1d8b15fc785b106be.sol"},{"line":418,"column":9,"severity":"Error","message":"Avoid to use low level calls.","ruleId":"avoid-low-level-calls","fix":null,"filePath":"Benchmarks/Study_SamplesSet/d54d9d7b61cef6e1d8b15fc785b106be.sol"},{"line":418,"column":9,"severity":"Error","message":"Avoid to use \".call.value()()\"","ruleId":"avoid-call-value","fix":null,"filePath":"Benchmarks/Study_SamplesSet/d54d9d7b61cef6e1d8b15fc785b106be.sol"},{"line":428,"column":1,"severity":"Warning","message":"Function name must be in mixedCase","ruleId":"func-name-mixedcase","fix":null,"filePath":"Benchmarks/Study_SamplesSet/d54d9d7b61cef6e1d8b15fc785b106be.sol"},{"line":429,"column":9,"severity":"Error","message":"Check result of \"send\" call","ruleId":"check-send-result","fix":null,"filePath":"Benchmarks/Study_SamplesSet/d54d9d7b61cef6e1d8b15fc785b106be.sol"},{"line":438,"column":1,"severity":"Warning","message":"Variable name must be in mixedCase","ruleId":"var-name-mixedcase","fix":null,"filePath":"Benchmarks/Study_SamplesSet/d54d9d7b61cef6e1d8b15fc785b106be.sol"},{"line":439,"column":1,"severity":"Warning","message":"Variable name must be in mixedCase","ruleId":"var-name-mixedcase","fix":null,"filePath":"Benchmarks/Study_SamplesSet/d54d9d7b61cef6e1d8b15fc785b106be.sol"},{"line":440,"column":1,"severity":"Warning","message":"Rule is set with explicit type [var/s: uint]","ruleId":"explicit-types","filePath":"Benchmarks/Study_SamplesSet/d54d9d7b61cef6e1d8b15fc785b106be.sol"},{"line":440,"column":1,"severity":"Warning","message":"Variable name must be in mixedCase","ruleId":"var-name-mixedcase","fix":null,"filePath":"Benchmarks/Study_SamplesSet/d54d9d7b61cef6e1d8b15fc785b106be.sol"},{"line":442,"column":1,"severity":"Warning","message":"Function name must be in mixedCase","ruleId":"func-name-mixedcase","fix":null,"filePath":"Benchmarks/Study_SamplesSet/d54d9d7b61cef6e1d8b15fc785b106be.sol"},{"line":443,"column":9,"severity":"Warning","message":"Provide an error message for require","ruleId":"reason-string","fix":null,"filePath":"Benchmarks/Study_SamplesSet/d54d9d7b61cef6e1d8b15fc785b106be.sol"},{"line":443,"column":9,"severity":"Warning","message":"Use Custom Errors instead of require statements","ruleId":"custom-errors","fix":null,"filePath":"Benchmarks/Study_SamplesSet/d54d9d7b61cef6e1d8b15fc785b106be.sol"},{"line":444,"column":9,"severity":"Error","message":"Check result of \"send\" call","ruleId":"check-send-result","fix":null,"filePath":"Benchmarks/Study_SamplesSet/d54d9d7b61cef6e1d8b15fc785b106be.sol"},{"line":445,"column":9,"severity":"Error","message":"Possible reentrancy vulnerabilities. Avoid state changes after transfer.","ruleId":"reentrancy","fix":null,"filePath":"Benchmarks/Study_SamplesSet/d54d9d7b61cef6e1d8b15fc785b106be.sol"},{"line":451,"column":5,"severity":"Error","message":"Fallback function must be simple","ruleId":"no-complex-fallback","fix":null,"filePath":"Benchmarks/Study_SamplesSet/d54d9d7b61cef6e1d8b15fc785b106be.sol"},{"line":452,"column":9,"severity":"Warning","message":"Use Custom Errors instead of require statements","ruleId":"custom-errors","fix":null,"filePath":"Benchmarks/Study_SamplesSet/d54d9d7b61cef6e1d8b15fc785b106be.sol"},{"line":457,"column":1,"severity":"Warning","message":"Function name must be in mixedCase","ruleId":"func-name-mixedcase","fix":null,"filePath":"Benchmarks/Study_SamplesSet/d54d9d7b61cef6e1d8b15fc785b106be.sol"},{"line":458,"column":4,"severity":"Warning","message":"Variable name must be in mixedCase","ruleId":"var-name-mixedcase","fix":null,"filePath":"Benchmarks/Study_SamplesSet/d54d9d7b61cef6e1d8b15fc785b106be.sol"},{"line":460,"column":7,"severity":"Warning","message":"Code contains empty blocks","ruleId":"no-empty-blocks","fix":null,"filePath":"Benchmarks/Study_SamplesSet/d54d9d7b61cef6e1d8b15fc785b106be.sol"},{"line":463,"column":7,"severity":"Warning","message":"Code contains empty blocks","ruleId":"no-empty-blocks","fix":null,"filePath":"Benchmarks/Study_SamplesSet/d54d9d7b61cef6e1d8b15fc785b106be.sol"},{"conclusion":"155 problem/s (40 error/s, 115 warning/s)"}]
