[{"line":5,"column":1,"severity":"Error","message":"Compiler version >=0.4.21 <0.6.0 does not satisfy the ^0.8.0 semver requirement","ruleId":"compiler-version","fix":null,"filePath":"Benchmarks/Study_SamplesSet/d8ceb5a3c196aa91cc3d5b9af9994808.sol"},{"line":8,"column":3,"severity":"Error","message":"Explicitly mark visibility of state","ruleId":"state-visibility","fix":null,"filePath":"Benchmarks/Study_SamplesSet/d8ceb5a3c196aa91cc3d5b9af9994808.sol"},{"line":8,"column":3,"severity":"Warning","message":"Variable name must be in mixedCase","ruleId":"var-name-mixedcase","fix":null,"filePath":"Benchmarks/Study_SamplesSet/d8ceb5a3c196aa91cc3d5b9af9994808.sol"},{"line":9,"column":1,"severity":"Warning","message":"Function name must be in mixedCase","ruleId":"func-name-mixedcase","fix":null,"filePath":"Benchmarks/Study_SamplesSet/d8ceb5a3c196aa91cc3d5b9af9994808.sol"},{"line":11,"column":65,"severity":"Error","message":"Use double quotes for string literals","ruleId":"quotes","filePath":"Benchmarks/Study_SamplesSet/d8ceb5a3c196aa91cc3d5b9af9994808.sol"},{"line":17,"column":1,"severity":"Warning","message":"Function name must be in mixedCase","ruleId":"func-name-mixedcase","fix":null,"filePath":"Benchmarks/Study_SamplesSet/d8ceb5a3c196aa91cc3d5b9af9994808.sol"},{"line":17,"column":36,"severity":"Warning","message":"Visibility modifier must be first in list of modifiers","ruleId":"visibility-modifier-order","fix":null,"filePath":"Benchmarks/Study_SamplesSet/d8ceb5a3c196aa91cc3d5b9af9994808.sol"},{"line":22,"column":3,"severity":"Error","message":"Explicitly mark visibility of state","ruleId":"state-visibility","fix":null,"filePath":"Benchmarks/Study_SamplesSet/d8ceb5a3c196aa91cc3d5b9af9994808.sol"},{"line":22,"column":3,"severity":"Warning","message":"Variable name must be in mixedCase","ruleId":"var-name-mixedcase","fix":null,"filePath":"Benchmarks/Study_SamplesSet/d8ceb5a3c196aa91cc3d5b9af9994808.sol"},{"line":23,"column":1,"severity":"Error","message":"Explicitly mark visibility of state","ruleId":"state-visibility","fix":null,"filePath":"Benchmarks/Study_SamplesSet/d8ceb5a3c196aa91cc3d5b9af9994808.sol"},{"line":23,"column":1,"severity":"Warning","message":"Variable name must be in mixedCase","ruleId":"var-name-mixedcase","fix":null,"filePath":"Benchmarks/Study_SamplesSet/d8ceb5a3c196aa91cc3d5b9af9994808.sol"},{"line":24,"column":1,"severity":"Error","message":"Explicitly mark visibility of state","ruleId":"state-visibility","fix":null,"filePath":"Benchmarks/Study_SamplesSet/d8ceb5a3c196aa91cc3d5b9af9994808.sol"},{"line":24,"column":1,"severity":"Warning","message":"Variable name must be in mixedCase","ruleId":"var-name-mixedcase","fix":null,"filePath":"Benchmarks/Study_SamplesSet/d8ceb5a3c196aa91cc3d5b9af9994808.sol"},{"line":25,"column":1,"severity":"Warning","message":"Function name must be in mixedCase","ruleId":"func-name-mixedcase","fix":null,"filePath":"Benchmarks/Study_SamplesSet/d8ceb5a3c196aa91cc3d5b9af9994808.sol"},{"line":26,"column":9,"severity":"Warning","message":"Provide an error message for require","ruleId":"reason-string","fix":null,"filePath":"Benchmarks/Study_SamplesSet/d8ceb5a3c196aa91cc3d5b9af9994808.sol"},{"line":26,"column":9,"severity":"Warning","message":"Use Custom Errors instead of require statements","ruleId":"custom-errors","fix":null,"filePath":"Benchmarks/Study_SamplesSet/d8ceb5a3c196aa91cc3d5b9af9994808.sol"},{"line":28,"column":9,"severity":"Warning","message":"Provide an error message for require","ruleId":"reason-string","fix":null,"filePath":"Benchmarks/Study_SamplesSet/d8ceb5a3c196aa91cc3d5b9af9994808.sol"},{"line":28,"column":9,"severity":"Warning","message":"Use Custom Errors instead of require statements","ruleId":"custom-errors","fix":null,"filePath":"Benchmarks/Study_SamplesSet/d8ceb5a3c196aa91cc3d5b9af9994808.sol"},{"line":30,"column":9,"severity":"Error","message":"Possible reentrancy vulnerabilities. Avoid state changes after transfer.","ruleId":"reentrancy","fix":null,"filePath":"Benchmarks/Study_SamplesSet/d8ceb5a3c196aa91cc3d5b9af9994808.sol"},{"line":33,"column":5,"severity":"Warning","message":"Function name must be in mixedCase","ruleId":"func-name-mixedcase","fix":null,"filePath":"Benchmarks/Study_SamplesSet/d8ceb5a3c196aa91cc3d5b9af9994808.sol"},{"line":34,"column":9,"severity":"Warning","message":"Provide an error message for require","ruleId":"reason-string","fix":null,"filePath":"Benchmarks/Study_SamplesSet/d8ceb5a3c196aa91cc3d5b9af9994808.sol"},{"line":34,"column":9,"severity":"Warning","message":"Use Custom Errors instead of require statements","ruleId":"custom-errors","fix":null,"filePath":"Benchmarks/Study_SamplesSet/d8ceb5a3c196aa91cc3d5b9af9994808.sol"},{"line":35,"column":9,"severity":"Warning","message":"Provide an error message for require","ruleId":"reason-string","fix":null,"filePath":"Benchmarks/Study_SamplesSet/d8ceb5a3c196aa91cc3d5b9af9994808.sol"},{"line":35,"column":9,"severity":"Warning","message":"Use Custom Errors instead of require statements","ruleId":"custom-errors","fix":null,"filePath":"Benchmarks/Study_SamplesSet/d8ceb5a3c196aa91cc3d5b9af9994808.sol"},{"line":38,"column":9,"severity":"Error","message":"Possible reentrancy vulnerabilities. Avoid state changes after transfer.","ruleId":"reentrancy","fix":null,"filePath":"Benchmarks/Study_SamplesSet/d8ceb5a3c196aa91cc3d5b9af9994808.sol"},{"line":43,"column":9,"severity":"Warning","message":"Use Custom Errors instead of require statements","ruleId":"custom-errors","fix":null,"filePath":"Benchmarks/Study_SamplesSet/d8ceb5a3c196aa91cc3d5b9af9994808.sol"},{"line":47,"column":3,"severity":"Error","message":"Explicitly mark visibility of state","ruleId":"state-visibility","fix":null,"filePath":"Benchmarks/Study_SamplesSet/d8ceb5a3c196aa91cc3d5b9af9994808.sol"},{"line":47,"column":3,"severity":"Warning","message":"Variable name must be in mixedCase","ruleId":"var-name-mixedcase","fix":null,"filePath":"Benchmarks/Study_SamplesSet/d8ceb5a3c196aa91cc3d5b9af9994808.sol"},{"line":48,"column":1,"severity":"Warning","message":"Function name must be in mixedCase","ruleId":"func-name-mixedcase","fix":null,"filePath":"Benchmarks/Study_SamplesSet/d8ceb5a3c196aa91cc3d5b9af9994808.sol"},{"line":50,"column":65,"severity":"Error","message":"Use double quotes for string literals","ruleId":"quotes","filePath":"Benchmarks/Study_SamplesSet/d8ceb5a3c196aa91cc3d5b9af9994808.sol"},{"line":56,"column":1,"severity":"Warning","message":"Function name must be in mixedCase","ruleId":"func-name-mixedcase","fix":null,"filePath":"Benchmarks/Study_SamplesSet/d8ceb5a3c196aa91cc3d5b9af9994808.sol"},{"line":56,"column":36,"severity":"Warning","message":"Visibility modifier must be first in list of modifiers","ruleId":"visibility-modifier-order","fix":null,"filePath":"Benchmarks/Study_SamplesSet/d8ceb5a3c196aa91cc3d5b9af9994808.sol"},{"line":61,"column":3,"severity":"Error","message":"Explicitly mark visibility of state","ruleId":"state-visibility","fix":null,"filePath":"Benchmarks/Study_SamplesSet/d8ceb5a3c196aa91cc3d5b9af9994808.sol"},{"line":61,"column":3,"severity":"Warning","message":"Variable name must be in mixedCase","ruleId":"var-name-mixedcase","fix":null,"filePath":"Benchmarks/Study_SamplesSet/d8ceb5a3c196aa91cc3d5b9af9994808.sol"},{"line":62,"column":1,"severity":"Warning","message":"Function name must be in mixedCase","ruleId":"func-name-mixedcase","fix":null,"filePath":"Benchmarks/Study_SamplesSet/d8ceb5a3c196aa91cc3d5b9af9994808.sol"},{"line":64,"column":65,"severity":"Error","message":"Use double quotes for string literals","ruleId":"quotes","filePath":"Benchmarks/Study_SamplesSet/d8ceb5a3c196aa91cc3d5b9af9994808.sol"},{"line":70,"column":1,"severity":"Warning","message":"Function name must be in mixedCase","ruleId":"func-name-mixedcase","fix":null,"filePath":"Benchmarks/Study_SamplesSet/d8ceb5a3c196aa91cc3d5b9af9994808.sol"},{"line":70,"column":36,"severity":"Warning","message":"Visibility modifier must be first in list of modifiers","ruleId":"visibility-modifier-order","fix":null,"filePath":"Benchmarks/Study_SamplesSet/d8ceb5a3c196aa91cc3d5b9af9994808.sol"},{"line":83,"column":1,"severity":"Error","message":"Explicitly mark visibility of state","ruleId":"state-visibility","fix":null,"filePath":"Benchmarks/Study_SamplesSet/d8ceb5a3c196aa91cc3d5b9af9994808.sol"},{"line":83,"column":1,"severity":"Warning","message":"Variable name must be in mixedCase","ruleId":"var-name-mixedcase","fix":null,"filePath":"Benchmarks/Study_SamplesSet/d8ceb5a3c196aa91cc3d5b9af9994808.sol"},{"line":84,"column":1,"severity":"Warning","message":"Function name must be in mixedCase","ruleId":"func-name-mixedcase","fix":null,"filePath":"Benchmarks/Study_SamplesSet/d8ceb5a3c196aa91cc3d5b9af9994808.sol"},{"line":86,"column":65,"severity":"Error","message":"Use double quotes for string literals","ruleId":"quotes","filePath":"Benchmarks/Study_SamplesSet/d8ceb5a3c196aa91cc3d5b9af9994808.sol"},{"line":92,"column":1,"severity":"Warning","message":"Function name must be in mixedCase","ruleId":"func-name-mixedcase","fix":null,"filePath":"Benchmarks/Study_SamplesSet/d8ceb5a3c196aa91cc3d5b9af9994808.sol"},{"line":92,"column":36,"severity":"Warning","message":"Visibility modifier must be first in list of modifiers","ruleId":"visibility-modifier-order","fix":null,"filePath":"Benchmarks/Study_SamplesSet/d8ceb5a3c196aa91cc3d5b9af9994808.sol"},{"line":99,"column":13,"severity":"Warning","message":"Rule is set with explicit type [var/s: uint]","ruleId":"explicit-types","filePath":"Benchmarks/Study_SamplesSet/d8ceb5a3c196aa91cc3d5b9af9994808.sol"},{"line":104,"column":1,"severity":"Error","message":"Explicitly mark visibility of state","ruleId":"state-visibility","fix":null,"filePath":"Benchmarks/Study_SamplesSet/d8ceb5a3c196aa91cc3d5b9af9994808.sol"},{"line":104,"column":1,"severity":"Warning","message":"Variable name must be in mixedCase","ruleId":"var-name-mixedcase","fix":null,"filePath":"Benchmarks/Study_SamplesSet/d8ceb5a3c196aa91cc3d5b9af9994808.sol"},{"line":105,"column":1,"severity":"Error","message":"Explicitly mark visibility of state","ruleId":"state-visibility","fix":null,"filePath":"Benchmarks/Study_SamplesSet/d8ceb5a3c196aa91cc3d5b9af9994808.sol"},{"line":105,"column":1,"severity":"Warning","message":"Variable name must be in mixedCase","ruleId":"var-name-mixedcase","fix":null,"filePath":"Benchmarks/Study_SamplesSet/d8ceb5a3c196aa91cc3d5b9af9994808.sol"},{"line":106,"column":1,"severity":"Error","message":"Explicitly mark visibility of state","ruleId":"state-visibility","fix":null,"filePath":"Benchmarks/Study_SamplesSet/d8ceb5a3c196aa91cc3d5b9af9994808.sol"},{"line":106,"column":1,"severity":"Warning","message":"Variable name must be in mixedCase","ruleId":"var-name-mixedcase","fix":null,"filePath":"Benchmarks/Study_SamplesSet/d8ceb5a3c196aa91cc3d5b9af9994808.sol"},{"line":107,"column":1,"severity":"Warning","message":"Function name must be in mixedCase","ruleId":"func-name-mixedcase","fix":null,"filePath":"Benchmarks/Study_SamplesSet/d8ceb5a3c196aa91cc3d5b9af9994808.sol"},{"line":108,"column":9,"severity":"Warning","message":"Provide an error message for require","ruleId":"reason-string","fix":null,"filePath":"Benchmarks/Study_SamplesSet/d8ceb5a3c196aa91cc3d5b9af9994808.sol"},{"line":108,"column":9,"severity":"Warning","message":"Use Custom Errors instead of require statements","ruleId":"custom-errors","fix":null,"filePath":"Benchmarks/Study_SamplesSet/d8ceb5a3c196aa91cc3d5b9af9994808.sol"},{"line":110,"column":9,"severity":"Warning","message":"Provide an error message for require","ruleId":"reason-string","fix":null,"filePath":"Benchmarks/Study_SamplesSet/d8ceb5a3c196aa91cc3d5b9af9994808.sol"},{"line":110,"column":9,"severity":"Warning","message":"Use Custom Errors instead of require statements","ruleId":"custom-errors","fix":null,"filePath":"Benchmarks/Study_SamplesSet/d8ceb5a3c196aa91cc3d5b9af9994808.sol"},{"line":112,"column":9,"severity":"Error","message":"Possible reentrancy vulnerabilities. Avoid state changes after transfer.","ruleId":"reentrancy","fix":null,"filePath":"Benchmarks/Study_SamplesSet/d8ceb5a3c196aa91cc3d5b9af9994808.sol"},{"line":115,"column":5,"severity":"Warning","message":"Function name must be in mixedCase","ruleId":"func-name-mixedcase","fix":null,"filePath":"Benchmarks/Study_SamplesSet/d8ceb5a3c196aa91cc3d5b9af9994808.sol"},{"line":116,"column":9,"severity":"Warning","message":"Provide an error message for require","ruleId":"reason-string","fix":null,"filePath":"Benchmarks/Study_SamplesSet/d8ceb5a3c196aa91cc3d5b9af9994808.sol"},{"line":116,"column":9,"severity":"Warning","message":"Use Custom Errors instead of require statements","ruleId":"custom-errors","fix":null,"filePath":"Benchmarks/Study_SamplesSet/d8ceb5a3c196aa91cc3d5b9af9994808.sol"},{"line":117,"column":9,"severity":"Warning","message":"Provide an error message for require","ruleId":"reason-string","fix":null,"filePath":"Benchmarks/Study_SamplesSet/d8ceb5a3c196aa91cc3d5b9af9994808.sol"},{"line":117,"column":9,"severity":"Warning","message":"Use Custom Errors instead of require statements","ruleId":"custom-errors","fix":null,"filePath":"Benchmarks/Study_SamplesSet/d8ceb5a3c196aa91cc3d5b9af9994808.sol"},{"line":120,"column":9,"severity":"Error","message":"Possible reentrancy vulnerabilities. Avoid state changes after transfer.","ruleId":"reentrancy","fix":null,"filePath":"Benchmarks/Study_SamplesSet/d8ceb5a3c196aa91cc3d5b9af9994808.sol"},{"line":127,"column":1,"severity":"Error","message":"Explicitly mark visibility of state","ruleId":"state-visibility","fix":null,"filePath":"Benchmarks/Study_SamplesSet/d8ceb5a3c196aa91cc3d5b9af9994808.sol"},{"line":127,"column":1,"severity":"Warning","message":"Variable name must be in mixedCase","ruleId":"var-name-mixedcase","fix":null,"filePath":"Benchmarks/Study_SamplesSet/d8ceb5a3c196aa91cc3d5b9af9994808.sol"},{"line":128,"column":1,"severity":"Warning","message":"Function name must be in mixedCase","ruleId":"func-name-mixedcase","fix":null,"filePath":"Benchmarks/Study_SamplesSet/d8ceb5a3c196aa91cc3d5b9af9994808.sol"},{"line":130,"column":65,"severity":"Error","message":"Use double quotes for string literals","ruleId":"quotes","filePath":"Benchmarks/Study_SamplesSet/d8ceb5a3c196aa91cc3d5b9af9994808.sol"},{"line":136,"column":1,"severity":"Warning","message":"Function name must be in mixedCase","ruleId":"func-name-mixedcase","fix":null,"filePath":"Benchmarks/Study_SamplesSet/d8ceb5a3c196aa91cc3d5b9af9994808.sol"},{"line":136,"column":36,"severity":"Warning","message":"Visibility modifier must be first in list of modifiers","ruleId":"visibility-modifier-order","fix":null,"filePath":"Benchmarks/Study_SamplesSet/d8ceb5a3c196aa91cc3d5b9af9994808.sol"},{"line":144,"column":1,"severity":"Error","message":"Explicitly mark visibility of state","ruleId":"state-visibility","fix":null,"filePath":"Benchmarks/Study_SamplesSet/d8ceb5a3c196aa91cc3d5b9af9994808.sol"},{"line":144,"column":1,"severity":"Warning","message":"Variable name must be in mixedCase","ruleId":"var-name-mixedcase","fix":null,"filePath":"Benchmarks/Study_SamplesSet/d8ceb5a3c196aa91cc3d5b9af9994808.sol"},{"line":145,"column":1,"severity":"Warning","message":"Function name must be in mixedCase","ruleId":"func-name-mixedcase","fix":null,"filePath":"Benchmarks/Study_SamplesSet/d8ceb5a3c196aa91cc3d5b9af9994808.sol"},{"line":147,"column":65,"severity":"Error","message":"Use double quotes for string literals","ruleId":"quotes","filePath":"Benchmarks/Study_SamplesSet/d8ceb5a3c196aa91cc3d5b9af9994808.sol"},{"line":153,"column":1,"severity":"Warning","message":"Function name must be in mixedCase","ruleId":"func-name-mixedcase","fix":null,"filePath":"Benchmarks/Study_SamplesSet/d8ceb5a3c196aa91cc3d5b9af9994808.sol"},{"line":153,"column":36,"severity":"Warning","message":"Visibility modifier must be first in list of modifiers","ruleId":"visibility-modifier-order","fix":null,"filePath":"Benchmarks/Study_SamplesSet/d8ceb5a3c196aa91cc3d5b9af9994808.sol"},{"conclusion":"75 problem/s (23 error/s, 52 warning/s)"}]
