[{"line":7,"column":1,"severity":"Error","message":"Compiler version 0.4.25 does not satisfy the ^0.8.0 semver requirement","ruleId":"compiler-version","fix":null,"filePath":"Benchmarks/Study_SamplesSet/da4936b50dd40467242d2255c6d7d7e0.sol"},{"line":11,"column":5,"severity":"Error","message":"Explicitly mark visibility of state","ruleId":"state-visibility","fix":null,"filePath":"Benchmarks/Study_SamplesSet/da4936b50dd40467242d2255c6d7d7e0.sol"},{"line":17,"column":39,"severity":"Warning","message":"Rule is set with explicit type [var/s: uint]","ruleId":"explicit-types","filePath":"Benchmarks/Study_SamplesSet/da4936b50dd40467242d2255c6d7d7e0.sol"},{"line":18,"column":7,"severity":"Warning","message":"Provide an error message for require","ruleId":"reason-string","fix":null,"filePath":"Benchmarks/Study_SamplesSet/da4936b50dd40467242d2255c6d7d7e0.sol"},{"line":18,"column":7,"severity":"Warning","message":"Use Custom Errors instead of require statements","ruleId":"custom-errors","fix":null,"filePath":"Benchmarks/Study_SamplesSet/da4936b50dd40467242d2255c6d7d7e0.sol"},{"conclusion":"5 problem/s (2 error/s, 3 warning/s)"}]
