[{"line":1,"column":1,"severity":"Error","message":"Compiler version ^0.4.19 does not satisfy the ^0.8.0 semver requirement","ruleId":"compiler-version","fix":null,"filePath":"Benchmarks/Study_SamplesSet/da4c5eb90780078af0c90ee0fe6a68ab.sol"},{"line":5,"column":5,"severity":"Warning","message":"Variable name must be in mixedCase","ruleId":"var-name-mixedcase","fix":null,"filePath":"Benchmarks/Study_SamplesSet/da4c5eb90780078af0c90ee0fe6a68ab.sol"},{"line":6,"column":5,"severity":"Warning","message":"Rule is set with explicit type [var/s: uint]","ruleId":"explicit-types","filePath":"Benchmarks/Study_SamplesSet/da4c5eb90780078af0c90ee0fe6a68ab.sol"},{"line":6,"column":5,"severity":"Warning","message":"Constant name must be in capitalized SNAKE_CASE","ruleId":"const-name-snakecase","fix":null,"filePath":"Benchmarks/Study_SamplesSet/da4c5eb90780078af0c90ee0fe6a68ab.sol"},{"line":20,"column":3470,"severity":"Error","message":"Explicitly mark all external contracts as trusted or untrusted","ruleId":"mark-callable-contracts","filePath":"Benchmarks/Study_SamplesSet/da4c5eb90780078af0c90ee0fe6a68ab.sol"},{"line":27,"column":5,"severity":"Warning","message":"Visibility modifier must be first in list of modifiers","ruleId":"visibility-modifier-order","fix":null,"filePath":"Benchmarks/Study_SamplesSet/da4c5eb90780078af0c90ee0fe6a68ab.sol"},{"line":28,"column":1257,"severity":"Error","message":"Explicitly mark all external contracts as trusted or untrusted","ruleId":"mark-callable-contracts","filePath":"Benchmarks/Study_SamplesSet/da4c5eb90780078af0c90ee0fe6a68ab.sol"},{"line":29,"column":9,"severity":"Warning","message":"Provide an error message for require","ruleId":"reason-string","fix":null,"filePath":"Benchmarks/Study_SamplesSet/da4c5eb90780078af0c90ee0fe6a68ab.sol"},{"line":29,"column":9,"severity":"Warning","message":"Use Custom Errors instead of require statements","ruleId":"custom-errors","fix":null,"filePath":"Benchmarks/Study_SamplesSet/da4c5eb90780078af0c90ee0fe6a68ab.sol"},{"line":29,"column":31,"severity":"Error","message":"Explicitly mark all external contracts as trusted or untrusted","ruleId":"mark-callable-contracts","filePath":"Benchmarks/Study_SamplesSet/da4c5eb90780078af0c90ee0fe6a68ab.sol"},{"line":30,"column":9,"severity":"Error","message":"Explicitly mark all external contracts as trusted or untrusted","ruleId":"mark-callable-contracts","filePath":"Benchmarks/Study_SamplesSet/da4c5eb90780078af0c90ee0fe6a68ab.sol"},{"line":33,"column":5,"severity":"Warning","message":"Function name must be in mixedCase","ruleId":"func-name-mixedcase","fix":null,"filePath":"Benchmarks/Study_SamplesSet/da4c5eb90780078af0c90ee0fe6a68ab.sol"},{"line":35,"column":5,"severity":"Warning","message":"Visibility modifier must be first in list of modifiers","ruleId":"visibility-modifier-order","fix":null,"filePath":"Benchmarks/Study_SamplesSet/da4c5eb90780078af0c90ee0fe6a68ab.sol"},{"line":37,"column":9,"severity":"Warning","message":"Provide an error message for require","ruleId":"reason-string","fix":null,"filePath":"Benchmarks/Study_SamplesSet/da4c5eb90780078af0c90ee0fe6a68ab.sol"},{"line":37,"column":9,"severity":"Warning","message":"Use Custom Errors instead of require statements","ruleId":"custom-errors","fix":null,"filePath":"Benchmarks/Study_SamplesSet/da4c5eb90780078af0c90ee0fe6a68ab.sol"},{"line":37,"column":31,"severity":"Error","message":"Explicitly mark all external contracts as trusted or untrusted","ruleId":"mark-callable-contracts","filePath":"Benchmarks/Study_SamplesSet/da4c5eb90780078af0c90ee0fe6a68ab.sol"},{"line":38,"column":9,"severity":"Error","message":"Avoid to use low level calls.","ruleId":"avoid-low-level-calls","fix":null,"filePath":"Benchmarks/Study_SamplesSet/da4c5eb90780078af0c90ee0fe6a68ab.sol"},{"line":38,"column":9,"severity":"Error","message":"Avoid to use \".call.value()()\"","ruleId":"avoid-call-value","fix":null,"filePath":"Benchmarks/Study_SamplesSet/da4c5eb90780078af0c90ee0fe6a68ab.sol"},{"conclusion":"18 problem/s (8 error/s, 10 warning/s)"}]
