[{"line":1,"column":1,"severity":"Warning","message":"Found more than One contract per file. 2 contracts found!","ruleId":"one-contract-per-file","fix":null,"filePath":"Benchmarks/Study_SamplesSet/dc2bf8112b5a1f0f0e46007727ee4f5b.sol"},{"line":1,"column":1,"severity":"Error","message":"Compiler version ^0.4.13 does not satisfy the ^0.8.0 semver requirement","ruleId":"compiler-version","fix":null,"filePath":"Benchmarks/Study_SamplesSet/dc2bf8112b5a1f0f0e46007727ee4f5b.sol"},{"line":3,"column":1,"severity":"Warning","message":"Contract, Structs and Enums should be in CamelCase","ruleId":"contract-name-camelcase","filePath":"Benchmarks/Study_SamplesSet/dc2bf8112b5a1f0f0e46007727ee4f5b.sol"},{"line":3,"column":27,"severity":"Error","message":"Explicitly mark visibility in function","ruleId":"func-visibility","fix":null,"filePath":"Benchmarks/Study_SamplesSet/dc2bf8112b5a1f0f0e46007727ee4f5b.sol"},{"line":25,"column":5,"severity":"Error","message":"Explicitly mark visibility in function (Set ignoreConstructors to true if using solidity >=0.7.0)","ruleId":"func-visibility","fix":null,"filePath":"Benchmarks/Study_SamplesSet/dc2bf8112b5a1f0f0e46007727ee4f5b.sol"},{"line":28,"column":16,"severity":"Error","message":"Use double quotes for string literals","ruleId":"quotes","filePath":"Benchmarks/Study_SamplesSet/dc2bf8112b5a1f0f0e46007727ee4f5b.sol"},{"line":29,"column":18,"severity":"Error","message":"Use double quotes for string literals","ruleId":"quotes","filePath":"Benchmarks/Study_SamplesSet/dc2bf8112b5a1f0f0e46007727ee4f5b.sol"},{"line":34,"column":52,"severity":"Warning","message":"Rule is set with explicit type [var/s: uint]","ruleId":"explicit-types","filePath":"Benchmarks/Study_SamplesSet/dc2bf8112b5a1f0f0e46007727ee4f5b.sol"},{"line":35,"column":9,"severity":"Warning","message":"Provide an error message for require","ruleId":"reason-string","fix":null,"filePath":"Benchmarks/Study_SamplesSet/dc2bf8112b5a1f0f0e46007727ee4f5b.sol"},{"line":35,"column":9,"severity":"Warning","message":"Use Custom Errors instead of require statements","ruleId":"custom-errors","fix":null,"filePath":"Benchmarks/Study_SamplesSet/dc2bf8112b5a1f0f0e46007727ee4f5b.sol"},{"line":36,"column":9,"severity":"Warning","message":"Provide an error message for require","ruleId":"reason-string","fix":null,"filePath":"Benchmarks/Study_SamplesSet/dc2bf8112b5a1f0f0e46007727ee4f5b.sol"},{"line":36,"column":9,"severity":"Warning","message":"Use Custom Errors instead of require statements","ruleId":"custom-errors","fix":null,"filePath":"Benchmarks/Study_SamplesSet/dc2bf8112b5a1f0f0e46007727ee4f5b.sol"},{"line":37,"column":9,"severity":"Warning","message":"Provide an error message for require","ruleId":"reason-string","fix":null,"filePath":"Benchmarks/Study_SamplesSet/dc2bf8112b5a1f0f0e46007727ee4f5b.sol"},{"line":37,"column":9,"severity":"Warning","message":"Use Custom Errors instead of require statements","ruleId":"custom-errors","fix":null,"filePath":"Benchmarks/Study_SamplesSet/dc2bf8112b5a1f0f0e46007727ee4f5b.sol"},{"line":40,"column":9,"severity":"Error","message":"Explicitly mark all external contracts as trusted or untrusted","ruleId":"mark-callable-contracts","filePath":"Benchmarks/Study_SamplesSet/dc2bf8112b5a1f0f0e46007727ee4f5b.sol"},{"line":46,"column":5,"severity":"Error","message":"Explicitly mark visibility in function","ruleId":"func-visibility","fix":null,"filePath":"Benchmarks/Study_SamplesSet/dc2bf8112b5a1f0f0e46007727ee4f5b.sol"},{"line":54,"column":5,"severity":"Error","message":"Explicitly mark visibility in function","ruleId":"func-visibility","fix":null,"filePath":"Benchmarks/Study_SamplesSet/dc2bf8112b5a1f0f0e46007727ee4f5b.sol"},{"line":55,"column":9,"severity":"Warning","message":"Provide an error message for require","ruleId":"reason-string","fix":null,"filePath":"Benchmarks/Study_SamplesSet/dc2bf8112b5a1f0f0e46007727ee4f5b.sol"},{"line":55,"column":9,"severity":"Warning","message":"Use Custom Errors instead of require statements","ruleId":"custom-errors","fix":null,"filePath":"Benchmarks/Study_SamplesSet/dc2bf8112b5a1f0f0e46007727ee4f5b.sol"},{"line":64,"column":5,"severity":"Error","message":"Explicitly mark visibility in function","ruleId":"func-visibility","fix":null,"filePath":"Benchmarks/Study_SamplesSet/dc2bf8112b5a1f0f0e46007727ee4f5b.sol"},{"line":74,"column":5,"severity":"Error","message":"Explicitly mark visibility in function","ruleId":"func-visibility","fix":null,"filePath":"Benchmarks/Study_SamplesSet/dc2bf8112b5a1f0f0e46007727ee4f5b.sol"},{"line":85,"column":5,"severity":"Error","message":"Explicitly mark visibility in function","ruleId":"func-visibility","fix":null,"filePath":"Benchmarks/Study_SamplesSet/dc2bf8112b5a1f0f0e46007727ee4f5b.sol"},{"line":86,"column":9,"severity":"Warning","message":"Provide an error message for require","ruleId":"reason-string","fix":null,"filePath":"Benchmarks/Study_SamplesSet/dc2bf8112b5a1f0f0e46007727ee4f5b.sol"},{"line":86,"column":9,"severity":"Warning","message":"Use Custom Errors instead of require statements","ruleId":"custom-errors","fix":null,"filePath":"Benchmarks/Study_SamplesSet/dc2bf8112b5a1f0f0e46007727ee4f5b.sol"},{"line":89,"column":9,"severity":"Error","message":"Explicitly mark all external contracts as trusted or untrusted","ruleId":"mark-callable-contracts","filePath":"Benchmarks/Study_SamplesSet/dc2bf8112b5a1f0f0e46007727ee4f5b.sol"},{"line":93,"column":5,"severity":"Error","message":"Explicitly mark visibility in function","ruleId":"func-visibility","fix":null,"filePath":"Benchmarks/Study_SamplesSet/dc2bf8112b5a1f0f0e46007727ee4f5b.sol"},{"line":94,"column":9,"severity":"Warning","message":"Provide an error message for require","ruleId":"reason-string","fix":null,"filePath":"Benchmarks/Study_SamplesSet/dc2bf8112b5a1f0f0e46007727ee4f5b.sol"},{"line":94,"column":9,"severity":"Warning","message":"Use Custom Errors instead of require statements","ruleId":"custom-errors","fix":null,"filePath":"Benchmarks/Study_SamplesSet/dc2bf8112b5a1f0f0e46007727ee4f5b.sol"},{"line":95,"column":9,"severity":"Warning","message":"Provide an error message for require","ruleId":"reason-string","fix":null,"filePath":"Benchmarks/Study_SamplesSet/dc2bf8112b5a1f0f0e46007727ee4f5b.sol"},{"line":95,"column":9,"severity":"Warning","message":"Use Custom Errors instead of require statements","ruleId":"custom-errors","fix":null,"filePath":"Benchmarks/Study_SamplesSet/dc2bf8112b5a1f0f0e46007727ee4f5b.sol"},{"line":99,"column":9,"severity":"Error","message":"Explicitly mark all external contracts as trusted or untrusted","ruleId":"mark-callable-contracts","filePath":"Benchmarks/Study_SamplesSet/dc2bf8112b5a1f0f0e46007727ee4f5b.sol"},{"line":103,"column":5,"severity":"Error","message":"Explicitly mark visibility in function","ruleId":"func-visibility","fix":null,"filePath":"Benchmarks/Study_SamplesSet/dc2bf8112b5a1f0f0e46007727ee4f5b.sol"},{"line":104,"column":9,"severity":"Warning","message":"Provide an error message for require","ruleId":"reason-string","fix":null,"filePath":"Benchmarks/Study_SamplesSet/dc2bf8112b5a1f0f0e46007727ee4f5b.sol"},{"line":104,"column":9,"severity":"Warning","message":"Use Custom Errors instead of require statements","ruleId":"custom-errors","fix":null,"filePath":"Benchmarks/Study_SamplesSet/dc2bf8112b5a1f0f0e46007727ee4f5b.sol"},{"line":109,"column":5,"severity":"Error","message":"Explicitly mark visibility in function","ruleId":"func-visibility","fix":null,"filePath":"Benchmarks/Study_SamplesSet/dc2bf8112b5a1f0f0e46007727ee4f5b.sol"},{"line":109,"column":19,"severity":"Warning","message":"Rule is set with explicit type [var/s: uint]","ruleId":"explicit-types","filePath":"Benchmarks/Study_SamplesSet/dc2bf8112b5a1f0f0e46007727ee4f5b.sol"},{"line":109,"column":41,"severity":"Warning","message":"Rule is set with explicit type [var/s: uint]","ruleId":"explicit-types","filePath":"Benchmarks/Study_SamplesSet/dc2bf8112b5a1f0f0e46007727ee4f5b.sol"},{"line":110,"column":9,"severity":"Warning","message":"Provide an error message for require","ruleId":"reason-string","fix":null,"filePath":"Benchmarks/Study_SamplesSet/dc2bf8112b5a1f0f0e46007727ee4f5b.sol"},{"line":110,"column":9,"severity":"Warning","message":"Use Custom Errors instead of require statements","ruleId":"custom-errors","fix":null,"filePath":"Benchmarks/Study_SamplesSet/dc2bf8112b5a1f0f0e46007727ee4f5b.sol"},{"line":114,"column":9,"severity":"Warning","message":"Provide an error message for require","ruleId":"reason-string","fix":null,"filePath":"Benchmarks/Study_SamplesSet/dc2bf8112b5a1f0f0e46007727ee4f5b.sol"},{"line":114,"column":9,"severity":"Warning","message":"Use Custom Errors instead of require statements","ruleId":"custom-errors","fix":null,"filePath":"Benchmarks/Study_SamplesSet/dc2bf8112b5a1f0f0e46007727ee4f5b.sol"},{"line":115,"column":9,"severity":"Error","message":"Explicitly mark all external contracts as trusted or untrusted","ruleId":"mark-callable-contracts","filePath":"Benchmarks/Study_SamplesSet/dc2bf8112b5a1f0f0e46007727ee4f5b.sol"},{"line":119,"column":5,"severity":"Error","message":"Explicitly mark visibility in function","ruleId":"func-visibility","fix":null,"filePath":"Benchmarks/Study_SamplesSet/dc2bf8112b5a1f0f0e46007727ee4f5b.sol"},{"line":119,"column":35,"severity":"Warning","message":"Rule is set with explicit type [var/s: uint]","ruleId":"explicit-types","filePath":"Benchmarks/Study_SamplesSet/dc2bf8112b5a1f0f0e46007727ee4f5b.sol"},{"line":120,"column":9,"severity":"Warning","message":"Provide an error message for require","ruleId":"reason-string","fix":null,"filePath":"Benchmarks/Study_SamplesSet/dc2bf8112b5a1f0f0e46007727ee4f5b.sol"},{"line":120,"column":9,"severity":"Warning","message":"Use Custom Errors instead of require statements","ruleId":"custom-errors","fix":null,"filePath":"Benchmarks/Study_SamplesSet/dc2bf8112b5a1f0f0e46007727ee4f5b.sol"},{"line":121,"column":9,"severity":"Warning","message":"Provide an error message for require","ruleId":"reason-string","fix":null,"filePath":"Benchmarks/Study_SamplesSet/dc2bf8112b5a1f0f0e46007727ee4f5b.sol"},{"line":121,"column":9,"severity":"Warning","message":"Use Custom Errors instead of require statements","ruleId":"custom-errors","fix":null,"filePath":"Benchmarks/Study_SamplesSet/dc2bf8112b5a1f0f0e46007727ee4f5b.sol"},{"line":124,"column":9,"severity":"Error","message":"Explicitly mark all external contracts as trusted or untrusted","ruleId":"mark-callable-contracts","filePath":"Benchmarks/Study_SamplesSet/dc2bf8112b5a1f0f0e46007727ee4f5b.sol"},{"line":128,"column":5,"severity":"Error","message":"Explicitly mark visibility in function","ruleId":"func-visibility","fix":null,"filePath":"Benchmarks/Study_SamplesSet/dc2bf8112b5a1f0f0e46007727ee4f5b.sol"},{"line":128,"column":43,"severity":"Warning","message":"Rule is set with explicit type [var/s: uint]","ruleId":"explicit-types","filePath":"Benchmarks/Study_SamplesSet/dc2bf8112b5a1f0f0e46007727ee4f5b.sol"},{"line":129,"column":9,"severity":"Warning","message":"Provide an error message for require","ruleId":"reason-string","fix":null,"filePath":"Benchmarks/Study_SamplesSet/dc2bf8112b5a1f0f0e46007727ee4f5b.sol"},{"line":129,"column":9,"severity":"Warning","message":"Use Custom Errors instead of require statements","ruleId":"custom-errors","fix":null,"filePath":"Benchmarks/Study_SamplesSet/dc2bf8112b5a1f0f0e46007727ee4f5b.sol"},{"line":134,"column":5,"severity":"Error","message":"Explicitly mark visibility in function","ruleId":"func-visibility","fix":null,"filePath":"Benchmarks/Study_SamplesSet/dc2bf8112b5a1f0f0e46007727ee4f5b.sol"},{"line":134,"column":35,"severity":"Warning","message":"Rule is set with explicit type [var/s: uint]","ruleId":"explicit-types","filePath":"Benchmarks/Study_SamplesSet/dc2bf8112b5a1f0f0e46007727ee4f5b.sol"},{"line":135,"column":9,"severity":"Warning","message":"Provide an error message for require","ruleId":"reason-string","fix":null,"filePath":"Benchmarks/Study_SamplesSet/dc2bf8112b5a1f0f0e46007727ee4f5b.sol"},{"line":135,"column":9,"severity":"Warning","message":"Use Custom Errors instead of require statements","ruleId":"custom-errors","fix":null,"filePath":"Benchmarks/Study_SamplesSet/dc2bf8112b5a1f0f0e46007727ee4f5b.sol"},{"line":136,"column":9,"severity":"Warning","message":"Provide an error message for require","ruleId":"reason-string","fix":null,"filePath":"Benchmarks/Study_SamplesSet/dc2bf8112b5a1f0f0e46007727ee4f5b.sol"},{"line":136,"column":9,"severity":"Warning","message":"Use Custom Errors instead of require statements","ruleId":"custom-errors","fix":null,"filePath":"Benchmarks/Study_SamplesSet/dc2bf8112b5a1f0f0e46007727ee4f5b.sol"},{"conclusion":"59 problem/s (21 error/s, 38 warning/s)"}]
