[{"line":1,"column":1,"severity":"Warning","message":"Found more than One contract per file. 3 contracts found!","ruleId":"one-contract-per-file","fix":null,"filePath":"Benchmarks/Study_SamplesSet/dcae3328a930b4c5fd6d08334db29fae.sol"},{"line":1,"column":1,"severity":"Error","message":"Compiler version ^0.4.6 does not satisfy the ^0.8.0 semver requirement","ruleId":"compiler-version","fix":null,"filePath":"Benchmarks/Study_SamplesSet/dcae3328a930b4c5fd6d08334db29fae.sol"},{"line":14,"column":25,"severity":"Error","message":"Explicitly mark visibility in function","ruleId":"func-visibility","fix":null,"filePath":"Benchmarks/Study_SamplesSet/dcae3328a930b4c5fd6d08334db29fae.sol"},{"line":14,"column":80,"severity":"Warning","message":"Code contains empty blocks","ruleId":"no-empty-blocks","fix":null,"filePath":"Benchmarks/Study_SamplesSet/dcae3328a930b4c5fd6d08334db29fae.sol"},{"line":16,"column":1,"severity":"Warning","message":"Contract, Structs and Enums should be in CamelCase","ruleId":"contract-name-camelcase","filePath":"Benchmarks/Study_SamplesSet/dcae3328a930b4c5fd6d08334db29fae.sol"},{"line":20,"column":5,"severity":"Warning","message":"Rule is set with explicit type [var/s: uint]","ruleId":"explicit-types","filePath":"Benchmarks/Study_SamplesSet/dcae3328a930b4c5fd6d08334db29fae.sol"},{"line":21,"column":5,"severity":"Warning","message":"Rule is set with explicit type [var/s: uint]","ruleId":"explicit-types","filePath":"Benchmarks/Study_SamplesSet/dcae3328a930b4c5fd6d08334db29fae.sol"},{"line":25,"column":5,"severity":"Error","message":"Explicitly mark visibility of state","ruleId":"state-visibility","fix":null,"filePath":"Benchmarks/Study_SamplesSet/dcae3328a930b4c5fd6d08334db29fae.sol"},{"line":26,"column":5,"severity":"Error","message":"Explicitly mark visibility of state","ruleId":"state-visibility","fix":null,"filePath":"Benchmarks/Study_SamplesSet/dcae3328a930b4c5fd6d08334db29fae.sol"},{"line":27,"column":5,"severity":"Error","message":"Explicitly mark visibility of state","ruleId":"state-visibility","fix":null,"filePath":"Benchmarks/Study_SamplesSet/dcae3328a930b4c5fd6d08334db29fae.sol"},{"line":34,"column":10,"severity":"Error","message":"Avoid making time-based decisions in your business logic","ruleId":"not-rely-on-time","fix":null,"filePath":"Benchmarks/Study_SamplesSet/dcae3328a930b4c5fd6d08334db29fae.sol"},{"line":34,"column":31,"severity":"Error","message":"\"throw\" is deprecated, avoid to use it","ruleId":"avoid-throw","filePath":"Benchmarks/Study_SamplesSet/dcae3328a930b4c5fd6d08334db29fae.sol"},{"line":38,"column":5,"severity":"Error","message":"Explicitly mark visibility in function (Set ignoreConstructors to true if using solidity >=0.7.0)","ruleId":"func-visibility","fix":null,"filePath":"Benchmarks/Study_SamplesSet/dcae3328a930b4c5fd6d08334db29fae.sol"},{"line":38,"column":78,"severity":"Warning","message":"Rule is set with explicit type [var/s: uint]","ruleId":"explicit-types","filePath":"Benchmarks/Study_SamplesSet/dcae3328a930b4c5fd6d08334db29fae.sol"},{"line":39,"column":32,"severity":"Error","message":"Explicitly mark all external contracts as trusted or untrusted","ruleId":"mark-callable-contracts","filePath":"Benchmarks/Study_SamplesSet/dcae3328a930b4c5fd6d08334db29fae.sol"},{"line":40,"column":14,"severity":"Warning","message":"Rule is set with explicit type [var/s: uint]","ruleId":"explicit-types","filePath":"Benchmarks/Study_SamplesSet/dcae3328a930b4c5fd6d08334db29fae.sol"},{"line":48,"column":5,"severity":"Error","message":"Explicitly mark visibility in function","ruleId":"func-visibility","fix":null,"filePath":"Benchmarks/Study_SamplesSet/dcae3328a930b4c5fd6d08334db29fae.sol"},{"line":49,"column":9,"severity":"Warning","message":"Rule is set with explicit type [var/s: int]","ruleId":"explicit-types","filePath":"Benchmarks/Study_SamplesSet/dcae3328a930b4c5fd6d08334db29fae.sol"},{"line":50,"column":9,"severity":"Warning","message":"Rule is set with explicit type [var/s: int]","ruleId":"explicit-types","filePath":"Benchmarks/Study_SamplesSet/dcae3328a930b4c5fd6d08334db29fae.sol"},{"line":64,"column":5,"severity":"Error","message":"Explicitly mark visibility in function","ruleId":"func-visibility","fix":null,"filePath":"Benchmarks/Study_SamplesSet/dcae3328a930b4c5fd6d08334db29fae.sol"},{"line":73,"column":5,"severity":"Error","message":"Explicitly mark visibility in function","ruleId":"func-visibility","fix":null,"filePath":"Benchmarks/Study_SamplesSet/dcae3328a930b4c5fd6d08334db29fae.sol"},{"line":74,"column":12,"severity":"Error","message":"Avoid making time-based decisions in your business logic","ruleId":"not-rely-on-time","fix":null,"filePath":"Benchmarks/Study_SamplesSet/dcae3328a930b4c5fd6d08334db29fae.sol"},{"line":74,"column":31,"severity":"Error","message":"\"throw\" is deprecated, avoid to use it","ruleId":"avoid-throw","filePath":"Benchmarks/Study_SamplesSet/dcae3328a930b4c5fd6d08334db29fae.sol"},{"line":75,"column":13,"severity":"Warning","message":"Rule is set with explicit type [var/s: uint]","ruleId":"explicit-types","filePath":"Benchmarks/Study_SamplesSet/dcae3328a930b4c5fd6d08334db29fae.sol"},{"line":80,"column":9,"severity":"Error","message":"Use \"selfdestruct\" instead of deprecated \"suicide\"","ruleId":"avoid-suicide","filePath":"Benchmarks/Study_SamplesSet/dcae3328a930b4c5fd6d08334db29fae.sol"},{"line":86,"column":5,"severity":"Error","message":"Explicitly mark visibility in function","ruleId":"func-visibility","fix":null,"filePath":"Benchmarks/Study_SamplesSet/dcae3328a930b4c5fd6d08334db29fae.sol"},{"line":86,"column":89,"severity":"Warning","message":"Rule is set with explicit type [var/s: uint]","ruleId":"explicit-types","filePath":"Benchmarks/Study_SamplesSet/dcae3328a930b4c5fd6d08334db29fae.sol"},{"conclusion":"27 problem/s (16 error/s, 11 warning/s)"}]
