[{"line":1,"column":1,"severity":"Warning","message":"Found more than One contract per file. 6 contracts found!","ruleId":"one-contract-per-file","fix":null,"filePath":"Benchmarks/Study_SamplesSet/dda3b7e9e76857e7f3fc2532c9ab980f.sol"},{"line":1,"column":1,"severity":"Error","message":"Compiler version ^0.4.18 does not satisfy the ^0.8.0 semver requirement","ruleId":"compiler-version","fix":null,"filePath":"Benchmarks/Study_SamplesSet/dda3b7e9e76857e7f3fc2532c9ab980f.sol"},{"line":82,"column":9,"severity":"Warning","message":"Provide an error message for require","ruleId":"reason-string","fix":null,"filePath":"Benchmarks/Study_SamplesSet/dda3b7e9e76857e7f3fc2532c9ab980f.sol"},{"line":82,"column":9,"severity":"Warning","message":"Use Custom Errors instead of require statements","ruleId":"custom-errors","fix":null,"filePath":"Benchmarks/Study_SamplesSet/dda3b7e9e76857e7f3fc2532c9ab980f.sol"},{"line":132,"column":49,"severity":"Warning","message":"Rule is set with explicit type [var/s: uint]","ruleId":"explicit-types","filePath":"Benchmarks/Study_SamplesSet/dda3b7e9e76857e7f3fc2532c9ab980f.sol"},{"line":141,"column":61,"severity":"Warning","message":"Rule is set with explicit type [var/s: uint]","ruleId":"explicit-types","filePath":"Benchmarks/Study_SamplesSet/dda3b7e9e76857e7f3fc2532c9ab980f.sol"},{"line":151,"column":36,"severity":"Warning","message":"Rule is set with explicit type [var/s: uint]","ruleId":"explicit-types","filePath":"Benchmarks/Study_SamplesSet/dda3b7e9e76857e7f3fc2532c9ab980f.sol"},{"line":162,"column":55,"severity":"Warning","message":"Rule is set with explicit type [var/s: uint]","ruleId":"explicit-types","filePath":"Benchmarks/Study_SamplesSet/dda3b7e9e76857e7f3fc2532c9ab980f.sol"},{"line":172,"column":40,"severity":"Warning","message":"Rule is set with explicit type [var/s: uint]","ruleId":"explicit-types","filePath":"Benchmarks/Study_SamplesSet/dda3b7e9e76857e7f3fc2532c9ab980f.sol"},{"line":182,"column":79,"severity":"Warning","message":"Rule is set with explicit type [var/s: uint]","ruleId":"explicit-types","filePath":"Benchmarks/Study_SamplesSet/dda3b7e9e76857e7f3fc2532c9ab980f.sol"},{"line":230,"column":33,"severity":"Warning","message":"Rule is set with explicit type [var/s: uint]","ruleId":"explicit-types","filePath":"Benchmarks/Study_SamplesSet/dda3b7e9e76857e7f3fc2532c9ab980f.sol"},{"line":240,"column":34,"severity":"Warning","message":"Rule is set with explicit type [var/s: uint]","ruleId":"explicit-types","filePath":"Benchmarks/Study_SamplesSet/dda3b7e9e76857e7f3fc2532c9ab980f.sol"},{"line":280,"column":9,"severity":"Warning","message":"Rule is set with explicit type [var/s: uint]","ruleId":"explicit-types","filePath":"Benchmarks/Study_SamplesSet/dda3b7e9e76857e7f3fc2532c9ab980f.sol"},{"line":362,"column":52,"severity":"Warning","message":"Rule is set with explicit type [var/s: uint]","ruleId":"explicit-types","filePath":"Benchmarks/Study_SamplesSet/dda3b7e9e76857e7f3fc2532c9ab980f.sol"},{"line":406,"column":18,"severity":"Error","message":"Explicitly mark all external contracts as trusted or untrusted","ruleId":"mark-callable-contracts","filePath":"Benchmarks/Study_SamplesSet/dda3b7e9e76857e7f3fc2532c9ab980f.sol"},{"line":449,"column":51,"severity":"Warning","message":"Rule is set with explicit type [var/s: uint]","ruleId":"explicit-types","filePath":"Benchmarks/Study_SamplesSet/dda3b7e9e76857e7f3fc2532c9ab980f.sol"},{"line":458,"column":74,"severity":"Warning","message":"Rule is set with explicit type [var/s: uint]","ruleId":"explicit-types","filePath":"Benchmarks/Study_SamplesSet/dda3b7e9e76857e7f3fc2532c9ab980f.sol"},{"line":481,"column":18,"severity":"Error","message":"Explicitly mark all external contracts as trusted or untrusted","ruleId":"mark-callable-contracts","filePath":"Benchmarks/Study_SamplesSet/dda3b7e9e76857e7f3fc2532c9ab980f.sol"},{"line":503,"column":51,"severity":"Warning","message":"Rule is set with explicit type [var/s: uint]","ruleId":"explicit-types","filePath":"Benchmarks/Study_SamplesSet/dda3b7e9e76857e7f3fc2532c9ab980f.sol"},{"line":514,"column":74,"severity":"Warning","message":"Rule is set with explicit type [var/s: uint]","ruleId":"explicit-types","filePath":"Benchmarks/Study_SamplesSet/dda3b7e9e76857e7f3fc2532c9ab980f.sol"},{"line":554,"column":47,"severity":"Warning","message":"Rule is set with explicit type [var/s: uint]","ruleId":"explicit-types","filePath":"Benchmarks/Study_SamplesSet/dda3b7e9e76857e7f3fc2532c9ab980f.sol"},{"line":563,"column":61,"severity":"Warning","message":"Rule is set with explicit type [var/s: uint]","ruleId":"explicit-types","filePath":"Benchmarks/Study_SamplesSet/dda3b7e9e76857e7f3fc2532c9ab980f.sol"},{"line":572,"column":64,"severity":"Warning","message":"Rule is set with explicit type [var/s: uint]","ruleId":"explicit-types","filePath":"Benchmarks/Study_SamplesSet/dda3b7e9e76857e7f3fc2532c9ab980f.sol"},{"line":581,"column":74,"severity":"Warning","message":"Rule is set with explicit type [var/s: uint]","ruleId":"explicit-types","filePath":"Benchmarks/Study_SamplesSet/dda3b7e9e76857e7f3fc2532c9ab980f.sol"},{"line":591,"column":22,"severity":"Warning","message":"Rule is set with explicit type [var/s: uint]","ruleId":"explicit-types","filePath":"Benchmarks/Study_SamplesSet/dda3b7e9e76857e7f3fc2532c9ab980f.sol"},{"line":591,"column":35,"severity":"Warning","message":"Rule is set with explicit type [var/s: uint]","ruleId":"explicit-types","filePath":"Benchmarks/Study_SamplesSet/dda3b7e9e76857e7f3fc2532c9ab980f.sol"},{"line":591,"column":70,"severity":"Warning","message":"Rule is set with explicit type [var/s: uint]","ruleId":"explicit-types","filePath":"Benchmarks/Study_SamplesSet/dda3b7e9e76857e7f3fc2532c9ab980f.sol"},{"line":602,"column":23,"severity":"Warning","message":"Rule is set with explicit type [var/s: uint]","ruleId":"explicit-types","filePath":"Benchmarks/Study_SamplesSet/dda3b7e9e76857e7f3fc2532c9ab980f.sol"},{"line":602,"column":34,"severity":"Warning","message":"Rule is set with explicit type [var/s: uint]","ruleId":"explicit-types","filePath":"Benchmarks/Study_SamplesSet/dda3b7e9e76857e7f3fc2532c9ab980f.sol"},{"line":602,"column":67,"severity":"Warning","message":"Rule is set with explicit type [var/s: uint]","ruleId":"explicit-types","filePath":"Benchmarks/Study_SamplesSet/dda3b7e9e76857e7f3fc2532c9ab980f.sol"},{"line":622,"column":51,"severity":"Warning","message":"Rule is set with explicit type [var/s: uint]","ruleId":"explicit-types","filePath":"Benchmarks/Study_SamplesSet/dda3b7e9e76857e7f3fc2532c9ab980f.sol"},{"line":631,"column":74,"severity":"Warning","message":"Rule is set with explicit type [var/s: uint]","ruleId":"explicit-types","filePath":"Benchmarks/Study_SamplesSet/dda3b7e9e76857e7f3fc2532c9ab980f.sol"},{"line":664,"column":1,"severity":"Warning","message":"Contract has 27 states declarations but allowed no more than 15","ruleId":"max-states-count","fix":null,"filePath":"Benchmarks/Study_SamplesSet/dda3b7e9e76857e7f3fc2532c9ab980f.sol"},{"line":674,"column":9,"severity":"Warning","message":"Rule is set with explicit type [var/s: uint]","ruleId":"explicit-types","filePath":"Benchmarks/Study_SamplesSet/dda3b7e9e76857e7f3fc2532c9ab980f.sol"},{"line":675,"column":9,"severity":"Warning","message":"Rule is set with explicit type [var/s: uint]","ruleId":"explicit-types","filePath":"Benchmarks/Study_SamplesSet/dda3b7e9e76857e7f3fc2532c9ab980f.sol"},{"line":676,"column":9,"severity":"Warning","message":"Rule is set with explicit type [var/s: uint]","ruleId":"explicit-types","filePath":"Benchmarks/Study_SamplesSet/dda3b7e9e76857e7f3fc2532c9ab980f.sol"},{"line":680,"column":9,"severity":"Warning","message":"Rule is set with explicit type [var/s: uint]","ruleId":"explicit-types","filePath":"Benchmarks/Study_SamplesSet/dda3b7e9e76857e7f3fc2532c9ab980f.sol"},{"line":681,"column":9,"severity":"Warning","message":"Rule is set with explicit type [var/s: uint]","ruleId":"explicit-types","filePath":"Benchmarks/Study_SamplesSet/dda3b7e9e76857e7f3fc2532c9ab980f.sol"},{"line":683,"column":9,"severity":"Warning","message":"Rule is set with explicit type [var/s: uint]","ruleId":"explicit-types","filePath":"Benchmarks/Study_SamplesSet/dda3b7e9e76857e7f3fc2532c9ab980f.sol"},{"line":684,"column":9,"severity":"Warning","message":"Rule is set with explicit type [var/s: uint]","ruleId":"explicit-types","filePath":"Benchmarks/Study_SamplesSet/dda3b7e9e76857e7f3fc2532c9ab980f.sol"},{"line":688,"column":9,"severity":"Warning","message":"Rule is set with explicit type [var/s: uint]","ruleId":"explicit-types","filePath":"Benchmarks/Study_SamplesSet/dda3b7e9e76857e7f3fc2532c9ab980f.sol"},{"line":689,"column":9,"severity":"Warning","message":"Rule is set with explicit type [var/s: uint]","ruleId":"explicit-types","filePath":"Benchmarks/Study_SamplesSet/dda3b7e9e76857e7f3fc2532c9ab980f.sol"},{"line":693,"column":9,"severity":"Warning","message":"Rule is set with explicit type [var/s: uint]","ruleId":"explicit-types","filePath":"Benchmarks/Study_SamplesSet/dda3b7e9e76857e7f3fc2532c9ab980f.sol"},{"line":694,"column":9,"severity":"Warning","message":"Rule is set with explicit type [var/s: uint]","ruleId":"explicit-types","filePath":"Benchmarks/Study_SamplesSet/dda3b7e9e76857e7f3fc2532c9ab980f.sol"},{"line":695,"column":9,"severity":"Warning","message":"Rule is set with explicit type [var/s: uint]","ruleId":"explicit-types","filePath":"Benchmarks/Study_SamplesSet/dda3b7e9e76857e7f3fc2532c9ab980f.sol"},{"line":700,"column":9,"severity":"Warning","message":"Rule is set with explicit type [var/s: uint]","ruleId":"explicit-types","filePath":"Benchmarks/Study_SamplesSet/dda3b7e9e76857e7f3fc2532c9ab980f.sol"},{"line":701,"column":9,"severity":"Warning","message":"Rule is set with explicit type [var/s: uint]","ruleId":"explicit-types","filePath":"Benchmarks/Study_SamplesSet/dda3b7e9e76857e7f3fc2532c9ab980f.sol"},{"line":705,"column":5,"severity":"Warning","message":"Rule is set with explicit type [var/s: uint]","ruleId":"explicit-types","filePath":"Benchmarks/Study_SamplesSet/dda3b7e9e76857e7f3fc2532c9ab980f.sol"},{"line":706,"column":5,"severity":"Warning","message":"Rule is set with explicit type [var/s: uint]","ruleId":"explicit-types","filePath":"Benchmarks/Study_SamplesSet/dda3b7e9e76857e7f3fc2532c9ab980f.sol"},{"line":707,"column":5,"severity":"Warning","message":"Rule is set with explicit type [var/s: uint]","ruleId":"explicit-types","filePath":"Benchmarks/Study_SamplesSet/dda3b7e9e76857e7f3fc2532c9ab980f.sol"},{"line":708,"column":5,"severity":"Warning","message":"Rule is set with explicit type [var/s: uint]","ruleId":"explicit-types","filePath":"Benchmarks/Study_SamplesSet/dda3b7e9e76857e7f3fc2532c9ab980f.sol"},{"line":709,"column":5,"severity":"Warning","message":"Rule is set with explicit type [var/s: uint]","ruleId":"explicit-types","filePath":"Benchmarks/Study_SamplesSet/dda3b7e9e76857e7f3fc2532c9ab980f.sol"},{"line":710,"column":5,"severity":"Warning","message":"Rule is set with explicit type [var/s: uint]","ruleId":"explicit-types","filePath":"Benchmarks/Study_SamplesSet/dda3b7e9e76857e7f3fc2532c9ab980f.sol"},{"line":711,"column":5,"severity":"Warning","message":"Rule is set with explicit type [var/s: uint]","ruleId":"explicit-types","filePath":"Benchmarks/Study_SamplesSet/dda3b7e9e76857e7f3fc2532c9ab980f.sol"},{"line":717,"column":5,"severity":"Warning","message":"Rule is set with explicit type [var/s: uint]","ruleId":"explicit-types","filePath":"Benchmarks/Study_SamplesSet/dda3b7e9e76857e7f3fc2532c9ab980f.sol"},{"line":718,"column":5,"severity":"Warning","message":"Rule is set with explicit type [var/s: uint]","ruleId":"explicit-types","filePath":"Benchmarks/Study_SamplesSet/dda3b7e9e76857e7f3fc2532c9ab980f.sol"},{"line":721,"column":5,"severity":"Warning","message":"Rule is set with explicit type [var/s: uint]","ruleId":"explicit-types","filePath":"Benchmarks/Study_SamplesSet/dda3b7e9e76857e7f3fc2532c9ab980f.sol"},{"line":722,"column":5,"severity":"Warning","message":"Rule is set with explicit type [var/s: uint]","ruleId":"explicit-types","filePath":"Benchmarks/Study_SamplesSet/dda3b7e9e76857e7f3fc2532c9ab980f.sol"},{"line":723,"column":5,"severity":"Warning","message":"Rule is set with explicit type [var/s: uint]","ruleId":"explicit-types","filePath":"Benchmarks/Study_SamplesSet/dda3b7e9e76857e7f3fc2532c9ab980f.sol"},{"line":724,"column":5,"severity":"Warning","message":"Rule is set with explicit type [var/s: uint]","ruleId":"explicit-types","filePath":"Benchmarks/Study_SamplesSet/dda3b7e9e76857e7f3fc2532c9ab980f.sol"},{"line":725,"column":5,"severity":"Warning","message":"Rule is set with explicit type [var/s: uint]","ruleId":"explicit-types","filePath":"Benchmarks/Study_SamplesSet/dda3b7e9e76857e7f3fc2532c9ab980f.sol"},{"line":726,"column":5,"severity":"Warning","message":"Rule is set with explicit type [var/s: uint]","ruleId":"explicit-types","filePath":"Benchmarks/Study_SamplesSet/dda3b7e9e76857e7f3fc2532c9ab980f.sol"},{"line":733,"column":5,"severity":"Warning","message":"Rule is set with explicit type [var/s: uint]","ruleId":"explicit-types","filePath":"Benchmarks/Study_SamplesSet/dda3b7e9e76857e7f3fc2532c9ab980f.sol"},{"line":736,"column":5,"severity":"Warning","message":"Rule is set with explicit type [var/s: uint]","ruleId":"explicit-types","filePath":"Benchmarks/Study_SamplesSet/dda3b7e9e76857e7f3fc2532c9ab980f.sol"},{"line":737,"column":5,"severity":"Warning","message":"Rule is set with explicit type [var/s: uint]","ruleId":"explicit-types","filePath":"Benchmarks/Study_SamplesSet/dda3b7e9e76857e7f3fc2532c9ab980f.sol"},{"line":748,"column":5,"severity":"Warning","message":"Rule is set with explicit type [var/s: uint]","ruleId":"explicit-types","filePath":"Benchmarks/Study_SamplesSet/dda3b7e9e76857e7f3fc2532c9ab980f.sol"},{"line":749,"column":5,"severity":"Warning","message":"Rule is set with explicit type [var/s: uint]","ruleId":"explicit-types","filePath":"Benchmarks/Study_SamplesSet/dda3b7e9e76857e7f3fc2532c9ab980f.sol"},{"line":758,"column":9,"severity":"Warning","message":"Provide an error message for require","ruleId":"reason-string","fix":null,"filePath":"Benchmarks/Study_SamplesSet/dda3b7e9e76857e7f3fc2532c9ab980f.sol"},{"line":758,"column":9,"severity":"Warning","message":"Use Custom Errors instead of require statements","ruleId":"custom-errors","fix":null,"filePath":"Benchmarks/Study_SamplesSet/dda3b7e9e76857e7f3fc2532c9ab980f.sol"},{"line":768,"column":25,"severity":"Warning","message":"Rule is set with explicit type [var/s: uint]","ruleId":"explicit-types","filePath":"Benchmarks/Study_SamplesSet/dda3b7e9e76857e7f3fc2532c9ab980f.sol"},{"line":769,"column":9,"severity":"Warning","message":"Provide an error message for require","ruleId":"reason-string","fix":null,"filePath":"Benchmarks/Study_SamplesSet/dda3b7e9e76857e7f3fc2532c9ab980f.sol"},{"line":769,"column":9,"severity":"Warning","message":"Use Custom Errors instead of require statements","ruleId":"custom-errors","fix":null,"filePath":"Benchmarks/Study_SamplesSet/dda3b7e9e76857e7f3fc2532c9ab980f.sol"},{"line":769,"column":17,"severity":"Error","message":"Avoid making time-based decisions in your business logic","ruleId":"not-rely-on-time","fix":null,"filePath":"Benchmarks/Study_SamplesSet/dda3b7e9e76857e7f3fc2532c9ab980f.sol"},{"line":778,"column":9,"severity":"Warning","message":"Provide an error message for require","ruleId":"reason-string","fix":null,"filePath":"Benchmarks/Study_SamplesSet/dda3b7e9e76857e7f3fc2532c9ab980f.sol"},{"line":778,"column":9,"severity":"Warning","message":"Use Custom Errors instead of require statements","ruleId":"custom-errors","fix":null,"filePath":"Benchmarks/Study_SamplesSet/dda3b7e9e76857e7f3fc2532c9ab980f.sol"},{"line":778,"column":17,"severity":"Error","message":"Avoid making time-based decisions in your business logic","ruleId":"not-rely-on-time","fix":null,"filePath":"Benchmarks/Study_SamplesSet/dda3b7e9e76857e7f3fc2532c9ab980f.sol"},{"line":787,"column":9,"severity":"Warning","message":"Provide an error message for require","ruleId":"reason-string","fix":null,"filePath":"Benchmarks/Study_SamplesSet/dda3b7e9e76857e7f3fc2532c9ab980f.sol"},{"line":787,"column":9,"severity":"Warning","message":"Use Custom Errors instead of require statements","ruleId":"custom-errors","fix":null,"filePath":"Benchmarks/Study_SamplesSet/dda3b7e9e76857e7f3fc2532c9ab980f.sol"},{"line":796,"column":17,"severity":"Error","message":"Explicitly mark all external contracts as trusted or untrusted","ruleId":"mark-callable-contracts","filePath":"Benchmarks/Study_SamplesSet/dda3b7e9e76857e7f3fc2532c9ab980f.sol"},{"line":814,"column":20,"severity":"Warning","message":"Rule is set with explicit type [var/s: uint]","ruleId":"explicit-types","filePath":"Benchmarks/Study_SamplesSet/dda3b7e9e76857e7f3fc2532c9ab980f.sol"},{"line":814,"column":49,"severity":"Warning","message":"Rule is set with explicit type [var/s: uint]","ruleId":"explicit-types","filePath":"Benchmarks/Study_SamplesSet/dda3b7e9e76857e7f3fc2532c9ab980f.sol"},{"line":814,"column":73,"severity":"Warning","message":"Rule is set with explicit type [var/s: uint]","ruleId":"explicit-types","filePath":"Benchmarks/Study_SamplesSet/dda3b7e9e76857e7f3fc2532c9ab980f.sol"},{"line":814,"column":102,"severity":"Warning","message":"Rule is set with explicit type [var/s: uint]","ruleId":"explicit-types","filePath":"Benchmarks/Study_SamplesSet/dda3b7e9e76857e7f3fc2532c9ab980f.sol"},{"line":814,"column":126,"severity":"Warning","message":"Rule is set with explicit type [var/s: uint]","ruleId":"explicit-types","filePath":"Benchmarks/Study_SamplesSet/dda3b7e9e76857e7f3fc2532c9ab980f.sol"},{"line":814,"column":150,"severity":"Warning","message":"Rule is set with explicit type [var/s: uint]","ruleId":"explicit-types","filePath":"Benchmarks/Study_SamplesSet/dda3b7e9e76857e7f3fc2532c9ab980f.sol"},{"line":814,"column":182,"severity":"Warning","message":"Rule is set with explicit type [var/s: uint]","ruleId":"explicit-types","filePath":"Benchmarks/Study_SamplesSet/dda3b7e9e76857e7f3fc2532c9ab980f.sol"},{"line":814,"column":199,"severity":"Warning","message":"Rule is set with explicit type [var/s: uint]","ruleId":"explicit-types","filePath":"Benchmarks/Study_SamplesSet/dda3b7e9e76857e7f3fc2532c9ab980f.sol"},{"line":814,"column":216,"severity":"Warning","message":"Rule is set with explicit type [var/s: uint]","ruleId":"explicit-types","filePath":"Benchmarks/Study_SamplesSet/dda3b7e9e76857e7f3fc2532c9ab980f.sol"},{"line":815,"column":17,"severity":"Error","message":"Explicitly mark all external contracts as trusted or untrusted","ruleId":"mark-callable-contracts","filePath":"Benchmarks/Study_SamplesSet/dda3b7e9e76857e7f3fc2532c9ab980f.sol"},{"line":837,"column":26,"severity":"Warning","message":"Rule is set with explicit type [var/s: uint]","ruleId":"explicit-types","filePath":"Benchmarks/Study_SamplesSet/dda3b7e9e76857e7f3fc2532c9ab980f.sol"},{"line":837,"column":42,"severity":"Warning","message":"Rule is set with explicit type [var/s: uint]","ruleId":"explicit-types","filePath":"Benchmarks/Study_SamplesSet/dda3b7e9e76857e7f3fc2532c9ab980f.sol"},{"line":837,"column":62,"severity":"Warning","message":"Rule is set with explicit type [var/s: uint]","ruleId":"explicit-types","filePath":"Benchmarks/Study_SamplesSet/dda3b7e9e76857e7f3fc2532c9ab980f.sol"},{"line":837,"column":84,"severity":"Warning","message":"Rule is set with explicit type [var/s: uint]","ruleId":"explicit-types","filePath":"Benchmarks/Study_SamplesSet/dda3b7e9e76857e7f3fc2532c9ab980f.sol"},{"line":842,"column":14,"severity":"Warning","message":"Rule is set with explicit type [var/s: uint]","ruleId":"explicit-types","filePath":"Benchmarks/Study_SamplesSet/dda3b7e9e76857e7f3fc2532c9ab980f.sol"},{"line":844,"column":25,"severity":"Error","message":"Explicitly mark all external contracts as trusted or untrusted","ruleId":"mark-callable-contracts","filePath":"Benchmarks/Study_SamplesSet/dda3b7e9e76857e7f3fc2532c9ab980f.sol"},{"line":847,"column":14,"severity":"Warning","message":"Rule is set with explicit type [var/s: uint]","ruleId":"explicit-types","filePath":"Benchmarks/Study_SamplesSet/dda3b7e9e76857e7f3fc2532c9ab980f.sol"},{"line":866,"column":57,"severity":"Warning","message":"Rule is set with explicit type [var/s: uint]","ruleId":"explicit-types","filePath":"Benchmarks/Study_SamplesSet/dda3b7e9e76857e7f3fc2532c9ab980f.sol"},{"line":866,"column":92,"severity":"Warning","message":"Rule is set with explicit type [var/s: uint]","ruleId":"explicit-types","filePath":"Benchmarks/Study_SamplesSet/dda3b7e9e76857e7f3fc2532c9ab980f.sol"},{"line":866,"column":182,"severity":"Warning","message":"Rule is set with explicit type [var/s: uint]","ruleId":"explicit-types","filePath":"Benchmarks/Study_SamplesSet/dda3b7e9e76857e7f3fc2532c9ab980f.sol"},{"line":866,"column":231,"severity":"Warning","message":"Rule is set with explicit type [var/s: uint]","ruleId":"explicit-types","filePath":"Benchmarks/Study_SamplesSet/dda3b7e9e76857e7f3fc2532c9ab980f.sol"},{"line":866,"column":274,"severity":"Warning","message":"Rule is set with explicit type [var/s: uint]","ruleId":"explicit-types","filePath":"Benchmarks/Study_SamplesSet/dda3b7e9e76857e7f3fc2532c9ab980f.sol"},{"line":868,"column":14,"severity":"Warning","message":"Rule is set with explicit type [var/s: uint]","ruleId":"explicit-types","filePath":"Benchmarks/Study_SamplesSet/dda3b7e9e76857e7f3fc2532c9ab980f.sol"},{"line":870,"column":56,"severity":"Error","message":"Explicitly mark all external contracts as trusted or untrusted","ruleId":"mark-callable-contracts","filePath":"Benchmarks/Study_SamplesSet/dda3b7e9e76857e7f3fc2532c9ab980f.sol"},{"line":878,"column":14,"severity":"Warning","message":"Rule is set with explicit type [var/s: uint]","ruleId":"explicit-types","filePath":"Benchmarks/Study_SamplesSet/dda3b7e9e76857e7f3fc2532c9ab980f.sol"},{"line":879,"column":38,"severity":"Error","message":"Explicitly mark all external contracts as trusted or untrusted","ruleId":"mark-callable-contracts","filePath":"Benchmarks/Study_SamplesSet/dda3b7e9e76857e7f3fc2532c9ab980f.sol"},{"line":891,"column":37,"severity":"Warning","message":"Rule is set with explicit type [var/s: uint]","ruleId":"explicit-types","filePath":"Benchmarks/Study_SamplesSet/dda3b7e9e76857e7f3fc2532c9ab980f.sol"},{"line":891,"column":68,"severity":"Warning","message":"Rule is set with explicit type [var/s: uint]","ruleId":"explicit-types","filePath":"Benchmarks/Study_SamplesSet/dda3b7e9e76857e7f3fc2532c9ab980f.sol"},{"line":891,"column":107,"severity":"Warning","message":"Rule is set with explicit type [var/s: uint]","ruleId":"explicit-types","filePath":"Benchmarks/Study_SamplesSet/dda3b7e9e76857e7f3fc2532c9ab980f.sol"},{"line":892,"column":9,"severity":"Warning","message":"Provide an error message for require","ruleId":"reason-string","fix":null,"filePath":"Benchmarks/Study_SamplesSet/dda3b7e9e76857e7f3fc2532c9ab980f.sol"},{"line":892,"column":9,"severity":"Warning","message":"Use Custom Errors instead of require statements","ruleId":"custom-errors","fix":null,"filePath":"Benchmarks/Study_SamplesSet/dda3b7e9e76857e7f3fc2532c9ab980f.sol"},{"line":894,"column":14,"severity":"Warning","message":"Rule is set with explicit type [var/s: uint]","ruleId":"explicit-types","filePath":"Benchmarks/Study_SamplesSet/dda3b7e9e76857e7f3fc2532c9ab980f.sol"},{"line":895,"column":64,"severity":"Error","message":"Explicitly mark all external contracts as trusted or untrusted","ruleId":"mark-callable-contracts","filePath":"Benchmarks/Study_SamplesSet/dda3b7e9e76857e7f3fc2532c9ab980f.sol"},{"line":905,"column":9,"severity":"Warning","message":"Provide an error message for require","ruleId":"reason-string","fix":null,"filePath":"Benchmarks/Study_SamplesSet/dda3b7e9e76857e7f3fc2532c9ab980f.sol"},{"line":905,"column":9,"severity":"Warning","message":"Use Custom Errors instead of require statements","ruleId":"custom-errors","fix":null,"filePath":"Benchmarks/Study_SamplesSet/dda3b7e9e76857e7f3fc2532c9ab980f.sol"},{"line":906,"column":9,"severity":"Warning","message":"Provide an error message for require","ruleId":"reason-string","fix":null,"filePath":"Benchmarks/Study_SamplesSet/dda3b7e9e76857e7f3fc2532c9ab980f.sol"},{"line":906,"column":9,"severity":"Warning","message":"Use Custom Errors instead of require statements","ruleId":"custom-errors","fix":null,"filePath":"Benchmarks/Study_SamplesSet/dda3b7e9e76857e7f3fc2532c9ab980f.sol"},{"line":907,"column":17,"severity":"Error","message":"Explicitly mark all external contracts as trusted or untrusted","ruleId":"mark-callable-contracts","filePath":"Benchmarks/Study_SamplesSet/dda3b7e9e76857e7f3fc2532c9ab980f.sol"},{"line":916,"column":17,"severity":"Error","message":"Explicitly mark all external contracts as trusted or untrusted","ruleId":"mark-callable-contracts","filePath":"Benchmarks/Study_SamplesSet/dda3b7e9e76857e7f3fc2532c9ab980f.sol"},{"line":926,"column":46,"severity":"Error","message":"Avoid making time-based decisions in your business logic","ruleId":"not-rely-on-time","fix":null,"filePath":"Benchmarks/Study_SamplesSet/dda3b7e9e76857e7f3fc2532c9ab980f.sol"},{"line":926,"column":62,"severity":"Error","message":"Avoid making time-based decisions in your business logic","ruleId":"not-rely-on-time","fix":null,"filePath":"Benchmarks/Study_SamplesSet/dda3b7e9e76857e7f3fc2532c9ab980f.sol"},{"line":947,"column":47,"severity":"Warning","message":"Rule is set with explicit type [var/s: uint]","ruleId":"explicit-types","filePath":"Benchmarks/Study_SamplesSet/dda3b7e9e76857e7f3fc2532c9ab980f.sol"},{"line":958,"column":61,"severity":"Warning","message":"Rule is set with explicit type [var/s: uint]","ruleId":"explicit-types","filePath":"Benchmarks/Study_SamplesSet/dda3b7e9e76857e7f3fc2532c9ab980f.sol"},{"line":959,"column":9,"severity":"Warning","message":"Rule is set with explicit type [var/s: uint]","ruleId":"explicit-types","filePath":"Benchmarks/Study_SamplesSet/dda3b7e9e76857e7f3fc2532c9ab980f.sol"},{"line":960,"column":14,"severity":"Warning","message":"Rule is set with explicit type [var/s: uint]","ruleId":"explicit-types","filePath":"Benchmarks/Study_SamplesSet/dda3b7e9e76857e7f3fc2532c9ab980f.sol"},{"line":974,"column":64,"severity":"Warning","message":"Rule is set with explicit type [var/s: uint]","ruleId":"explicit-types","filePath":"Benchmarks/Study_SamplesSet/dda3b7e9e76857e7f3fc2532c9ab980f.sol"},{"line":975,"column":9,"severity":"Warning","message":"Rule is set with explicit type [var/s: uint]","ruleId":"explicit-types","filePath":"Benchmarks/Study_SamplesSet/dda3b7e9e76857e7f3fc2532c9ab980f.sol"},{"line":976,"column":14,"severity":"Warning","message":"Rule is set with explicit type [var/s: uint]","ruleId":"explicit-types","filePath":"Benchmarks/Study_SamplesSet/dda3b7e9e76857e7f3fc2532c9ab980f.sol"},{"line":990,"column":74,"severity":"Warning","message":"Rule is set with explicit type [var/s: uint]","ruleId":"explicit-types","filePath":"Benchmarks/Study_SamplesSet/dda3b7e9e76857e7f3fc2532c9ab980f.sol"},{"line":991,"column":16,"severity":"Error","message":"Avoid making time-based decisions in your business logic","ruleId":"not-rely-on-time","fix":null,"filePath":"Benchmarks/Study_SamplesSet/dda3b7e9e76857e7f3fc2532c9ab980f.sol"},{"line":1000,"column":53,"severity":"Warning","message":"Rule is set with explicit type [var/s: uint]","ruleId":"explicit-types","filePath":"Benchmarks/Study_SamplesSet/dda3b7e9e76857e7f3fc2532c9ab980f.sol"},{"line":1001,"column":14,"severity":"Warning","message":"Rule is set with explicit type [var/s: uint]","ruleId":"explicit-types","filePath":"Benchmarks/Study_SamplesSet/dda3b7e9e76857e7f3fc2532c9ab980f.sol"},{"line":1002,"column":17,"severity":"Error","message":"Avoid making time-based decisions in your business logic","ruleId":"not-rely-on-time","fix":null,"filePath":"Benchmarks/Study_SamplesSet/dda3b7e9e76857e7f3fc2532c9ab980f.sol"},{"line":1019,"column":22,"severity":"Warning","message":"Rule is set with explicit type [var/s: uint]","ruleId":"explicit-types","filePath":"Benchmarks/Study_SamplesSet/dda3b7e9e76857e7f3fc2532c9ab980f.sol"},{"line":1019,"column":35,"severity":"Warning","message":"Rule is set with explicit type [var/s: uint]","ruleId":"explicit-types","filePath":"Benchmarks/Study_SamplesSet/dda3b7e9e76857e7f3fc2532c9ab980f.sol"},{"line":1019,"column":70,"severity":"Warning","message":"Rule is set with explicit type [var/s: uint]","ruleId":"explicit-types","filePath":"Benchmarks/Study_SamplesSet/dda3b7e9e76857e7f3fc2532c9ab980f.sol"},{"line":1020,"column":9,"severity":"Warning","message":"Rule is set with explicit type [var/s: uint]","ruleId":"explicit-types","filePath":"Benchmarks/Study_SamplesSet/dda3b7e9e76857e7f3fc2532c9ab980f.sol"},{"line":1021,"column":43,"severity":"Error","message":"Avoid making time-based decisions in your business logic","ruleId":"not-rely-on-time","fix":null,"filePath":"Benchmarks/Study_SamplesSet/dda3b7e9e76857e7f3fc2532c9ab980f.sol"},{"line":1027,"column":22,"severity":"Warning","message":"Rule is set with explicit type [var/s: uint]","ruleId":"explicit-types","filePath":"Benchmarks/Study_SamplesSet/dda3b7e9e76857e7f3fc2532c9ab980f.sol"},{"line":1049,"column":34,"severity":"Warning","message":"Rule is set with explicit type [var/s: uint]","ruleId":"explicit-types","filePath":"Benchmarks/Study_SamplesSet/dda3b7e9e76857e7f3fc2532c9ab980f.sol"},{"line":1049,"column":47,"severity":"Warning","message":"Rule is set with explicit type [var/s: uint]","ruleId":"explicit-types","filePath":"Benchmarks/Study_SamplesSet/dda3b7e9e76857e7f3fc2532c9ab980f.sol"},{"line":1049,"column":84,"severity":"Warning","message":"Rule is set with explicit type [var/s: uint]","ruleId":"explicit-types","filePath":"Benchmarks/Study_SamplesSet/dda3b7e9e76857e7f3fc2532c9ab980f.sol"},{"line":1049,"column":92,"severity":"Warning","message":"Rule is set with explicit type [var/s: uint]","ruleId":"explicit-types","filePath":"Benchmarks/Study_SamplesSet/dda3b7e9e76857e7f3fc2532c9ab980f.sol"},{"line":1051,"column":9,"severity":"Warning","message":"Rule is set with explicit type [var/s: uint]","ruleId":"explicit-types","filePath":"Benchmarks/Study_SamplesSet/dda3b7e9e76857e7f3fc2532c9ab980f.sol"},{"line":1054,"column":33,"severity":"Warning","message":"Rule is set with explicit type [var/s: uint]","ruleId":"explicit-types","filePath":"Benchmarks/Study_SamplesSet/dda3b7e9e76857e7f3fc2532c9ab980f.sol"},{"line":1054,"column":9,"severity":"Warning","message":"Rule is set with explicit type [var/s: uint]","ruleId":"explicit-types","filePath":"Benchmarks/Study_SamplesSet/dda3b7e9e76857e7f3fc2532c9ab980f.sol"},{"line":1055,"column":38,"severity":"Warning","message":"Rule is set with explicit type [var/s: uint]","ruleId":"explicit-types","filePath":"Benchmarks/Study_SamplesSet/dda3b7e9e76857e7f3fc2532c9ab980f.sol"},{"line":1055,"column":9,"severity":"Warning","message":"Rule is set with explicit type [var/s: uint]","ruleId":"explicit-types","filePath":"Benchmarks/Study_SamplesSet/dda3b7e9e76857e7f3fc2532c9ab980f.sol"},{"line":1059,"column":13,"severity":"Warning","message":"Rule is set with explicit type [var/s: uint]","ruleId":"explicit-types","filePath":"Benchmarks/Study_SamplesSet/dda3b7e9e76857e7f3fc2532c9ab980f.sol"},{"line":1060,"column":18,"severity":"Warning","message":"Rule is set with explicit type [var/s: uint]","ruleId":"explicit-types","filePath":"Benchmarks/Study_SamplesSet/dda3b7e9e76857e7f3fc2532c9ab980f.sol"},{"line":1063,"column":25,"severity":"Warning","message":"Rule is set with explicit type [var/s: uint]","ruleId":"explicit-types","filePath":"Benchmarks/Study_SamplesSet/dda3b7e9e76857e7f3fc2532c9ab980f.sol"},{"line":1064,"column":25,"severity":"Warning","message":"Rule is set with explicit type [var/s: uint]","ruleId":"explicit-types","filePath":"Benchmarks/Study_SamplesSet/dda3b7e9e76857e7f3fc2532c9ab980f.sol"},{"line":1069,"column":21,"severity":"Warning","message":"Rule is set with explicit type [var/s: uint]","ruleId":"explicit-types","filePath":"Benchmarks/Study_SamplesSet/dda3b7e9e76857e7f3fc2532c9ab980f.sol"},{"line":1070,"column":21,"severity":"Warning","message":"Rule is set with explicit type [var/s: uint]","ruleId":"explicit-types","filePath":"Benchmarks/Study_SamplesSet/dda3b7e9e76857e7f3fc2532c9ab980f.sol"},{"line":1097,"column":23,"severity":"Warning","message":"Rule is set with explicit type [var/s: uint]","ruleId":"explicit-types","filePath":"Benchmarks/Study_SamplesSet/dda3b7e9e76857e7f3fc2532c9ab980f.sol"},{"line":1097,"column":34,"severity":"Warning","message":"Rule is set with explicit type [var/s: uint]","ruleId":"explicit-types","filePath":"Benchmarks/Study_SamplesSet/dda3b7e9e76857e7f3fc2532c9ab980f.sol"},{"line":1097,"column":67,"severity":"Warning","message":"Rule is set with explicit type [var/s: uint]","ruleId":"explicit-types","filePath":"Benchmarks/Study_SamplesSet/dda3b7e9e76857e7f3fc2532c9ab980f.sol"},{"line":1111,"column":5,"severity":"Error","message":"Fallback function must be simple","ruleId":"no-complex-fallback","fix":null,"filePath":"Benchmarks/Study_SamplesSet/dda3b7e9e76857e7f3fc2532c9ab980f.sol"},{"line":1112,"column":9,"severity":"Warning","message":"Provide an error message for require","ruleId":"reason-string","fix":null,"filePath":"Benchmarks/Study_SamplesSet/dda3b7e9e76857e7f3fc2532c9ab980f.sol"},{"line":1112,"column":9,"severity":"Warning","message":"Use Custom Errors instead of require statements","ruleId":"custom-errors","fix":null,"filePath":"Benchmarks/Study_SamplesSet/dda3b7e9e76857e7f3fc2532c9ab980f.sol"},{"line":1112,"column":31,"severity":"Error","message":"Avoid to use tx.origin","ruleId":"avoid-tx-origin","fix":null,"filePath":"Benchmarks/Study_SamplesSet/dda3b7e9e76857e7f3fc2532c9ab980f.sol"},{"line":1122,"column":51,"severity":"Warning","message":"Rule is set with explicit type [var/s: uint]","ruleId":"explicit-types","filePath":"Benchmarks/Study_SamplesSet/dda3b7e9e76857e7f3fc2532c9ab980f.sol"},{"line":1133,"column":74,"severity":"Warning","message":"Rule is set with explicit type [var/s: uint]","ruleId":"explicit-types","filePath":"Benchmarks/Study_SamplesSet/dda3b7e9e76857e7f3fc2532c9ab980f.sol"},{"line":1143,"column":9,"severity":"Warning","message":"Provide an error message for require","ruleId":"reason-string","fix":null,"filePath":"Benchmarks/Study_SamplesSet/dda3b7e9e76857e7f3fc2532c9ab980f.sol"},{"line":1143,"column":9,"severity":"Warning","message":"Use Custom Errors instead of require statements","ruleId":"custom-errors","fix":null,"filePath":"Benchmarks/Study_SamplesSet/dda3b7e9e76857e7f3fc2532c9ab980f.sol"},{"line":1143,"column":17,"severity":"Error","message":"Avoid making time-based decisions in your business logic","ruleId":"not-rely-on-time","fix":null,"filePath":"Benchmarks/Study_SamplesSet/dda3b7e9e76857e7f3fc2532c9ab980f.sol"},{"line":1144,"column":9,"severity":"Warning","message":"Provide an error message for require","ruleId":"reason-string","fix":null,"filePath":"Benchmarks/Study_SamplesSet/dda3b7e9e76857e7f3fc2532c9ab980f.sol"},{"line":1144,"column":9,"severity":"Warning","message":"Use Custom Errors instead of require statements","ruleId":"custom-errors","fix":null,"filePath":"Benchmarks/Study_SamplesSet/dda3b7e9e76857e7f3fc2532c9ab980f.sol"},{"line":1145,"column":17,"severity":"Error","message":"Explicitly mark all external contracts as trusted or untrusted","ruleId":"mark-callable-contracts","filePath":"Benchmarks/Study_SamplesSet/dda3b7e9e76857e7f3fc2532c9ab980f.sol"},{"line":1149,"column":13,"severity":"Warning","message":"Provide an error message for revert","ruleId":"reason-string","fix":null,"filePath":"Benchmarks/Study_SamplesSet/dda3b7e9e76857e7f3fc2532c9ab980f.sol"},{"line":1149,"column":13,"severity":"Warning","message":"Use Custom Errors instead of revert statements","ruleId":"custom-errors","fix":null,"filePath":"Benchmarks/Study_SamplesSet/dda3b7e9e76857e7f3fc2532c9ab980f.sol"},{"line":1153,"column":9,"severity":"Warning","message":"Rule is set with explicit type [var/s: uint]","ruleId":"explicit-types","filePath":"Benchmarks/Study_SamplesSet/dda3b7e9e76857e7f3fc2532c9ab980f.sol"},{"line":1154,"column":14,"severity":"Warning","message":"Rule is set with explicit type [var/s: uint]","ruleId":"explicit-types","filePath":"Benchmarks/Study_SamplesSet/dda3b7e9e76857e7f3fc2532c9ab980f.sol"},{"line":1156,"column":98,"severity":"Error","message":"Avoid making time-based decisions in your business logic","ruleId":"not-rely-on-time","fix":null,"filePath":"Benchmarks/Study_SamplesSet/dda3b7e9e76857e7f3fc2532c9ab980f.sol"},{"line":1178,"column":9,"severity":"Warning","message":"Rule is set with explicit type [var/s: uint]","ruleId":"explicit-types","filePath":"Benchmarks/Study_SamplesSet/dda3b7e9e76857e7f3fc2532c9ab980f.sol"},{"line":1179,"column":14,"severity":"Warning","message":"Rule is set with explicit type [var/s: uint]","ruleId":"explicit-types","filePath":"Benchmarks/Study_SamplesSet/dda3b7e9e76857e7f3fc2532c9ab980f.sol"},{"line":1180,"column":13,"severity":"Warning","message":"Rule is set with explicit type [var/s: uint]","ruleId":"explicit-types","filePath":"Benchmarks/Study_SamplesSet/dda3b7e9e76857e7f3fc2532c9ab980f.sol"},{"line":1181,"column":32,"severity":"Error","message":"Avoid making time-based decisions in your business logic","ruleId":"not-rely-on-time","fix":null,"filePath":"Benchmarks/Study_SamplesSet/dda3b7e9e76857e7f3fc2532c9ab980f.sol"},{"line":1191,"column":17,"severity":"Warning","message":"Provide an error message for revert","ruleId":"reason-string","fix":null,"filePath":"Benchmarks/Study_SamplesSet/dda3b7e9e76857e7f3fc2532c9ab980f.sol"},{"line":1191,"column":17,"severity":"Warning","message":"Use Custom Errors instead of revert statements","ruleId":"custom-errors","fix":null,"filePath":"Benchmarks/Study_SamplesSet/dda3b7e9e76857e7f3fc2532c9ab980f.sol"},{"line":1211,"column":9,"severity":"Warning","message":"Rule is set with explicit type [var/s: uint]","ruleId":"explicit-types","filePath":"Benchmarks/Study_SamplesSet/dda3b7e9e76857e7f3fc2532c9ab980f.sol"},{"line":1212,"column":14,"severity":"Warning","message":"Rule is set with explicit type [var/s: uint]","ruleId":"explicit-types","filePath":"Benchmarks/Study_SamplesSet/dda3b7e9e76857e7f3fc2532c9ab980f.sol"},{"line":1213,"column":13,"severity":"Warning","message":"Rule is set with explicit type [var/s: uint]","ruleId":"explicit-types","filePath":"Benchmarks/Study_SamplesSet/dda3b7e9e76857e7f3fc2532c9ab980f.sol"},{"line":1214,"column":32,"severity":"Error","message":"Avoid making time-based decisions in your business logic","ruleId":"not-rely-on-time","fix":null,"filePath":"Benchmarks/Study_SamplesSet/dda3b7e9e76857e7f3fc2532c9ab980f.sol"},{"line":1224,"column":17,"severity":"Warning","message":"Provide an error message for revert","ruleId":"reason-string","fix":null,"filePath":"Benchmarks/Study_SamplesSet/dda3b7e9e76857e7f3fc2532c9ab980f.sol"},{"line":1224,"column":17,"severity":"Warning","message":"Use Custom Errors instead of revert statements","ruleId":"custom-errors","fix":null,"filePath":"Benchmarks/Study_SamplesSet/dda3b7e9e76857e7f3fc2532c9ab980f.sol"},{"line":1248,"column":9,"severity":"Warning","message":"Provide an error message for require","ruleId":"reason-string","fix":null,"filePath":"Benchmarks/Study_SamplesSet/dda3b7e9e76857e7f3fc2532c9ab980f.sol"},{"line":1248,"column":9,"severity":"Warning","message":"Use Custom Errors instead of require statements","ruleId":"custom-errors","fix":null,"filePath":"Benchmarks/Study_SamplesSet/dda3b7e9e76857e7f3fc2532c9ab980f.sol"},{"line":1250,"column":9,"severity":"Warning","message":"Rule is set with explicit type [var/s: uint]","ruleId":"explicit-types","filePath":"Benchmarks/Study_SamplesSet/dda3b7e9e76857e7f3fc2532c9ab980f.sol"},{"line":1254,"column":13,"severity":"Error","message":"Possible reentrancy vulnerabilities. Avoid state changes after transfer.","ruleId":"reentrancy","fix":null,"filePath":"Benchmarks/Study_SamplesSet/dda3b7e9e76857e7f3fc2532c9ab980f.sol"},{"line":1274,"column":55,"severity":"Warning","message":"Rule is set with explicit type [var/s: uint]","ruleId":"explicit-types","filePath":"Benchmarks/Study_SamplesSet/dda3b7e9e76857e7f3fc2532c9ab980f.sol"},{"line":1274,"column":117,"severity":"Warning","message":"Rule is set with explicit type [var/s: uint]","ruleId":"explicit-types","filePath":"Benchmarks/Study_SamplesSet/dda3b7e9e76857e7f3fc2532c9ab980f.sol"},{"line":1275,"column":9,"severity":"Warning","message":"Provide an error message for require","ruleId":"reason-string","fix":null,"filePath":"Benchmarks/Study_SamplesSet/dda3b7e9e76857e7f3fc2532c9ab980f.sol"},{"line":1275,"column":9,"severity":"Warning","message":"Use Custom Errors instead of require statements","ruleId":"custom-errors","fix":null,"filePath":"Benchmarks/Study_SamplesSet/dda3b7e9e76857e7f3fc2532c9ab980f.sol"},{"line":1275,"column":17,"severity":"Error","message":"Avoid making time-based decisions in your business logic","ruleId":"not-rely-on-time","fix":null,"filePath":"Benchmarks/Study_SamplesSet/dda3b7e9e76857e7f3fc2532c9ab980f.sol"},{"line":1275,"column":33,"severity":"Error","message":"Avoid making time-based decisions in your business logic","ruleId":"not-rely-on-time","fix":null,"filePath":"Benchmarks/Study_SamplesSet/dda3b7e9e76857e7f3fc2532c9ab980f.sol"},{"line":1276,"column":9,"severity":"Warning","message":"Provide an error message for require","ruleId":"reason-string","fix":null,"filePath":"Benchmarks/Study_SamplesSet/dda3b7e9e76857e7f3fc2532c9ab980f.sol"},{"line":1276,"column":9,"severity":"Warning","message":"Use Custom Errors instead of require statements","ruleId":"custom-errors","fix":null,"filePath":"Benchmarks/Study_SamplesSet/dda3b7e9e76857e7f3fc2532c9ab980f.sol"},{"line":1277,"column":9,"severity":"Warning","message":"Provide an error message for require","ruleId":"reason-string","fix":null,"filePath":"Benchmarks/Study_SamplesSet/dda3b7e9e76857e7f3fc2532c9ab980f.sol"},{"line":1277,"column":9,"severity":"Warning","message":"Use Custom Errors instead of require statements","ruleId":"custom-errors","fix":null,"filePath":"Benchmarks/Study_SamplesSet/dda3b7e9e76857e7f3fc2532c9ab980f.sol"},{"line":1296,"column":62,"severity":"Warning","message":"Rule is set with explicit type [var/s: uint]","ruleId":"explicit-types","filePath":"Benchmarks/Study_SamplesSet/dda3b7e9e76857e7f3fc2532c9ab980f.sol"},{"line":1296,"column":95,"severity":"Warning","message":"Rule is set with explicit type [var/s: uint]","ruleId":"explicit-types","filePath":"Benchmarks/Study_SamplesSet/dda3b7e9e76857e7f3fc2532c9ab980f.sol"},{"line":1297,"column":9,"severity":"Warning","message":"Provide an error message for require","ruleId":"reason-string","fix":null,"filePath":"Benchmarks/Study_SamplesSet/dda3b7e9e76857e7f3fc2532c9ab980f.sol"},{"line":1297,"column":9,"severity":"Warning","message":"Use Custom Errors instead of require statements","ruleId":"custom-errors","fix":null,"filePath":"Benchmarks/Study_SamplesSet/dda3b7e9e76857e7f3fc2532c9ab980f.sol"},{"line":1298,"column":9,"severity":"Warning","message":"Provide an error message for require","ruleId":"reason-string","fix":null,"filePath":"Benchmarks/Study_SamplesSet/dda3b7e9e76857e7f3fc2532c9ab980f.sol"},{"line":1298,"column":9,"severity":"Warning","message":"Use Custom Errors instead of require statements","ruleId":"custom-errors","fix":null,"filePath":"Benchmarks/Study_SamplesSet/dda3b7e9e76857e7f3fc2532c9ab980f.sol"},{"line":1300,"column":9,"severity":"Warning","message":"Rule is set with explicit type [var/s: uint]","ruleId":"explicit-types","filePath":"Benchmarks/Study_SamplesSet/dda3b7e9e76857e7f3fc2532c9ab980f.sol"},{"line":1325,"column":65,"severity":"Warning","message":"Rule is set with explicit type [var/s: uint]","ruleId":"explicit-types","filePath":"Benchmarks/Study_SamplesSet/dda3b7e9e76857e7f3fc2532c9ab980f.sol"},{"line":1325,"column":98,"severity":"Warning","message":"Rule is set with explicit type [var/s: uint]","ruleId":"explicit-types","filePath":"Benchmarks/Study_SamplesSet/dda3b7e9e76857e7f3fc2532c9ab980f.sol"},{"line":1326,"column":9,"severity":"Warning","message":"Provide an error message for require","ruleId":"reason-string","fix":null,"filePath":"Benchmarks/Study_SamplesSet/dda3b7e9e76857e7f3fc2532c9ab980f.sol"},{"line":1326,"column":9,"severity":"Warning","message":"Use Custom Errors instead of require statements","ruleId":"custom-errors","fix":null,"filePath":"Benchmarks/Study_SamplesSet/dda3b7e9e76857e7f3fc2532c9ab980f.sol"},{"line":1327,"column":9,"severity":"Warning","message":"Provide an error message for require","ruleId":"reason-string","fix":null,"filePath":"Benchmarks/Study_SamplesSet/dda3b7e9e76857e7f3fc2532c9ab980f.sol"},{"line":1327,"column":9,"severity":"Warning","message":"Use Custom Errors instead of require statements","ruleId":"custom-errors","fix":null,"filePath":"Benchmarks/Study_SamplesSet/dda3b7e9e76857e7f3fc2532c9ab980f.sol"},{"line":1328,"column":9,"severity":"Warning","message":"Provide an error message for require","ruleId":"reason-string","fix":null,"filePath":"Benchmarks/Study_SamplesSet/dda3b7e9e76857e7f3fc2532c9ab980f.sol"},{"line":1328,"column":9,"severity":"Warning","message":"Use Custom Errors instead of require statements","ruleId":"custom-errors","fix":null,"filePath":"Benchmarks/Study_SamplesSet/dda3b7e9e76857e7f3fc2532c9ab980f.sol"},{"line":1330,"column":9,"severity":"Warning","message":"Rule is set with explicit type [var/s: uint]","ruleId":"explicit-types","filePath":"Benchmarks/Study_SamplesSet/dda3b7e9e76857e7f3fc2532c9ab980f.sol"},{"line":1358,"column":54,"severity":"Warning","message":"Rule is set with explicit type [var/s: uint]","ruleId":"explicit-types","filePath":"Benchmarks/Study_SamplesSet/dda3b7e9e76857e7f3fc2532c9ab980f.sol"},{"line":1358,"column":70,"severity":"Warning","message":"Rule is set with explicit type [var/s: uint]","ruleId":"explicit-types","filePath":"Benchmarks/Study_SamplesSet/dda3b7e9e76857e7f3fc2532c9ab980f.sol"},{"line":1359,"column":9,"severity":"Warning","message":"Rule is set with explicit type [var/s: uint]","ruleId":"explicit-types","filePath":"Benchmarks/Study_SamplesSet/dda3b7e9e76857e7f3fc2532c9ab980f.sol"},{"line":1360,"column":9,"severity":"Warning","message":"Rule is set with explicit type [var/s: uint]","ruleId":"explicit-types","filePath":"Benchmarks/Study_SamplesSet/dda3b7e9e76857e7f3fc2532c9ab980f.sol"},{"line":1363,"column":13,"severity":"Warning","message":"Provide an error message for revert","ruleId":"reason-string","fix":null,"filePath":"Benchmarks/Study_SamplesSet/dda3b7e9e76857e7f3fc2532c9ab980f.sol"},{"line":1363,"column":13,"severity":"Warning","message":"Use Custom Errors instead of revert statements","ruleId":"custom-errors","fix":null,"filePath":"Benchmarks/Study_SamplesSet/dda3b7e9e76857e7f3fc2532c9ab980f.sol"},{"line":1371,"column":14,"severity":"Warning","message":"Rule is set with explicit type [var/s: uint]","ruleId":"explicit-types","filePath":"Benchmarks/Study_SamplesSet/dda3b7e9e76857e7f3fc2532c9ab980f.sol"},{"line":1373,"column":54,"severity":"Error","message":"Avoid making time-based decisions in your business logic","ruleId":"not-rely-on-time","fix":null,"filePath":"Benchmarks/Study_SamplesSet/dda3b7e9e76857e7f3fc2532c9ab980f.sol"},{"line":1374,"column":17,"severity":"Warning","message":"Rule is set with explicit type [var/s: uint]","ruleId":"explicit-types","filePath":"Benchmarks/Study_SamplesSet/dda3b7e9e76857e7f3fc2532c9ab980f.sol"},{"line":1385,"column":13,"severity":"Warning","message":"Provide an error message for revert","ruleId":"reason-string","fix":null,"filePath":"Benchmarks/Study_SamplesSet/dda3b7e9e76857e7f3fc2532c9ab980f.sol"},{"line":1385,"column":13,"severity":"Warning","message":"Use Custom Errors instead of revert statements","ruleId":"custom-errors","fix":null,"filePath":"Benchmarks/Study_SamplesSet/dda3b7e9e76857e7f3fc2532c9ab980f.sol"},{"line":1390,"column":13,"severity":"Warning","message":"Provide an error message for revert","ruleId":"reason-string","fix":null,"filePath":"Benchmarks/Study_SamplesSet/dda3b7e9e76857e7f3fc2532c9ab980f.sol"},{"line":1390,"column":13,"severity":"Warning","message":"Use Custom Errors instead of revert statements","ruleId":"custom-errors","fix":null,"filePath":"Benchmarks/Study_SamplesSet/dda3b7e9e76857e7f3fc2532c9ab980f.sol"},{"line":1402,"column":49,"severity":"Warning","message":"Rule is set with explicit type [var/s: uint]","ruleId":"explicit-types","filePath":"Benchmarks/Study_SamplesSet/dda3b7e9e76857e7f3fc2532c9ab980f.sol"},{"line":1402,"column":63,"severity":"Warning","message":"Rule is set with explicit type [var/s: uint]","ruleId":"explicit-types","filePath":"Benchmarks/Study_SamplesSet/dda3b7e9e76857e7f3fc2532c9ab980f.sol"},{"line":1406,"column":53,"severity":"Error","message":"Explicitly mark all external contracts as trusted or untrusted","ruleId":"mark-callable-contracts","filePath":"Benchmarks/Study_SamplesSet/dda3b7e9e76857e7f3fc2532c9ab980f.sol"},{"line":1421,"column":52,"severity":"Warning","message":"Rule is set with explicit type [var/s: uint]","ruleId":"explicit-types","filePath":"Benchmarks/Study_SamplesSet/dda3b7e9e76857e7f3fc2532c9ab980f.sol"},{"line":1421,"column":66,"severity":"Warning","message":"Rule is set with explicit type [var/s: uint]","ruleId":"explicit-types","filePath":"Benchmarks/Study_SamplesSet/dda3b7e9e76857e7f3fc2532c9ab980f.sol"},{"line":1425,"column":53,"severity":"Error","message":"Explicitly mark all external contracts as trusted or untrusted","ruleId":"mark-callable-contracts","filePath":"Benchmarks/Study_SamplesSet/dda3b7e9e76857e7f3fc2532c9ab980f.sol"},{"line":1439,"column":39,"severity":"Warning","message":"Rule is set with explicit type [var/s: uint]","ruleId":"explicit-types","filePath":"Benchmarks/Study_SamplesSet/dda3b7e9e76857e7f3fc2532c9ab980f.sol"},{"line":1439,"column":53,"severity":"Warning","message":"Rule is set with explicit type [var/s: uint]","ruleId":"explicit-types","filePath":"Benchmarks/Study_SamplesSet/dda3b7e9e76857e7f3fc2532c9ab980f.sol"},{"line":1440,"column":14,"severity":"Warning","message":"Rule is set with explicit type [var/s: uint]","ruleId":"explicit-types","filePath":"Benchmarks/Study_SamplesSet/dda3b7e9e76857e7f3fc2532c9ab980f.sol"},{"line":1455,"column":42,"severity":"Warning","message":"Rule is set with explicit type [var/s: uint]","ruleId":"explicit-types","filePath":"Benchmarks/Study_SamplesSet/dda3b7e9e76857e7f3fc2532c9ab980f.sol"},{"line":1455,"column":56,"severity":"Warning","message":"Rule is set with explicit type [var/s: uint]","ruleId":"explicit-types","filePath":"Benchmarks/Study_SamplesSet/dda3b7e9e76857e7f3fc2532c9ab980f.sol"},{"line":1456,"column":14,"severity":"Warning","message":"Rule is set with explicit type [var/s: uint]","ruleId":"explicit-types","filePath":"Benchmarks/Study_SamplesSet/dda3b7e9e76857e7f3fc2532c9ab980f.sol"},{"line":1542,"column":25,"severity":"Error","message":"Explicitly mark all external contracts as trusted or untrusted","ruleId":"mark-callable-contracts","filePath":"Benchmarks/Study_SamplesSet/dda3b7e9e76857e7f3fc2532c9ab980f.sol"},{"line":1603,"column":52,"severity":"Warning","message":"Rule is set with explicit type [var/s: uint]","ruleId":"explicit-types","filePath":"Benchmarks/Study_SamplesSet/dda3b7e9e76857e7f3fc2532c9ab980f.sol"},{"line":1620,"column":9,"severity":"Error","message":"Explicitly mark all external contracts as trusted or untrusted","ruleId":"mark-callable-contracts","filePath":"Benchmarks/Study_SamplesSet/dda3b7e9e76857e7f3fc2532c9ab980f.sol"},{"conclusion":"243 problem/s (33 error/s, 210 warning/s)"}]
