[{"line":82,"column":5,"severity":"Warning","message":"Provide an error message for require","ruleId":"reason-string","fix":null,"filePath":"Benchmarks/Study_SamplesSet/ddfaabf99c3ffb9b934e2ab98834baea.sol"},{"line":82,"column":5,"severity":"Warning","message":"Use Custom Errors instead of require statements","ruleId":"custom-errors","fix":null,"filePath":"Benchmarks/Study_SamplesSet/ddfaabf99c3ffb9b934e2ab98834baea.sol"},{"line":88,"column":5,"severity":"Warning","message":"Provide an error message for require","ruleId":"reason-string","fix":null,"filePath":"Benchmarks/Study_SamplesSet/ddfaabf99c3ffb9b934e2ab98834baea.sol"},{"line":88,"column":5,"severity":"Warning","message":"Use Custom Errors instead of require statements","ruleId":"custom-errors","fix":null,"filePath":"Benchmarks/Study_SamplesSet/ddfaabf99c3ffb9b934e2ab98834baea.sol"},{"line":94,"column":5,"severity":"Warning","message":"Provide an error message for require","ruleId":"reason-string","fix":null,"filePath":"Benchmarks/Study_SamplesSet/ddfaabf99c3ffb9b934e2ab98834baea.sol"},{"line":94,"column":5,"severity":"Warning","message":"Use Custom Errors instead of require statements","ruleId":"custom-errors","fix":null,"filePath":"Benchmarks/Study_SamplesSet/ddfaabf99c3ffb9b934e2ab98834baea.sol"},{"line":118,"column":5,"severity":"Warning","message":"Provide an error message for require","ruleId":"reason-string","fix":null,"filePath":"Benchmarks/Study_SamplesSet/ddfaabf99c3ffb9b934e2ab98834baea.sol"},{"line":118,"column":5,"severity":"Warning","message":"Use Custom Errors instead of require statements","ruleId":"custom-errors","fix":null,"filePath":"Benchmarks/Study_SamplesSet/ddfaabf99c3ffb9b934e2ab98834baea.sol"},{"line":122,"column":5,"severity":"Error","message":"Explicitly mark all external contracts as trusted or untrusted","ruleId":"mark-callable-contracts","filePath":"Benchmarks/Study_SamplesSet/ddfaabf99c3ffb9b934e2ab98834baea.sol"},{"line":168,"column":5,"severity":"Warning","message":"Provide an error message for require","ruleId":"reason-string","fix":null,"filePath":"Benchmarks/Study_SamplesSet/ddfaabf99c3ffb9b934e2ab98834baea.sol"},{"line":168,"column":5,"severity":"Warning","message":"Use Custom Errors instead of require statements","ruleId":"custom-errors","fix":null,"filePath":"Benchmarks/Study_SamplesSet/ddfaabf99c3ffb9b934e2ab98834baea.sol"},{"line":183,"column":5,"severity":"Warning","message":"Provide an error message for require","ruleId":"reason-string","fix":null,"filePath":"Benchmarks/Study_SamplesSet/ddfaabf99c3ffb9b934e2ab98834baea.sol"},{"line":183,"column":5,"severity":"Warning","message":"Use Custom Errors instead of require statements","ruleId":"custom-errors","fix":null,"filePath":"Benchmarks/Study_SamplesSet/ddfaabf99c3ffb9b934e2ab98834baea.sol"},{"line":186,"column":5,"severity":"Warning","message":"Provide an error message for require","ruleId":"reason-string","fix":null,"filePath":"Benchmarks/Study_SamplesSet/ddfaabf99c3ffb9b934e2ab98834baea.sol"},{"line":186,"column":5,"severity":"Warning","message":"Use Custom Errors instead of require statements","ruleId":"custom-errors","fix":null,"filePath":"Benchmarks/Study_SamplesSet/ddfaabf99c3ffb9b934e2ab98834baea.sol"},{"line":189,"column":5,"severity":"Warning","message":"Provide an error message for require","ruleId":"reason-string","fix":null,"filePath":"Benchmarks/Study_SamplesSet/ddfaabf99c3ffb9b934e2ab98834baea.sol"},{"line":189,"column":5,"severity":"Warning","message":"Use Custom Errors instead of require statements","ruleId":"custom-errors","fix":null,"filePath":"Benchmarks/Study_SamplesSet/ddfaabf99c3ffb9b934e2ab98834baea.sol"},{"line":197,"column":37,"severity":"Error","message":"Explicitly mark all external contracts as trusted or untrusted","ruleId":"mark-callable-contracts","filePath":"Benchmarks/Study_SamplesSet/ddfaabf99c3ffb9b934e2ab98834baea.sol"},{"line":197,"column":50,"severity":"Error","message":"Explicitly mark all external contracts as trusted or untrusted","ruleId":"mark-callable-contracts","filePath":"Benchmarks/Study_SamplesSet/ddfaabf99c3ffb9b934e2ab98834baea.sol"},{"line":200,"column":37,"severity":"Error","message":"Explicitly mark all external contracts as trusted or untrusted","ruleId":"mark-callable-contracts","filePath":"Benchmarks/Study_SamplesSet/ddfaabf99c3ffb9b934e2ab98834baea.sol"},{"line":200,"column":50,"severity":"Error","message":"Explicitly mark all external contracts as trusted or untrusted","ruleId":"mark-callable-contracts","filePath":"Benchmarks/Study_SamplesSet/ddfaabf99c3ffb9b934e2ab98834baea.sol"},{"line":203,"column":37,"severity":"Error","message":"Explicitly mark all external contracts as trusted or untrusted","ruleId":"mark-callable-contracts","filePath":"Benchmarks/Study_SamplesSet/ddfaabf99c3ffb9b934e2ab98834baea.sol"},{"line":203,"column":50,"severity":"Error","message":"Explicitly mark all external contracts as trusted or untrusted","ruleId":"mark-callable-contracts","filePath":"Benchmarks/Study_SamplesSet/ddfaabf99c3ffb9b934e2ab98834baea.sol"},{"line":213,"column":5,"severity":"Error","message":"Explicitly mark all external contracts as trusted or untrusted","ruleId":"mark-callable-contracts","filePath":"Benchmarks/Study_SamplesSet/ddfaabf99c3ffb9b934e2ab98834baea.sol"},{"line":225,"column":5,"severity":"Warning","message":"Provide an error message for require","ruleId":"reason-string","fix":null,"filePath":"Benchmarks/Study_SamplesSet/ddfaabf99c3ffb9b934e2ab98834baea.sol"},{"line":225,"column":5,"severity":"Warning","message":"Use Custom Errors instead of require statements","ruleId":"custom-errors","fix":null,"filePath":"Benchmarks/Study_SamplesSet/ddfaabf99c3ffb9b934e2ab98834baea.sol"},{"line":233,"column":5,"severity":"Warning","message":"Provide an error message for require","ruleId":"reason-string","fix":null,"filePath":"Benchmarks/Study_SamplesSet/ddfaabf99c3ffb9b934e2ab98834baea.sol"},{"line":233,"column":5,"severity":"Warning","message":"Use Custom Errors instead of require statements","ruleId":"custom-errors","fix":null,"filePath":"Benchmarks/Study_SamplesSet/ddfaabf99c3ffb9b934e2ab98834baea.sol"},{"line":251,"column":5,"severity":"Warning","message":"Provide an error message for require","ruleId":"reason-string","fix":null,"filePath":"Benchmarks/Study_SamplesSet/ddfaabf99c3ffb9b934e2ab98834baea.sol"},{"line":251,"column":5,"severity":"Warning","message":"Use Custom Errors instead of require statements","ruleId":"custom-errors","fix":null,"filePath":"Benchmarks/Study_SamplesSet/ddfaabf99c3ffb9b934e2ab98834baea.sol"},{"line":254,"column":5,"severity":"Warning","message":"Provide an error message for require","ruleId":"reason-string","fix":null,"filePath":"Benchmarks/Study_SamplesSet/ddfaabf99c3ffb9b934e2ab98834baea.sol"},{"line":254,"column":5,"severity":"Warning","message":"Use Custom Errors instead of require statements","ruleId":"custom-errors","fix":null,"filePath":"Benchmarks/Study_SamplesSet/ddfaabf99c3ffb9b934e2ab98834baea.sol"},{"line":299,"column":5,"severity":"Warning","message":"Provide an error message for require","ruleId":"reason-string","fix":null,"filePath":"Benchmarks/Study_SamplesSet/ddfaabf99c3ffb9b934e2ab98834baea.sol"},{"line":299,"column":5,"severity":"Warning","message":"Use Custom Errors instead of require statements","ruleId":"custom-errors","fix":null,"filePath":"Benchmarks/Study_SamplesSet/ddfaabf99c3ffb9b934e2ab98834baea.sol"},{"line":300,"column":5,"severity":"Warning","message":"Provide an error message for require","ruleId":"reason-string","fix":null,"filePath":"Benchmarks/Study_SamplesSet/ddfaabf99c3ffb9b934e2ab98834baea.sol"},{"line":300,"column":5,"severity":"Warning","message":"Use Custom Errors instead of require statements","ruleId":"custom-errors","fix":null,"filePath":"Benchmarks/Study_SamplesSet/ddfaabf99c3ffb9b934e2ab98834baea.sol"},{"line":315,"column":5,"severity":"Warning","message":"Provide an error message for require","ruleId":"reason-string","fix":null,"filePath":"Benchmarks/Study_SamplesSet/ddfaabf99c3ffb9b934e2ab98834baea.sol"},{"line":315,"column":5,"severity":"Warning","message":"Use Custom Errors instead of require statements","ruleId":"custom-errors","fix":null,"filePath":"Benchmarks/Study_SamplesSet/ddfaabf99c3ffb9b934e2ab98834baea.sol"},{"line":316,"column":5,"severity":"Warning","message":"Provide an error message for require","ruleId":"reason-string","fix":null,"filePath":"Benchmarks/Study_SamplesSet/ddfaabf99c3ffb9b934e2ab98834baea.sol"},{"line":316,"column":5,"severity":"Warning","message":"Use Custom Errors instead of require statements","ruleId":"custom-errors","fix":null,"filePath":"Benchmarks/Study_SamplesSet/ddfaabf99c3ffb9b934e2ab98834baea.sol"},{"line":317,"column":5,"severity":"Warning","message":"Provide an error message for require","ruleId":"reason-string","fix":null,"filePath":"Benchmarks/Study_SamplesSet/ddfaabf99c3ffb9b934e2ab98834baea.sol"},{"line":317,"column":5,"severity":"Warning","message":"Use Custom Errors instead of require statements","ruleId":"custom-errors","fix":null,"filePath":"Benchmarks/Study_SamplesSet/ddfaabf99c3ffb9b934e2ab98834baea.sol"},{"line":342,"column":5,"severity":"Warning","message":"Provide an error message for require","ruleId":"reason-string","fix":null,"filePath":"Benchmarks/Study_SamplesSet/ddfaabf99c3ffb9b934e2ab98834baea.sol"},{"line":342,"column":5,"severity":"Warning","message":"Use Custom Errors instead of require statements","ruleId":"custom-errors","fix":null,"filePath":"Benchmarks/Study_SamplesSet/ddfaabf99c3ffb9b934e2ab98834baea.sol"},{"line":344,"column":5,"severity":"Error","message":"Explicitly mark all external contracts as trusted or untrusted","ruleId":"mark-callable-contracts","filePath":"Benchmarks/Study_SamplesSet/ddfaabf99c3ffb9b934e2ab98834baea.sol"},{"line":382,"column":5,"severity":"Error","message":"Explicitly mark all external contracts as trusted or untrusted","ruleId":"mark-callable-contracts","filePath":"Benchmarks/Study_SamplesSet/ddfaabf99c3ffb9b934e2ab98834baea.sol"},{"conclusion":"46 problem/s (10 error/s, 36 warning/s)"}]
