[{"line":7,"column":1,"severity":"Warning","message":"Found more than One contract per file. 2 contracts found!","ruleId":"one-contract-per-file","fix":null,"filePath":"Benchmarks/Study_SamplesSet/df3d8eee9617b1c68bb8c38e3d6fb568.sol"},{"line":7,"column":1,"severity":"Error","message":"Compiler version ^0.5.0 does not satisfy the ^0.8.0 semver requirement","ruleId":"compiler-version","fix":null,"filePath":"Benchmarks/Study_SamplesSet/df3d8eee9617b1c68bb8c38e3d6fb568.sol"},{"line":34,"column":9,"severity":"Warning","message":"Use Custom Errors instead of require statements","ruleId":"custom-errors","fix":null,"filePath":"Benchmarks/Study_SamplesSet/df3d8eee9617b1c68bb8c38e3d6fb568.sol"},{"line":65,"column":9,"severity":"Warning","message":"Use Custom Errors instead of require statements","ruleId":"custom-errors","fix":null,"filePath":"Benchmarks/Study_SamplesSet/df3d8eee9617b1c68bb8c38e3d6fb568.sol"},{"line":89,"column":9,"severity":"Warning","message":"Error message for require is too long: 33 counted / 32 allowed","ruleId":"reason-string","fix":null,"filePath":"Benchmarks/Study_SamplesSet/df3d8eee9617b1c68bb8c38e3d6fb568.sol"},{"line":89,"column":9,"severity":"Warning","message":"Use Custom Errors instead of require statements","ruleId":"custom-errors","fix":null,"filePath":"Benchmarks/Study_SamplesSet/df3d8eee9617b1c68bb8c38e3d6fb568.sol"},{"line":125,"column":9,"severity":"Warning","message":"Use Custom Errors instead of require statements","ruleId":"custom-errors","fix":null,"filePath":"Benchmarks/Study_SamplesSet/df3d8eee9617b1c68bb8c38e3d6fb568.sol"},{"line":162,"column":9,"severity":"Warning","message":"Use Custom Errors instead of require statements","ruleId":"custom-errors","fix":null,"filePath":"Benchmarks/Study_SamplesSet/df3d8eee9617b1c68bb8c38e3d6fb568.sol"},{"line":169,"column":1,"severity":"Error","message":"Compiler version ^0.5.0 does not satisfy the ^0.8.0 semver requirement","ruleId":"compiler-version","fix":null,"filePath":"Benchmarks/Study_SamplesSet/df3d8eee9617b1c68bb8c38e3d6fb568.sol"},{"line":173,"column":1,"severity":"Warning","message":"Contract has 17 states declarations but allowed no more than 15","ruleId":"max-states-count","fix":null,"filePath":"Benchmarks/Study_SamplesSet/df3d8eee9617b1c68bb8c38e3d6fb568.sol"},{"line":230,"column":3,"severity":"Warning","message":"Function name must be in mixedCase","ruleId":"func-name-mixedcase","fix":null,"filePath":"Benchmarks/Study_SamplesSet/df3d8eee9617b1c68bb8c38e3d6fb568.sol"},{"line":230,"column":62,"severity":"Warning","message":"Variable name must be in mixedCase","ruleId":"var-name-mixedcase","fix":null,"filePath":"Benchmarks/Study_SamplesSet/df3d8eee9617b1c68bb8c38e3d6fb568.sol"},{"line":231,"column":9,"severity":"Warning","message":"Provide an error message for require","ruleId":"reason-string","fix":null,"filePath":"Benchmarks/Study_SamplesSet/df3d8eee9617b1c68bb8c38e3d6fb568.sol"},{"line":231,"column":9,"severity":"Warning","message":"Use Custom Errors instead of require statements","ruleId":"custom-errors","fix":null,"filePath":"Benchmarks/Study_SamplesSet/df3d8eee9617b1c68bb8c38e3d6fb568.sol"},{"line":231,"column":17,"severity":"Error","message":"Avoid to use tx.origin","ruleId":"avoid-tx-origin","fix":null,"filePath":"Benchmarks/Study_SamplesSet/df3d8eee9617b1c68bb8c38e3d6fb568.sol"},{"line":235,"column":3,"severity":"Warning","message":"Function name must be in mixedCase","ruleId":"func-name-mixedcase","fix":null,"filePath":"Benchmarks/Study_SamplesSet/df3d8eee9617b1c68bb8c38e3d6fb568.sol"},{"line":235,"column":56,"severity":"Warning","message":"Rule is set with explicit type [var/s: uint]","ruleId":"explicit-types","filePath":"Benchmarks/Study_SamplesSet/df3d8eee9617b1c68bb8c38e3d6fb568.sol"},{"line":235,"column":68,"severity":"Warning","message":"Variable name must be in mixedCase","ruleId":"var-name-mixedcase","fix":null,"filePath":"Benchmarks/Study_SamplesSet/df3d8eee9617b1c68bb8c38e3d6fb568.sol"},{"line":236,"column":2,"severity":"Warning","message":"Provide an error message for require","ruleId":"reason-string","fix":null,"filePath":"Benchmarks/Study_SamplesSet/df3d8eee9617b1c68bb8c38e3d6fb568.sol"},{"line":236,"column":2,"severity":"Warning","message":"Use Custom Errors instead of require statements","ruleId":"custom-errors","fix":null,"filePath":"Benchmarks/Study_SamplesSet/df3d8eee9617b1c68bb8c38e3d6fb568.sol"},{"line":236,"column":11,"severity":"Error","message":"Avoid to use tx.origin","ruleId":"avoid-tx-origin","fix":null,"filePath":"Benchmarks/Study_SamplesSet/df3d8eee9617b1c68bb8c38e3d6fb568.sol"},{"line":240,"column":3,"severity":"Warning","message":"Function name must be in mixedCase","ruleId":"func-name-mixedcase","fix":null,"filePath":"Benchmarks/Study_SamplesSet/df3d8eee9617b1c68bb8c38e3d6fb568.sol"},{"line":240,"column":61,"severity":"Warning","message":"Variable name must be in mixedCase","ruleId":"var-name-mixedcase","fix":null,"filePath":"Benchmarks/Study_SamplesSet/df3d8eee9617b1c68bb8c38e3d6fb568.sol"},{"line":241,"column":9,"severity":"Warning","message":"Provide an error message for require","ruleId":"reason-string","fix":null,"filePath":"Benchmarks/Study_SamplesSet/df3d8eee9617b1c68bb8c38e3d6fb568.sol"},{"line":241,"column":9,"severity":"Warning","message":"Use Custom Errors instead of require statements","ruleId":"custom-errors","fix":null,"filePath":"Benchmarks/Study_SamplesSet/df3d8eee9617b1c68bb8c38e3d6fb568.sol"},{"line":241,"column":17,"severity":"Error","message":"Avoid to use tx.origin","ruleId":"avoid-tx-origin","fix":null,"filePath":"Benchmarks/Study_SamplesSet/df3d8eee9617b1c68bb8c38e3d6fb568.sol"},{"line":245,"column":3,"severity":"Warning","message":"Function name must be in mixedCase","ruleId":"func-name-mixedcase","fix":null,"filePath":"Benchmarks/Study_SamplesSet/df3d8eee9617b1c68bb8c38e3d6fb568.sol"},{"line":245,"column":27,"severity":"Warning","message":"Variable name must be in mixedCase","ruleId":"var-name-mixedcase","fix":null,"filePath":"Benchmarks/Study_SamplesSet/df3d8eee9617b1c68bb8c38e3d6fb568.sol"},{"line":246,"column":9,"severity":"Warning","message":"Provide an error message for require","ruleId":"reason-string","fix":null,"filePath":"Benchmarks/Study_SamplesSet/df3d8eee9617b1c68bb8c38e3d6fb568.sol"},{"line":246,"column":9,"severity":"Warning","message":"Use Custom Errors instead of require statements","ruleId":"custom-errors","fix":null,"filePath":"Benchmarks/Study_SamplesSet/df3d8eee9617b1c68bb8c38e3d6fb568.sol"},{"line":246,"column":17,"severity":"Error","message":"Avoid to use tx.origin","ruleId":"avoid-tx-origin","fix":null,"filePath":"Benchmarks/Study_SamplesSet/df3d8eee9617b1c68bb8c38e3d6fb568.sol"},{"line":249,"column":3,"severity":"Warning","message":"Function name must be in mixedCase","ruleId":"func-name-mixedcase","fix":null,"filePath":"Benchmarks/Study_SamplesSet/df3d8eee9617b1c68bb8c38e3d6fb568.sol"},{"line":249,"column":29,"severity":"Warning","message":"Variable name must be in mixedCase","ruleId":"var-name-mixedcase","fix":null,"filePath":"Benchmarks/Study_SamplesSet/df3d8eee9617b1c68bb8c38e3d6fb568.sol"},{"line":250,"column":9,"severity":"Warning","message":"Provide an error message for require","ruleId":"reason-string","fix":null,"filePath":"Benchmarks/Study_SamplesSet/df3d8eee9617b1c68bb8c38e3d6fb568.sol"},{"line":250,"column":9,"severity":"Warning","message":"Use Custom Errors instead of require statements","ruleId":"custom-errors","fix":null,"filePath":"Benchmarks/Study_SamplesSet/df3d8eee9617b1c68bb8c38e3d6fb568.sol"},{"line":250,"column":17,"severity":"Error","message":"Avoid to use tx.origin","ruleId":"avoid-tx-origin","fix":null,"filePath":"Benchmarks/Study_SamplesSet/df3d8eee9617b1c68bb8c38e3d6fb568.sol"},{"line":253,"column":3,"severity":"Warning","message":"Function name must be in mixedCase","ruleId":"func-name-mixedcase","fix":null,"filePath":"Benchmarks/Study_SamplesSet/df3d8eee9617b1c68bb8c38e3d6fb568.sol"},{"line":253,"column":55,"severity":"Warning","message":"Rule is set with explicit type [var/s: uint]","ruleId":"explicit-types","filePath":"Benchmarks/Study_SamplesSet/df3d8eee9617b1c68bb8c38e3d6fb568.sol"},{"line":253,"column":67,"severity":"Warning","message":"Variable name must be in mixedCase","ruleId":"var-name-mixedcase","fix":null,"filePath":"Benchmarks/Study_SamplesSet/df3d8eee9617b1c68bb8c38e3d6fb568.sol"},{"line":254,"column":2,"severity":"Warning","message":"Provide an error message for require","ruleId":"reason-string","fix":null,"filePath":"Benchmarks/Study_SamplesSet/df3d8eee9617b1c68bb8c38e3d6fb568.sol"},{"line":254,"column":2,"severity":"Warning","message":"Use Custom Errors instead of require statements","ruleId":"custom-errors","fix":null,"filePath":"Benchmarks/Study_SamplesSet/df3d8eee9617b1c68bb8c38e3d6fb568.sol"},{"line":254,"column":11,"severity":"Error","message":"Avoid to use tx.origin","ruleId":"avoid-tx-origin","fix":null,"filePath":"Benchmarks/Study_SamplesSet/df3d8eee9617b1c68bb8c38e3d6fb568.sol"},{"line":258,"column":3,"severity":"Warning","message":"Function name must be in mixedCase","ruleId":"func-name-mixedcase","fix":null,"filePath":"Benchmarks/Study_SamplesSet/df3d8eee9617b1c68bb8c38e3d6fb568.sol"},{"line":258,"column":46,"severity":"Warning","message":"Rule is set with explicit type [var/s: uint]","ruleId":"explicit-types","filePath":"Benchmarks/Study_SamplesSet/df3d8eee9617b1c68bb8c38e3d6fb568.sol"},{"line":258,"column":58,"severity":"Warning","message":"Variable name must be in mixedCase","ruleId":"var-name-mixedcase","fix":null,"filePath":"Benchmarks/Study_SamplesSet/df3d8eee9617b1c68bb8c38e3d6fb568.sol"},{"line":259,"column":3,"severity":"Warning","message":"Provide an error message for require","ruleId":"reason-string","fix":null,"filePath":"Benchmarks/Study_SamplesSet/df3d8eee9617b1c68bb8c38e3d6fb568.sol"},{"line":259,"column":3,"severity":"Warning","message":"Use Custom Errors instead of require statements","ruleId":"custom-errors","fix":null,"filePath":"Benchmarks/Study_SamplesSet/df3d8eee9617b1c68bb8c38e3d6fb568.sol"},{"line":259,"column":11,"severity":"Error","message":"Avoid to use tx.origin","ruleId":"avoid-tx-origin","fix":null,"filePath":"Benchmarks/Study_SamplesSet/df3d8eee9617b1c68bb8c38e3d6fb568.sol"},{"line":260,"column":3,"severity":"Error","message":"Avoid to use low level calls.","ruleId":"avoid-low-level-calls","fix":null,"filePath":"Benchmarks/Study_SamplesSet/df3d8eee9617b1c68bb8c38e3d6fb568.sol"},{"line":260,"column":3,"severity":"Error","message":"Avoid to use \".call.value()()\"","ruleId":"avoid-call-value","fix":null,"filePath":"Benchmarks/Study_SamplesSet/df3d8eee9617b1c68bb8c38e3d6fb568.sol"},{"line":263,"column":3,"severity":"Warning","message":"Function name must be in mixedCase","ruleId":"func-name-mixedcase","fix":null,"filePath":"Benchmarks/Study_SamplesSet/df3d8eee9617b1c68bb8c38e3d6fb568.sol"},{"line":263,"column":29,"severity":"Warning","message":"Variable name must be in mixedCase","ruleId":"var-name-mixedcase","fix":null,"filePath":"Benchmarks/Study_SamplesSet/df3d8eee9617b1c68bb8c38e3d6fb568.sol"},{"line":264,"column":9,"severity":"Warning","message":"Provide an error message for require","ruleId":"reason-string","fix":null,"filePath":"Benchmarks/Study_SamplesSet/df3d8eee9617b1c68bb8c38e3d6fb568.sol"},{"line":264,"column":9,"severity":"Warning","message":"Use Custom Errors instead of require statements","ruleId":"custom-errors","fix":null,"filePath":"Benchmarks/Study_SamplesSet/df3d8eee9617b1c68bb8c38e3d6fb568.sol"},{"line":264,"column":17,"severity":"Error","message":"Avoid to use tx.origin","ruleId":"avoid-tx-origin","fix":null,"filePath":"Benchmarks/Study_SamplesSet/df3d8eee9617b1c68bb8c38e3d6fb568.sol"},{"line":268,"column":3,"severity":"Warning","message":"Function name must be in mixedCase","ruleId":"func-name-mixedcase","fix":null,"filePath":"Benchmarks/Study_SamplesSet/df3d8eee9617b1c68bb8c38e3d6fb568.sol"},{"line":268,"column":62,"severity":"Warning","message":"Variable name must be in mixedCase","ruleId":"var-name-mixedcase","fix":null,"filePath":"Benchmarks/Study_SamplesSet/df3d8eee9617b1c68bb8c38e3d6fb568.sol"},{"line":269,"column":9,"severity":"Warning","message":"Provide an error message for require","ruleId":"reason-string","fix":null,"filePath":"Benchmarks/Study_SamplesSet/df3d8eee9617b1c68bb8c38e3d6fb568.sol"},{"line":269,"column":9,"severity":"Warning","message":"Use Custom Errors instead of require statements","ruleId":"custom-errors","fix":null,"filePath":"Benchmarks/Study_SamplesSet/df3d8eee9617b1c68bb8c38e3d6fb568.sol"},{"line":269,"column":17,"severity":"Error","message":"Avoid to use tx.origin","ruleId":"avoid-tx-origin","fix":null,"filePath":"Benchmarks/Study_SamplesSet/df3d8eee9617b1c68bb8c38e3d6fb568.sol"},{"line":273,"column":3,"severity":"Warning","message":"Function name must be in mixedCase","ruleId":"func-name-mixedcase","fix":null,"filePath":"Benchmarks/Study_SamplesSet/df3d8eee9617b1c68bb8c38e3d6fb568.sol"},{"line":273,"column":56,"severity":"Warning","message":"Rule is set with explicit type [var/s: uint]","ruleId":"explicit-types","filePath":"Benchmarks/Study_SamplesSet/df3d8eee9617b1c68bb8c38e3d6fb568.sol"},{"line":273,"column":68,"severity":"Warning","message":"Variable name must be in mixedCase","ruleId":"var-name-mixedcase","fix":null,"filePath":"Benchmarks/Study_SamplesSet/df3d8eee9617b1c68bb8c38e3d6fb568.sol"},{"line":274,"column":2,"severity":"Warning","message":"Provide an error message for require","ruleId":"reason-string","fix":null,"filePath":"Benchmarks/Study_SamplesSet/df3d8eee9617b1c68bb8c38e3d6fb568.sol"},{"line":274,"column":2,"severity":"Warning","message":"Use Custom Errors instead of require statements","ruleId":"custom-errors","fix":null,"filePath":"Benchmarks/Study_SamplesSet/df3d8eee9617b1c68bb8c38e3d6fb568.sol"},{"line":274,"column":11,"severity":"Error","message":"Avoid to use tx.origin","ruleId":"avoid-tx-origin","fix":null,"filePath":"Benchmarks/Study_SamplesSet/df3d8eee9617b1c68bb8c38e3d6fb568.sol"},{"line":278,"column":3,"severity":"Warning","message":"Function name must be in mixedCase","ruleId":"func-name-mixedcase","fix":null,"filePath":"Benchmarks/Study_SamplesSet/df3d8eee9617b1c68bb8c38e3d6fb568.sol"},{"line":278,"column":62,"severity":"Warning","message":"Variable name must be in mixedCase","ruleId":"var-name-mixedcase","fix":null,"filePath":"Benchmarks/Study_SamplesSet/df3d8eee9617b1c68bb8c38e3d6fb568.sol"},{"line":279,"column":9,"severity":"Warning","message":"Provide an error message for require","ruleId":"reason-string","fix":null,"filePath":"Benchmarks/Study_SamplesSet/df3d8eee9617b1c68bb8c38e3d6fb568.sol"},{"line":279,"column":9,"severity":"Warning","message":"Use Custom Errors instead of require statements","ruleId":"custom-errors","fix":null,"filePath":"Benchmarks/Study_SamplesSet/df3d8eee9617b1c68bb8c38e3d6fb568.sol"},{"line":279,"column":17,"severity":"Error","message":"Avoid to use tx.origin","ruleId":"avoid-tx-origin","fix":null,"filePath":"Benchmarks/Study_SamplesSet/df3d8eee9617b1c68bb8c38e3d6fb568.sol"},{"line":283,"column":3,"severity":"Warning","message":"Function name must be in mixedCase","ruleId":"func-name-mixedcase","fix":null,"filePath":"Benchmarks/Study_SamplesSet/df3d8eee9617b1c68bb8c38e3d6fb568.sol"},{"line":283,"column":62,"severity":"Warning","message":"Variable name must be in mixedCase","ruleId":"var-name-mixedcase","fix":null,"filePath":"Benchmarks/Study_SamplesSet/df3d8eee9617b1c68bb8c38e3d6fb568.sol"},{"line":284,"column":9,"severity":"Warning","message":"Provide an error message for require","ruleId":"reason-string","fix":null,"filePath":"Benchmarks/Study_SamplesSet/df3d8eee9617b1c68bb8c38e3d6fb568.sol"},{"line":284,"column":9,"severity":"Warning","message":"Use Custom Errors instead of require statements","ruleId":"custom-errors","fix":null,"filePath":"Benchmarks/Study_SamplesSet/df3d8eee9617b1c68bb8c38e3d6fb568.sol"},{"line":284,"column":17,"severity":"Error","message":"Avoid to use tx.origin","ruleId":"avoid-tx-origin","fix":null,"filePath":"Benchmarks/Study_SamplesSet/df3d8eee9617b1c68bb8c38e3d6fb568.sol"},{"line":288,"column":3,"severity":"Warning","message":"Function name must be in mixedCase","ruleId":"func-name-mixedcase","fix":null,"filePath":"Benchmarks/Study_SamplesSet/df3d8eee9617b1c68bb8c38e3d6fb568.sol"},{"line":288,"column":27,"severity":"Warning","message":"Variable name must be in mixedCase","ruleId":"var-name-mixedcase","fix":null,"filePath":"Benchmarks/Study_SamplesSet/df3d8eee9617b1c68bb8c38e3d6fb568.sol"},{"line":289,"column":9,"severity":"Warning","message":"Provide an error message for require","ruleId":"reason-string","fix":null,"filePath":"Benchmarks/Study_SamplesSet/df3d8eee9617b1c68bb8c38e3d6fb568.sol"},{"line":289,"column":9,"severity":"Warning","message":"Use Custom Errors instead of require statements","ruleId":"custom-errors","fix":null,"filePath":"Benchmarks/Study_SamplesSet/df3d8eee9617b1c68bb8c38e3d6fb568.sol"},{"line":289,"column":17,"severity":"Error","message":"Avoid to use tx.origin","ruleId":"avoid-tx-origin","fix":null,"filePath":"Benchmarks/Study_SamplesSet/df3d8eee9617b1c68bb8c38e3d6fb568.sol"},{"line":305,"column":9,"severity":"Warning","message":"Use Custom Errors instead of require statements","ruleId":"custom-errors","fix":null,"filePath":"Benchmarks/Study_SamplesSet/df3d8eee9617b1c68bb8c38e3d6fb568.sol"},{"line":307,"column":21,"severity":"Error","message":"Explicitly mark all external contracts as trusted or untrusted","ruleId":"mark-callable-contracts","filePath":"Benchmarks/Study_SamplesSet/df3d8eee9617b1c68bb8c38e3d6fb568.sol"},{"line":307,"column":45,"severity":"Error","message":"Explicitly mark all external contracts as trusted or untrusted","ruleId":"mark-callable-contracts","filePath":"Benchmarks/Study_SamplesSet/df3d8eee9617b1c68bb8c38e3d6fb568.sol"},{"line":310,"column":1,"severity":"Warning","message":"Function name must be in mixedCase","ruleId":"func-name-mixedcase","fix":null,"filePath":"Benchmarks/Study_SamplesSet/df3d8eee9617b1c68bb8c38e3d6fb568.sol"},{"line":310,"column":44,"severity":"Warning","message":"Rule is set with explicit type [var/s: uint]","ruleId":"explicit-types","filePath":"Benchmarks/Study_SamplesSet/df3d8eee9617b1c68bb8c38e3d6fb568.sol"},{"line":310,"column":56,"severity":"Warning","message":"Variable name must be in mixedCase","ruleId":"var-name-mixedcase","fix":null,"filePath":"Benchmarks/Study_SamplesSet/df3d8eee9617b1c68bb8c38e3d6fb568.sol"},{"line":311,"column":3,"severity":"Warning","message":"Provide an error message for require","ruleId":"reason-string","fix":null,"filePath":"Benchmarks/Study_SamplesSet/df3d8eee9617b1c68bb8c38e3d6fb568.sol"},{"line":311,"column":3,"severity":"Warning","message":"Use Custom Errors instead of require statements","ruleId":"custom-errors","fix":null,"filePath":"Benchmarks/Study_SamplesSet/df3d8eee9617b1c68bb8c38e3d6fb568.sol"},{"line":311,"column":11,"severity":"Error","message":"Avoid to use tx.origin","ruleId":"avoid-tx-origin","fix":null,"filePath":"Benchmarks/Study_SamplesSet/df3d8eee9617b1c68bb8c38e3d6fb568.sol"},{"line":312,"column":3,"severity":"Error","message":"Avoid to use low level calls.","ruleId":"avoid-low-level-calls","fix":null,"filePath":"Benchmarks/Study_SamplesSet/df3d8eee9617b1c68bb8c38e3d6fb568.sol"},{"line":312,"column":3,"severity":"Error","message":"Avoid to use \".call.value()()\"","ruleId":"avoid-call-value","fix":null,"filePath":"Benchmarks/Study_SamplesSet/df3d8eee9617b1c68bb8c38e3d6fb568.sol"},{"line":324,"column":1,"severity":"Warning","message":"Function name must be in mixedCase","ruleId":"func-name-mixedcase","fix":null,"filePath":"Benchmarks/Study_SamplesSet/df3d8eee9617b1c68bb8c38e3d6fb568.sol"},{"line":324,"column":53,"severity":"Warning","message":"Rule is set with explicit type [var/s: uint]","ruleId":"explicit-types","filePath":"Benchmarks/Study_SamplesSet/df3d8eee9617b1c68bb8c38e3d6fb568.sol"},{"line":324,"column":65,"severity":"Warning","message":"Variable name must be in mixedCase","ruleId":"var-name-mixedcase","fix":null,"filePath":"Benchmarks/Study_SamplesSet/df3d8eee9617b1c68bb8c38e3d6fb568.sol"},{"line":325,"column":2,"severity":"Warning","message":"Provide an error message for require","ruleId":"reason-string","fix":null,"filePath":"Benchmarks/Study_SamplesSet/df3d8eee9617b1c68bb8c38e3d6fb568.sol"},{"line":325,"column":2,"severity":"Warning","message":"Use Custom Errors instead of require statements","ruleId":"custom-errors","fix":null,"filePath":"Benchmarks/Study_SamplesSet/df3d8eee9617b1c68bb8c38e3d6fb568.sol"},{"line":325,"column":11,"severity":"Error","message":"Avoid to use tx.origin","ruleId":"avoid-tx-origin","fix":null,"filePath":"Benchmarks/Study_SamplesSet/df3d8eee9617b1c68bb8c38e3d6fb568.sol"},{"line":335,"column":9,"severity":"Warning","message":"Use Custom Errors instead of require statements","ruleId":"custom-errors","fix":null,"filePath":"Benchmarks/Study_SamplesSet/df3d8eee9617b1c68bb8c38e3d6fb568.sol"},{"line":340,"column":9,"severity":"Warning","message":"Use Custom Errors instead of require statements","ruleId":"custom-errors","fix":null,"filePath":"Benchmarks/Study_SamplesSet/df3d8eee9617b1c68bb8c38e3d6fb568.sol"},{"line":340,"column":31,"severity":"Error","message":"Explicitly mark all external contracts as trusted or untrusted","ruleId":"mark-callable-contracts","filePath":"Benchmarks/Study_SamplesSet/df3d8eee9617b1c68bb8c38e3d6fb568.sol"},{"line":349,"column":9,"severity":"Warning","message":"Error message for require is too long: 41 counted / 32 allowed","ruleId":"reason-string","fix":null,"filePath":"Benchmarks/Study_SamplesSet/df3d8eee9617b1c68bb8c38e3d6fb568.sol"},{"line":349,"column":9,"severity":"Warning","message":"Use Custom Errors instead of require statements","ruleId":"custom-errors","fix":null,"filePath":"Benchmarks/Study_SamplesSet/df3d8eee9617b1c68bb8c38e3d6fb568.sol"},{"line":352,"column":1,"severity":"Warning","message":"Function name must be in mixedCase","ruleId":"func-name-mixedcase","fix":null,"filePath":"Benchmarks/Study_SamplesSet/df3d8eee9617b1c68bb8c38e3d6fb568.sol"},{"line":352,"column":59,"severity":"Warning","message":"Variable name must be in mixedCase","ruleId":"var-name-mixedcase","fix":null,"filePath":"Benchmarks/Study_SamplesSet/df3d8eee9617b1c68bb8c38e3d6fb568.sol"},{"line":353,"column":9,"severity":"Warning","message":"Provide an error message for require","ruleId":"reason-string","fix":null,"filePath":"Benchmarks/Study_SamplesSet/df3d8eee9617b1c68bb8c38e3d6fb568.sol"},{"line":353,"column":9,"severity":"Warning","message":"Use Custom Errors instead of require statements","ruleId":"custom-errors","fix":null,"filePath":"Benchmarks/Study_SamplesSet/df3d8eee9617b1c68bb8c38e3d6fb568.sol"},{"line":353,"column":17,"severity":"Error","message":"Avoid to use tx.origin","ruleId":"avoid-tx-origin","fix":null,"filePath":"Benchmarks/Study_SamplesSet/df3d8eee9617b1c68bb8c38e3d6fb568.sol"},{"line":366,"column":1,"severity":"Warning","message":"Function name must be in mixedCase","ruleId":"func-name-mixedcase","fix":null,"filePath":"Benchmarks/Study_SamplesSet/df3d8eee9617b1c68bb8c38e3d6fb568.sol"},{"line":366,"column":54,"severity":"Warning","message":"Rule is set with explicit type [var/s: uint]","ruleId":"explicit-types","filePath":"Benchmarks/Study_SamplesSet/df3d8eee9617b1c68bb8c38e3d6fb568.sol"},{"line":366,"column":66,"severity":"Warning","message":"Variable name must be in mixedCase","ruleId":"var-name-mixedcase","fix":null,"filePath":"Benchmarks/Study_SamplesSet/df3d8eee9617b1c68bb8c38e3d6fb568.sol"},{"line":367,"column":2,"severity":"Warning","message":"Provide an error message for require","ruleId":"reason-string","fix":null,"filePath":"Benchmarks/Study_SamplesSet/df3d8eee9617b1c68bb8c38e3d6fb568.sol"},{"line":367,"column":2,"severity":"Warning","message":"Use Custom Errors instead of require statements","ruleId":"custom-errors","fix":null,"filePath":"Benchmarks/Study_SamplesSet/df3d8eee9617b1c68bb8c38e3d6fb568.sol"},{"line":367,"column":11,"severity":"Error","message":"Avoid to use tx.origin","ruleId":"avoid-tx-origin","fix":null,"filePath":"Benchmarks/Study_SamplesSet/df3d8eee9617b1c68bb8c38e3d6fb568.sol"},{"line":372,"column":75,"severity":"Error","message":"Explicitly mark all external contracts as trusted or untrusted","ruleId":"mark-callable-contracts","filePath":"Benchmarks/Study_SamplesSet/df3d8eee9617b1c68bb8c38e3d6fb568.sol"},{"line":372,"column":87,"severity":"Error","message":"Avoid making time-based decisions in your business logic","ruleId":"not-rely-on-time","fix":null,"filePath":"Benchmarks/Study_SamplesSet/df3d8eee9617b1c68bb8c38e3d6fb568.sol"},{"line":374,"column":1,"severity":"Warning","message":"Function name must be in mixedCase","ruleId":"func-name-mixedcase","fix":null,"filePath":"Benchmarks/Study_SamplesSet/df3d8eee9617b1c68bb8c38e3d6fb568.sol"},{"line":374,"column":54,"severity":"Warning","message":"Rule is set with explicit type [var/s: uint]","ruleId":"explicit-types","filePath":"Benchmarks/Study_SamplesSet/df3d8eee9617b1c68bb8c38e3d6fb568.sol"},{"line":374,"column":66,"severity":"Warning","message":"Variable name must be in mixedCase","ruleId":"var-name-mixedcase","fix":null,"filePath":"Benchmarks/Study_SamplesSet/df3d8eee9617b1c68bb8c38e3d6fb568.sol"},{"line":375,"column":2,"severity":"Warning","message":"Provide an error message for require","ruleId":"reason-string","fix":null,"filePath":"Benchmarks/Study_SamplesSet/df3d8eee9617b1c68bb8c38e3d6fb568.sol"},{"line":375,"column":2,"severity":"Warning","message":"Use Custom Errors instead of require statements","ruleId":"custom-errors","fix":null,"filePath":"Benchmarks/Study_SamplesSet/df3d8eee9617b1c68bb8c38e3d6fb568.sol"},{"line":375,"column":11,"severity":"Error","message":"Avoid to use tx.origin","ruleId":"avoid-tx-origin","fix":null,"filePath":"Benchmarks/Study_SamplesSet/df3d8eee9617b1c68bb8c38e3d6fb568.sol"},{"line":380,"column":34,"severity":"Error","message":"Avoid making time-based decisions in your business logic","ruleId":"not-rely-on-time","fix":null,"filePath":"Benchmarks/Study_SamplesSet/df3d8eee9617b1c68bb8c38e3d6fb568.sol"},{"line":381,"column":9,"severity":"Warning","message":"Use Custom Errors instead of require statements","ruleId":"custom-errors","fix":null,"filePath":"Benchmarks/Study_SamplesSet/df3d8eee9617b1c68bb8c38e3d6fb568.sol"},{"line":391,"column":1,"severity":"Warning","message":"Function name must be in mixedCase","ruleId":"func-name-mixedcase","fix":null,"filePath":"Benchmarks/Study_SamplesSet/df3d8eee9617b1c68bb8c38e3d6fb568.sol"},{"line":391,"column":43,"severity":"Warning","message":"Rule is set with explicit type [var/s: uint]","ruleId":"explicit-types","filePath":"Benchmarks/Study_SamplesSet/df3d8eee9617b1c68bb8c38e3d6fb568.sol"},{"line":391,"column":55,"severity":"Warning","message":"Variable name must be in mixedCase","ruleId":"var-name-mixedcase","fix":null,"filePath":"Benchmarks/Study_SamplesSet/df3d8eee9617b1c68bb8c38e3d6fb568.sol"},{"line":392,"column":3,"severity":"Warning","message":"Provide an error message for require","ruleId":"reason-string","fix":null,"filePath":"Benchmarks/Study_SamplesSet/df3d8eee9617b1c68bb8c38e3d6fb568.sol"},{"line":392,"column":3,"severity":"Warning","message":"Use Custom Errors instead of require statements","ruleId":"custom-errors","fix":null,"filePath":"Benchmarks/Study_SamplesSet/df3d8eee9617b1c68bb8c38e3d6fb568.sol"},{"line":392,"column":11,"severity":"Error","message":"Avoid to use tx.origin","ruleId":"avoid-tx-origin","fix":null,"filePath":"Benchmarks/Study_SamplesSet/df3d8eee9617b1c68bb8c38e3d6fb568.sol"},{"line":393,"column":3,"severity":"Error","message":"Avoid to use low level calls.","ruleId":"avoid-low-level-calls","fix":null,"filePath":"Benchmarks/Study_SamplesSet/df3d8eee9617b1c68bb8c38e3d6fb568.sol"},{"line":393,"column":3,"severity":"Error","message":"Avoid to use \".call.value()()\"","ruleId":"avoid-call-value","fix":null,"filePath":"Benchmarks/Study_SamplesSet/df3d8eee9617b1c68bb8c38e3d6fb568.sol"},{"line":423,"column":1,"severity":"Warning","message":"Function name must be in mixedCase","ruleId":"func-name-mixedcase","fix":null,"filePath":"Benchmarks/Study_SamplesSet/df3d8eee9617b1c68bb8c38e3d6fb568.sol"},{"line":423,"column":53,"severity":"Warning","message":"Rule is set with explicit type [var/s: uint]","ruleId":"explicit-types","filePath":"Benchmarks/Study_SamplesSet/df3d8eee9617b1c68bb8c38e3d6fb568.sol"},{"line":423,"column":65,"severity":"Warning","message":"Variable name must be in mixedCase","ruleId":"var-name-mixedcase","fix":null,"filePath":"Benchmarks/Study_SamplesSet/df3d8eee9617b1c68bb8c38e3d6fb568.sol"},{"line":424,"column":2,"severity":"Warning","message":"Provide an error message for require","ruleId":"reason-string","fix":null,"filePath":"Benchmarks/Study_SamplesSet/df3d8eee9617b1c68bb8c38e3d6fb568.sol"},{"line":424,"column":2,"severity":"Warning","message":"Use Custom Errors instead of require statements","ruleId":"custom-errors","fix":null,"filePath":"Benchmarks/Study_SamplesSet/df3d8eee9617b1c68bb8c38e3d6fb568.sol"},{"line":424,"column":11,"severity":"Error","message":"Avoid to use tx.origin","ruleId":"avoid-tx-origin","fix":null,"filePath":"Benchmarks/Study_SamplesSet/df3d8eee9617b1c68bb8c38e3d6fb568.sol"},{"line":459,"column":1,"severity":"Warning","message":"Function name must be in mixedCase","ruleId":"func-name-mixedcase","fix":null,"filePath":"Benchmarks/Study_SamplesSet/df3d8eee9617b1c68bb8c38e3d6fb568.sol"},{"line":459,"column":54,"severity":"Warning","message":"Rule is set with explicit type [var/s: uint]","ruleId":"explicit-types","filePath":"Benchmarks/Study_SamplesSet/df3d8eee9617b1c68bb8c38e3d6fb568.sol"},{"line":459,"column":66,"severity":"Warning","message":"Variable name must be in mixedCase","ruleId":"var-name-mixedcase","fix":null,"filePath":"Benchmarks/Study_SamplesSet/df3d8eee9617b1c68bb8c38e3d6fb568.sol"},{"line":460,"column":2,"severity":"Warning","message":"Provide an error message for require","ruleId":"reason-string","fix":null,"filePath":"Benchmarks/Study_SamplesSet/df3d8eee9617b1c68bb8c38e3d6fb568.sol"},{"line":460,"column":2,"severity":"Warning","message":"Use Custom Errors instead of require statements","ruleId":"custom-errors","fix":null,"filePath":"Benchmarks/Study_SamplesSet/df3d8eee9617b1c68bb8c38e3d6fb568.sol"},{"line":460,"column":11,"severity":"Error","message":"Avoid to use tx.origin","ruleId":"avoid-tx-origin","fix":null,"filePath":"Benchmarks/Study_SamplesSet/df3d8eee9617b1c68bb8c38e3d6fb568.sol"},{"line":468,"column":38,"severity":"Error","message":"Avoid making time-based decisions in your business logic","ruleId":"not-rely-on-time","fix":null,"filePath":"Benchmarks/Study_SamplesSet/df3d8eee9617b1c68bb8c38e3d6fb568.sol"},{"line":477,"column":1,"severity":"Warning","message":"Function name must be in mixedCase","ruleId":"func-name-mixedcase","fix":null,"filePath":"Benchmarks/Study_SamplesSet/df3d8eee9617b1c68bb8c38e3d6fb568.sol"},{"line":477,"column":44,"severity":"Warning","message":"Rule is set with explicit type [var/s: uint]","ruleId":"explicit-types","filePath":"Benchmarks/Study_SamplesSet/df3d8eee9617b1c68bb8c38e3d6fb568.sol"},{"line":477,"column":56,"severity":"Warning","message":"Variable name must be in mixedCase","ruleId":"var-name-mixedcase","fix":null,"filePath":"Benchmarks/Study_SamplesSet/df3d8eee9617b1c68bb8c38e3d6fb568.sol"},{"line":478,"column":3,"severity":"Warning","message":"Provide an error message for require","ruleId":"reason-string","fix":null,"filePath":"Benchmarks/Study_SamplesSet/df3d8eee9617b1c68bb8c38e3d6fb568.sol"},{"line":478,"column":3,"severity":"Warning","message":"Use Custom Errors instead of require statements","ruleId":"custom-errors","fix":null,"filePath":"Benchmarks/Study_SamplesSet/df3d8eee9617b1c68bb8c38e3d6fb568.sol"},{"line":478,"column":11,"severity":"Error","message":"Avoid to use tx.origin","ruleId":"avoid-tx-origin","fix":null,"filePath":"Benchmarks/Study_SamplesSet/df3d8eee9617b1c68bb8c38e3d6fb568.sol"},{"line":479,"column":3,"severity":"Error","message":"Avoid to use low level calls.","ruleId":"avoid-low-level-calls","fix":null,"filePath":"Benchmarks/Study_SamplesSet/df3d8eee9617b1c68bb8c38e3d6fb568.sol"},{"line":479,"column":3,"severity":"Error","message":"Avoid to use \".call.value()()\"","ruleId":"avoid-call-value","fix":null,"filePath":"Benchmarks/Study_SamplesSet/df3d8eee9617b1c68bb8c38e3d6fb568.sol"},{"line":488,"column":22,"severity":"Error","message":"Explicitly mark all external contracts as trusted or untrusted","ruleId":"mark-callable-contracts","filePath":"Benchmarks/Study_SamplesSet/df3d8eee9617b1c68bb8c38e3d6fb568.sol"},{"line":490,"column":1,"severity":"Warning","message":"Function name must be in mixedCase","ruleId":"func-name-mixedcase","fix":null,"filePath":"Benchmarks/Study_SamplesSet/df3d8eee9617b1c68bb8c38e3d6fb568.sol"},{"line":490,"column":60,"severity":"Warning","message":"Variable name must be in mixedCase","ruleId":"var-name-mixedcase","fix":null,"filePath":"Benchmarks/Study_SamplesSet/df3d8eee9617b1c68bb8c38e3d6fb568.sol"},{"line":491,"column":9,"severity":"Warning","message":"Provide an error message for require","ruleId":"reason-string","fix":null,"filePath":"Benchmarks/Study_SamplesSet/df3d8eee9617b1c68bb8c38e3d6fb568.sol"},{"line":491,"column":9,"severity":"Warning","message":"Use Custom Errors instead of require statements","ruleId":"custom-errors","fix":null,"filePath":"Benchmarks/Study_SamplesSet/df3d8eee9617b1c68bb8c38e3d6fb568.sol"},{"line":491,"column":17,"severity":"Error","message":"Avoid to use tx.origin","ruleId":"avoid-tx-origin","fix":null,"filePath":"Benchmarks/Study_SamplesSet/df3d8eee9617b1c68bb8c38e3d6fb568.sol"},{"line":501,"column":22,"severity":"Error","message":"Explicitly mark all external contracts as trusted or untrusted","ruleId":"mark-callable-contracts","filePath":"Benchmarks/Study_SamplesSet/df3d8eee9617b1c68bb8c38e3d6fb568.sol"},{"line":503,"column":1,"severity":"Warning","message":"Function name must be in mixedCase","ruleId":"func-name-mixedcase","fix":null,"filePath":"Benchmarks/Study_SamplesSet/df3d8eee9617b1c68bb8c38e3d6fb568.sol"},{"line":503,"column":25,"severity":"Warning","message":"Variable name must be in mixedCase","ruleId":"var-name-mixedcase","fix":null,"filePath":"Benchmarks/Study_SamplesSet/df3d8eee9617b1c68bb8c38e3d6fb568.sol"},{"line":504,"column":9,"severity":"Warning","message":"Provide an error message for require","ruleId":"reason-string","fix":null,"filePath":"Benchmarks/Study_SamplesSet/df3d8eee9617b1c68bb8c38e3d6fb568.sol"},{"line":504,"column":9,"severity":"Warning","message":"Use Custom Errors instead of require statements","ruleId":"custom-errors","fix":null,"filePath":"Benchmarks/Study_SamplesSet/df3d8eee9617b1c68bb8c38e3d6fb568.sol"},{"line":504,"column":17,"severity":"Error","message":"Avoid to use tx.origin","ruleId":"avoid-tx-origin","fix":null,"filePath":"Benchmarks/Study_SamplesSet/df3d8eee9617b1c68bb8c38e3d6fb568.sol"},{"line":513,"column":22,"severity":"Error","message":"Explicitly mark all external contracts as trusted or untrusted","ruleId":"mark-callable-contracts","filePath":"Benchmarks/Study_SamplesSet/df3d8eee9617b1c68bb8c38e3d6fb568.sol"},{"line":515,"column":1,"severity":"Warning","message":"Function name must be in mixedCase","ruleId":"func-name-mixedcase","fix":null,"filePath":"Benchmarks/Study_SamplesSet/df3d8eee9617b1c68bb8c38e3d6fb568.sol"},{"line":515,"column":27,"severity":"Warning","message":"Variable name must be in mixedCase","ruleId":"var-name-mixedcase","fix":null,"filePath":"Benchmarks/Study_SamplesSet/df3d8eee9617b1c68bb8c38e3d6fb568.sol"},{"line":516,"column":9,"severity":"Warning","message":"Provide an error message for require","ruleId":"reason-string","fix":null,"filePath":"Benchmarks/Study_SamplesSet/df3d8eee9617b1c68bb8c38e3d6fb568.sol"},{"line":516,"column":9,"severity":"Warning","message":"Use Custom Errors instead of require statements","ruleId":"custom-errors","fix":null,"filePath":"Benchmarks/Study_SamplesSet/df3d8eee9617b1c68bb8c38e3d6fb568.sol"},{"line":516,"column":17,"severity":"Error","message":"Avoid to use tx.origin","ruleId":"avoid-tx-origin","fix":null,"filePath":"Benchmarks/Study_SamplesSet/df3d8eee9617b1c68bb8c38e3d6fb568.sol"},{"line":521,"column":9,"severity":"Warning","message":"Use Custom Errors instead of require statements","ruleId":"custom-errors","fix":null,"filePath":"Benchmarks/Study_SamplesSet/df3d8eee9617b1c68bb8c38e3d6fb568.sol"},{"line":522,"column":9,"severity":"Warning","message":"Use Custom Errors instead of require statements","ruleId":"custom-errors","fix":null,"filePath":"Benchmarks/Study_SamplesSet/df3d8eee9617b1c68bb8c38e3d6fb568.sol"},{"line":524,"column":41,"severity":"Error","message":"Explicitly mark all external contracts as trusted or untrusted","ruleId":"mark-callable-contracts","filePath":"Benchmarks/Study_SamplesSet/df3d8eee9617b1c68bb8c38e3d6fb568.sol"},{"line":525,"column":9,"severity":"Warning","message":"Use Custom Errors instead of require statements","ruleId":"custom-errors","fix":null,"filePath":"Benchmarks/Study_SamplesSet/df3d8eee9617b1c68bb8c38e3d6fb568.sol"},{"line":526,"column":9,"severity":"Warning","message":"Use Custom Errors instead of require statements","ruleId":"custom-errors","fix":null,"filePath":"Benchmarks/Study_SamplesSet/df3d8eee9617b1c68bb8c38e3d6fb568.sol"},{"line":526,"column":33,"severity":"Error","message":"Explicitly mark all external contracts as trusted or untrusted","ruleId":"mark-callable-contracts","filePath":"Benchmarks/Study_SamplesSet/df3d8eee9617b1c68bb8c38e3d6fb568.sol"},{"line":526,"column":67,"severity":"Error","message":"Explicitly mark all external contracts as trusted or untrusted","ruleId":"mark-callable-contracts","filePath":"Benchmarks/Study_SamplesSet/df3d8eee9617b1c68bb8c38e3d6fb568.sol"},{"line":531,"column":13,"severity":"Warning","message":"Use Custom Errors instead of require statements","ruleId":"custom-errors","fix":null,"filePath":"Benchmarks/Study_SamplesSet/df3d8eee9617b1c68bb8c38e3d6fb568.sol"},{"line":532,"column":13,"severity":"Warning","message":"Use Custom Errors instead of require statements","ruleId":"custom-errors","fix":null,"filePath":"Benchmarks/Study_SamplesSet/df3d8eee9617b1c68bb8c38e3d6fb568.sol"},{"line":533,"column":13,"severity":"Warning","message":"Use Custom Errors instead of require statements","ruleId":"custom-errors","fix":null,"filePath":"Benchmarks/Study_SamplesSet/df3d8eee9617b1c68bb8c38e3d6fb568.sol"},{"line":534,"column":13,"severity":"Warning","message":"Use Custom Errors instead of require statements","ruleId":"custom-errors","fix":null,"filePath":"Benchmarks/Study_SamplesSet/df3d8eee9617b1c68bb8c38e3d6fb568.sol"},{"line":535,"column":13,"severity":"Warning","message":"Use Custom Errors instead of require statements","ruleId":"custom-errors","fix":null,"filePath":"Benchmarks/Study_SamplesSet/df3d8eee9617b1c68bb8c38e3d6fb568.sol"},{"line":536,"column":13,"severity":"Warning","message":"Use Custom Errors instead of require statements","ruleId":"custom-errors","fix":null,"filePath":"Benchmarks/Study_SamplesSet/df3d8eee9617b1c68bb8c38e3d6fb568.sol"},{"line":537,"column":13,"severity":"Warning","message":"Use Custom Errors instead of require statements","ruleId":"custom-errors","fix":null,"filePath":"Benchmarks/Study_SamplesSet/df3d8eee9617b1c68bb8c38e3d6fb568.sol"},{"line":540,"column":38,"severity":"Error","message":"Avoid making time-based decisions in your business logic","ruleId":"not-rely-on-time","fix":null,"filePath":"Benchmarks/Study_SamplesSet/df3d8eee9617b1c68bb8c38e3d6fb568.sol"},{"line":553,"column":39,"severity":"Error","message":"Explicitly mark all external contracts as trusted or untrusted","ruleId":"mark-callable-contracts","filePath":"Benchmarks/Study_SamplesSet/df3d8eee9617b1c68bb8c38e3d6fb568.sol"},{"line":554,"column":44,"severity":"Error","message":"Avoid making time-based decisions in your business logic","ruleId":"not-rely-on-time","fix":null,"filePath":"Benchmarks/Study_SamplesSet/df3d8eee9617b1c68bb8c38e3d6fb568.sol"},{"line":571,"column":37,"severity":"Error","message":"Avoid making time-based decisions in your business logic","ruleId":"not-rely-on-time","fix":null,"filePath":"Benchmarks/Study_SamplesSet/df3d8eee9617b1c68bb8c38e3d6fb568.sol"},{"line":577,"column":1,"severity":"Warning","message":"Function name must be in mixedCase","ruleId":"func-name-mixedcase","fix":null,"filePath":"Benchmarks/Study_SamplesSet/df3d8eee9617b1c68bb8c38e3d6fb568.sol"},{"line":577,"column":60,"severity":"Warning","message":"Variable name must be in mixedCase","ruleId":"var-name-mixedcase","fix":null,"filePath":"Benchmarks/Study_SamplesSet/df3d8eee9617b1c68bb8c38e3d6fb568.sol"},{"line":578,"column":9,"severity":"Warning","message":"Provide an error message for require","ruleId":"reason-string","fix":null,"filePath":"Benchmarks/Study_SamplesSet/df3d8eee9617b1c68bb8c38e3d6fb568.sol"},{"line":578,"column":9,"severity":"Warning","message":"Use Custom Errors instead of require statements","ruleId":"custom-errors","fix":null,"filePath":"Benchmarks/Study_SamplesSet/df3d8eee9617b1c68bb8c38e3d6fb568.sol"},{"line":578,"column":17,"severity":"Error","message":"Avoid to use tx.origin","ruleId":"avoid-tx-origin","fix":null,"filePath":"Benchmarks/Study_SamplesSet/df3d8eee9617b1c68bb8c38e3d6fb568.sol"},{"line":602,"column":1,"severity":"Warning","message":"Function name must be in mixedCase","ruleId":"func-name-mixedcase","fix":null,"filePath":"Benchmarks/Study_SamplesSet/df3d8eee9617b1c68bb8c38e3d6fb568.sol"},{"line":602,"column":24,"severity":"Warning","message":"Variable name must be in mixedCase","ruleId":"var-name-mixedcase","fix":null,"filePath":"Benchmarks/Study_SamplesSet/df3d8eee9617b1c68bb8c38e3d6fb568.sol"},{"line":603,"column":9,"severity":"Warning","message":"Provide an error message for require","ruleId":"reason-string","fix":null,"filePath":"Benchmarks/Study_SamplesSet/df3d8eee9617b1c68bb8c38e3d6fb568.sol"},{"line":603,"column":9,"severity":"Warning","message":"Use Custom Errors instead of require statements","ruleId":"custom-errors","fix":null,"filePath":"Benchmarks/Study_SamplesSet/df3d8eee9617b1c68bb8c38e3d6fb568.sol"},{"line":603,"column":17,"severity":"Error","message":"Avoid to use tx.origin","ruleId":"avoid-tx-origin","fix":null,"filePath":"Benchmarks/Study_SamplesSet/df3d8eee9617b1c68bb8c38e3d6fb568.sol"},{"line":623,"column":55,"severity":"Error","message":"Avoid making time-based decisions in your business logic","ruleId":"not-rely-on-time","fix":null,"filePath":"Benchmarks/Study_SamplesSet/df3d8eee9617b1c68bb8c38e3d6fb568.sol"},{"line":628,"column":1,"severity":"Warning","message":"Function name must be in mixedCase","ruleId":"func-name-mixedcase","fix":null,"filePath":"Benchmarks/Study_SamplesSet/df3d8eee9617b1c68bb8c38e3d6fb568.sol"},{"line":628,"column":43,"severity":"Warning","message":"Rule is set with explicit type [var/s: uint]","ruleId":"explicit-types","filePath":"Benchmarks/Study_SamplesSet/df3d8eee9617b1c68bb8c38e3d6fb568.sol"},{"line":628,"column":55,"severity":"Warning","message":"Variable name must be in mixedCase","ruleId":"var-name-mixedcase","fix":null,"filePath":"Benchmarks/Study_SamplesSet/df3d8eee9617b1c68bb8c38e3d6fb568.sol"},{"line":629,"column":3,"severity":"Warning","message":"Provide an error message for require","ruleId":"reason-string","fix":null,"filePath":"Benchmarks/Study_SamplesSet/df3d8eee9617b1c68bb8c38e3d6fb568.sol"},{"line":629,"column":3,"severity":"Warning","message":"Use Custom Errors instead of require statements","ruleId":"custom-errors","fix":null,"filePath":"Benchmarks/Study_SamplesSet/df3d8eee9617b1c68bb8c38e3d6fb568.sol"},{"line":629,"column":11,"severity":"Error","message":"Avoid to use tx.origin","ruleId":"avoid-tx-origin","fix":null,"filePath":"Benchmarks/Study_SamplesSet/df3d8eee9617b1c68bb8c38e3d6fb568.sol"},{"line":630,"column":3,"severity":"Error","message":"Avoid to use low level calls.","ruleId":"avoid-low-level-calls","fix":null,"filePath":"Benchmarks/Study_SamplesSet/df3d8eee9617b1c68bb8c38e3d6fb568.sol"},{"line":630,"column":3,"severity":"Error","message":"Avoid to use \".call.value()()\"","ruleId":"avoid-call-value","fix":null,"filePath":"Benchmarks/Study_SamplesSet/df3d8eee9617b1c68bb8c38e3d6fb568.sol"},{"line":641,"column":1,"severity":"Warning","message":"Function name must be in mixedCase","ruleId":"func-name-mixedcase","fix":null,"filePath":"Benchmarks/Study_SamplesSet/df3d8eee9617b1c68bb8c38e3d6fb568.sol"},{"line":641,"column":44,"severity":"Warning","message":"Rule is set with explicit type [var/s: uint]","ruleId":"explicit-types","filePath":"Benchmarks/Study_SamplesSet/df3d8eee9617b1c68bb8c38e3d6fb568.sol"},{"line":641,"column":56,"severity":"Warning","message":"Variable name must be in mixedCase","ruleId":"var-name-mixedcase","fix":null,"filePath":"Benchmarks/Study_SamplesSet/df3d8eee9617b1c68bb8c38e3d6fb568.sol"},{"line":642,"column":3,"severity":"Warning","message":"Provide an error message for require","ruleId":"reason-string","fix":null,"filePath":"Benchmarks/Study_SamplesSet/df3d8eee9617b1c68bb8c38e3d6fb568.sol"},{"line":642,"column":3,"severity":"Warning","message":"Use Custom Errors instead of require statements","ruleId":"custom-errors","fix":null,"filePath":"Benchmarks/Study_SamplesSet/df3d8eee9617b1c68bb8c38e3d6fb568.sol"},{"line":642,"column":11,"severity":"Error","message":"Avoid to use tx.origin","ruleId":"avoid-tx-origin","fix":null,"filePath":"Benchmarks/Study_SamplesSet/df3d8eee9617b1c68bb8c38e3d6fb568.sol"},{"line":643,"column":3,"severity":"Error","message":"Avoid to use low level calls.","ruleId":"avoid-low-level-calls","fix":null,"filePath":"Benchmarks/Study_SamplesSet/df3d8eee9617b1c68bb8c38e3d6fb568.sol"},{"line":643,"column":3,"severity":"Error","message":"Avoid to use \".call.value()()\"","ruleId":"avoid-call-value","fix":null,"filePath":"Benchmarks/Study_SamplesSet/df3d8eee9617b1c68bb8c38e3d6fb568.sol"},{"line":654,"column":1,"severity":"Warning","message":"Function name must be in mixedCase","ruleId":"func-name-mixedcase","fix":null,"filePath":"Benchmarks/Study_SamplesSet/df3d8eee9617b1c68bb8c38e3d6fb568.sol"},{"line":654,"column":60,"severity":"Warning","message":"Variable name must be in mixedCase","ruleId":"var-name-mixedcase","fix":null,"filePath":"Benchmarks/Study_SamplesSet/df3d8eee9617b1c68bb8c38e3d6fb568.sol"},{"line":655,"column":9,"severity":"Warning","message":"Provide an error message for require","ruleId":"reason-string","fix":null,"filePath":"Benchmarks/Study_SamplesSet/df3d8eee9617b1c68bb8c38e3d6fb568.sol"},{"line":655,"column":9,"severity":"Warning","message":"Use Custom Errors instead of require statements","ruleId":"custom-errors","fix":null,"filePath":"Benchmarks/Study_SamplesSet/df3d8eee9617b1c68bb8c38e3d6fb568.sol"},{"line":655,"column":17,"severity":"Error","message":"Avoid to use tx.origin","ruleId":"avoid-tx-origin","fix":null,"filePath":"Benchmarks/Study_SamplesSet/df3d8eee9617b1c68bb8c38e3d6fb568.sol"},{"line":668,"column":1,"severity":"Warning","message":"Function name must be in mixedCase","ruleId":"func-name-mixedcase","fix":null,"filePath":"Benchmarks/Study_SamplesSet/df3d8eee9617b1c68bb8c38e3d6fb568.sol"},{"line":668,"column":60,"severity":"Warning","message":"Variable name must be in mixedCase","ruleId":"var-name-mixedcase","fix":null,"filePath":"Benchmarks/Study_SamplesSet/df3d8eee9617b1c68bb8c38e3d6fb568.sol"},{"line":669,"column":9,"severity":"Warning","message":"Provide an error message for require","ruleId":"reason-string","fix":null,"filePath":"Benchmarks/Study_SamplesSet/df3d8eee9617b1c68bb8c38e3d6fb568.sol"},{"line":669,"column":9,"severity":"Warning","message":"Use Custom Errors instead of require statements","ruleId":"custom-errors","fix":null,"filePath":"Benchmarks/Study_SamplesSet/df3d8eee9617b1c68bb8c38e3d6fb568.sol"},{"line":669,"column":17,"severity":"Error","message":"Avoid to use tx.origin","ruleId":"avoid-tx-origin","fix":null,"filePath":"Benchmarks/Study_SamplesSet/df3d8eee9617b1c68bb8c38e3d6fb568.sol"},{"line":690,"column":1,"severity":"Warning","message":"Function name must be in mixedCase","ruleId":"func-name-mixedcase","fix":null,"filePath":"Benchmarks/Study_SamplesSet/df3d8eee9617b1c68bb8c38e3d6fb568.sol"},{"line":690,"column":24,"severity":"Warning","message":"Variable name must be in mixedCase","ruleId":"var-name-mixedcase","fix":null,"filePath":"Benchmarks/Study_SamplesSet/df3d8eee9617b1c68bb8c38e3d6fb568.sol"},{"line":691,"column":9,"severity":"Warning","message":"Provide an error message for require","ruleId":"reason-string","fix":null,"filePath":"Benchmarks/Study_SamplesSet/df3d8eee9617b1c68bb8c38e3d6fb568.sol"},{"line":691,"column":9,"severity":"Warning","message":"Use Custom Errors instead of require statements","ruleId":"custom-errors","fix":null,"filePath":"Benchmarks/Study_SamplesSet/df3d8eee9617b1c68bb8c38e3d6fb568.sol"},{"line":691,"column":17,"severity":"Error","message":"Avoid to use tx.origin","ruleId":"avoid-tx-origin","fix":null,"filePath":"Benchmarks/Study_SamplesSet/df3d8eee9617b1c68bb8c38e3d6fb568.sol"},{"line":698,"column":1,"severity":"Warning","message":"Function name must be in mixedCase","ruleId":"func-name-mixedcase","fix":null,"filePath":"Benchmarks/Study_SamplesSet/df3d8eee9617b1c68bb8c38e3d6fb568.sol"},{"line":698,"column":44,"severity":"Warning","message":"Rule is set with explicit type [var/s: uint]","ruleId":"explicit-types","filePath":"Benchmarks/Study_SamplesSet/df3d8eee9617b1c68bb8c38e3d6fb568.sol"},{"line":698,"column":56,"severity":"Warning","message":"Variable name must be in mixedCase","ruleId":"var-name-mixedcase","fix":null,"filePath":"Benchmarks/Study_SamplesSet/df3d8eee9617b1c68bb8c38e3d6fb568.sol"},{"line":699,"column":3,"severity":"Warning","message":"Provide an error message for require","ruleId":"reason-string","fix":null,"filePath":"Benchmarks/Study_SamplesSet/df3d8eee9617b1c68bb8c38e3d6fb568.sol"},{"line":699,"column":3,"severity":"Warning","message":"Use Custom Errors instead of require statements","ruleId":"custom-errors","fix":null,"filePath":"Benchmarks/Study_SamplesSet/df3d8eee9617b1c68bb8c38e3d6fb568.sol"},{"line":699,"column":11,"severity":"Error","message":"Avoid to use tx.origin","ruleId":"avoid-tx-origin","fix":null,"filePath":"Benchmarks/Study_SamplesSet/df3d8eee9617b1c68bb8c38e3d6fb568.sol"},{"line":700,"column":3,"severity":"Error","message":"Avoid to use low level calls.","ruleId":"avoid-low-level-calls","fix":null,"filePath":"Benchmarks/Study_SamplesSet/df3d8eee9617b1c68bb8c38e3d6fb568.sol"},{"line":700,"column":3,"severity":"Error","message":"Avoid to use \".call.value()()\"","ruleId":"avoid-call-value","fix":null,"filePath":"Benchmarks/Study_SamplesSet/df3d8eee9617b1c68bb8c38e3d6fb568.sol"},{"line":723,"column":1,"severity":"Warning","message":"Function name must be in mixedCase","ruleId":"func-name-mixedcase","fix":null,"filePath":"Benchmarks/Study_SamplesSet/df3d8eee9617b1c68bb8c38e3d6fb568.sol"},{"line":723,"column":27,"severity":"Warning","message":"Variable name must be in mixedCase","ruleId":"var-name-mixedcase","fix":null,"filePath":"Benchmarks/Study_SamplesSet/df3d8eee9617b1c68bb8c38e3d6fb568.sol"},{"line":724,"column":9,"severity":"Warning","message":"Provide an error message for require","ruleId":"reason-string","fix":null,"filePath":"Benchmarks/Study_SamplesSet/df3d8eee9617b1c68bb8c38e3d6fb568.sol"},{"line":724,"column":9,"severity":"Warning","message":"Use Custom Errors instead of require statements","ruleId":"custom-errors","fix":null,"filePath":"Benchmarks/Study_SamplesSet/df3d8eee9617b1c68bb8c38e3d6fb568.sol"},{"line":724,"column":17,"severity":"Error","message":"Avoid to use tx.origin","ruleId":"avoid-tx-origin","fix":null,"filePath":"Benchmarks/Study_SamplesSet/df3d8eee9617b1c68bb8c38e3d6fb568.sol"},{"line":747,"column":1,"severity":"Warning","message":"Function name must be in mixedCase","ruleId":"func-name-mixedcase","fix":null,"filePath":"Benchmarks/Study_SamplesSet/df3d8eee9617b1c68bb8c38e3d6fb568.sol"},{"line":747,"column":44,"severity":"Warning","message":"Rule is set with explicit type [var/s: uint]","ruleId":"explicit-types","filePath":"Benchmarks/Study_SamplesSet/df3d8eee9617b1c68bb8c38e3d6fb568.sol"},{"line":747,"column":56,"severity":"Warning","message":"Variable name must be in mixedCase","ruleId":"var-name-mixedcase","fix":null,"filePath":"Benchmarks/Study_SamplesSet/df3d8eee9617b1c68bb8c38e3d6fb568.sol"},{"line":748,"column":3,"severity":"Warning","message":"Provide an error message for require","ruleId":"reason-string","fix":null,"filePath":"Benchmarks/Study_SamplesSet/df3d8eee9617b1c68bb8c38e3d6fb568.sol"},{"line":748,"column":3,"severity":"Warning","message":"Use Custom Errors instead of require statements","ruleId":"custom-errors","fix":null,"filePath":"Benchmarks/Study_SamplesSet/df3d8eee9617b1c68bb8c38e3d6fb568.sol"},{"line":748,"column":11,"severity":"Error","message":"Avoid to use tx.origin","ruleId":"avoid-tx-origin","fix":null,"filePath":"Benchmarks/Study_SamplesSet/df3d8eee9617b1c68bb8c38e3d6fb568.sol"},{"line":749,"column":3,"severity":"Error","message":"Avoid to use low level calls.","ruleId":"avoid-low-level-calls","fix":null,"filePath":"Benchmarks/Study_SamplesSet/df3d8eee9617b1c68bb8c38e3d6fb568.sol"},{"line":749,"column":3,"severity":"Error","message":"Avoid to use \".call.value()()\"","ruleId":"avoid-call-value","fix":null,"filePath":"Benchmarks/Study_SamplesSet/df3d8eee9617b1c68bb8c38e3d6fb568.sol"},{"line":772,"column":1,"severity":"Warning","message":"Function name must be in mixedCase","ruleId":"func-name-mixedcase","fix":null,"filePath":"Benchmarks/Study_SamplesSet/df3d8eee9617b1c68bb8c38e3d6fb568.sol"},{"line":772,"column":25,"severity":"Warning","message":"Variable name must be in mixedCase","ruleId":"var-name-mixedcase","fix":null,"filePath":"Benchmarks/Study_SamplesSet/df3d8eee9617b1c68bb8c38e3d6fb568.sol"},{"line":773,"column":9,"severity":"Warning","message":"Provide an error message for require","ruleId":"reason-string","fix":null,"filePath":"Benchmarks/Study_SamplesSet/df3d8eee9617b1c68bb8c38e3d6fb568.sol"},{"line":773,"column":9,"severity":"Warning","message":"Use Custom Errors instead of require statements","ruleId":"custom-errors","fix":null,"filePath":"Benchmarks/Study_SamplesSet/df3d8eee9617b1c68bb8c38e3d6fb568.sol"},{"line":773,"column":17,"severity":"Error","message":"Avoid to use tx.origin","ruleId":"avoid-tx-origin","fix":null,"filePath":"Benchmarks/Study_SamplesSet/df3d8eee9617b1c68bb8c38e3d6fb568.sol"},{"line":785,"column":42,"severity":"Error","message":"Avoid making time-based decisions in your business logic","ruleId":"not-rely-on-time","fix":null,"filePath":"Benchmarks/Study_SamplesSet/df3d8eee9617b1c68bb8c38e3d6fb568.sol"},{"line":822,"column":57,"severity":"Error","message":"Avoid making time-based decisions in your business logic","ruleId":"not-rely-on-time","fix":null,"filePath":"Benchmarks/Study_SamplesSet/df3d8eee9617b1c68bb8c38e3d6fb568.sol"},{"line":826,"column":1,"severity":"Warning","message":"Function name must be in mixedCase","ruleId":"func-name-mixedcase","fix":null,"filePath":"Benchmarks/Study_SamplesSet/df3d8eee9617b1c68bb8c38e3d6fb568.sol"},{"line":826,"column":54,"severity":"Warning","message":"Rule is set with explicit type [var/s: uint]","ruleId":"explicit-types","filePath":"Benchmarks/Study_SamplesSet/df3d8eee9617b1c68bb8c38e3d6fb568.sol"},{"line":826,"column":66,"severity":"Warning","message":"Variable name must be in mixedCase","ruleId":"var-name-mixedcase","fix":null,"filePath":"Benchmarks/Study_SamplesSet/df3d8eee9617b1c68bb8c38e3d6fb568.sol"},{"line":827,"column":2,"severity":"Warning","message":"Provide an error message for require","ruleId":"reason-string","fix":null,"filePath":"Benchmarks/Study_SamplesSet/df3d8eee9617b1c68bb8c38e3d6fb568.sol"},{"line":827,"column":2,"severity":"Warning","message":"Use Custom Errors instead of require statements","ruleId":"custom-errors","fix":null,"filePath":"Benchmarks/Study_SamplesSet/df3d8eee9617b1c68bb8c38e3d6fb568.sol"},{"line":827,"column":11,"severity":"Error","message":"Avoid to use tx.origin","ruleId":"avoid-tx-origin","fix":null,"filePath":"Benchmarks/Study_SamplesSet/df3d8eee9617b1c68bb8c38e3d6fb568.sol"},{"line":837,"column":1,"severity":"Warning","message":"Function name must be in mixedCase","ruleId":"func-name-mixedcase","fix":null,"filePath":"Benchmarks/Study_SamplesSet/df3d8eee9617b1c68bb8c38e3d6fb568.sol"},{"line":837,"column":44,"severity":"Warning","message":"Rule is set with explicit type [var/s: uint]","ruleId":"explicit-types","filePath":"Benchmarks/Study_SamplesSet/df3d8eee9617b1c68bb8c38e3d6fb568.sol"},{"line":837,"column":56,"severity":"Warning","message":"Variable name must be in mixedCase","ruleId":"var-name-mixedcase","fix":null,"filePath":"Benchmarks/Study_SamplesSet/df3d8eee9617b1c68bb8c38e3d6fb568.sol"},{"line":838,"column":3,"severity":"Warning","message":"Provide an error message for require","ruleId":"reason-string","fix":null,"filePath":"Benchmarks/Study_SamplesSet/df3d8eee9617b1c68bb8c38e3d6fb568.sol"},{"line":838,"column":3,"severity":"Warning","message":"Use Custom Errors instead of require statements","ruleId":"custom-errors","fix":null,"filePath":"Benchmarks/Study_SamplesSet/df3d8eee9617b1c68bb8c38e3d6fb568.sol"},{"line":838,"column":11,"severity":"Error","message":"Avoid to use tx.origin","ruleId":"avoid-tx-origin","fix":null,"filePath":"Benchmarks/Study_SamplesSet/df3d8eee9617b1c68bb8c38e3d6fb568.sol"},{"line":839,"column":3,"severity":"Error","message":"Avoid to use low level calls.","ruleId":"avoid-low-level-calls","fix":null,"filePath":"Benchmarks/Study_SamplesSet/df3d8eee9617b1c68bb8c38e3d6fb568.sol"},{"line":839,"column":3,"severity":"Error","message":"Avoid to use \".call.value()()\"","ruleId":"avoid-call-value","fix":null,"filePath":"Benchmarks/Study_SamplesSet/df3d8eee9617b1c68bb8c38e3d6fb568.sol"},{"line":846,"column":42,"severity":"Error","message":"Avoid making time-based decisions in your business logic","ruleId":"not-rely-on-time","fix":null,"filePath":"Benchmarks/Study_SamplesSet/df3d8eee9617b1c68bb8c38e3d6fb568.sol"},{"line":878,"column":1,"severity":"Warning","message":"Function name must be in mixedCase","ruleId":"func-name-mixedcase","fix":null,"filePath":"Benchmarks/Study_SamplesSet/df3d8eee9617b1c68bb8c38e3d6fb568.sol"},{"line":878,"column":44,"severity":"Warning","message":"Rule is set with explicit type [var/s: uint]","ruleId":"explicit-types","filePath":"Benchmarks/Study_SamplesSet/df3d8eee9617b1c68bb8c38e3d6fb568.sol"},{"line":878,"column":56,"severity":"Warning","message":"Variable name must be in mixedCase","ruleId":"var-name-mixedcase","fix":null,"filePath":"Benchmarks/Study_SamplesSet/df3d8eee9617b1c68bb8c38e3d6fb568.sol"},{"line":879,"column":3,"severity":"Warning","message":"Provide an error message for require","ruleId":"reason-string","fix":null,"filePath":"Benchmarks/Study_SamplesSet/df3d8eee9617b1c68bb8c38e3d6fb568.sol"},{"line":879,"column":3,"severity":"Warning","message":"Use Custom Errors instead of require statements","ruleId":"custom-errors","fix":null,"filePath":"Benchmarks/Study_SamplesSet/df3d8eee9617b1c68bb8c38e3d6fb568.sol"},{"line":879,"column":11,"severity":"Error","message":"Avoid to use tx.origin","ruleId":"avoid-tx-origin","fix":null,"filePath":"Benchmarks/Study_SamplesSet/df3d8eee9617b1c68bb8c38e3d6fb568.sol"},{"line":880,"column":3,"severity":"Error","message":"Avoid to use low level calls.","ruleId":"avoid-low-level-calls","fix":null,"filePath":"Benchmarks/Study_SamplesSet/df3d8eee9617b1c68bb8c38e3d6fb568.sol"},{"line":880,"column":3,"severity":"Error","message":"Avoid to use \".call.value()()\"","ruleId":"avoid-call-value","fix":null,"filePath":"Benchmarks/Study_SamplesSet/df3d8eee9617b1c68bb8c38e3d6fb568.sol"},{"line":889,"column":57,"severity":"Error","message":"Avoid making time-based decisions in your business logic","ruleId":"not-rely-on-time","fix":null,"filePath":"Benchmarks/Study_SamplesSet/df3d8eee9617b1c68bb8c38e3d6fb568.sol"},{"line":893,"column":1,"severity":"Warning","message":"Function name must be in mixedCase","ruleId":"func-name-mixedcase","fix":null,"filePath":"Benchmarks/Study_SamplesSet/df3d8eee9617b1c68bb8c38e3d6fb568.sol"},{"line":893,"column":54,"severity":"Warning","message":"Rule is set with explicit type [var/s: uint]","ruleId":"explicit-types","filePath":"Benchmarks/Study_SamplesSet/df3d8eee9617b1c68bb8c38e3d6fb568.sol"},{"line":893,"column":66,"severity":"Warning","message":"Variable name must be in mixedCase","ruleId":"var-name-mixedcase","fix":null,"filePath":"Benchmarks/Study_SamplesSet/df3d8eee9617b1c68bb8c38e3d6fb568.sol"},{"line":894,"column":2,"severity":"Warning","message":"Provide an error message for require","ruleId":"reason-string","fix":null,"filePath":"Benchmarks/Study_SamplesSet/df3d8eee9617b1c68bb8c38e3d6fb568.sol"},{"line":894,"column":2,"severity":"Warning","message":"Use Custom Errors instead of require statements","ruleId":"custom-errors","fix":null,"filePath":"Benchmarks/Study_SamplesSet/df3d8eee9617b1c68bb8c38e3d6fb568.sol"},{"line":894,"column":11,"severity":"Error","message":"Avoid to use tx.origin","ruleId":"avoid-tx-origin","fix":null,"filePath":"Benchmarks/Study_SamplesSet/df3d8eee9617b1c68bb8c38e3d6fb568.sol"},{"conclusion":"289 problem/s (84 error/s, 205 warning/s)"}]
