[{"line":1,"column":1,"severity":"Warning","message":"Found more than One contract per file. 5 contracts found!","ruleId":"one-contract-per-file","fix":null,"filePath":"Benchmarks/Study_SamplesSet/e15bf26b21fb1338b0ebff313a45c1fe.sol"},{"line":1,"column":1,"severity":"Error","message":"Compiler version ^0.4.22 does not satisfy the ^0.8.0 semver requirement","ruleId":"compiler-version","fix":null,"filePath":"Benchmarks/Study_SamplesSet/e15bf26b21fb1338b0ebff313a45c1fe.sol"},{"line":41,"column":49,"severity":"Warning","message":"Visibility modifier must be first in list of modifiers","ruleId":"visibility-modifier-order","fix":null,"filePath":"Benchmarks/Study_SamplesSet/e15bf26b21fb1338b0ebff313a45c1fe.sol"},{"line":61,"column":37,"severity":"Warning","message":"Visibility modifier must be first in list of modifiers","ruleId":"visibility-modifier-order","fix":null,"filePath":"Benchmarks/Study_SamplesSet/e15bf26b21fb1338b0ebff313a45c1fe.sol"},{"line":62,"column":49,"severity":"Warning","message":"Visibility modifier must be first in list of modifiers","ruleId":"visibility-modifier-order","fix":null,"filePath":"Benchmarks/Study_SamplesSet/e15bf26b21fb1338b0ebff313a45c1fe.sol"},{"line":68,"column":5,"severity":"Error","message":"Explicitly mark visibility of state","ruleId":"state-visibility","fix":null,"filePath":"Benchmarks/Study_SamplesSet/e15bf26b21fb1338b0ebff313a45c1fe.sol"},{"line":70,"column":5,"severity":"Error","message":"Explicitly mark visibility of state","ruleId":"state-visibility","fix":null,"filePath":"Benchmarks/Study_SamplesSet/e15bf26b21fb1338b0ebff313a45c1fe.sol"},{"line":71,"column":5,"severity":"Error","message":"Explicitly mark visibility of state","ruleId":"state-visibility","fix":null,"filePath":"Benchmarks/Study_SamplesSet/e15bf26b21fb1338b0ebff313a45c1fe.sol"},{"line":72,"column":2,"severity":"Warning","message":"Variable name must be in mixedCase","ruleId":"var-name-mixedcase","fix":null,"filePath":"Benchmarks/Study_SamplesSet/e15bf26b21fb1338b0ebff313a45c1fe.sol"},{"line":73,"column":2,"severity":"Warning","message":"Variable name must be in mixedCase","ruleId":"var-name-mixedcase","fix":null,"filePath":"Benchmarks/Study_SamplesSet/e15bf26b21fb1338b0ebff313a45c1fe.sol"},{"line":75,"column":5,"severity":"Warning","message":"Constant name must be in capitalized SNAKE_CASE","ruleId":"const-name-snakecase","fix":null,"filePath":"Benchmarks/Study_SamplesSet/e15bf26b21fb1338b0ebff313a45c1fe.sol"},{"line":76,"column":5,"severity":"Warning","message":"Constant name must be in capitalized SNAKE_CASE","ruleId":"const-name-snakecase","fix":null,"filePath":"Benchmarks/Study_SamplesSet/e15bf26b21fb1338b0ebff313a45c1fe.sol"},{"line":77,"column":5,"severity":"Warning","message":"Rule is set with explicit type [var/s: uint]","ruleId":"explicit-types","filePath":"Benchmarks/Study_SamplesSet/e15bf26b21fb1338b0ebff313a45c1fe.sol"},{"line":77,"column":5,"severity":"Warning","message":"Constant name must be in capitalized SNAKE_CASE","ruleId":"const-name-snakecase","fix":null,"filePath":"Benchmarks/Study_SamplesSet/e15bf26b21fb1338b0ebff313a45c1fe.sol"},{"line":92,"column":9,"severity":"Warning","message":"Provide an error message for require","ruleId":"reason-string","fix":null,"filePath":"Benchmarks/Study_SamplesSet/e15bf26b21fb1338b0ebff313a45c1fe.sol"},{"line":92,"column":9,"severity":"Warning","message":"Use Custom Errors instead of require statements","ruleId":"custom-errors","fix":null,"filePath":"Benchmarks/Study_SamplesSet/e15bf26b21fb1338b0ebff313a45c1fe.sol"},{"line":97,"column":9,"severity":"Warning","message":"Provide an error message for require","ruleId":"reason-string","fix":null,"filePath":"Benchmarks/Study_SamplesSet/e15bf26b21fb1338b0ebff313a45c1fe.sol"},{"line":97,"column":9,"severity":"Warning","message":"Use Custom Errors instead of require statements","ruleId":"custom-errors","fix":null,"filePath":"Benchmarks/Study_SamplesSet/e15bf26b21fb1338b0ebff313a45c1fe.sol"},{"line":106,"column":60,"severity":"Warning","message":"Visibility modifier must be first in list of modifiers","ruleId":"visibility-modifier-order","fix":null,"filePath":"Benchmarks/Study_SamplesSet/e15bf26b21fb1338b0ebff313a45c1fe.sol"},{"line":112,"column":54,"severity":"Warning","message":"Visibility modifier must be first in list of modifiers","ruleId":"visibility-modifier-order","fix":null,"filePath":"Benchmarks/Study_SamplesSet/e15bf26b21fb1338b0ebff313a45c1fe.sol"},{"line":118,"column":59,"severity":"Warning","message":"Visibility modifier must be first in list of modifiers","ruleId":"visibility-modifier-order","fix":null,"filePath":"Benchmarks/Study_SamplesSet/e15bf26b21fb1338b0ebff313a45c1fe.sol"},{"line":134,"column":43,"severity":"Warning","message":"Visibility modifier must be first in list of modifiers","ruleId":"visibility-modifier-order","fix":null,"filePath":"Benchmarks/Study_SamplesSet/e15bf26b21fb1338b0ebff313a45c1fe.sol"},{"line":136,"column":9,"severity":"Warning","message":"Provide an error message for require","ruleId":"reason-string","fix":null,"filePath":"Benchmarks/Study_SamplesSet/e15bf26b21fb1338b0ebff313a45c1fe.sol"},{"line":136,"column":9,"severity":"Warning","message":"Use Custom Errors instead of require statements","ruleId":"custom-errors","fix":null,"filePath":"Benchmarks/Study_SamplesSet/e15bf26b21fb1338b0ebff313a45c1fe.sol"},{"line":139,"column":34,"severity":"Error","message":"Avoid making time-based decisions in your business logic","ruleId":"not-rely-on-time","fix":null,"filePath":"Benchmarks/Study_SamplesSet/e15bf26b21fb1338b0ebff313a45c1fe.sol"},{"line":145,"column":7,"severity":"Error","message":"Possible reentrancy vulnerabilities. Avoid state changes after transfer.","ruleId":"reentrancy","fix":null,"filePath":"Benchmarks/Study_SamplesSet/e15bf26b21fb1338b0ebff313a45c1fe.sol"},{"line":149,"column":10,"severity":"Error","message":"Possible reentrancy vulnerabilities. Avoid state changes after transfer.","ruleId":"reentrancy","fix":null,"filePath":"Benchmarks/Study_SamplesSet/e15bf26b21fb1338b0ebff313a45c1fe.sol"},{"line":154,"column":9,"severity":"Warning","message":"Provide an error message for require","ruleId":"reason-string","fix":null,"filePath":"Benchmarks/Study_SamplesSet/e15bf26b21fb1338b0ebff313a45c1fe.sol"},{"line":154,"column":9,"severity":"Warning","message":"Use Custom Errors instead of require statements","ruleId":"custom-errors","fix":null,"filePath":"Benchmarks/Study_SamplesSet/e15bf26b21fb1338b0ebff313a45c1fe.sol"},{"line":157,"column":13,"severity":"Error","message":"Possible reentrancy vulnerabilities. Avoid state changes after transfer.","ruleId":"reentrancy","fix":null,"filePath":"Benchmarks/Study_SamplesSet/e15bf26b21fb1338b0ebff313a45c1fe.sol"},{"line":159,"column":9,"severity":"Error","message":"Possible reentrancy vulnerabilities. Avoid state changes after transfer.","ruleId":"reentrancy","fix":null,"filePath":"Benchmarks/Study_SamplesSet/e15bf26b21fb1338b0ebff313a45c1fe.sol"},{"line":162,"column":49,"severity":"Warning","message":"Visibility modifier must be first in list of modifiers","ruleId":"visibility-modifier-order","fix":null,"filePath":"Benchmarks/Study_SamplesSet/e15bf26b21fb1338b0ebff313a45c1fe.sol"},{"line":166,"column":30,"severity":"Warning","message":"Rule is set with explicit type [var/s: uint]","ruleId":"explicit-types","filePath":"Benchmarks/Study_SamplesSet/e15bf26b21fb1338b0ebff313a45c1fe.sol"},{"line":171,"column":77,"severity":"Warning","message":"Visibility modifier must be first in list of modifiers","ruleId":"visibility-modifier-order","fix":null,"filePath":"Benchmarks/Study_SamplesSet/e15bf26b21fb1338b0ebff313a45c1fe.sol"},{"line":172,"column":9,"severity":"Warning","message":"Provide an error message for require","ruleId":"reason-string","fix":null,"filePath":"Benchmarks/Study_SamplesSet/e15bf26b21fb1338b0ebff313a45c1fe.sol"},{"line":172,"column":9,"severity":"Warning","message":"Use Custom Errors instead of require statements","ruleId":"custom-errors","fix":null,"filePath":"Benchmarks/Study_SamplesSet/e15bf26b21fb1338b0ebff313a45c1fe.sol"},{"line":173,"column":9,"severity":"Warning","message":"Provide an error message for require","ruleId":"reason-string","fix":null,"filePath":"Benchmarks/Study_SamplesSet/e15bf26b21fb1338b0ebff313a45c1fe.sol"},{"line":173,"column":9,"severity":"Warning","message":"Use Custom Errors instead of require statements","ruleId":"custom-errors","fix":null,"filePath":"Benchmarks/Study_SamplesSet/e15bf26b21fb1338b0ebff313a45c1fe.sol"},{"line":181,"column":96,"severity":"Warning","message":"Visibility modifier must be first in list of modifiers","ruleId":"visibility-modifier-order","fix":null,"filePath":"Benchmarks/Study_SamplesSet/e15bf26b21fb1338b0ebff313a45c1fe.sol"},{"line":182,"column":9,"severity":"Warning","message":"Provide an error message for require","ruleId":"reason-string","fix":null,"filePath":"Benchmarks/Study_SamplesSet/e15bf26b21fb1338b0ebff313a45c1fe.sol"},{"line":182,"column":9,"severity":"Warning","message":"Use Custom Errors instead of require statements","ruleId":"custom-errors","fix":null,"filePath":"Benchmarks/Study_SamplesSet/e15bf26b21fb1338b0ebff313a45c1fe.sol"},{"line":183,"column":9,"severity":"Warning","message":"Provide an error message for require","ruleId":"reason-string","fix":null,"filePath":"Benchmarks/Study_SamplesSet/e15bf26b21fb1338b0ebff313a45c1fe.sol"},{"line":183,"column":9,"severity":"Warning","message":"Use Custom Errors instead of require statements","ruleId":"custom-errors","fix":null,"filePath":"Benchmarks/Study_SamplesSet/e15bf26b21fb1338b0ebff313a45c1fe.sol"},{"line":184,"column":9,"severity":"Warning","message":"Provide an error message for require","ruleId":"reason-string","fix":null,"filePath":"Benchmarks/Study_SamplesSet/e15bf26b21fb1338b0ebff313a45c1fe.sol"},{"line":184,"column":9,"severity":"Warning","message":"Use Custom Errors instead of require statements","ruleId":"custom-errors","fix":null,"filePath":"Benchmarks/Study_SamplesSet/e15bf26b21fb1338b0ebff313a45c1fe.sol"},{"line":200,"column":67,"severity":"Warning","message":"Visibility modifier must be first in list of modifiers","ruleId":"visibility-modifier-order","fix":null,"filePath":"Benchmarks/Study_SamplesSet/e15bf26b21fb1338b0ebff313a45c1fe.sol"},{"line":204,"column":74,"severity":"Warning","message":"Visibility modifier must be first in list of modifiers","ruleId":"visibility-modifier-order","fix":null,"filePath":"Benchmarks/Study_SamplesSet/e15bf26b21fb1338b0ebff313a45c1fe.sol"},{"line":204,"column":90,"severity":"Warning","message":"Rule is set with explicit type [var/s: uint]","ruleId":"explicit-types","filePath":"Benchmarks/Study_SamplesSet/e15bf26b21fb1338b0ebff313a45c1fe.sol"},{"line":206,"column":9,"severity":"Warning","message":"Rule is set with explicit type [var/s: uint]","ruleId":"explicit-types","filePath":"Benchmarks/Study_SamplesSet/e15bf26b21fb1338b0ebff313a45c1fe.sol"},{"line":210,"column":35,"severity":"Warning","message":"Visibility modifier must be first in list of modifiers","ruleId":"visibility-modifier-order","fix":null,"filePath":"Benchmarks/Study_SamplesSet/e15bf26b21fb1338b0ebff313a45c1fe.sol"},{"line":215,"column":45,"severity":"Warning","message":"Visibility modifier must be first in list of modifiers","ruleId":"visibility-modifier-order","fix":null,"filePath":"Benchmarks/Study_SamplesSet/e15bf26b21fb1338b0ebff313a45c1fe.sol"},{"line":216,"column":9,"severity":"Warning","message":"Provide an error message for require","ruleId":"reason-string","fix":null,"filePath":"Benchmarks/Study_SamplesSet/e15bf26b21fb1338b0ebff313a45c1fe.sol"},{"line":216,"column":9,"severity":"Warning","message":"Use Custom Errors instead of require statements","ruleId":"custom-errors","fix":null,"filePath":"Benchmarks/Study_SamplesSet/e15bf26b21fb1338b0ebff313a45c1fe.sol"},{"line":225,"column":70,"severity":"Warning","message":"Visibility modifier must be first in list of modifiers","ruleId":"visibility-modifier-order","fix":null,"filePath":"Benchmarks/Study_SamplesSet/e15bf26b21fb1338b0ebff313a45c1fe.sol"},{"conclusion":"54 problem/s (9 error/s, 45 warning/s)"}]
