[{"line":1,"column":1,"severity":"Warning","message":"Found more than One contract per file. 3 contracts found!","ruleId":"one-contract-per-file","fix":null,"filePath":"Benchmarks/Study_SamplesSet/e3b929f35c248b5cc0554436e121eef1.sol"},{"line":1,"column":1,"severity":"Error","message":"Compiler version ^0.4.15 does not satisfy the ^0.8.0 semver requirement","ruleId":"compiler-version","fix":null,"filePath":"Benchmarks/Study_SamplesSet/e3b929f35c248b5cc0554436e121eef1.sol"},{"line":4,"column":5,"severity":"Warning","message":"Function name must be in mixedCase","ruleId":"func-name-mixedcase","fix":null,"filePath":"Benchmarks/Study_SamplesSet/e3b929f35c248b5cc0554436e121eef1.sol"},{"line":4,"column":5,"severity":"Error","message":"Explicitly mark visibility in function","ruleId":"func-visibility","fix":null,"filePath":"Benchmarks/Study_SamplesSet/e3b929f35c248b5cc0554436e121eef1.sol"},{"line":4,"column":24,"severity":"Warning","message":"Rule is set with explicit type [var/s: int]","ruleId":"explicit-types","filePath":"Benchmarks/Study_SamplesSet/e3b929f35c248b5cc0554436e121eef1.sol"},{"line":8,"column":5,"severity":"Warning","message":"Function name must be in mixedCase","ruleId":"func-name-mixedcase","fix":null,"filePath":"Benchmarks/Study_SamplesSet/e3b929f35c248b5cc0554436e121eef1.sol"},{"line":8,"column":5,"severity":"Error","message":"Explicitly mark visibility in function","ruleId":"func-visibility","fix":null,"filePath":"Benchmarks/Study_SamplesSet/e3b929f35c248b5cc0554436e121eef1.sol"},{"line":13,"column":1,"severity":"Error","message":"Compiler version ^0.4.15 does not satisfy the ^0.8.0 semver requirement","ruleId":"compiler-version","fix":null,"filePath":"Benchmarks/Study_SamplesSet/e3b929f35c248b5cc0554436e121eef1.sol"},{"line":16,"column":5,"severity":"Warning","message":"Rule is set with explicit type [var/s: int]","ruleId":"explicit-types","filePath":"Benchmarks/Study_SamplesSet/e3b929f35c248b5cc0554436e121eef1.sol"},{"line":18,"column":5,"severity":"Warning","message":"Function name must be in mixedCase","ruleId":"func-name-mixedcase","fix":null,"filePath":"Benchmarks/Study_SamplesSet/e3b929f35c248b5cc0554436e121eef1.sol"},{"line":18,"column":5,"severity":"Error","message":"Explicitly mark visibility in function","ruleId":"func-visibility","fix":null,"filePath":"Benchmarks/Study_SamplesSet/e3b929f35c248b5cc0554436e121eef1.sol"},{"line":18,"column":24,"severity":"Warning","message":"Rule is set with explicit type [var/s: int]","ruleId":"explicit-types","filePath":"Benchmarks/Study_SamplesSet/e3b929f35c248b5cc0554436e121eef1.sol"},{"line":18,"column":24,"severity":"Warning","message":"Variable name must be in mixedCase","ruleId":"var-name-mixedcase","fix":null,"filePath":"Benchmarks/Study_SamplesSet/e3b929f35c248b5cc0554436e121eef1.sol"},{"line":22,"column":5,"severity":"Warning","message":"Fallback should be external and payable to accept native currency","ruleId":"payable-fallback","filePath":"Benchmarks/Study_SamplesSet/e3b929f35c248b5cc0554436e121eef1.sol"},{"line":22,"column":5,"severity":"Error","message":"Explicitly mark visibility in function","ruleId":"func-visibility","fix":null,"filePath":"Benchmarks/Study_SamplesSet/e3b929f35c248b5cc0554436e121eef1.sol"},{"conclusion":"15 problem/s (6 error/s, 9 warning/s)"}]
