[{"line":6,"column":1,"severity":"Warning","message":"Found more than One contract per file. 4 contracts found!","ruleId":"one-contract-per-file","fix":null,"filePath":"Benchmarks/Study_SamplesSet/e42f79800a4c6a1bf6fded5cf76c5b5e.sol"},{"line":6,"column":1,"severity":"Error","message":"Compiler version >=0.5.11 does not satisfy the ^0.8.0 semver requirement","ruleId":"compiler-version","fix":null,"filePath":"Benchmarks/Study_SamplesSet/e42f79800a4c6a1bf6fded5cf76c5b5e.sol"},{"line":95,"column":3,"severity":"Error","message":"Explicitly mark visibility of state","ruleId":"state-visibility","fix":null,"filePath":"Benchmarks/Study_SamplesSet/e42f79800a4c6a1bf6fded5cf76c5b5e.sol"},{"line":95,"column":3,"severity":"Warning","message":"Rule is set with explicit type [var/s: uint]","ruleId":"explicit-types","filePath":"Benchmarks/Study_SamplesSet/e42f79800a4c6a1bf6fded5cf76c5b5e.sol"},{"line":95,"column":3,"severity":"Warning","message":"Variable name must be in mixedCase","ruleId":"var-name-mixedcase","fix":null,"filePath":"Benchmarks/Study_SamplesSet/e42f79800a4c6a1bf6fded5cf76c5b5e.sol"},{"line":97,"column":1,"severity":"Warning","message":"Function name must be in mixedCase","ruleId":"func-name-mixedcase","fix":null,"filePath":"Benchmarks/Study_SamplesSet/e42f79800a4c6a1bf6fded5cf76c5b5e.sol"},{"line":97,"column":40,"severity":"Warning","message":"Rule is set with explicit type [var/s: uint]","ruleId":"explicit-types","filePath":"Benchmarks/Study_SamplesSet/e42f79800a4c6a1bf6fded5cf76c5b5e.sol"},{"line":98,"column":5,"severity":"Warning","message":"Provide an error message for require","ruleId":"reason-string","fix":null,"filePath":"Benchmarks/Study_SamplesSet/e42f79800a4c6a1bf6fded5cf76c5b5e.sol"},{"line":98,"column":5,"severity":"Warning","message":"Use Custom Errors instead of require statements","ruleId":"custom-errors","fix":null,"filePath":"Benchmarks/Study_SamplesSet/e42f79800a4c6a1bf6fded5cf76c5b5e.sol"},{"line":105,"column":3,"severity":"Warning","message":"Function name must be in mixedCase","ruleId":"func-name-mixedcase","fix":null,"filePath":"Benchmarks/Study_SamplesSet/e42f79800a4c6a1bf6fded5cf76c5b5e.sol"},{"line":118,"column":1,"severity":"Error","message":"Explicitly mark visibility of state","ruleId":"state-visibility","fix":null,"filePath":"Benchmarks/Study_SamplesSet/e42f79800a4c6a1bf6fded5cf76c5b5e.sol"},{"line":118,"column":1,"severity":"Warning","message":"Rule is set with explicit type [var/s: uint]","ruleId":"explicit-types","filePath":"Benchmarks/Study_SamplesSet/e42f79800a4c6a1bf6fded5cf76c5b5e.sol"},{"line":118,"column":1,"severity":"Warning","message":"Variable name must be in mixedCase","ruleId":"var-name-mixedcase","fix":null,"filePath":"Benchmarks/Study_SamplesSet/e42f79800a4c6a1bf6fded5cf76c5b5e.sol"},{"line":120,"column":1,"severity":"Warning","message":"Function name must be in mixedCase","ruleId":"func-name-mixedcase","fix":null,"filePath":"Benchmarks/Study_SamplesSet/e42f79800a4c6a1bf6fded5cf76c5b5e.sol"},{"line":120,"column":40,"severity":"Warning","message":"Rule is set with explicit type [var/s: uint]","ruleId":"explicit-types","filePath":"Benchmarks/Study_SamplesSet/e42f79800a4c6a1bf6fded5cf76c5b5e.sol"},{"line":121,"column":5,"severity":"Warning","message":"Provide an error message for require","ruleId":"reason-string","fix":null,"filePath":"Benchmarks/Study_SamplesSet/e42f79800a4c6a1bf6fded5cf76c5b5e.sol"},{"line":121,"column":5,"severity":"Warning","message":"Use Custom Errors instead of require statements","ruleId":"custom-errors","fix":null,"filePath":"Benchmarks/Study_SamplesSet/e42f79800a4c6a1bf6fded5cf76c5b5e.sol"},{"line":133,"column":1,"severity":"Error","message":"Explicitly mark visibility of state","ruleId":"state-visibility","fix":null,"filePath":"Benchmarks/Study_SamplesSet/e42f79800a4c6a1bf6fded5cf76c5b5e.sol"},{"line":133,"column":1,"severity":"Warning","message":"Rule is set with explicit type [var/s: uint]","ruleId":"explicit-types","filePath":"Benchmarks/Study_SamplesSet/e42f79800a4c6a1bf6fded5cf76c5b5e.sol"},{"line":133,"column":1,"severity":"Warning","message":"Variable name must be in mixedCase","ruleId":"var-name-mixedcase","fix":null,"filePath":"Benchmarks/Study_SamplesSet/e42f79800a4c6a1bf6fded5cf76c5b5e.sol"},{"line":135,"column":1,"severity":"Warning","message":"Function name must be in mixedCase","ruleId":"func-name-mixedcase","fix":null,"filePath":"Benchmarks/Study_SamplesSet/e42f79800a4c6a1bf6fded5cf76c5b5e.sol"},{"line":135,"column":40,"severity":"Warning","message":"Rule is set with explicit type [var/s: uint]","ruleId":"explicit-types","filePath":"Benchmarks/Study_SamplesSet/e42f79800a4c6a1bf6fded5cf76c5b5e.sol"},{"line":136,"column":5,"severity":"Warning","message":"Provide an error message for require","ruleId":"reason-string","fix":null,"filePath":"Benchmarks/Study_SamplesSet/e42f79800a4c6a1bf6fded5cf76c5b5e.sol"},{"line":136,"column":5,"severity":"Warning","message":"Use Custom Errors instead of require statements","ruleId":"custom-errors","fix":null,"filePath":"Benchmarks/Study_SamplesSet/e42f79800a4c6a1bf6fded5cf76c5b5e.sol"},{"line":146,"column":9,"severity":"Warning","message":"Use Custom Errors instead of require statements","ruleId":"custom-errors","fix":null,"filePath":"Benchmarks/Study_SamplesSet/e42f79800a4c6a1bf6fded5cf76c5b5e.sol"},{"line":156,"column":1,"severity":"Warning","message":"Function name must be in mixedCase","ruleId":"func-name-mixedcase","fix":null,"filePath":"Benchmarks/Study_SamplesSet/e42f79800a4c6a1bf6fded5cf76c5b5e.sol"},{"line":156,"column":21,"severity":"Warning","message":"Variable name must be in mixedCase","ruleId":"var-name-mixedcase","fix":null,"filePath":"Benchmarks/Study_SamplesSet/e42f79800a4c6a1bf6fded5cf76c5b5e.sol"},{"line":168,"column":1,"severity":"Warning","message":"Function name must be in mixedCase","ruleId":"func-name-mixedcase","fix":null,"filePath":"Benchmarks/Study_SamplesSet/e42f79800a4c6a1bf6fded5cf76c5b5e.sol"},{"line":177,"column":9,"severity":"Warning","message":"Error message for require is too long: 38 counted / 32 allowed","ruleId":"reason-string","fix":null,"filePath":"Benchmarks/Study_SamplesSet/e42f79800a4c6a1bf6fded5cf76c5b5e.sol"},{"line":177,"column":9,"severity":"Warning","message":"Use Custom Errors instead of require statements","ruleId":"custom-errors","fix":null,"filePath":"Benchmarks/Study_SamplesSet/e42f79800a4c6a1bf6fded5cf76c5b5e.sol"},{"line":181,"column":1,"severity":"Warning","message":"Function name must be in mixedCase","ruleId":"func-name-mixedcase","fix":null,"filePath":"Benchmarks/Study_SamplesSet/e42f79800a4c6a1bf6fded5cf76c5b5e.sol"},{"line":181,"column":22,"severity":"Warning","message":"Variable name must be in mixedCase","ruleId":"var-name-mixedcase","fix":null,"filePath":"Benchmarks/Study_SamplesSet/e42f79800a4c6a1bf6fded5cf76c5b5e.sol"},{"line":201,"column":3,"severity":"Warning","message":"Function name must be in mixedCase","ruleId":"func-name-mixedcase","fix":null,"filePath":"Benchmarks/Study_SamplesSet/e42f79800a4c6a1bf6fded5cf76c5b5e.sol"},{"line":201,"column":23,"severity":"Warning","message":"Variable name must be in mixedCase","ruleId":"var-name-mixedcase","fix":null,"filePath":"Benchmarks/Study_SamplesSet/e42f79800a4c6a1bf6fded5cf76c5b5e.sol"},{"line":212,"column":1,"severity":"Warning","message":"Function name must be in mixedCase","ruleId":"func-name-mixedcase","fix":null,"filePath":"Benchmarks/Study_SamplesSet/e42f79800a4c6a1bf6fded5cf76c5b5e.sol"},{"line":228,"column":9,"severity":"Warning","message":"Use Custom Errors instead of require statements","ruleId":"custom-errors","fix":null,"filePath":"Benchmarks/Study_SamplesSet/e42f79800a4c6a1bf6fded5cf76c5b5e.sol"},{"line":234,"column":3,"severity":"Warning","message":"Function name must be in mixedCase","ruleId":"func-name-mixedcase","fix":null,"filePath":"Benchmarks/Study_SamplesSet/e42f79800a4c6a1bf6fded5cf76c5b5e.sol"},{"line":239,"column":3,"severity":"Warning","message":"Function name must be in mixedCase","ruleId":"func-name-mixedcase","fix":null,"filePath":"Benchmarks/Study_SamplesSet/e42f79800a4c6a1bf6fded5cf76c5b5e.sol"},{"line":245,"column":3,"severity":"Warning","message":"Rule is set with explicit type [var/s: uint]","ruleId":"explicit-types","filePath":"Benchmarks/Study_SamplesSet/e42f79800a4c6a1bf6fded5cf76c5b5e.sol"},{"line":245,"column":3,"severity":"Warning","message":"Variable name must be in mixedCase","ruleId":"var-name-mixedcase","fix":null,"filePath":"Benchmarks/Study_SamplesSet/e42f79800a4c6a1bf6fded5cf76c5b5e.sol"},{"line":247,"column":1,"severity":"Warning","message":"Function name must be in mixedCase","ruleId":"func-name-mixedcase","fix":null,"filePath":"Benchmarks/Study_SamplesSet/e42f79800a4c6a1bf6fded5cf76c5b5e.sol"},{"line":247,"column":35,"severity":"Warning","message":"Rule is set with explicit type [var/s: uint]","ruleId":"explicit-types","filePath":"Benchmarks/Study_SamplesSet/e42f79800a4c6a1bf6fded5cf76c5b5e.sol"},{"line":250,"column":1,"severity":"Warning","message":"Function name must be in mixedCase","ruleId":"func-name-mixedcase","fix":null,"filePath":"Benchmarks/Study_SamplesSet/e42f79800a4c6a1bf6fded5cf76c5b5e.sol"},{"line":251,"column":9,"severity":"Warning","message":"Provide an error message for require","ruleId":"reason-string","fix":null,"filePath":"Benchmarks/Study_SamplesSet/e42f79800a4c6a1bf6fded5cf76c5b5e.sol"},{"line":251,"column":9,"severity":"Warning","message":"Use Custom Errors instead of require statements","ruleId":"custom-errors","fix":null,"filePath":"Benchmarks/Study_SamplesSet/e42f79800a4c6a1bf6fded5cf76c5b5e.sol"},{"line":251,"column":17,"severity":"Error","message":"Avoid making time-based decisions in your business logic","ruleId":"not-rely-on-time","fix":null,"filePath":"Benchmarks/Study_SamplesSet/e42f79800a4c6a1bf6fded5cf76c5b5e.sol"},{"line":252,"column":9,"severity":"Warning","message":"Rule is set with explicit type [var/s: uint]","ruleId":"explicit-types","filePath":"Benchmarks/Study_SamplesSet/e42f79800a4c6a1bf6fded5cf76c5b5e.sol"},{"line":252,"column":9,"severity":"Warning","message":"Variable name must be in mixedCase","ruleId":"var-name-mixedcase","fix":null,"filePath":"Benchmarks/Study_SamplesSet/e42f79800a4c6a1bf6fded5cf76c5b5e.sol"},{"line":259,"column":17,"severity":"Error","message":"Explicitly mark all external contracts as trusted or untrusted","ruleId":"mark-callable-contracts","filePath":"Benchmarks/Study_SamplesSet/e42f79800a4c6a1bf6fded5cf76c5b5e.sol"},{"line":261,"column":1,"severity":"Warning","message":"Function name must be in mixedCase","ruleId":"func-name-mixedcase","fix":null,"filePath":"Benchmarks/Study_SamplesSet/e42f79800a4c6a1bf6fded5cf76c5b5e.sol"},{"line":261,"column":22,"severity":"Warning","message":"Variable name must be in mixedCase","ruleId":"var-name-mixedcase","fix":null,"filePath":"Benchmarks/Study_SamplesSet/e42f79800a4c6a1bf6fded5cf76c5b5e.sol"},{"line":271,"column":20,"severity":"Warning","message":"Visibility modifier must be first in list of modifiers","ruleId":"visibility-modifier-order","fix":null,"filePath":"Benchmarks/Study_SamplesSet/e42f79800a4c6a1bf6fded5cf76c5b5e.sol"},{"line":272,"column":9,"severity":"Warning","message":"Use Custom Errors instead of require statements","ruleId":"custom-errors","fix":null,"filePath":"Benchmarks/Study_SamplesSet/e42f79800a4c6a1bf6fded5cf76c5b5e.sol"},{"line":272,"column":17,"severity":"Error","message":"Avoid to use tx.origin","ruleId":"avoid-tx-origin","fix":null,"filePath":"Benchmarks/Study_SamplesSet/e42f79800a4c6a1bf6fded5cf76c5b5e.sol"},{"line":281,"column":9,"severity":"Warning","message":"Use Custom Errors instead of require statements","ruleId":"custom-errors","fix":null,"filePath":"Benchmarks/Study_SamplesSet/e42f79800a4c6a1bf6fded5cf76c5b5e.sol"},{"line":281,"column":35,"severity":"Error","message":"Explicitly mark all external contracts as trusted or untrusted","ruleId":"mark-callable-contracts","filePath":"Benchmarks/Study_SamplesSet/e42f79800a4c6a1bf6fded5cf76c5b5e.sol"},{"line":282,"column":9,"severity":"Warning","message":"Provide an error message for require","ruleId":"reason-string","fix":null,"filePath":"Benchmarks/Study_SamplesSet/e42f79800a4c6a1bf6fded5cf76c5b5e.sol"},{"line":282,"column":9,"severity":"Warning","message":"Use Custom Errors instead of require statements","ruleId":"custom-errors","fix":null,"filePath":"Benchmarks/Study_SamplesSet/e42f79800a4c6a1bf6fded5cf76c5b5e.sol"},{"line":283,"column":9,"severity":"Warning","message":"Provide an error message for require","ruleId":"reason-string","fix":null,"filePath":"Benchmarks/Study_SamplesSet/e42f79800a4c6a1bf6fded5cf76c5b5e.sol"},{"line":283,"column":9,"severity":"Warning","message":"Use Custom Errors instead of require statements","ruleId":"custom-errors","fix":null,"filePath":"Benchmarks/Study_SamplesSet/e42f79800a4c6a1bf6fded5cf76c5b5e.sol"},{"line":285,"column":1,"severity":"Warning","message":"Rule is set with explicit type [var/s: uint]","ruleId":"explicit-types","filePath":"Benchmarks/Study_SamplesSet/e42f79800a4c6a1bf6fded5cf76c5b5e.sol"},{"line":285,"column":1,"severity":"Warning","message":"Variable name must be in mixedCase","ruleId":"var-name-mixedcase","fix":null,"filePath":"Benchmarks/Study_SamplesSet/e42f79800a4c6a1bf6fded5cf76c5b5e.sol"},{"line":287,"column":1,"severity":"Warning","message":"Function name must be in mixedCase","ruleId":"func-name-mixedcase","fix":null,"filePath":"Benchmarks/Study_SamplesSet/e42f79800a4c6a1bf6fded5cf76c5b5e.sol"},{"line":287,"column":35,"severity":"Warning","message":"Rule is set with explicit type [var/s: uint]","ruleId":"explicit-types","filePath":"Benchmarks/Study_SamplesSet/e42f79800a4c6a1bf6fded5cf76c5b5e.sol"},{"line":290,"column":1,"severity":"Warning","message":"Function name must be in mixedCase","ruleId":"func-name-mixedcase","fix":null,"filePath":"Benchmarks/Study_SamplesSet/e42f79800a4c6a1bf6fded5cf76c5b5e.sol"},{"line":291,"column":9,"severity":"Warning","message":"Provide an error message for require","ruleId":"reason-string","fix":null,"filePath":"Benchmarks/Study_SamplesSet/e42f79800a4c6a1bf6fded5cf76c5b5e.sol"},{"line":291,"column":9,"severity":"Warning","message":"Use Custom Errors instead of require statements","ruleId":"custom-errors","fix":null,"filePath":"Benchmarks/Study_SamplesSet/e42f79800a4c6a1bf6fded5cf76c5b5e.sol"},{"line":291,"column":17,"severity":"Error","message":"Avoid making time-based decisions in your business logic","ruleId":"not-rely-on-time","fix":null,"filePath":"Benchmarks/Study_SamplesSet/e42f79800a4c6a1bf6fded5cf76c5b5e.sol"},{"line":292,"column":9,"severity":"Warning","message":"Rule is set with explicit type [var/s: uint]","ruleId":"explicit-types","filePath":"Benchmarks/Study_SamplesSet/e42f79800a4c6a1bf6fded5cf76c5b5e.sol"},{"line":292,"column":9,"severity":"Warning","message":"Variable name must be in mixedCase","ruleId":"var-name-mixedcase","fix":null,"filePath":"Benchmarks/Study_SamplesSet/e42f79800a4c6a1bf6fded5cf76c5b5e.sol"},{"line":296,"column":56,"severity":"Warning","message":"Visibility modifier must be first in list of modifiers","ruleId":"visibility-modifier-order","fix":null,"filePath":"Benchmarks/Study_SamplesSet/e42f79800a4c6a1bf6fded5cf76c5b5e.sol"},{"line":297,"column":9,"severity":"Warning","message":"Provide an error message for require","ruleId":"reason-string","fix":null,"filePath":"Benchmarks/Study_SamplesSet/e42f79800a4c6a1bf6fded5cf76c5b5e.sol"},{"line":297,"column":9,"severity":"Warning","message":"Use Custom Errors instead of require statements","ruleId":"custom-errors","fix":null,"filePath":"Benchmarks/Study_SamplesSet/e42f79800a4c6a1bf6fded5cf76c5b5e.sol"},{"line":301,"column":1,"severity":"Warning","message":"Function name must be in mixedCase","ruleId":"func-name-mixedcase","fix":null,"filePath":"Benchmarks/Study_SamplesSet/e42f79800a4c6a1bf6fded5cf76c5b5e.sol"},{"conclusion":"74 problem/s (9 error/s, 65 warning/s)"}]
