[{"line":7,"column":1,"severity":"Warning","message":"Found more than One contract per file. 2 contracts found!","ruleId":"one-contract-per-file","fix":null,"filePath":"Benchmarks/Study_SamplesSet/e451458f0dae796e25f570a8bd4cb2f4.sol"},{"line":7,"column":1,"severity":"Error","message":"Compiler version ^0.4.24 does not satisfy the ^0.8.0 semver requirement","ruleId":"compiler-version","fix":null,"filePath":"Benchmarks/Study_SamplesSet/e451458f0dae796e25f570a8bd4cb2f4.sol"},{"line":27,"column":5,"severity":"Warning","message":"Provide an error message for require","ruleId":"reason-string","fix":null,"filePath":"Benchmarks/Study_SamplesSet/e451458f0dae796e25f570a8bd4cb2f4.sol"},{"line":27,"column":5,"severity":"Warning","message":"Use Custom Errors instead of require statements","ruleId":"custom-errors","fix":null,"filePath":"Benchmarks/Study_SamplesSet/e451458f0dae796e25f570a8bd4cb2f4.sol"},{"line":36,"column":5,"severity":"Warning","message":"Provide an error message for require","ruleId":"reason-string","fix":null,"filePath":"Benchmarks/Study_SamplesSet/e451458f0dae796e25f570a8bd4cb2f4.sol"},{"line":36,"column":5,"severity":"Warning","message":"Use Custom Errors instead of require statements","ruleId":"custom-errors","fix":null,"filePath":"Benchmarks/Study_SamplesSet/e451458f0dae796e25f570a8bd4cb2f4.sol"},{"line":47,"column":5,"severity":"Warning","message":"Provide an error message for require","ruleId":"reason-string","fix":null,"filePath":"Benchmarks/Study_SamplesSet/e451458f0dae796e25f570a8bd4cb2f4.sol"},{"line":47,"column":5,"severity":"Warning","message":"Use Custom Errors instead of require statements","ruleId":"custom-errors","fix":null,"filePath":"Benchmarks/Study_SamplesSet/e451458f0dae796e25f570a8bd4cb2f4.sol"},{"line":58,"column":5,"severity":"Warning","message":"Provide an error message for require","ruleId":"reason-string","fix":null,"filePath":"Benchmarks/Study_SamplesSet/e451458f0dae796e25f570a8bd4cb2f4.sol"},{"line":58,"column":5,"severity":"Warning","message":"Use Custom Errors instead of require statements","ruleId":"custom-errors","fix":null,"filePath":"Benchmarks/Study_SamplesSet/e451458f0dae796e25f570a8bd4cb2f4.sol"},{"line":68,"column":5,"severity":"Warning","message":"Provide an error message for require","ruleId":"reason-string","fix":null,"filePath":"Benchmarks/Study_SamplesSet/e451458f0dae796e25f570a8bd4cb2f4.sol"},{"line":68,"column":5,"severity":"Warning","message":"Use Custom Errors instead of require statements","ruleId":"custom-errors","fix":null,"filePath":"Benchmarks/Study_SamplesSet/e451458f0dae796e25f570a8bd4cb2f4.sol"},{"line":86,"column":3,"severity":"Error","message":"Explicitly mark visibility in function (Set ignoreConstructors to true if using solidity >=0.7.0)","ruleId":"func-visibility","fix":null,"filePath":"Benchmarks/Study_SamplesSet/e451458f0dae796e25f570a8bd4cb2f4.sol"},{"line":86,"column":15,"severity":"Warning","message":"Rule is set with explicit type [var/s: uint]","ruleId":"explicit-types","filePath":"Benchmarks/Study_SamplesSet/e451458f0dae796e25f570a8bd4cb2f4.sol"},{"line":101,"column":5,"severity":"Warning","message":"Provide an error message for require","ruleId":"reason-string","fix":null,"filePath":"Benchmarks/Study_SamplesSet/e451458f0dae796e25f570a8bd4cb2f4.sol"},{"line":101,"column":5,"severity":"Warning","message":"Use Custom Errors instead of require statements","ruleId":"custom-errors","fix":null,"filePath":"Benchmarks/Study_SamplesSet/e451458f0dae796e25f570a8bd4cb2f4.sol"},{"line":102,"column":5,"severity":"Warning","message":"Provide an error message for require","ruleId":"reason-string","fix":null,"filePath":"Benchmarks/Study_SamplesSet/e451458f0dae796e25f570a8bd4cb2f4.sol"},{"line":102,"column":5,"severity":"Warning","message":"Use Custom Errors instead of require statements","ruleId":"custom-errors","fix":null,"filePath":"Benchmarks/Study_SamplesSet/e451458f0dae796e25f570a8bd4cb2f4.sol"},{"line":111,"column":5,"severity":"Warning","message":"Provide an error message for require","ruleId":"reason-string","fix":null,"filePath":"Benchmarks/Study_SamplesSet/e451458f0dae796e25f570a8bd4cb2f4.sol"},{"line":111,"column":5,"severity":"Warning","message":"Use Custom Errors instead of require statements","ruleId":"custom-errors","fix":null,"filePath":"Benchmarks/Study_SamplesSet/e451458f0dae796e25f570a8bd4cb2f4.sol"},{"line":119,"column":5,"severity":"Warning","message":"Provide an error message for require","ruleId":"reason-string","fix":null,"filePath":"Benchmarks/Study_SamplesSet/e451458f0dae796e25f570a8bd4cb2f4.sol"},{"line":119,"column":5,"severity":"Warning","message":"Use Custom Errors instead of require statements","ruleId":"custom-errors","fix":null,"filePath":"Benchmarks/Study_SamplesSet/e451458f0dae796e25f570a8bd4cb2f4.sol"},{"line":120,"column":5,"severity":"Warning","message":"Provide an error message for require","ruleId":"reason-string","fix":null,"filePath":"Benchmarks/Study_SamplesSet/e451458f0dae796e25f570a8bd4cb2f4.sol"},{"line":120,"column":5,"severity":"Warning","message":"Use Custom Errors instead of require statements","ruleId":"custom-errors","fix":null,"filePath":"Benchmarks/Study_SamplesSet/e451458f0dae796e25f570a8bd4cb2f4.sol"},{"line":121,"column":5,"severity":"Warning","message":"Provide an error message for require","ruleId":"reason-string","fix":null,"filePath":"Benchmarks/Study_SamplesSet/e451458f0dae796e25f570a8bd4cb2f4.sol"},{"line":121,"column":5,"severity":"Warning","message":"Use Custom Errors instead of require statements","ruleId":"custom-errors","fix":null,"filePath":"Benchmarks/Study_SamplesSet/e451458f0dae796e25f570a8bd4cb2f4.sol"},{"conclusion":"26 problem/s (2 error/s, 24 warning/s)"}]
