[{"line":1,"column":1,"severity":"Error","message":"Compiler version ^0.4.17 does not satisfy the ^0.8.0 semver requirement","ruleId":"compiler-version","fix":null,"filePath":"Benchmarks/Study_SamplesSet/e66c60b9ef5fb880de5cc9b205b1f05d.sol"},{"line":3,"column":1,"severity":"Warning","message":"Contract, Structs and Enums should be in CamelCase","ruleId":"contract-name-camelcase","filePath":"Benchmarks/Study_SamplesSet/e66c60b9ef5fb880de5cc9b205b1f05d.sol"},{"line":53,"column":9,"severity":"Warning","message":"Provide an error message for require","ruleId":"reason-string","fix":null,"filePath":"Benchmarks/Study_SamplesSet/e66c60b9ef5fb880de5cc9b205b1f05d.sol"},{"line":53,"column":9,"severity":"Warning","message":"Use Custom Errors instead of require statements","ruleId":"custom-errors","fix":null,"filePath":"Benchmarks/Study_SamplesSet/e66c60b9ef5fb880de5cc9b205b1f05d.sol"},{"line":54,"column":9,"severity":"Warning","message":"Provide an error message for require","ruleId":"reason-string","fix":null,"filePath":"Benchmarks/Study_SamplesSet/e66c60b9ef5fb880de5cc9b205b1f05d.sol"},{"line":54,"column":9,"severity":"Warning","message":"Use Custom Errors instead of require statements","ruleId":"custom-errors","fix":null,"filePath":"Benchmarks/Study_SamplesSet/e66c60b9ef5fb880de5cc9b205b1f05d.sol"},{"line":55,"column":9,"severity":"Warning","message":"Provide an error message for require","ruleId":"reason-string","fix":null,"filePath":"Benchmarks/Study_SamplesSet/e66c60b9ef5fb880de5cc9b205b1f05d.sol"},{"line":55,"column":9,"severity":"Warning","message":"Use Custom Errors instead of require statements","ruleId":"custom-errors","fix":null,"filePath":"Benchmarks/Study_SamplesSet/e66c60b9ef5fb880de5cc9b205b1f05d.sol"},{"line":68,"column":9,"severity":"Warning","message":"Provide an error message for require","ruleId":"reason-string","fix":null,"filePath":"Benchmarks/Study_SamplesSet/e66c60b9ef5fb880de5cc9b205b1f05d.sol"},{"line":68,"column":9,"severity":"Warning","message":"Use Custom Errors instead of require statements","ruleId":"custom-errors","fix":null,"filePath":"Benchmarks/Study_SamplesSet/e66c60b9ef5fb880de5cc9b205b1f05d.sol"},{"line":83,"column":9,"severity":"Warning","message":"Provide an error message for require","ruleId":"reason-string","fix":null,"filePath":"Benchmarks/Study_SamplesSet/e66c60b9ef5fb880de5cc9b205b1f05d.sol"},{"line":83,"column":9,"severity":"Warning","message":"Use Custom Errors instead of require statements","ruleId":"custom-errors","fix":null,"filePath":"Benchmarks/Study_SamplesSet/e66c60b9ef5fb880de5cc9b205b1f05d.sol"},{"line":84,"column":9,"severity":"Warning","message":"Provide an error message for require","ruleId":"reason-string","fix":null,"filePath":"Benchmarks/Study_SamplesSet/e66c60b9ef5fb880de5cc9b205b1f05d.sol"},{"line":84,"column":9,"severity":"Warning","message":"Use Custom Errors instead of require statements","ruleId":"custom-errors","fix":null,"filePath":"Benchmarks/Study_SamplesSet/e66c60b9ef5fb880de5cc9b205b1f05d.sol"},{"line":87,"column":9,"severity":"Error","message":"Explicitly mark all external contracts as trusted or untrusted","ruleId":"mark-callable-contracts","filePath":"Benchmarks/Study_SamplesSet/e66c60b9ef5fb880de5cc9b205b1f05d.sol"},{"line":91,"column":9,"severity":"Warning","message":"Provide an error message for require","ruleId":"reason-string","fix":null,"filePath":"Benchmarks/Study_SamplesSet/e66c60b9ef5fb880de5cc9b205b1f05d.sol"},{"line":91,"column":9,"severity":"Warning","message":"Use Custom Errors instead of require statements","ruleId":"custom-errors","fix":null,"filePath":"Benchmarks/Study_SamplesSet/e66c60b9ef5fb880de5cc9b205b1f05d.sol"},{"line":92,"column":9,"severity":"Warning","message":"Provide an error message for require","ruleId":"reason-string","fix":null,"filePath":"Benchmarks/Study_SamplesSet/e66c60b9ef5fb880de5cc9b205b1f05d.sol"},{"line":92,"column":9,"severity":"Warning","message":"Use Custom Errors instead of require statements","ruleId":"custom-errors","fix":null,"filePath":"Benchmarks/Study_SamplesSet/e66c60b9ef5fb880de5cc9b205b1f05d.sol"},{"line":92,"column":46,"severity":"Error","message":"Avoid making time-based decisions in your business logic","ruleId":"not-rely-on-time","fix":null,"filePath":"Benchmarks/Study_SamplesSet/e66c60b9ef5fb880de5cc9b205b1f05d.sol"},{"line":93,"column":9,"severity":"Warning","message":"Provide an error message for require","ruleId":"reason-string","fix":null,"filePath":"Benchmarks/Study_SamplesSet/e66c60b9ef5fb880de5cc9b205b1f05d.sol"},{"line":93,"column":9,"severity":"Warning","message":"Use Custom Errors instead of require statements","ruleId":"custom-errors","fix":null,"filePath":"Benchmarks/Study_SamplesSet/e66c60b9ef5fb880de5cc9b205b1f05d.sol"},{"line":94,"column":31,"severity":"Error","message":"Avoid making time-based decisions in your business logic","ruleId":"not-rely-on-time","fix":null,"filePath":"Benchmarks/Study_SamplesSet/e66c60b9ef5fb880de5cc9b205b1f05d.sol"},{"line":98,"column":9,"severity":"Error","message":"Explicitly mark all external contracts as trusted or untrusted","ruleId":"mark-callable-contracts","filePath":"Benchmarks/Study_SamplesSet/e66c60b9ef5fb880de5cc9b205b1f05d.sol"},{"line":101,"column":25,"severity":"Warning","message":"Visibility modifier must be first in list of modifiers","ruleId":"visibility-modifier-order","fix":null,"filePath":"Benchmarks/Study_SamplesSet/e66c60b9ef5fb880de5cc9b205b1f05d.sol"},{"line":101,"column":5,"severity":"Error","message":"Fallback function must be simple","ruleId":"no-complex-fallback","fix":null,"filePath":"Benchmarks/Study_SamplesSet/e66c60b9ef5fb880de5cc9b205b1f05d.sol"},{"line":102,"column":9,"severity":"Warning","message":"Provide an error message for require","ruleId":"reason-string","fix":null,"filePath":"Benchmarks/Study_SamplesSet/e66c60b9ef5fb880de5cc9b205b1f05d.sol"},{"line":102,"column":9,"severity":"Warning","message":"Use Custom Errors instead of require statements","ruleId":"custom-errors","fix":null,"filePath":"Benchmarks/Study_SamplesSet/e66c60b9ef5fb880de5cc9b205b1f05d.sol"},{"line":103,"column":9,"severity":"Warning","message":"Provide an error message for require","ruleId":"reason-string","fix":null,"filePath":"Benchmarks/Study_SamplesSet/e66c60b9ef5fb880de5cc9b205b1f05d.sol"},{"line":103,"column":9,"severity":"Warning","message":"Use Custom Errors instead of require statements","ruleId":"custom-errors","fix":null,"filePath":"Benchmarks/Study_SamplesSet/e66c60b9ef5fb880de5cc9b205b1f05d.sol"},{"line":105,"column":9,"severity":"Warning","message":"Provide an error message for require","ruleId":"reason-string","fix":null,"filePath":"Benchmarks/Study_SamplesSet/e66c60b9ef5fb880de5cc9b205b1f05d.sol"},{"line":105,"column":9,"severity":"Warning","message":"Use Custom Errors instead of require statements","ruleId":"custom-errors","fix":null,"filePath":"Benchmarks/Study_SamplesSet/e66c60b9ef5fb880de5cc9b205b1f05d.sol"},{"line":109,"column":9,"severity":"Error","message":"Explicitly mark all external contracts as trusted or untrusted","ruleId":"mark-callable-contracts","filePath":"Benchmarks/Study_SamplesSet/e66c60b9ef5fb880de5cc9b205b1f05d.sol"},{"line":119,"column":52,"severity":"Warning","message":"Rule is set with explicit type [var/s: uint]","ruleId":"explicit-types","filePath":"Benchmarks/Study_SamplesSet/e66c60b9ef5fb880de5cc9b205b1f05d.sol"},{"line":120,"column":9,"severity":"Warning","message":"Provide an error message for require","ruleId":"reason-string","fix":null,"filePath":"Benchmarks/Study_SamplesSet/e66c60b9ef5fb880de5cc9b205b1f05d.sol"},{"line":120,"column":9,"severity":"Warning","message":"Use Custom Errors instead of require statements","ruleId":"custom-errors","fix":null,"filePath":"Benchmarks/Study_SamplesSet/e66c60b9ef5fb880de5cc9b205b1f05d.sol"},{"line":122,"column":9,"severity":"Warning","message":"Provide an error message for require","ruleId":"reason-string","fix":null,"filePath":"Benchmarks/Study_SamplesSet/e66c60b9ef5fb880de5cc9b205b1f05d.sol"},{"line":122,"column":9,"severity":"Warning","message":"Use Custom Errors instead of require statements","ruleId":"custom-errors","fix":null,"filePath":"Benchmarks/Study_SamplesSet/e66c60b9ef5fb880de5cc9b205b1f05d.sol"},{"line":124,"column":9,"severity":"Warning","message":"Provide an error message for require","ruleId":"reason-string","fix":null,"filePath":"Benchmarks/Study_SamplesSet/e66c60b9ef5fb880de5cc9b205b1f05d.sol"},{"line":124,"column":9,"severity":"Warning","message":"Use Custom Errors instead of require statements","ruleId":"custom-errors","fix":null,"filePath":"Benchmarks/Study_SamplesSet/e66c60b9ef5fb880de5cc9b205b1f05d.sol"},{"line":126,"column":9,"severity":"Warning","message":"Provide an error message for require","ruleId":"reason-string","fix":null,"filePath":"Benchmarks/Study_SamplesSet/e66c60b9ef5fb880de5cc9b205b1f05d.sol"},{"line":126,"column":9,"severity":"Warning","message":"Use Custom Errors instead of require statements","ruleId":"custom-errors","fix":null,"filePath":"Benchmarks/Study_SamplesSet/e66c60b9ef5fb880de5cc9b205b1f05d.sol"},{"line":128,"column":9,"severity":"Warning","message":"Rule is set with explicit type [var/s: uint]","ruleId":"explicit-types","filePath":"Benchmarks/Study_SamplesSet/e66c60b9ef5fb880de5cc9b205b1f05d.sol"},{"line":133,"column":9,"severity":"Error","message":"Explicitly mark all external contracts as trusted or untrusted","ruleId":"mark-callable-contracts","filePath":"Benchmarks/Study_SamplesSet/e66c60b9ef5fb880de5cc9b205b1f05d.sol"},{"line":160,"column":9,"severity":"Warning","message":"Provide an error message for require","ruleId":"reason-string","fix":null,"filePath":"Benchmarks/Study_SamplesSet/e66c60b9ef5fb880de5cc9b205b1f05d.sol"},{"line":160,"column":9,"severity":"Warning","message":"Use Custom Errors instead of require statements","ruleId":"custom-errors","fix":null,"filePath":"Benchmarks/Study_SamplesSet/e66c60b9ef5fb880de5cc9b205b1f05d.sol"},{"line":207,"column":9,"severity":"Warning","message":"Provide an error message for require","ruleId":"reason-string","fix":null,"filePath":"Benchmarks/Study_SamplesSet/e66c60b9ef5fb880de5cc9b205b1f05d.sol"},{"line":207,"column":9,"severity":"Warning","message":"Use Custom Errors instead of require statements","ruleId":"custom-errors","fix":null,"filePath":"Benchmarks/Study_SamplesSet/e66c60b9ef5fb880de5cc9b205b1f05d.sol"},{"line":210,"column":9,"severity":"Error","message":"Explicitly mark all external contracts as trusted or untrusted","ruleId":"mark-callable-contracts","filePath":"Benchmarks/Study_SamplesSet/e66c60b9ef5fb880de5cc9b205b1f05d.sol"},{"line":223,"column":9,"severity":"Warning","message":"Provide an error message for require","ruleId":"reason-string","fix":null,"filePath":"Benchmarks/Study_SamplesSet/e66c60b9ef5fb880de5cc9b205b1f05d.sol"},{"line":223,"column":9,"severity":"Warning","message":"Use Custom Errors instead of require statements","ruleId":"custom-errors","fix":null,"filePath":"Benchmarks/Study_SamplesSet/e66c60b9ef5fb880de5cc9b205b1f05d.sol"},{"line":224,"column":9,"severity":"Warning","message":"Provide an error message for require","ruleId":"reason-string","fix":null,"filePath":"Benchmarks/Study_SamplesSet/e66c60b9ef5fb880de5cc9b205b1f05d.sol"},{"line":224,"column":9,"severity":"Warning","message":"Use Custom Errors instead of require statements","ruleId":"custom-errors","fix":null,"filePath":"Benchmarks/Study_SamplesSet/e66c60b9ef5fb880de5cc9b205b1f05d.sol"},{"line":228,"column":9,"severity":"Error","message":"Explicitly mark all external contracts as trusted or untrusted","ruleId":"mark-callable-contracts","filePath":"Benchmarks/Study_SamplesSet/e66c60b9ef5fb880de5cc9b205b1f05d.sol"},{"conclusion":"54 problem/s (10 error/s, 44 warning/s)"}]
