[{"line":1,"column":1,"severity":"Warning","message":"Found more than One contract per file. 2 contracts found!","ruleId":"one-contract-per-file","fix":null,"filePath":"Benchmarks/Study_SamplesSet/e7ba089a90aad5479a596c97daf7dce5.sol"},{"line":1,"column":1,"severity":"Error","message":"Compiler version ^0.4.17 does not satisfy the ^0.8.0 semver requirement","ruleId":"compiler-version","fix":null,"filePath":"Benchmarks/Study_SamplesSet/e7ba089a90aad5479a596c97daf7dce5.sol"},{"line":11,"column":9,"severity":"Warning","message":"Provide an error message for require","ruleId":"reason-string","fix":null,"filePath":"Benchmarks/Study_SamplesSet/e7ba089a90aad5479a596c97daf7dce5.sol"},{"line":11,"column":9,"severity":"Warning","message":"Use Custom Errors instead of require statements","ruleId":"custom-errors","fix":null,"filePath":"Benchmarks/Study_SamplesSet/e7ba089a90aad5479a596c97daf7dce5.sol"},{"line":17,"column":5,"severity":"Warning","message":"Rule is set with explicit type [var/s: uint]","ruleId":"explicit-types","filePath":"Benchmarks/Study_SamplesSet/e7ba089a90aad5479a596c97daf7dce5.sol"},{"line":30,"column":9,"severity":"Warning","message":"Provide an error message for require","ruleId":"reason-string","fix":null,"filePath":"Benchmarks/Study_SamplesSet/e7ba089a90aad5479a596c97daf7dce5.sol"},{"line":30,"column":9,"severity":"Warning","message":"Use Custom Errors instead of require statements","ruleId":"custom-errors","fix":null,"filePath":"Benchmarks/Study_SamplesSet/e7ba089a90aad5479a596c97daf7dce5.sol"},{"line":48,"column":13,"severity":"Warning","message":"Provide an error message for revert","ruleId":"reason-string","fix":null,"filePath":"Benchmarks/Study_SamplesSet/e7ba089a90aad5479a596c97daf7dce5.sol"},{"line":48,"column":13,"severity":"Warning","message":"Use Custom Errors instead of revert statements","ruleId":"custom-errors","fix":null,"filePath":"Benchmarks/Study_SamplesSet/e7ba089a90aad5479a596c97daf7dce5.sol"},{"line":52,"column":9,"severity":"Warning","message":"Provide an error message for require","ruleId":"reason-string","fix":null,"filePath":"Benchmarks/Study_SamplesSet/e7ba089a90aad5479a596c97daf7dce5.sol"},{"line":52,"column":9,"severity":"Warning","message":"Use Custom Errors instead of require statements","ruleId":"custom-errors","fix":null,"filePath":"Benchmarks/Study_SamplesSet/e7ba089a90aad5479a596c97daf7dce5.sol"},{"line":53,"column":9,"severity":"Error","message":"Check result of \"send\" call","ruleId":"check-send-result","fix":null,"filePath":"Benchmarks/Study_SamplesSet/e7ba089a90aad5479a596c97daf7dce5.sol"},{"line":59,"column":13,"severity":"Error","message":"Check result of \"send\" call","ruleId":"check-send-result","fix":null,"filePath":"Benchmarks/Study_SamplesSet/e7ba089a90aad5479a596c97daf7dce5.sol"},{"line":64,"column":9,"severity":"Error","message":"Check result of \"send\" call","ruleId":"check-send-result","fix":null,"filePath":"Benchmarks/Study_SamplesSet/e7ba089a90aad5479a596c97daf7dce5.sol"},{"conclusion":"14 problem/s (4 error/s, 10 warning/s)"}]
