[{"line":1,"column":1,"severity":"Warning","message":"Found more than One contract per file. 6 contracts found!","ruleId":"one-contract-per-file","fix":null,"filePath":"Benchmarks/Study_SamplesSet/e86a4faeb5def1a7a7f9adf5ea82decc.sol"},{"line":1,"column":1,"severity":"Error","message":"Compiler version ^0.4.11 does not satisfy the ^0.8.0 semver requirement","ruleId":"compiler-version","fix":null,"filePath":"Benchmarks/Study_SamplesSet/e86a4faeb5def1a7a7f9adf5ea82decc.sol"},{"line":7,"column":16,"severity":"Warning","message":"Rule is set with explicit type [var/s: uint]","ruleId":"explicit-types","filePath":"Benchmarks/Study_SamplesSet/e86a4faeb5def1a7a7f9adf5ea82decc.sol"},{"line":7,"column":24,"severity":"Warning","message":"Rule is set with explicit type [var/s: uint]","ruleId":"explicit-types","filePath":"Benchmarks/Study_SamplesSet/e86a4faeb5def1a7a7f9adf5ea82decc.sol"},{"line":7,"column":50,"severity":"Warning","message":"Rule is set with explicit type [var/s: uint]","ruleId":"explicit-types","filePath":"Benchmarks/Study_SamplesSet/e86a4faeb5def1a7a7f9adf5ea82decc.sol"},{"line":8,"column":5,"severity":"Warning","message":"Rule is set with explicit type [var/s: uint]","ruleId":"explicit-types","filePath":"Benchmarks/Study_SamplesSet/e86a4faeb5def1a7a7f9adf5ea82decc.sol"},{"line":13,"column":16,"severity":"Warning","message":"Rule is set with explicit type [var/s: uint]","ruleId":"explicit-types","filePath":"Benchmarks/Study_SamplesSet/e86a4faeb5def1a7a7f9adf5ea82decc.sol"},{"line":13,"column":24,"severity":"Warning","message":"Rule is set with explicit type [var/s: uint]","ruleId":"explicit-types","filePath":"Benchmarks/Study_SamplesSet/e86a4faeb5def1a7a7f9adf5ea82decc.sol"},{"line":13,"column":50,"severity":"Warning","message":"Rule is set with explicit type [var/s: uint]","ruleId":"explicit-types","filePath":"Benchmarks/Study_SamplesSet/e86a4faeb5def1a7a7f9adf5ea82decc.sol"},{"line":15,"column":5,"severity":"Warning","message":"Rule is set with explicit type [var/s: uint]","ruleId":"explicit-types","filePath":"Benchmarks/Study_SamplesSet/e86a4faeb5def1a7a7f9adf5ea82decc.sol"},{"line":20,"column":16,"severity":"Warning","message":"Rule is set with explicit type [var/s: uint]","ruleId":"explicit-types","filePath":"Benchmarks/Study_SamplesSet/e86a4faeb5def1a7a7f9adf5ea82decc.sol"},{"line":20,"column":24,"severity":"Warning","message":"Rule is set with explicit type [var/s: uint]","ruleId":"explicit-types","filePath":"Benchmarks/Study_SamplesSet/e86a4faeb5def1a7a7f9adf5ea82decc.sol"},{"line":20,"column":50,"severity":"Warning","message":"Rule is set with explicit type [var/s: uint]","ruleId":"explicit-types","filePath":"Benchmarks/Study_SamplesSet/e86a4faeb5def1a7a7f9adf5ea82decc.sol"},{"line":25,"column":16,"severity":"Warning","message":"Rule is set with explicit type [var/s: uint]","ruleId":"explicit-types","filePath":"Benchmarks/Study_SamplesSet/e86a4faeb5def1a7a7f9adf5ea82decc.sol"},{"line":25,"column":24,"severity":"Warning","message":"Rule is set with explicit type [var/s: uint]","ruleId":"explicit-types","filePath":"Benchmarks/Study_SamplesSet/e86a4faeb5def1a7a7f9adf5ea82decc.sol"},{"line":25,"column":50,"severity":"Warning","message":"Rule is set with explicit type [var/s: uint]","ruleId":"explicit-types","filePath":"Benchmarks/Study_SamplesSet/e86a4faeb5def1a7a7f9adf5ea82decc.sol"},{"line":26,"column":5,"severity":"Warning","message":"Rule is set with explicit type [var/s: uint]","ruleId":"explicit-types","filePath":"Benchmarks/Study_SamplesSet/e86a4faeb5def1a7a7f9adf5ea82decc.sol"},{"line":49,"column":7,"severity":"Error","message":"\"throw\" is deprecated, avoid to use it","ruleId":"avoid-throw","filePath":"Benchmarks/Study_SamplesSet/e86a4faeb5def1a7a7f9adf5ea82decc.sol"},{"line":60,"column":3,"severity":"Warning","message":"Rule is set with explicit type [var/s: uint]","ruleId":"explicit-types","filePath":"Benchmarks/Study_SamplesSet/e86a4faeb5def1a7a7f9adf5ea82decc.sol"},{"line":61,"column":3,"severity":"Error","message":"Explicitly mark visibility in function","ruleId":"func-visibility","fix":null,"filePath":"Benchmarks/Study_SamplesSet/e86a4faeb5def1a7a7f9adf5ea82decc.sol"},{"line":61,"column":53,"severity":"Warning","message":"Rule is set with explicit type [var/s: uint]","ruleId":"explicit-types","filePath":"Benchmarks/Study_SamplesSet/e86a4faeb5def1a7a7f9adf5ea82decc.sol"},{"line":62,"column":3,"severity":"Error","message":"Explicitly mark visibility in function","ruleId":"func-visibility","fix":null,"filePath":"Benchmarks/Study_SamplesSet/e86a4faeb5def1a7a7f9adf5ea82decc.sol"},{"line":62,"column":33,"severity":"Warning","message":"Rule is set with explicit type [var/s: uint]","ruleId":"explicit-types","filePath":"Benchmarks/Study_SamplesSet/e86a4faeb5def1a7a7f9adf5ea82decc.sol"},{"line":63,"column":60,"severity":"Warning","message":"Rule is set with explicit type [var/s: uint]","ruleId":"explicit-types","filePath":"Benchmarks/Study_SamplesSet/e86a4faeb5def1a7a7f9adf5ea82decc.sol"},{"line":71,"column":3,"severity":"Error","message":"Explicitly mark visibility in function","ruleId":"func-visibility","fix":null,"filePath":"Benchmarks/Study_SamplesSet/e86a4faeb5def1a7a7f9adf5ea82decc.sol"},{"line":71,"column":72,"severity":"Warning","message":"Rule is set with explicit type [var/s: uint]","ruleId":"explicit-types","filePath":"Benchmarks/Study_SamplesSet/e86a4faeb5def1a7a7f9adf5ea82decc.sol"},{"line":72,"column":3,"severity":"Error","message":"Explicitly mark visibility in function","ruleId":"func-visibility","fix":null,"filePath":"Benchmarks/Study_SamplesSet/e86a4faeb5def1a7a7f9adf5ea82decc.sol"},{"line":72,"column":51,"severity":"Warning","message":"Rule is set with explicit type [var/s: uint]","ruleId":"explicit-types","filePath":"Benchmarks/Study_SamplesSet/e86a4faeb5def1a7a7f9adf5ea82decc.sol"},{"line":73,"column":3,"severity":"Error","message":"Explicitly mark visibility in function","ruleId":"func-visibility","fix":null,"filePath":"Benchmarks/Study_SamplesSet/e86a4faeb5def1a7a7f9adf5ea82decc.sol"},{"line":73,"column":37,"severity":"Warning","message":"Rule is set with explicit type [var/s: uint]","ruleId":"explicit-types","filePath":"Benchmarks/Study_SamplesSet/e86a4faeb5def1a7a7f9adf5ea82decc.sol"},{"line":74,"column":66,"severity":"Warning","message":"Rule is set with explicit type [var/s: uint]","ruleId":"explicit-types","filePath":"Benchmarks/Study_SamplesSet/e86a4faeb5def1a7a7f9adf5ea82decc.sol"},{"line":84,"column":3,"severity":"Error","message":"Explicitly mark visibility of state","ruleId":"state-visibility","fix":null,"filePath":"Benchmarks/Study_SamplesSet/e86a4faeb5def1a7a7f9adf5ea82decc.sol"},{"line":84,"column":3,"severity":"Warning","message":"Rule is set with explicit type [var/s: uint]","ruleId":"explicit-types","filePath":"Benchmarks/Study_SamplesSet/e86a4faeb5def1a7a7f9adf5ea82decc.sol"},{"line":89,"column":28,"severity":"Warning","message":"Rule is set with explicit type [var/s: uint]","ruleId":"explicit-types","filePath":"Benchmarks/Study_SamplesSet/e86a4faeb5def1a7a7f9adf5ea82decc.sol"},{"line":91,"column":8,"severity":"Error","message":"\"throw\" is deprecated, avoid to use it","ruleId":"avoid-throw","filePath":"Benchmarks/Study_SamplesSet/e86a4faeb5def1a7a7f9adf5ea82decc.sol"},{"line":101,"column":3,"severity":"Error","message":"Explicitly mark visibility in function","ruleId":"func-visibility","fix":null,"filePath":"Benchmarks/Study_SamplesSet/e86a4faeb5def1a7a7f9adf5ea82decc.sol"},{"line":101,"column":34,"severity":"Warning","message":"Rule is set with explicit type [var/s: uint]","ruleId":"explicit-types","filePath":"Benchmarks/Study_SamplesSet/e86a4faeb5def1a7a7f9adf5ea82decc.sol"},{"line":104,"column":5,"severity":"Error","message":"Explicitly mark all external contracts as trusted or untrusted","ruleId":"mark-callable-contracts","filePath":"Benchmarks/Study_SamplesSet/e86a4faeb5def1a7a7f9adf5ea82decc.sol"},{"line":112,"column":3,"severity":"Error","message":"Explicitly mark visibility in function","ruleId":"func-visibility","fix":null,"filePath":"Benchmarks/Study_SamplesSet/e86a4faeb5def1a7a7f9adf5ea82decc.sol"},{"line":112,"column":56,"severity":"Warning","message":"Rule is set with explicit type [var/s: uint]","ruleId":"explicit-types","filePath":"Benchmarks/Study_SamplesSet/e86a4faeb5def1a7a7f9adf5ea82decc.sol"},{"line":127,"column":3,"severity":"Error","message":"Explicitly mark visibility of state","ruleId":"state-visibility","fix":null,"filePath":"Benchmarks/Study_SamplesSet/e86a4faeb5def1a7a7f9adf5ea82decc.sol"},{"line":127,"column":3,"severity":"Warning","message":"Rule is set with explicit type [var/s: uint]","ruleId":"explicit-types","filePath":"Benchmarks/Study_SamplesSet/e86a4faeb5def1a7a7f9adf5ea82decc.sol"},{"line":136,"column":3,"severity":"Error","message":"Explicitly mark visibility in function","ruleId":"func-visibility","fix":null,"filePath":"Benchmarks/Study_SamplesSet/e86a4faeb5def1a7a7f9adf5ea82decc.sol"},{"line":136,"column":53,"severity":"Warning","message":"Rule is set with explicit type [var/s: uint]","ruleId":"explicit-types","filePath":"Benchmarks/Study_SamplesSet/e86a4faeb5def1a7a7f9adf5ea82decc.sol"},{"line":145,"column":5,"severity":"Error","message":"Explicitly mark all external contracts as trusted or untrusted","ruleId":"mark-callable-contracts","filePath":"Benchmarks/Study_SamplesSet/e86a4faeb5def1a7a7f9adf5ea82decc.sol"},{"line":153,"column":3,"severity":"Error","message":"Explicitly mark visibility in function","ruleId":"func-visibility","fix":null,"filePath":"Benchmarks/Study_SamplesSet/e86a4faeb5def1a7a7f9adf5ea82decc.sol"},{"line":153,"column":38,"severity":"Warning","message":"Rule is set with explicit type [var/s: uint]","ruleId":"explicit-types","filePath":"Benchmarks/Study_SamplesSet/e86a4faeb5def1a7a7f9adf5ea82decc.sol"},{"line":159,"column":64,"severity":"Error","message":"\"throw\" is deprecated, avoid to use it","ruleId":"avoid-throw","filePath":"Benchmarks/Study_SamplesSet/e86a4faeb5def1a7a7f9adf5ea82decc.sol"},{"line":162,"column":5,"severity":"Error","message":"Explicitly mark all external contracts as trusted or untrusted","ruleId":"mark-callable-contracts","filePath":"Benchmarks/Study_SamplesSet/e86a4faeb5def1a7a7f9adf5ea82decc.sol"},{"line":171,"column":3,"severity":"Error","message":"Explicitly mark visibility in function","ruleId":"func-visibility","fix":null,"filePath":"Benchmarks/Study_SamplesSet/e86a4faeb5def1a7a7f9adf5ea82decc.sol"},{"line":171,"column":74,"severity":"Warning","message":"Rule is set with explicit type [var/s: uint]","ruleId":"explicit-types","filePath":"Benchmarks/Study_SamplesSet/e86a4faeb5def1a7a7f9adf5ea82decc.sol"},{"line":186,"column":5,"severity":"Warning","message":"Rule is set with explicit type [var/s: uint]","ruleId":"explicit-types","filePath":"Benchmarks/Study_SamplesSet/e86a4faeb5def1a7a7f9adf5ea82decc.sol"},{"line":187,"column":5,"severity":"Warning","message":"Rule is set with explicit type [var/s: uint]","ruleId":"explicit-types","filePath":"Benchmarks/Study_SamplesSet/e86a4faeb5def1a7a7f9adf5ea82decc.sol"},{"line":187,"column":5,"severity":"Warning","message":"Variable name must be in mixedCase","ruleId":"var-name-mixedcase","fix":null,"filePath":"Benchmarks/Study_SamplesSet/e86a4faeb5def1a7a7f9adf5ea82decc.sol"},{"line":189,"column":5,"severity":"Error","message":"Explicitly mark visibility in function (Set ignoreConstructors to true if using solidity >=0.7.0)","ruleId":"func-visibility","fix":null,"filePath":"Benchmarks/Study_SamplesSet/e86a4faeb5def1a7a7f9adf5ea82decc.sol"},{"line":190,"column":23,"severity":"Error","message":"Explicitly mark all external contracts as trusted or untrusted","ruleId":"mark-callable-contracts","filePath":"Benchmarks/Study_SamplesSet/e86a4faeb5def1a7a7f9adf5ea82decc.sol"},{"line":191,"column":32,"severity":"Error","message":"Explicitly mark all external contracts as trusted or untrusted","ruleId":"mark-callable-contracts","filePath":"Benchmarks/Study_SamplesSet/e86a4faeb5def1a7a7f9adf5ea82decc.sol"},{"conclusion":"57 problem/s (22 error/s, 35 warning/s)"}]
