[{"line":1,"column":1,"severity":"Warning","message":"Found more than One contract per file. 3 contracts found!","ruleId":"one-contract-per-file","fix":null,"filePath":"Benchmarks/Study_SamplesSet/e9bfb1196c3d5b8f2515b073f5b9b94b.sol"},{"line":1,"column":1,"severity":"Error","message":"Compiler version ^0.4.18 does not satisfy the ^0.8.0 semver requirement","ruleId":"compiler-version","fix":null,"filePath":"Benchmarks/Study_SamplesSet/e9bfb1196c3d5b8f2515b073f5b9b94b.sol"},{"line":32,"column":1,"severity":"Warning","message":"Contract, Structs and Enums should be in CamelCase","ruleId":"contract-name-camelcase","filePath":"Benchmarks/Study_SamplesSet/e9bfb1196c3d5b8f2515b073f5b9b94b.sol"},{"line":33,"column":41,"severity":"Warning","message":"Rule is set with explicit type [var/s: uint]","ruleId":"explicit-types","filePath":"Benchmarks/Study_SamplesSet/e9bfb1196c3d5b8f2515b073f5b9b94b.sol"},{"line":46,"column":9,"severity":"Warning","message":"Provide an error message for require","ruleId":"reason-string","fix":null,"filePath":"Benchmarks/Study_SamplesSet/e9bfb1196c3d5b8f2515b073f5b9b94b.sol"},{"line":46,"column":9,"severity":"Warning","message":"Use Custom Errors instead of require statements","ruleId":"custom-errors","fix":null,"filePath":"Benchmarks/Study_SamplesSet/e9bfb1196c3d5b8f2515b073f5b9b94b.sol"},{"line":61,"column":5,"severity":"Error","message":"Explicitly mark visibility of state","ruleId":"state-visibility","fix":null,"filePath":"Benchmarks/Study_SamplesSet/e9bfb1196c3d5b8f2515b073f5b9b94b.sol"},{"line":62,"column":5,"severity":"Error","message":"Explicitly mark visibility of state","ruleId":"state-visibility","fix":null,"filePath":"Benchmarks/Study_SamplesSet/e9bfb1196c3d5b8f2515b073f5b9b94b.sol"},{"line":64,"column":5,"severity":"Warning","message":"Rule is set with explicit type [var/s: uint]","ruleId":"explicit-types","filePath":"Benchmarks/Study_SamplesSet/e9bfb1196c3d5b8f2515b073f5b9b94b.sol"},{"line":65,"column":5,"severity":"Warning","message":"Rule is set with explicit type [var/s: uint]","ruleId":"explicit-types","filePath":"Benchmarks/Study_SamplesSet/e9bfb1196c3d5b8f2515b073f5b9b94b.sol"},{"line":66,"column":5,"severity":"Warning","message":"Rule is set with explicit type [var/s: uint]","ruleId":"explicit-types","filePath":"Benchmarks/Study_SamplesSet/e9bfb1196c3d5b8f2515b073f5b9b94b.sol"},{"line":81,"column":20,"severity":"Error","message":"Explicitly mark all external contracts as trusted or untrusted","ruleId":"mark-callable-contracts","filePath":"Benchmarks/Study_SamplesSet/e9bfb1196c3d5b8f2515b073f5b9b94b.sol"},{"line":90,"column":5,"severity":"Error","message":"Fallback function must be simple","ruleId":"no-complex-fallback","fix":null,"filePath":"Benchmarks/Study_SamplesSet/e9bfb1196c3d5b8f2515b073f5b9b94b.sol"},{"line":91,"column":9,"severity":"Warning","message":"Provide an error message for require","ruleId":"reason-string","fix":null,"filePath":"Benchmarks/Study_SamplesSet/e9bfb1196c3d5b8f2515b073f5b9b94b.sol"},{"line":91,"column":9,"severity":"Warning","message":"Use Custom Errors instead of require statements","ruleId":"custom-errors","fix":null,"filePath":"Benchmarks/Study_SamplesSet/e9bfb1196c3d5b8f2515b073f5b9b94b.sol"},{"line":91,"column":17,"severity":"Error","message":"Avoid making time-based decisions in your business logic","ruleId":"not-rely-on-time","fix":null,"filePath":"Benchmarks/Study_SamplesSet/e9bfb1196c3d5b8f2515b073f5b9b94b.sol"},{"line":91,"column":35,"severity":"Error","message":"Avoid making time-based decisions in your business logic","ruleId":"not-rely-on-time","fix":null,"filePath":"Benchmarks/Study_SamplesSet/e9bfb1196c3d5b8f2515b073f5b9b94b.sol"},{"line":91,"column":42,"severity":"Error","message":"Explicitly mark all external contracts as trusted or untrusted","ruleId":"mark-callable-contracts","filePath":"Benchmarks/Study_SamplesSet/e9bfb1196c3d5b8f2515b073f5b9b94b.sol"},{"line":106,"column":9,"severity":"Warning","message":"Provide an error message for require","ruleId":"reason-string","fix":null,"filePath":"Benchmarks/Study_SamplesSet/e9bfb1196c3d5b8f2515b073f5b9b94b.sol"},{"line":106,"column":9,"severity":"Warning","message":"Use Custom Errors instead of require statements","ruleId":"custom-errors","fix":null,"filePath":"Benchmarks/Study_SamplesSet/e9bfb1196c3d5b8f2515b073f5b9b94b.sol"},{"line":108,"column":22,"severity":"Error","message":"Avoid making time-based decisions in your business logic","ruleId":"not-rely-on-time","fix":null,"filePath":"Benchmarks/Study_SamplesSet/e9bfb1196c3d5b8f2515b073f5b9b94b.sol"},{"line":108,"column":29,"severity":"Error","message":"Avoid making time-based decisions in your business logic","ruleId":"not-rely-on-time","fix":null,"filePath":"Benchmarks/Study_SamplesSet/e9bfb1196c3d5b8f2515b073f5b9b94b.sol"},{"line":112,"column":29,"severity":"Error","message":"Avoid making time-based decisions in your business logic","ruleId":"not-rely-on-time","fix":null,"filePath":"Benchmarks/Study_SamplesSet/e9bfb1196c3d5b8f2515b073f5b9b94b.sol"},{"line":112,"column":36,"severity":"Error","message":"Avoid making time-based decisions in your business logic","ruleId":"not-rely-on-time","fix":null,"filePath":"Benchmarks/Study_SamplesSet/e9bfb1196c3d5b8f2515b073f5b9b94b.sol"},{"line":116,"column":39,"severity":"Error","message":"Avoid making time-based decisions in your business logic","ruleId":"not-rely-on-time","fix":null,"filePath":"Benchmarks/Study_SamplesSet/e9bfb1196c3d5b8f2515b073f5b9b94b.sol"},{"line":116,"column":46,"severity":"Error","message":"Avoid making time-based decisions in your business logic","ruleId":"not-rely-on-time","fix":null,"filePath":"Benchmarks/Study_SamplesSet/e9bfb1196c3d5b8f2515b073f5b9b94b.sol"},{"line":120,"column":39,"severity":"Error","message":"Avoid making time-based decisions in your business logic","ruleId":"not-rely-on-time","fix":null,"filePath":"Benchmarks/Study_SamplesSet/e9bfb1196c3d5b8f2515b073f5b9b94b.sol"},{"line":120,"column":46,"severity":"Error","message":"Avoid making time-based decisions in your business logic","ruleId":"not-rely-on-time","fix":null,"filePath":"Benchmarks/Study_SamplesSet/e9bfb1196c3d5b8f2515b073f5b9b94b.sol"},{"line":124,"column":39,"severity":"Error","message":"Avoid making time-based decisions in your business logic","ruleId":"not-rely-on-time","fix":null,"filePath":"Benchmarks/Study_SamplesSet/e9bfb1196c3d5b8f2515b073f5b9b94b.sol"},{"line":124,"column":46,"severity":"Error","message":"Avoid making time-based decisions in your business logic","ruleId":"not-rely-on-time","fix":null,"filePath":"Benchmarks/Study_SamplesSet/e9bfb1196c3d5b8f2515b073f5b9b94b.sol"},{"line":128,"column":39,"severity":"Error","message":"Avoid making time-based decisions in your business logic","ruleId":"not-rely-on-time","fix":null,"filePath":"Benchmarks/Study_SamplesSet/e9bfb1196c3d5b8f2515b073f5b9b94b.sol"},{"line":128,"column":46,"severity":"Error","message":"Avoid making time-based decisions in your business logic","ruleId":"not-rely-on-time","fix":null,"filePath":"Benchmarks/Study_SamplesSet/e9bfb1196c3d5b8f2515b073f5b9b94b.sol"},{"line":140,"column":9,"severity":"Warning","message":"Provide an error message for require","ruleId":"reason-string","fix":null,"filePath":"Benchmarks/Study_SamplesSet/e9bfb1196c3d5b8f2515b073f5b9b94b.sol"},{"line":140,"column":9,"severity":"Warning","message":"Use Custom Errors instead of require statements","ruleId":"custom-errors","fix":null,"filePath":"Benchmarks/Study_SamplesSet/e9bfb1196c3d5b8f2515b073f5b9b94b.sol"},{"line":140,"column":17,"severity":"Error","message":"Avoid making time-based decisions in your business logic","ruleId":"not-rely-on-time","fix":null,"filePath":"Benchmarks/Study_SamplesSet/e9bfb1196c3d5b8f2515b073f5b9b94b.sol"},{"line":144,"column":49,"severity":"Warning","message":"Rule is set with explicit type [var/s: uint]","ruleId":"explicit-types","filePath":"Benchmarks/Study_SamplesSet/e9bfb1196c3d5b8f2515b073f5b9b94b.sol"},{"conclusion":"36 problem/s (21 error/s, 15 warning/s)"}]
