[{"line":1,"column":1,"severity":"Error","message":"Compiler version ^0.4.0 does not satisfy the ^0.8.0 semver requirement","ruleId":"compiler-version","fix":null,"filePath":"Benchmarks/Study_SamplesSet/ebf9a12353f50c3020be7a9e435cccd4.sol"},{"line":33,"column":5,"severity":"Warning","message":"Rule is set with explicit type [var/s: uint]","ruleId":"explicit-types","filePath":"Benchmarks/Study_SamplesSet/ebf9a12353f50c3020be7a9e435cccd4.sol"},{"line":53,"column":3,"severity":"Error","message":"Explicitly mark visibility in function (Set ignoreConstructors to true if using solidity >=0.7.0)","ruleId":"func-visibility","fix":null,"filePath":"Benchmarks/Study_SamplesSet/ebf9a12353f50c3020be7a9e435cccd4.sol"},{"line":57,"column":3,"severity":"Error","message":"Explicitly mark visibility in function","ruleId":"func-visibility","fix":null,"filePath":"Benchmarks/Study_SamplesSet/ebf9a12353f50c3020be7a9e435cccd4.sol"},{"line":57,"column":63,"severity":"Warning","message":"Rule is set with explicit type [var/s: uint]","ruleId":"explicit-types","filePath":"Benchmarks/Study_SamplesSet/ebf9a12353f50c3020be7a9e435cccd4.sol"},{"line":63,"column":3,"severity":"Error","message":"Explicitly mark visibility in function","ruleId":"func-visibility","fix":null,"filePath":"Benchmarks/Study_SamplesSet/ebf9a12353f50c3020be7a9e435cccd4.sol"},{"line":63,"column":48,"severity":"Warning","message":"Rule is set with explicit type [var/s: uint]","ruleId":"explicit-types","filePath":"Benchmarks/Study_SamplesSet/ebf9a12353f50c3020be7a9e435cccd4.sol"},{"line":63,"column":71,"severity":"Warning","message":"Rule is set with explicit type [var/s: uint]","ruleId":"explicit-types","filePath":"Benchmarks/Study_SamplesSet/ebf9a12353f50c3020be7a9e435cccd4.sol"},{"line":70,"column":3,"severity":"Error","message":"Explicitly mark visibility in function","ruleId":"func-visibility","fix":null,"filePath":"Benchmarks/Study_SamplesSet/ebf9a12353f50c3020be7a9e435cccd4.sol"},{"line":70,"column":33,"severity":"Warning","message":"Rule is set with explicit type [var/s: uint]","ruleId":"explicit-types","filePath":"Benchmarks/Study_SamplesSet/ebf9a12353f50c3020be7a9e435cccd4.sol"},{"line":70,"column":48,"severity":"Warning","message":"Rule is set with explicit type [var/s: uint]","ruleId":"explicit-types","filePath":"Benchmarks/Study_SamplesSet/ebf9a12353f50c3020be7a9e435cccd4.sol"},{"line":70,"column":74,"severity":"Warning","message":"Rule is set with explicit type [var/s: uint]","ruleId":"explicit-types","filePath":"Benchmarks/Study_SamplesSet/ebf9a12353f50c3020be7a9e435cccd4.sol"},{"line":72,"column":7,"severity":"Error","message":"\"throw\" is deprecated, avoid to use it","ruleId":"avoid-throw","filePath":"Benchmarks/Study_SamplesSet/ebf9a12353f50c3020be7a9e435cccd4.sol"},{"line":75,"column":7,"severity":"Error","message":"\"throw\" is deprecated, avoid to use it","ruleId":"avoid-throw","filePath":"Benchmarks/Study_SamplesSet/ebf9a12353f50c3020be7a9e435cccd4.sol"},{"line":82,"column":3,"severity":"Error","message":"Explicitly mark visibility in function","ruleId":"func-visibility","fix":null,"filePath":"Benchmarks/Study_SamplesSet/ebf9a12353f50c3020be7a9e435cccd4.sol"},{"line":82,"column":29,"severity":"Warning","message":"Rule is set with explicit type [var/s: uint]","ruleId":"explicit-types","filePath":"Benchmarks/Study_SamplesSet/ebf9a12353f50c3020be7a9e435cccd4.sol"},{"line":84,"column":7,"severity":"Error","message":"\"throw\" is deprecated, avoid to use it","ruleId":"avoid-throw","filePath":"Benchmarks/Study_SamplesSet/ebf9a12353f50c3020be7a9e435cccd4.sol"},{"line":86,"column":5,"severity":"Warning","message":"Rule is set with explicit type [var/s: uint]","ruleId":"explicit-types","filePath":"Benchmarks/Study_SamplesSet/ebf9a12353f50c3020be7a9e435cccd4.sol"},{"line":96,"column":3,"severity":"Error","message":"Explicitly mark visibility in function","ruleId":"func-visibility","fix":null,"filePath":"Benchmarks/Study_SamplesSet/ebf9a12353f50c3020be7a9e435cccd4.sol"},{"line":96,"column":48,"severity":"Warning","message":"Rule is set with explicit type [var/s: uint]","ruleId":"explicit-types","filePath":"Benchmarks/Study_SamplesSet/ebf9a12353f50c3020be7a9e435cccd4.sol"},{"line":99,"column":3,"severity":"Error","message":"Explicitly mark visibility in function","ruleId":"func-visibility","fix":null,"filePath":"Benchmarks/Study_SamplesSet/ebf9a12353f50c3020be7a9e435cccd4.sol"},{"line":99,"column":33,"severity":"Warning","message":"Rule is set with explicit type [var/s: uint]","ruleId":"explicit-types","filePath":"Benchmarks/Study_SamplesSet/ebf9a12353f50c3020be7a9e435cccd4.sol"},{"line":99,"column":60,"severity":"Warning","message":"Rule is set with explicit type [var/s: uint]","ruleId":"explicit-types","filePath":"Benchmarks/Study_SamplesSet/ebf9a12353f50c3020be7a9e435cccd4.sol"},{"line":101,"column":7,"severity":"Error","message":"\"throw\" is deprecated, avoid to use it","ruleId":"avoid-throw","filePath":"Benchmarks/Study_SamplesSet/ebf9a12353f50c3020be7a9e435cccd4.sol"},{"line":105,"column":3,"severity":"Error","message":"Explicitly mark visibility in function","ruleId":"func-visibility","fix":null,"filePath":"Benchmarks/Study_SamplesSet/ebf9a12353f50c3020be7a9e435cccd4.sol"},{"line":105,"column":36,"severity":"Warning","message":"Rule is set with explicit type [var/s: uint]","ruleId":"explicit-types","filePath":"Benchmarks/Study_SamplesSet/ebf9a12353f50c3020be7a9e435cccd4.sol"},{"line":105,"column":45,"severity":"Warning","message":"Rule is set with explicit type [var/s: uint]","ruleId":"explicit-types","filePath":"Benchmarks/Study_SamplesSet/ebf9a12353f50c3020be7a9e435cccd4.sol"},{"line":107,"column":7,"severity":"Error","message":"\"throw\" is deprecated, avoid to use it","ruleId":"avoid-throw","filePath":"Benchmarks/Study_SamplesSet/ebf9a12353f50c3020be7a9e435cccd4.sol"},{"line":110,"column":7,"severity":"Error","message":"\"throw\" is deprecated, avoid to use it","ruleId":"avoid-throw","filePath":"Benchmarks/Study_SamplesSet/ebf9a12353f50c3020be7a9e435cccd4.sol"},{"conclusion":"29 problem/s (15 error/s, 14 warning/s)"}]
