[{"line":1,"column":1,"severity":"Error","message":"Compiler version ^0.4.11 does not satisfy the ^0.8.0 semver requirement","ruleId":"compiler-version","fix":null,"filePath":"Benchmarks/Study_SamplesSet/ec3a556742f883e7d185dc9d92b2e517.sol"},{"line":11,"column":46,"severity":"Warning","message":"Rule is set with explicit type [var/s: uint]","ruleId":"explicit-types","filePath":"Benchmarks/Study_SamplesSet/ec3a556742f883e7d185dc9d92b2e517.sol"},{"line":12,"column":44,"severity":"Warning","message":"Rule is set with explicit type [var/s: uint]","ruleId":"explicit-types","filePath":"Benchmarks/Study_SamplesSet/ec3a556742f883e7d185dc9d92b2e517.sol"},{"line":13,"column":20,"severity":"Warning","message":"Rule is set with explicit type [var/s: uint]","ruleId":"explicit-types","filePath":"Benchmarks/Study_SamplesSet/ec3a556742f883e7d185dc9d92b2e517.sol"},{"line":14,"column":19,"severity":"Warning","message":"Rule is set with explicit type [var/s: uint]","ruleId":"explicit-types","filePath":"Benchmarks/Study_SamplesSet/ec3a556742f883e7d185dc9d92b2e517.sol"},{"line":15,"column":26,"severity":"Warning","message":"Rule is set with explicit type [var/s: uint]","ruleId":"explicit-types","filePath":"Benchmarks/Study_SamplesSet/ec3a556742f883e7d185dc9d92b2e517.sol"},{"line":16,"column":41,"severity":"Warning","message":"Rule is set with explicit type [var/s: uint]","ruleId":"explicit-types","filePath":"Benchmarks/Study_SamplesSet/ec3a556742f883e7d185dc9d92b2e517.sol"},{"line":19,"column":27,"severity":"Warning","message":"Rule is set with explicit type [var/s: uint]","ruleId":"explicit-types","filePath":"Benchmarks/Study_SamplesSet/ec3a556742f883e7d185dc9d92b2e517.sol"},{"line":24,"column":3,"severity":"Warning","message":"Rule is set with explicit type [var/s: uint]","ruleId":"explicit-types","filePath":"Benchmarks/Study_SamplesSet/ec3a556742f883e7d185dc9d92b2e517.sol"},{"line":29,"column":3,"severity":"Warning","message":"Rule is set with explicit type [var/s: uint]","ruleId":"explicit-types","filePath":"Benchmarks/Study_SamplesSet/ec3a556742f883e7d185dc9d92b2e517.sol"},{"line":30,"column":3,"severity":"Warning","message":"Rule is set with explicit type [var/s: uint]","ruleId":"explicit-types","filePath":"Benchmarks/Study_SamplesSet/ec3a556742f883e7d185dc9d92b2e517.sol"},{"line":33,"column":3,"severity":"Warning","message":"Rule is set with explicit type [var/s: uint]","ruleId":"explicit-types","filePath":"Benchmarks/Study_SamplesSet/ec3a556742f883e7d185dc9d92b2e517.sol"},{"line":34,"column":3,"severity":"Warning","message":"Rule is set with explicit type [var/s: uint]","ruleId":"explicit-types","filePath":"Benchmarks/Study_SamplesSet/ec3a556742f883e7d185dc9d92b2e517.sol"},{"line":38,"column":3,"severity":"Warning","message":"Rule is set with explicit type [var/s: uint]","ruleId":"explicit-types","filePath":"Benchmarks/Study_SamplesSet/ec3a556742f883e7d185dc9d92b2e517.sol"},{"line":48,"column":5,"severity":"Warning","message":"Provide an error message for revert","ruleId":"reason-string","fix":null,"filePath":"Benchmarks/Study_SamplesSet/ec3a556742f883e7d185dc9d92b2e517.sol"},{"line":48,"column":5,"severity":"Warning","message":"Use Custom Errors instead of revert statements","ruleId":"custom-errors","fix":null,"filePath":"Benchmarks/Study_SamplesSet/ec3a556742f883e7d185dc9d92b2e517.sol"},{"line":54,"column":5,"severity":"Warning","message":"Provide an error message for revert","ruleId":"reason-string","fix":null,"filePath":"Benchmarks/Study_SamplesSet/ec3a556742f883e7d185dc9d92b2e517.sol"},{"line":54,"column":5,"severity":"Warning","message":"Use Custom Errors instead of revert statements","ruleId":"custom-errors","fix":null,"filePath":"Benchmarks/Study_SamplesSet/ec3a556742f883e7d185dc9d92b2e517.sol"},{"line":60,"column":5,"severity":"Warning","message":"Provide an error message for revert","ruleId":"reason-string","fix":null,"filePath":"Benchmarks/Study_SamplesSet/ec3a556742f883e7d185dc9d92b2e517.sol"},{"line":60,"column":5,"severity":"Warning","message":"Use Custom Errors instead of revert statements","ruleId":"custom-errors","fix":null,"filePath":"Benchmarks/Study_SamplesSet/ec3a556742f883e7d185dc9d92b2e517.sol"},{"line":64,"column":30,"severity":"Warning","message":"Rule is set with explicit type [var/s: uint]","ruleId":"explicit-types","filePath":"Benchmarks/Study_SamplesSet/ec3a556742f883e7d185dc9d92b2e517.sol"},{"line":66,"column":5,"severity":"Warning","message":"Provide an error message for revert","ruleId":"reason-string","fix":null,"filePath":"Benchmarks/Study_SamplesSet/ec3a556742f883e7d185dc9d92b2e517.sol"},{"line":66,"column":5,"severity":"Warning","message":"Use Custom Errors instead of revert statements","ruleId":"custom-errors","fix":null,"filePath":"Benchmarks/Study_SamplesSet/ec3a556742f883e7d185dc9d92b2e517.sol"},{"line":70,"column":22,"severity":"Warning","message":"Rule is set with explicit type [var/s: uint]","ruleId":"explicit-types","filePath":"Benchmarks/Study_SamplesSet/ec3a556742f883e7d185dc9d92b2e517.sol"},{"line":72,"column":5,"severity":"Warning","message":"Provide an error message for revert","ruleId":"reason-string","fix":null,"filePath":"Benchmarks/Study_SamplesSet/ec3a556742f883e7d185dc9d92b2e517.sol"},{"line":72,"column":5,"severity":"Warning","message":"Use Custom Errors instead of revert statements","ruleId":"custom-errors","fix":null,"filePath":"Benchmarks/Study_SamplesSet/ec3a556742f883e7d185dc9d92b2e517.sol"},{"line":76,"column":25,"severity":"Warning","message":"Rule is set with explicit type [var/s: uint]","ruleId":"explicit-types","filePath":"Benchmarks/Study_SamplesSet/ec3a556742f883e7d185dc9d92b2e517.sol"},{"line":78,"column":5,"severity":"Warning","message":"Provide an error message for revert","ruleId":"reason-string","fix":null,"filePath":"Benchmarks/Study_SamplesSet/ec3a556742f883e7d185dc9d92b2e517.sol"},{"line":78,"column":5,"severity":"Warning","message":"Use Custom Errors instead of revert statements","ruleId":"custom-errors","fix":null,"filePath":"Benchmarks/Study_SamplesSet/ec3a556742f883e7d185dc9d92b2e517.sol"},{"line":82,"column":23,"severity":"Warning","message":"Rule is set with explicit type [var/s: uint]","ruleId":"explicit-types","filePath":"Benchmarks/Study_SamplesSet/ec3a556742f883e7d185dc9d92b2e517.sol"},{"line":84,"column":5,"severity":"Warning","message":"Provide an error message for revert","ruleId":"reason-string","fix":null,"filePath":"Benchmarks/Study_SamplesSet/ec3a556742f883e7d185dc9d92b2e517.sol"},{"line":84,"column":5,"severity":"Warning","message":"Use Custom Errors instead of revert statements","ruleId":"custom-errors","fix":null,"filePath":"Benchmarks/Study_SamplesSet/ec3a556742f883e7d185dc9d92b2e517.sol"},{"line":88,"column":24,"severity":"Warning","message":"Rule is set with explicit type [var/s: uint]","ruleId":"explicit-types","filePath":"Benchmarks/Study_SamplesSet/ec3a556742f883e7d185dc9d92b2e517.sol"},{"line":90,"column":5,"severity":"Warning","message":"Provide an error message for revert","ruleId":"reason-string","fix":null,"filePath":"Benchmarks/Study_SamplesSet/ec3a556742f883e7d185dc9d92b2e517.sol"},{"line":90,"column":5,"severity":"Warning","message":"Use Custom Errors instead of revert statements","ruleId":"custom-errors","fix":null,"filePath":"Benchmarks/Study_SamplesSet/ec3a556742f883e7d185dc9d92b2e517.sol"},{"line":96,"column":5,"severity":"Warning","message":"Provide an error message for revert","ruleId":"reason-string","fix":null,"filePath":"Benchmarks/Study_SamplesSet/ec3a556742f883e7d185dc9d92b2e517.sol"},{"line":96,"column":5,"severity":"Warning","message":"Use Custom Errors instead of revert statements","ruleId":"custom-errors","fix":null,"filePath":"Benchmarks/Study_SamplesSet/ec3a556742f883e7d185dc9d92b2e517.sol"},{"line":100,"column":29,"severity":"Warning","message":"Rule is set with explicit type [var/s: uint]","ruleId":"explicit-types","filePath":"Benchmarks/Study_SamplesSet/ec3a556742f883e7d185dc9d92b2e517.sol"},{"line":100,"column":46,"severity":"Warning","message":"Rule is set with explicit type [var/s: uint]","ruleId":"explicit-types","filePath":"Benchmarks/Study_SamplesSet/ec3a556742f883e7d185dc9d92b2e517.sol"},{"line":105,"column":5,"severity":"Warning","message":"Provide an error message for revert","ruleId":"reason-string","fix":null,"filePath":"Benchmarks/Study_SamplesSet/ec3a556742f883e7d185dc9d92b2e517.sol"},{"line":105,"column":5,"severity":"Warning","message":"Use Custom Errors instead of revert statements","ruleId":"custom-errors","fix":null,"filePath":"Benchmarks/Study_SamplesSet/ec3a556742f883e7d185dc9d92b2e517.sol"},{"line":115,"column":5,"severity":"Error","message":"Explicitly mark all external contracts as trusted or untrusted","ruleId":"mark-callable-contracts","filePath":"Benchmarks/Study_SamplesSet/ec3a556742f883e7d185dc9d92b2e517.sol"},{"line":124,"column":46,"severity":"Warning","message":"Rule is set with explicit type [var/s: uint]","ruleId":"explicit-types","filePath":"Benchmarks/Study_SamplesSet/ec3a556742f883e7d185dc9d92b2e517.sol"},{"line":128,"column":10,"severity":"Warning","message":"Rule is set with explicit type [var/s: uint]","ruleId":"explicit-types","filePath":"Benchmarks/Study_SamplesSet/ec3a556742f883e7d185dc9d92b2e517.sol"},{"line":130,"column":7,"severity":"Warning","message":"Provide an error message for revert","ruleId":"reason-string","fix":null,"filePath":"Benchmarks/Study_SamplesSet/ec3a556742f883e7d185dc9d92b2e517.sol"},{"line":130,"column":7,"severity":"Warning","message":"Use Custom Errors instead of revert statements","ruleId":"custom-errors","fix":null,"filePath":"Benchmarks/Study_SamplesSet/ec3a556742f883e7d185dc9d92b2e517.sol"},{"line":148,"column":5,"severity":"Error","message":"Explicitly mark all external contracts as trusted or untrusted","ruleId":"mark-callable-contracts","filePath":"Benchmarks/Study_SamplesSet/ec3a556742f883e7d185dc9d92b2e517.sol"},{"line":159,"column":10,"severity":"Warning","message":"Rule is set with explicit type [var/s: uint]","ruleId":"explicit-types","filePath":"Benchmarks/Study_SamplesSet/ec3a556742f883e7d185dc9d92b2e517.sol"},{"line":167,"column":5,"severity":"Error","message":"Explicitly mark all external contracts as trusted or untrusted","ruleId":"mark-callable-contracts","filePath":"Benchmarks/Study_SamplesSet/ec3a556742f883e7d185dc9d92b2e517.sol"},{"line":179,"column":10,"severity":"Warning","message":"Rule is set with explicit type [var/s: uint]","ruleId":"explicit-types","filePath":"Benchmarks/Study_SamplesSet/ec3a556742f883e7d185dc9d92b2e517.sol"},{"line":186,"column":5,"severity":"Error","message":"Explicitly mark all external contracts as trusted or untrusted","ruleId":"mark-callable-contracts","filePath":"Benchmarks/Study_SamplesSet/ec3a556742f883e7d185dc9d92b2e517.sol"},{"line":187,"column":5,"severity":"Error","message":"Explicitly mark all external contracts as trusted or untrusted","ruleId":"mark-callable-contracts","filePath":"Benchmarks/Study_SamplesSet/ec3a556742f883e7d185dc9d92b2e517.sol"},{"line":192,"column":30,"severity":"Warning","message":"Rule is set with explicit type [var/s: uint]","ruleId":"explicit-types","filePath":"Benchmarks/Study_SamplesSet/ec3a556742f883e7d185dc9d92b2e517.sol"},{"line":198,"column":5,"severity":"Error","message":"Explicitly mark all external contracts as trusted or untrusted","ruleId":"mark-callable-contracts","filePath":"Benchmarks/Study_SamplesSet/ec3a556742f883e7d185dc9d92b2e517.sol"},{"line":206,"column":51,"severity":"Warning","message":"Rule is set with explicit type [var/s: uint]","ruleId":"explicit-types","filePath":"Benchmarks/Study_SamplesSet/ec3a556742f883e7d185dc9d92b2e517.sol"},{"line":208,"column":12,"severity":"Warning","message":"Rule is set with explicit type [var/s: uint]","ruleId":"explicit-types","filePath":"Benchmarks/Study_SamplesSet/ec3a556742f883e7d185dc9d92b2e517.sol"},{"line":216,"column":31,"severity":"Warning","message":"Rule is set with explicit type [var/s: uint]","ruleId":"explicit-types","filePath":"Benchmarks/Study_SamplesSet/ec3a556742f883e7d185dc9d92b2e517.sol"},{"line":223,"column":5,"severity":"Error","message":"Explicitly mark all external contracts as trusted or untrusted","ruleId":"mark-callable-contracts","filePath":"Benchmarks/Study_SamplesSet/ec3a556742f883e7d185dc9d92b2e517.sol"},{"line":230,"column":31,"severity":"Warning","message":"Rule is set with explicit type [var/s: uint]","ruleId":"explicit-types","filePath":"Benchmarks/Study_SamplesSet/ec3a556742f883e7d185dc9d92b2e517.sol"},{"line":237,"column":5,"severity":"Error","message":"Explicitly mark all external contracts as trusted or untrusted","ruleId":"mark-callable-contracts","filePath":"Benchmarks/Study_SamplesSet/ec3a556742f883e7d185dc9d92b2e517.sol"},{"line":242,"column":31,"severity":"Warning","message":"Rule is set with explicit type [var/s: uint]","ruleId":"explicit-types","filePath":"Benchmarks/Study_SamplesSet/ec3a556742f883e7d185dc9d92b2e517.sol"},{"line":251,"column":9,"severity":"Error","message":"Avoid to use low level calls.","ruleId":"avoid-low-level-calls","fix":null,"filePath":"Benchmarks/Study_SamplesSet/ec3a556742f883e7d185dc9d92b2e517.sol"},{"line":251,"column":9,"severity":"Error","message":"Avoid to use \".call.value()()\"","ruleId":"avoid-call-value","fix":null,"filePath":"Benchmarks/Study_SamplesSet/ec3a556742f883e7d185dc9d92b2e517.sol"},{"line":252,"column":5,"severity":"Error","message":"Explicitly mark all external contracts as trusted or untrusted","ruleId":"mark-callable-contracts","filePath":"Benchmarks/Study_SamplesSet/ec3a556742f883e7d185dc9d92b2e517.sol"},{"line":254,"column":7,"severity":"Error","message":"Explicitly mark all external contracts as trusted or untrusted","ruleId":"mark-callable-contracts","filePath":"Benchmarks/Study_SamplesSet/ec3a556742f883e7d185dc9d92b2e517.sol"},{"line":262,"column":24,"severity":"Warning","message":"Rule is set with explicit type [var/s: uint]","ruleId":"explicit-types","filePath":"Benchmarks/Study_SamplesSet/ec3a556742f883e7d185dc9d92b2e517.sol"},{"line":267,"column":5,"severity":"Warning","message":"Rule is set with explicit type [var/s: uint]","ruleId":"explicit-types","filePath":"Benchmarks/Study_SamplesSet/ec3a556742f883e7d185dc9d92b2e517.sol"},{"line":268,"column":10,"severity":"Warning","message":"Rule is set with explicit type [var/s: uint]","ruleId":"explicit-types","filePath":"Benchmarks/Study_SamplesSet/ec3a556742f883e7d185dc9d92b2e517.sol"},{"line":284,"column":48,"severity":"Warning","message":"Rule is set with explicit type [var/s: uint]","ruleId":"explicit-types","filePath":"Benchmarks/Study_SamplesSet/ec3a556742f883e7d185dc9d92b2e517.sol"},{"line":287,"column":12,"severity":"Warning","message":"Rule is set with explicit type [var/s: uint]","ruleId":"explicit-types","filePath":"Benchmarks/Study_SamplesSet/ec3a556742f883e7d185dc9d92b2e517.sol"},{"line":290,"column":35,"severity":"Error","message":"Explicitly mark all external contracts as trusted or untrusted","ruleId":"mark-callable-contracts","filePath":"Benchmarks/Study_SamplesSet/ec3a556742f883e7d185dc9d92b2e517.sol"},{"line":297,"column":5,"severity":"Error","message":"Explicitly mark all external contracts as trusted or untrusted","ruleId":"mark-callable-contracts","filePath":"Benchmarks/Study_SamplesSet/ec3a556742f883e7d185dc9d92b2e517.sol"},{"line":306,"column":33,"severity":"Warning","message":"Rule is set with explicit type [var/s: uint]","ruleId":"explicit-types","filePath":"Benchmarks/Study_SamplesSet/ec3a556742f883e7d185dc9d92b2e517.sol"},{"line":309,"column":12,"severity":"Warning","message":"Rule is set with explicit type [var/s: uint]","ruleId":"explicit-types","filePath":"Benchmarks/Study_SamplesSet/ec3a556742f883e7d185dc9d92b2e517.sol"},{"line":311,"column":10,"severity":"Warning","message":"Rule is set with explicit type [var/s: uint]","ruleId":"explicit-types","filePath":"Benchmarks/Study_SamplesSet/ec3a556742f883e7d185dc9d92b2e517.sol"},{"line":323,"column":12,"severity":"Warning","message":"Rule is set with explicit type [var/s: uint]","ruleId":"explicit-types","filePath":"Benchmarks/Study_SamplesSet/ec3a556742f883e7d185dc9d92b2e517.sol"},{"line":325,"column":10,"severity":"Warning","message":"Rule is set with explicit type [var/s: uint]","ruleId":"explicit-types","filePath":"Benchmarks/Study_SamplesSet/ec3a556742f883e7d185dc9d92b2e517.sol"},{"line":344,"column":29,"severity":"Warning","message":"Rule is set with explicit type [var/s: uint]","ruleId":"explicit-types","filePath":"Benchmarks/Study_SamplesSet/ec3a556742f883e7d185dc9d92b2e517.sol"},{"line":350,"column":5,"severity":"Warning","message":"Rule is set with explicit type [var/s: uint]","ruleId":"explicit-types","filePath":"Benchmarks/Study_SamplesSet/ec3a556742f883e7d185dc9d92b2e517.sol"},{"line":351,"column":5,"severity":"Warning","message":"Rule is set with explicit type [var/s: uint]","ruleId":"explicit-types","filePath":"Benchmarks/Study_SamplesSet/ec3a556742f883e7d185dc9d92b2e517.sol"},{"line":368,"column":30,"severity":"Warning","message":"Rule is set with explicit type [var/s: uint]","ruleId":"explicit-types","filePath":"Benchmarks/Study_SamplesSet/ec3a556742f883e7d185dc9d92b2e517.sol"},{"line":368,"column":41,"severity":"Warning","message":"Rule is set with explicit type [var/s: uint]","ruleId":"explicit-types","filePath":"Benchmarks/Study_SamplesSet/ec3a556742f883e7d185dc9d92b2e517.sol"},{"line":371,"column":12,"severity":"Warning","message":"Rule is set with explicit type [var/s: uint]","ruleId":"explicit-types","filePath":"Benchmarks/Study_SamplesSet/ec3a556742f883e7d185dc9d92b2e517.sol"},{"line":373,"column":40,"severity":"Warning","message":"Rule is set with explicit type [var/s: uint]","ruleId":"explicit-types","filePath":"Benchmarks/Study_SamplesSet/ec3a556742f883e7d185dc9d92b2e517.sol"},{"line":373,"column":5,"severity":"Warning","message":"Rule is set with explicit type [var/s: uint]","ruleId":"explicit-types","filePath":"Benchmarks/Study_SamplesSet/ec3a556742f883e7d185dc9d92b2e517.sol"},{"line":374,"column":5,"severity":"Warning","message":"Rule is set with explicit type [var/s: uint]","ruleId":"explicit-types","filePath":"Benchmarks/Study_SamplesSet/ec3a556742f883e7d185dc9d92b2e517.sol"},{"line":375,"column":5,"severity":"Warning","message":"Rule is set with explicit type [var/s: uint]","ruleId":"explicit-types","filePath":"Benchmarks/Study_SamplesSet/ec3a556742f883e7d185dc9d92b2e517.sol"},{"line":383,"column":5,"severity":"Warning","message":"Rule is set with explicit type [var/s: uint]","ruleId":"explicit-types","filePath":"Benchmarks/Study_SamplesSet/ec3a556742f883e7d185dc9d92b2e517.sol"},{"conclusion":"88 problem/s (15 error/s, 73 warning/s)"}]
