[{"line":5,"column":1,"severity":"Warning","message":"Found more than One contract per file. 3 contracts found!","ruleId":"one-contract-per-file","fix":null,"filePath":"Benchmarks/Study_SamplesSet/eea2bcc967b723b1b073baf1b6f6c78a.sol"},{"line":5,"column":1,"severity":"Error","message":"Compiler version ^0.5.0 does not satisfy the ^0.8.0 semver requirement","ruleId":"compiler-version","fix":null,"filePath":"Benchmarks/Study_SamplesSet/eea2bcc967b723b1b073baf1b6f6c78a.sol"},{"line":54,"column":1,"severity":"Warning","message":"Function name must be in mixedCase","ruleId":"func-name-mixedcase","fix":null,"filePath":"Benchmarks/Study_SamplesSet/eea2bcc967b723b1b073baf1b6f6c78a.sol"},{"line":54,"column":60,"severity":"Warning","message":"Variable name must be in mixedCase","ruleId":"var-name-mixedcase","fix":null,"filePath":"Benchmarks/Study_SamplesSet/eea2bcc967b723b1b073baf1b6f6c78a.sol"},{"line":55,"column":9,"severity":"Warning","message":"Provide an error message for require","ruleId":"reason-string","fix":null,"filePath":"Benchmarks/Study_SamplesSet/eea2bcc967b723b1b073baf1b6f6c78a.sol"},{"line":55,"column":9,"severity":"Warning","message":"Use Custom Errors instead of require statements","ruleId":"custom-errors","fix":null,"filePath":"Benchmarks/Study_SamplesSet/eea2bcc967b723b1b073baf1b6f6c78a.sol"},{"line":55,"column":17,"severity":"Error","message":"Avoid to use tx.origin","ruleId":"avoid-tx-origin","fix":null,"filePath":"Benchmarks/Study_SamplesSet/eea2bcc967b723b1b073baf1b6f6c78a.sol"},{"line":59,"column":1,"severity":"Warning","message":"Function name must be in mixedCase","ruleId":"func-name-mixedcase","fix":null,"filePath":"Benchmarks/Study_SamplesSet/eea2bcc967b723b1b073baf1b6f6c78a.sol"},{"line":59,"column":25,"severity":"Warning","message":"Variable name must be in mixedCase","ruleId":"var-name-mixedcase","fix":null,"filePath":"Benchmarks/Study_SamplesSet/eea2bcc967b723b1b073baf1b6f6c78a.sol"},{"line":60,"column":9,"severity":"Warning","message":"Provide an error message for require","ruleId":"reason-string","fix":null,"filePath":"Benchmarks/Study_SamplesSet/eea2bcc967b723b1b073baf1b6f6c78a.sol"},{"line":60,"column":9,"severity":"Warning","message":"Use Custom Errors instead of require statements","ruleId":"custom-errors","fix":null,"filePath":"Benchmarks/Study_SamplesSet/eea2bcc967b723b1b073baf1b6f6c78a.sol"},{"line":60,"column":17,"severity":"Error","message":"Avoid to use tx.origin","ruleId":"avoid-tx-origin","fix":null,"filePath":"Benchmarks/Study_SamplesSet/eea2bcc967b723b1b073baf1b6f6c78a.sol"},{"line":63,"column":1,"severity":"Warning","message":"Function name must be in mixedCase","ruleId":"func-name-mixedcase","fix":null,"filePath":"Benchmarks/Study_SamplesSet/eea2bcc967b723b1b073baf1b6f6c78a.sol"},{"line":63,"column":44,"severity":"Warning","message":"Rule is set with explicit type [var/s: uint]","ruleId":"explicit-types","filePath":"Benchmarks/Study_SamplesSet/eea2bcc967b723b1b073baf1b6f6c78a.sol"},{"line":63,"column":56,"severity":"Warning","message":"Variable name must be in mixedCase","ruleId":"var-name-mixedcase","fix":null,"filePath":"Benchmarks/Study_SamplesSet/eea2bcc967b723b1b073baf1b6f6c78a.sol"},{"line":64,"column":3,"severity":"Warning","message":"Provide an error message for require","ruleId":"reason-string","fix":null,"filePath":"Benchmarks/Study_SamplesSet/eea2bcc967b723b1b073baf1b6f6c78a.sol"},{"line":64,"column":3,"severity":"Warning","message":"Use Custom Errors instead of require statements","ruleId":"custom-errors","fix":null,"filePath":"Benchmarks/Study_SamplesSet/eea2bcc967b723b1b073baf1b6f6c78a.sol"},{"line":64,"column":11,"severity":"Error","message":"Avoid to use tx.origin","ruleId":"avoid-tx-origin","fix":null,"filePath":"Benchmarks/Study_SamplesSet/eea2bcc967b723b1b073baf1b6f6c78a.sol"},{"line":65,"column":3,"severity":"Error","message":"Avoid to use low level calls.","ruleId":"avoid-low-level-calls","fix":null,"filePath":"Benchmarks/Study_SamplesSet/eea2bcc967b723b1b073baf1b6f6c78a.sol"},{"line":65,"column":3,"severity":"Error","message":"Avoid to use \".call.value()()\"","ruleId":"avoid-call-value","fix":null,"filePath":"Benchmarks/Study_SamplesSet/eea2bcc967b723b1b073baf1b6f6c78a.sol"},{"line":74,"column":1,"severity":"Warning","message":"Function name must be in mixedCase","ruleId":"func-name-mixedcase","fix":null,"filePath":"Benchmarks/Study_SamplesSet/eea2bcc967b723b1b073baf1b6f6c78a.sol"},{"line":74,"column":44,"severity":"Warning","message":"Rule is set with explicit type [var/s: uint]","ruleId":"explicit-types","filePath":"Benchmarks/Study_SamplesSet/eea2bcc967b723b1b073baf1b6f6c78a.sol"},{"line":74,"column":56,"severity":"Warning","message":"Variable name must be in mixedCase","ruleId":"var-name-mixedcase","fix":null,"filePath":"Benchmarks/Study_SamplesSet/eea2bcc967b723b1b073baf1b6f6c78a.sol"},{"line":75,"column":3,"severity":"Warning","message":"Provide an error message for require","ruleId":"reason-string","fix":null,"filePath":"Benchmarks/Study_SamplesSet/eea2bcc967b723b1b073baf1b6f6c78a.sol"},{"line":75,"column":3,"severity":"Warning","message":"Use Custom Errors instead of require statements","ruleId":"custom-errors","fix":null,"filePath":"Benchmarks/Study_SamplesSet/eea2bcc967b723b1b073baf1b6f6c78a.sol"},{"line":75,"column":11,"severity":"Error","message":"Avoid to use tx.origin","ruleId":"avoid-tx-origin","fix":null,"filePath":"Benchmarks/Study_SamplesSet/eea2bcc967b723b1b073baf1b6f6c78a.sol"},{"line":76,"column":3,"severity":"Error","message":"Avoid to use low level calls.","ruleId":"avoid-low-level-calls","fix":null,"filePath":"Benchmarks/Study_SamplesSet/eea2bcc967b723b1b073baf1b6f6c78a.sol"},{"line":76,"column":3,"severity":"Error","message":"Avoid to use \".call.value()()\"","ruleId":"avoid-call-value","fix":null,"filePath":"Benchmarks/Study_SamplesSet/eea2bcc967b723b1b073baf1b6f6c78a.sol"},{"line":82,"column":1,"severity":"Warning","message":"Function name must be in mixedCase","ruleId":"func-name-mixedcase","fix":null,"filePath":"Benchmarks/Study_SamplesSet/eea2bcc967b723b1b073baf1b6f6c78a.sol"},{"line":82,"column":60,"severity":"Warning","message":"Variable name must be in mixedCase","ruleId":"var-name-mixedcase","fix":null,"filePath":"Benchmarks/Study_SamplesSet/eea2bcc967b723b1b073baf1b6f6c78a.sol"},{"line":83,"column":9,"severity":"Warning","message":"Provide an error message for require","ruleId":"reason-string","fix":null,"filePath":"Benchmarks/Study_SamplesSet/eea2bcc967b723b1b073baf1b6f6c78a.sol"},{"line":83,"column":9,"severity":"Warning","message":"Use Custom Errors instead of require statements","ruleId":"custom-errors","fix":null,"filePath":"Benchmarks/Study_SamplesSet/eea2bcc967b723b1b073baf1b6f6c78a.sol"},{"line":83,"column":17,"severity":"Error","message":"Avoid to use tx.origin","ruleId":"avoid-tx-origin","fix":null,"filePath":"Benchmarks/Study_SamplesSet/eea2bcc967b723b1b073baf1b6f6c78a.sol"},{"line":90,"column":1,"severity":"Warning","message":"Function name must be in mixedCase","ruleId":"func-name-mixedcase","fix":null,"filePath":"Benchmarks/Study_SamplesSet/eea2bcc967b723b1b073baf1b6f6c78a.sol"},{"line":90,"column":25,"severity":"Warning","message":"Variable name must be in mixedCase","ruleId":"var-name-mixedcase","fix":null,"filePath":"Benchmarks/Study_SamplesSet/eea2bcc967b723b1b073baf1b6f6c78a.sol"},{"line":91,"column":9,"severity":"Warning","message":"Provide an error message for require","ruleId":"reason-string","fix":null,"filePath":"Benchmarks/Study_SamplesSet/eea2bcc967b723b1b073baf1b6f6c78a.sol"},{"line":91,"column":9,"severity":"Warning","message":"Use Custom Errors instead of require statements","ruleId":"custom-errors","fix":null,"filePath":"Benchmarks/Study_SamplesSet/eea2bcc967b723b1b073baf1b6f6c78a.sol"},{"line":91,"column":17,"severity":"Error","message":"Avoid to use tx.origin","ruleId":"avoid-tx-origin","fix":null,"filePath":"Benchmarks/Study_SamplesSet/eea2bcc967b723b1b073baf1b6f6c78a.sol"},{"line":97,"column":1,"severity":"Warning","message":"Function name must be in mixedCase","ruleId":"func-name-mixedcase","fix":null,"filePath":"Benchmarks/Study_SamplesSet/eea2bcc967b723b1b073baf1b6f6c78a.sol"},{"line":97,"column":27,"severity":"Warning","message":"Variable name must be in mixedCase","ruleId":"var-name-mixedcase","fix":null,"filePath":"Benchmarks/Study_SamplesSet/eea2bcc967b723b1b073baf1b6f6c78a.sol"},{"line":98,"column":9,"severity":"Warning","message":"Provide an error message for require","ruleId":"reason-string","fix":null,"filePath":"Benchmarks/Study_SamplesSet/eea2bcc967b723b1b073baf1b6f6c78a.sol"},{"line":98,"column":9,"severity":"Warning","message":"Use Custom Errors instead of require statements","ruleId":"custom-errors","fix":null,"filePath":"Benchmarks/Study_SamplesSet/eea2bcc967b723b1b073baf1b6f6c78a.sol"},{"line":98,"column":17,"severity":"Error","message":"Avoid to use tx.origin","ruleId":"avoid-tx-origin","fix":null,"filePath":"Benchmarks/Study_SamplesSet/eea2bcc967b723b1b073baf1b6f6c78a.sol"},{"line":105,"column":1,"severity":"Warning","message":"Function name must be in mixedCase","ruleId":"func-name-mixedcase","fix":null,"filePath":"Benchmarks/Study_SamplesSet/eea2bcc967b723b1b073baf1b6f6c78a.sol"},{"line":105,"column":53,"severity":"Warning","message":"Rule is set with explicit type [var/s: uint]","ruleId":"explicit-types","filePath":"Benchmarks/Study_SamplesSet/eea2bcc967b723b1b073baf1b6f6c78a.sol"},{"line":105,"column":65,"severity":"Warning","message":"Variable name must be in mixedCase","ruleId":"var-name-mixedcase","fix":null,"filePath":"Benchmarks/Study_SamplesSet/eea2bcc967b723b1b073baf1b6f6c78a.sol"},{"line":106,"column":2,"severity":"Warning","message":"Provide an error message for require","ruleId":"reason-string","fix":null,"filePath":"Benchmarks/Study_SamplesSet/eea2bcc967b723b1b073baf1b6f6c78a.sol"},{"line":106,"column":2,"severity":"Warning","message":"Use Custom Errors instead of require statements","ruleId":"custom-errors","fix":null,"filePath":"Benchmarks/Study_SamplesSet/eea2bcc967b723b1b073baf1b6f6c78a.sol"},{"line":106,"column":11,"severity":"Error","message":"Avoid to use tx.origin","ruleId":"avoid-tx-origin","fix":null,"filePath":"Benchmarks/Study_SamplesSet/eea2bcc967b723b1b073baf1b6f6c78a.sol"},{"line":110,"column":1,"severity":"Warning","message":"Function name must be in mixedCase","ruleId":"func-name-mixedcase","fix":null,"filePath":"Benchmarks/Study_SamplesSet/eea2bcc967b723b1b073baf1b6f6c78a.sol"},{"line":110,"column":59,"severity":"Warning","message":"Variable name must be in mixedCase","ruleId":"var-name-mixedcase","fix":null,"filePath":"Benchmarks/Study_SamplesSet/eea2bcc967b723b1b073baf1b6f6c78a.sol"},{"line":111,"column":9,"severity":"Warning","message":"Provide an error message for require","ruleId":"reason-string","fix":null,"filePath":"Benchmarks/Study_SamplesSet/eea2bcc967b723b1b073baf1b6f6c78a.sol"},{"line":111,"column":9,"severity":"Warning","message":"Use Custom Errors instead of require statements","ruleId":"custom-errors","fix":null,"filePath":"Benchmarks/Study_SamplesSet/eea2bcc967b723b1b073baf1b6f6c78a.sol"},{"line":111,"column":17,"severity":"Error","message":"Avoid to use tx.origin","ruleId":"avoid-tx-origin","fix":null,"filePath":"Benchmarks/Study_SamplesSet/eea2bcc967b723b1b073baf1b6f6c78a.sol"},{"line":116,"column":1,"severity":"Warning","message":"Function name must be in mixedCase","ruleId":"func-name-mixedcase","fix":null,"filePath":"Benchmarks/Study_SamplesSet/eea2bcc967b723b1b073baf1b6f6c78a.sol"},{"line":116,"column":54,"severity":"Warning","message":"Rule is set with explicit type [var/s: uint]","ruleId":"explicit-types","filePath":"Benchmarks/Study_SamplesSet/eea2bcc967b723b1b073baf1b6f6c78a.sol"},{"line":116,"column":66,"severity":"Warning","message":"Variable name must be in mixedCase","ruleId":"var-name-mixedcase","fix":null,"filePath":"Benchmarks/Study_SamplesSet/eea2bcc967b723b1b073baf1b6f6c78a.sol"},{"line":117,"column":2,"severity":"Warning","message":"Provide an error message for require","ruleId":"reason-string","fix":null,"filePath":"Benchmarks/Study_SamplesSet/eea2bcc967b723b1b073baf1b6f6c78a.sol"},{"line":117,"column":2,"severity":"Warning","message":"Use Custom Errors instead of require statements","ruleId":"custom-errors","fix":null,"filePath":"Benchmarks/Study_SamplesSet/eea2bcc967b723b1b073baf1b6f6c78a.sol"},{"line":117,"column":11,"severity":"Error","message":"Avoid to use tx.origin","ruleId":"avoid-tx-origin","fix":null,"filePath":"Benchmarks/Study_SamplesSet/eea2bcc967b723b1b073baf1b6f6c78a.sol"},{"line":120,"column":3,"severity":"Error","message":"Explicitly mark visibility of state","ruleId":"state-visibility","fix":null,"filePath":"Benchmarks/Study_SamplesSet/eea2bcc967b723b1b073baf1b6f6c78a.sol"},{"line":120,"column":3,"severity":"Warning","message":"Constant name must be in capitalized SNAKE_CASE","ruleId":"const-name-snakecase","fix":null,"filePath":"Benchmarks/Study_SamplesSet/eea2bcc967b723b1b073baf1b6f6c78a.sol"},{"line":121,"column":1,"severity":"Warning","message":"Function name must be in mixedCase","ruleId":"func-name-mixedcase","fix":null,"filePath":"Benchmarks/Study_SamplesSet/eea2bcc967b723b1b073baf1b6f6c78a.sol"},{"line":121,"column":54,"severity":"Warning","message":"Rule is set with explicit type [var/s: uint]","ruleId":"explicit-types","filePath":"Benchmarks/Study_SamplesSet/eea2bcc967b723b1b073baf1b6f6c78a.sol"},{"line":121,"column":66,"severity":"Warning","message":"Variable name must be in mixedCase","ruleId":"var-name-mixedcase","fix":null,"filePath":"Benchmarks/Study_SamplesSet/eea2bcc967b723b1b073baf1b6f6c78a.sol"},{"line":122,"column":2,"severity":"Warning","message":"Provide an error message for require","ruleId":"reason-string","fix":null,"filePath":"Benchmarks/Study_SamplesSet/eea2bcc967b723b1b073baf1b6f6c78a.sol"},{"line":122,"column":2,"severity":"Warning","message":"Use Custom Errors instead of require statements","ruleId":"custom-errors","fix":null,"filePath":"Benchmarks/Study_SamplesSet/eea2bcc967b723b1b073baf1b6f6c78a.sol"},{"line":122,"column":11,"severity":"Error","message":"Avoid to use tx.origin","ruleId":"avoid-tx-origin","fix":null,"filePath":"Benchmarks/Study_SamplesSet/eea2bcc967b723b1b073baf1b6f6c78a.sol"},{"line":125,"column":3,"severity":"Error","message":"Explicitly mark visibility of state","ruleId":"state-visibility","fix":null,"filePath":"Benchmarks/Study_SamplesSet/eea2bcc967b723b1b073baf1b6f6c78a.sol"},{"line":125,"column":3,"severity":"Warning","message":"Constant name must be in capitalized SNAKE_CASE","ruleId":"const-name-snakecase","fix":null,"filePath":"Benchmarks/Study_SamplesSet/eea2bcc967b723b1b073baf1b6f6c78a.sol"},{"line":126,"column":1,"severity":"Warning","message":"Function name must be in mixedCase","ruleId":"func-name-mixedcase","fix":null,"filePath":"Benchmarks/Study_SamplesSet/eea2bcc967b723b1b073baf1b6f6c78a.sol"},{"line":126,"column":43,"severity":"Warning","message":"Rule is set with explicit type [var/s: uint]","ruleId":"explicit-types","filePath":"Benchmarks/Study_SamplesSet/eea2bcc967b723b1b073baf1b6f6c78a.sol"},{"line":126,"column":55,"severity":"Warning","message":"Variable name must be in mixedCase","ruleId":"var-name-mixedcase","fix":null,"filePath":"Benchmarks/Study_SamplesSet/eea2bcc967b723b1b073baf1b6f6c78a.sol"},{"line":127,"column":3,"severity":"Warning","message":"Provide an error message for require","ruleId":"reason-string","fix":null,"filePath":"Benchmarks/Study_SamplesSet/eea2bcc967b723b1b073baf1b6f6c78a.sol"},{"line":127,"column":3,"severity":"Warning","message":"Use Custom Errors instead of require statements","ruleId":"custom-errors","fix":null,"filePath":"Benchmarks/Study_SamplesSet/eea2bcc967b723b1b073baf1b6f6c78a.sol"},{"line":127,"column":11,"severity":"Error","message":"Avoid to use tx.origin","ruleId":"avoid-tx-origin","fix":null,"filePath":"Benchmarks/Study_SamplesSet/eea2bcc967b723b1b073baf1b6f6c78a.sol"},{"line":128,"column":3,"severity":"Error","message":"Avoid to use low level calls.","ruleId":"avoid-low-level-calls","fix":null,"filePath":"Benchmarks/Study_SamplesSet/eea2bcc967b723b1b073baf1b6f6c78a.sol"},{"line":128,"column":3,"severity":"Error","message":"Avoid to use \".call.value()()\"","ruleId":"avoid-call-value","fix":null,"filePath":"Benchmarks/Study_SamplesSet/eea2bcc967b723b1b073baf1b6f6c78a.sol"},{"line":130,"column":3,"severity":"Error","message":"Explicitly mark visibility of state","ruleId":"state-visibility","fix":null,"filePath":"Benchmarks/Study_SamplesSet/eea2bcc967b723b1b073baf1b6f6c78a.sol"},{"line":130,"column":3,"severity":"Warning","message":"Constant name must be in capitalized SNAKE_CASE","ruleId":"const-name-snakecase","fix":null,"filePath":"Benchmarks/Study_SamplesSet/eea2bcc967b723b1b073baf1b6f6c78a.sol"},{"line":131,"column":1,"severity":"Warning","message":"Function name must be in mixedCase","ruleId":"func-name-mixedcase","fix":null,"filePath":"Benchmarks/Study_SamplesSet/eea2bcc967b723b1b073baf1b6f6c78a.sol"},{"line":131,"column":53,"severity":"Warning","message":"Rule is set with explicit type [var/s: uint]","ruleId":"explicit-types","filePath":"Benchmarks/Study_SamplesSet/eea2bcc967b723b1b073baf1b6f6c78a.sol"},{"line":131,"column":65,"severity":"Warning","message":"Variable name must be in mixedCase","ruleId":"var-name-mixedcase","fix":null,"filePath":"Benchmarks/Study_SamplesSet/eea2bcc967b723b1b073baf1b6f6c78a.sol"},{"line":132,"column":2,"severity":"Warning","message":"Provide an error message for require","ruleId":"reason-string","fix":null,"filePath":"Benchmarks/Study_SamplesSet/eea2bcc967b723b1b073baf1b6f6c78a.sol"},{"line":132,"column":2,"severity":"Warning","message":"Use Custom Errors instead of require statements","ruleId":"custom-errors","fix":null,"filePath":"Benchmarks/Study_SamplesSet/eea2bcc967b723b1b073baf1b6f6c78a.sol"},{"line":132,"column":11,"severity":"Error","message":"Avoid to use tx.origin","ruleId":"avoid-tx-origin","fix":null,"filePath":"Benchmarks/Study_SamplesSet/eea2bcc967b723b1b073baf1b6f6c78a.sol"},{"line":135,"column":3,"severity":"Error","message":"Explicitly mark visibility of state","ruleId":"state-visibility","fix":null,"filePath":"Benchmarks/Study_SamplesSet/eea2bcc967b723b1b073baf1b6f6c78a.sol"},{"line":136,"column":1,"severity":"Warning","message":"Function name must be in mixedCase","ruleId":"func-name-mixedcase","fix":null,"filePath":"Benchmarks/Study_SamplesSet/eea2bcc967b723b1b073baf1b6f6c78a.sol"},{"line":136,"column":54,"severity":"Warning","message":"Rule is set with explicit type [var/s: uint]","ruleId":"explicit-types","filePath":"Benchmarks/Study_SamplesSet/eea2bcc967b723b1b073baf1b6f6c78a.sol"},{"line":136,"column":66,"severity":"Warning","message":"Variable name must be in mixedCase","ruleId":"var-name-mixedcase","fix":null,"filePath":"Benchmarks/Study_SamplesSet/eea2bcc967b723b1b073baf1b6f6c78a.sol"},{"line":137,"column":2,"severity":"Warning","message":"Provide an error message for require","ruleId":"reason-string","fix":null,"filePath":"Benchmarks/Study_SamplesSet/eea2bcc967b723b1b073baf1b6f6c78a.sol"},{"line":137,"column":2,"severity":"Warning","message":"Use Custom Errors instead of require statements","ruleId":"custom-errors","fix":null,"filePath":"Benchmarks/Study_SamplesSet/eea2bcc967b723b1b073baf1b6f6c78a.sol"},{"line":137,"column":11,"severity":"Error","message":"Avoid to use tx.origin","ruleId":"avoid-tx-origin","fix":null,"filePath":"Benchmarks/Study_SamplesSet/eea2bcc967b723b1b073baf1b6f6c78a.sol"},{"line":145,"column":1,"severity":"Warning","message":"Function name must be in mixedCase","ruleId":"func-name-mixedcase","fix":null,"filePath":"Benchmarks/Study_SamplesSet/eea2bcc967b723b1b073baf1b6f6c78a.sol"},{"line":145,"column":60,"severity":"Warning","message":"Variable name must be in mixedCase","ruleId":"var-name-mixedcase","fix":null,"filePath":"Benchmarks/Study_SamplesSet/eea2bcc967b723b1b073baf1b6f6c78a.sol"},{"line":146,"column":9,"severity":"Warning","message":"Provide an error message for require","ruleId":"reason-string","fix":null,"filePath":"Benchmarks/Study_SamplesSet/eea2bcc967b723b1b073baf1b6f6c78a.sol"},{"line":146,"column":9,"severity":"Warning","message":"Use Custom Errors instead of require statements","ruleId":"custom-errors","fix":null,"filePath":"Benchmarks/Study_SamplesSet/eea2bcc967b723b1b073baf1b6f6c78a.sol"},{"line":146,"column":17,"severity":"Error","message":"Avoid to use tx.origin","ruleId":"avoid-tx-origin","fix":null,"filePath":"Benchmarks/Study_SamplesSet/eea2bcc967b723b1b073baf1b6f6c78a.sol"},{"line":153,"column":1,"severity":"Warning","message":"Function name must be in mixedCase","ruleId":"func-name-mixedcase","fix":null,"filePath":"Benchmarks/Study_SamplesSet/eea2bcc967b723b1b073baf1b6f6c78a.sol"},{"line":153,"column":24,"severity":"Warning","message":"Variable name must be in mixedCase","ruleId":"var-name-mixedcase","fix":null,"filePath":"Benchmarks/Study_SamplesSet/eea2bcc967b723b1b073baf1b6f6c78a.sol"},{"line":154,"column":9,"severity":"Warning","message":"Provide an error message for require","ruleId":"reason-string","fix":null,"filePath":"Benchmarks/Study_SamplesSet/eea2bcc967b723b1b073baf1b6f6c78a.sol"},{"line":154,"column":9,"severity":"Warning","message":"Use Custom Errors instead of require statements","ruleId":"custom-errors","fix":null,"filePath":"Benchmarks/Study_SamplesSet/eea2bcc967b723b1b073baf1b6f6c78a.sol"},{"line":154,"column":17,"severity":"Error","message":"Avoid to use tx.origin","ruleId":"avoid-tx-origin","fix":null,"filePath":"Benchmarks/Study_SamplesSet/eea2bcc967b723b1b073baf1b6f6c78a.sol"},{"line":160,"column":1,"severity":"Warning","message":"Function name must be in mixedCase","ruleId":"func-name-mixedcase","fix":null,"filePath":"Benchmarks/Study_SamplesSet/eea2bcc967b723b1b073baf1b6f6c78a.sol"},{"line":160,"column":43,"severity":"Warning","message":"Rule is set with explicit type [var/s: uint]","ruleId":"explicit-types","filePath":"Benchmarks/Study_SamplesSet/eea2bcc967b723b1b073baf1b6f6c78a.sol"},{"line":160,"column":55,"severity":"Warning","message":"Variable name must be in mixedCase","ruleId":"var-name-mixedcase","fix":null,"filePath":"Benchmarks/Study_SamplesSet/eea2bcc967b723b1b073baf1b6f6c78a.sol"},{"line":161,"column":3,"severity":"Warning","message":"Provide an error message for require","ruleId":"reason-string","fix":null,"filePath":"Benchmarks/Study_SamplesSet/eea2bcc967b723b1b073baf1b6f6c78a.sol"},{"line":161,"column":3,"severity":"Warning","message":"Use Custom Errors instead of require statements","ruleId":"custom-errors","fix":null,"filePath":"Benchmarks/Study_SamplesSet/eea2bcc967b723b1b073baf1b6f6c78a.sol"},{"line":161,"column":11,"severity":"Error","message":"Avoid to use tx.origin","ruleId":"avoid-tx-origin","fix":null,"filePath":"Benchmarks/Study_SamplesSet/eea2bcc967b723b1b073baf1b6f6c78a.sol"},{"line":162,"column":3,"severity":"Error","message":"Avoid to use low level calls.","ruleId":"avoid-low-level-calls","fix":null,"filePath":"Benchmarks/Study_SamplesSet/eea2bcc967b723b1b073baf1b6f6c78a.sol"},{"line":162,"column":3,"severity":"Error","message":"Avoid to use \".call.value()()\"","ruleId":"avoid-call-value","fix":null,"filePath":"Benchmarks/Study_SamplesSet/eea2bcc967b723b1b073baf1b6f6c78a.sol"},{"line":168,"column":1,"severity":"Warning","message":"Function name must be in mixedCase","ruleId":"func-name-mixedcase","fix":null,"filePath":"Benchmarks/Study_SamplesSet/eea2bcc967b723b1b073baf1b6f6c78a.sol"},{"line":168,"column":44,"severity":"Warning","message":"Rule is set with explicit type [var/s: uint]","ruleId":"explicit-types","filePath":"Benchmarks/Study_SamplesSet/eea2bcc967b723b1b073baf1b6f6c78a.sol"},{"line":168,"column":56,"severity":"Warning","message":"Variable name must be in mixedCase","ruleId":"var-name-mixedcase","fix":null,"filePath":"Benchmarks/Study_SamplesSet/eea2bcc967b723b1b073baf1b6f6c78a.sol"},{"line":169,"column":3,"severity":"Warning","message":"Provide an error message for require","ruleId":"reason-string","fix":null,"filePath":"Benchmarks/Study_SamplesSet/eea2bcc967b723b1b073baf1b6f6c78a.sol"},{"line":169,"column":3,"severity":"Warning","message":"Use Custom Errors instead of require statements","ruleId":"custom-errors","fix":null,"filePath":"Benchmarks/Study_SamplesSet/eea2bcc967b723b1b073baf1b6f6c78a.sol"},{"line":169,"column":11,"severity":"Error","message":"Avoid to use tx.origin","ruleId":"avoid-tx-origin","fix":null,"filePath":"Benchmarks/Study_SamplesSet/eea2bcc967b723b1b073baf1b6f6c78a.sol"},{"line":170,"column":3,"severity":"Error","message":"Avoid to use low level calls.","ruleId":"avoid-low-level-calls","fix":null,"filePath":"Benchmarks/Study_SamplesSet/eea2bcc967b723b1b073baf1b6f6c78a.sol"},{"line":170,"column":3,"severity":"Error","message":"Avoid to use \".call.value()()\"","ruleId":"avoid-call-value","fix":null,"filePath":"Benchmarks/Study_SamplesSet/eea2bcc967b723b1b073baf1b6f6c78a.sol"},{"line":178,"column":1,"severity":"Warning","message":"Function name must be in mixedCase","ruleId":"func-name-mixedcase","fix":null,"filePath":"Benchmarks/Study_SamplesSet/eea2bcc967b723b1b073baf1b6f6c78a.sol"},{"line":178,"column":60,"severity":"Warning","message":"Variable name must be in mixedCase","ruleId":"var-name-mixedcase","fix":null,"filePath":"Benchmarks/Study_SamplesSet/eea2bcc967b723b1b073baf1b6f6c78a.sol"},{"line":179,"column":9,"severity":"Warning","message":"Provide an error message for require","ruleId":"reason-string","fix":null,"filePath":"Benchmarks/Study_SamplesSet/eea2bcc967b723b1b073baf1b6f6c78a.sol"},{"line":179,"column":9,"severity":"Warning","message":"Use Custom Errors instead of require statements","ruleId":"custom-errors","fix":null,"filePath":"Benchmarks/Study_SamplesSet/eea2bcc967b723b1b073baf1b6f6c78a.sol"},{"line":179,"column":17,"severity":"Error","message":"Avoid to use tx.origin","ruleId":"avoid-tx-origin","fix":null,"filePath":"Benchmarks/Study_SamplesSet/eea2bcc967b723b1b073baf1b6f6c78a.sol"},{"line":184,"column":5,"severity":"Warning","message":"Provide an error message for require","ruleId":"reason-string","fix":null,"filePath":"Benchmarks/Study_SamplesSet/eea2bcc967b723b1b073baf1b6f6c78a.sol"},{"line":184,"column":5,"severity":"Warning","message":"Use Custom Errors instead of require statements","ruleId":"custom-errors","fix":null,"filePath":"Benchmarks/Study_SamplesSet/eea2bcc967b723b1b073baf1b6f6c78a.sol"},{"line":185,"column":5,"severity":"Warning","message":"Provide an error message for require","ruleId":"reason-string","fix":null,"filePath":"Benchmarks/Study_SamplesSet/eea2bcc967b723b1b073baf1b6f6c78a.sol"},{"line":185,"column":5,"severity":"Warning","message":"Use Custom Errors instead of require statements","ruleId":"custom-errors","fix":null,"filePath":"Benchmarks/Study_SamplesSet/eea2bcc967b723b1b073baf1b6f6c78a.sol"},{"line":199,"column":1,"severity":"Warning","message":"Function name must be in mixedCase","ruleId":"func-name-mixedcase","fix":null,"filePath":"Benchmarks/Study_SamplesSet/eea2bcc967b723b1b073baf1b6f6c78a.sol"},{"line":199,"column":60,"severity":"Warning","message":"Variable name must be in mixedCase","ruleId":"var-name-mixedcase","fix":null,"filePath":"Benchmarks/Study_SamplesSet/eea2bcc967b723b1b073baf1b6f6c78a.sol"},{"line":200,"column":9,"severity":"Warning","message":"Provide an error message for require","ruleId":"reason-string","fix":null,"filePath":"Benchmarks/Study_SamplesSet/eea2bcc967b723b1b073baf1b6f6c78a.sol"},{"line":200,"column":9,"severity":"Warning","message":"Use Custom Errors instead of require statements","ruleId":"custom-errors","fix":null,"filePath":"Benchmarks/Study_SamplesSet/eea2bcc967b723b1b073baf1b6f6c78a.sol"},{"line":200,"column":17,"severity":"Error","message":"Avoid to use tx.origin","ruleId":"avoid-tx-origin","fix":null,"filePath":"Benchmarks/Study_SamplesSet/eea2bcc967b723b1b073baf1b6f6c78a.sol"},{"line":209,"column":1,"severity":"Warning","message":"Function name must be in mixedCase","ruleId":"func-name-mixedcase","fix":null,"filePath":"Benchmarks/Study_SamplesSet/eea2bcc967b723b1b073baf1b6f6c78a.sol"},{"line":209,"column":24,"severity":"Warning","message":"Variable name must be in mixedCase","ruleId":"var-name-mixedcase","fix":null,"filePath":"Benchmarks/Study_SamplesSet/eea2bcc967b723b1b073baf1b6f6c78a.sol"},{"line":210,"column":9,"severity":"Warning","message":"Provide an error message for require","ruleId":"reason-string","fix":null,"filePath":"Benchmarks/Study_SamplesSet/eea2bcc967b723b1b073baf1b6f6c78a.sol"},{"line":210,"column":9,"severity":"Warning","message":"Use Custom Errors instead of require statements","ruleId":"custom-errors","fix":null,"filePath":"Benchmarks/Study_SamplesSet/eea2bcc967b723b1b073baf1b6f6c78a.sol"},{"line":210,"column":17,"severity":"Error","message":"Avoid to use tx.origin","ruleId":"avoid-tx-origin","fix":null,"filePath":"Benchmarks/Study_SamplesSet/eea2bcc967b723b1b073baf1b6f6c78a.sol"},{"line":214,"column":5,"severity":"Warning","message":"Provide an error message for require","ruleId":"reason-string","fix":null,"filePath":"Benchmarks/Study_SamplesSet/eea2bcc967b723b1b073baf1b6f6c78a.sol"},{"line":214,"column":5,"severity":"Warning","message":"Use Custom Errors instead of require statements","ruleId":"custom-errors","fix":null,"filePath":"Benchmarks/Study_SamplesSet/eea2bcc967b723b1b073baf1b6f6c78a.sol"},{"line":219,"column":1,"severity":"Warning","message":"Function name must be in mixedCase","ruleId":"func-name-mixedcase","fix":null,"filePath":"Benchmarks/Study_SamplesSet/eea2bcc967b723b1b073baf1b6f6c78a.sol"},{"line":219,"column":44,"severity":"Warning","message":"Rule is set with explicit type [var/s: uint]","ruleId":"explicit-types","filePath":"Benchmarks/Study_SamplesSet/eea2bcc967b723b1b073baf1b6f6c78a.sol"},{"line":219,"column":56,"severity":"Warning","message":"Variable name must be in mixedCase","ruleId":"var-name-mixedcase","fix":null,"filePath":"Benchmarks/Study_SamplesSet/eea2bcc967b723b1b073baf1b6f6c78a.sol"},{"line":220,"column":3,"severity":"Warning","message":"Provide an error message for require","ruleId":"reason-string","fix":null,"filePath":"Benchmarks/Study_SamplesSet/eea2bcc967b723b1b073baf1b6f6c78a.sol"},{"line":220,"column":3,"severity":"Warning","message":"Use Custom Errors instead of require statements","ruleId":"custom-errors","fix":null,"filePath":"Benchmarks/Study_SamplesSet/eea2bcc967b723b1b073baf1b6f6c78a.sol"},{"line":220,"column":11,"severity":"Error","message":"Avoid to use tx.origin","ruleId":"avoid-tx-origin","fix":null,"filePath":"Benchmarks/Study_SamplesSet/eea2bcc967b723b1b073baf1b6f6c78a.sol"},{"line":221,"column":3,"severity":"Error","message":"Avoid to use low level calls.","ruleId":"avoid-low-level-calls","fix":null,"filePath":"Benchmarks/Study_SamplesSet/eea2bcc967b723b1b073baf1b6f6c78a.sol"},{"line":221,"column":3,"severity":"Error","message":"Avoid to use \".call.value()()\"","ruleId":"avoid-call-value","fix":null,"filePath":"Benchmarks/Study_SamplesSet/eea2bcc967b723b1b073baf1b6f6c78a.sol"},{"line":225,"column":5,"severity":"Warning","message":"Provide an error message for require","ruleId":"reason-string","fix":null,"filePath":"Benchmarks/Study_SamplesSet/eea2bcc967b723b1b073baf1b6f6c78a.sol"},{"line":225,"column":5,"severity":"Warning","message":"Use Custom Errors instead of require statements","ruleId":"custom-errors","fix":null,"filePath":"Benchmarks/Study_SamplesSet/eea2bcc967b723b1b073baf1b6f6c78a.sol"},{"line":226,"column":5,"severity":"Warning","message":"Provide an error message for require","ruleId":"reason-string","fix":null,"filePath":"Benchmarks/Study_SamplesSet/eea2bcc967b723b1b073baf1b6f6c78a.sol"},{"line":226,"column":5,"severity":"Warning","message":"Use Custom Errors instead of require statements","ruleId":"custom-errors","fix":null,"filePath":"Benchmarks/Study_SamplesSet/eea2bcc967b723b1b073baf1b6f6c78a.sol"},{"line":227,"column":5,"severity":"Warning","message":"Provide an error message for require","ruleId":"reason-string","fix":null,"filePath":"Benchmarks/Study_SamplesSet/eea2bcc967b723b1b073baf1b6f6c78a.sol"},{"line":227,"column":5,"severity":"Warning","message":"Use Custom Errors instead of require statements","ruleId":"custom-errors","fix":null,"filePath":"Benchmarks/Study_SamplesSet/eea2bcc967b723b1b073baf1b6f6c78a.sol"},{"line":244,"column":1,"severity":"Warning","message":"Function name must be in mixedCase","ruleId":"func-name-mixedcase","fix":null,"filePath":"Benchmarks/Study_SamplesSet/eea2bcc967b723b1b073baf1b6f6c78a.sol"},{"line":244,"column":27,"severity":"Warning","message":"Variable name must be in mixedCase","ruleId":"var-name-mixedcase","fix":null,"filePath":"Benchmarks/Study_SamplesSet/eea2bcc967b723b1b073baf1b6f6c78a.sol"},{"line":245,"column":9,"severity":"Warning","message":"Provide an error message for require","ruleId":"reason-string","fix":null,"filePath":"Benchmarks/Study_SamplesSet/eea2bcc967b723b1b073baf1b6f6c78a.sol"},{"line":245,"column":9,"severity":"Warning","message":"Use Custom Errors instead of require statements","ruleId":"custom-errors","fix":null,"filePath":"Benchmarks/Study_SamplesSet/eea2bcc967b723b1b073baf1b6f6c78a.sol"},{"line":245,"column":17,"severity":"Error","message":"Avoid to use tx.origin","ruleId":"avoid-tx-origin","fix":null,"filePath":"Benchmarks/Study_SamplesSet/eea2bcc967b723b1b073baf1b6f6c78a.sol"},{"line":249,"column":5,"severity":"Warning","message":"Provide an error message for require","ruleId":"reason-string","fix":null,"filePath":"Benchmarks/Study_SamplesSet/eea2bcc967b723b1b073baf1b6f6c78a.sol"},{"line":249,"column":5,"severity":"Warning","message":"Use Custom Errors instead of require statements","ruleId":"custom-errors","fix":null,"filePath":"Benchmarks/Study_SamplesSet/eea2bcc967b723b1b073baf1b6f6c78a.sol"},{"line":254,"column":1,"severity":"Warning","message":"Function name must be in mixedCase","ruleId":"func-name-mixedcase","fix":null,"filePath":"Benchmarks/Study_SamplesSet/eea2bcc967b723b1b073baf1b6f6c78a.sol"},{"line":254,"column":44,"severity":"Warning","message":"Rule is set with explicit type [var/s: uint]","ruleId":"explicit-types","filePath":"Benchmarks/Study_SamplesSet/eea2bcc967b723b1b073baf1b6f6c78a.sol"},{"line":254,"column":56,"severity":"Warning","message":"Variable name must be in mixedCase","ruleId":"var-name-mixedcase","fix":null,"filePath":"Benchmarks/Study_SamplesSet/eea2bcc967b723b1b073baf1b6f6c78a.sol"},{"line":255,"column":3,"severity":"Warning","message":"Provide an error message for require","ruleId":"reason-string","fix":null,"filePath":"Benchmarks/Study_SamplesSet/eea2bcc967b723b1b073baf1b6f6c78a.sol"},{"line":255,"column":3,"severity":"Warning","message":"Use Custom Errors instead of require statements","ruleId":"custom-errors","fix":null,"filePath":"Benchmarks/Study_SamplesSet/eea2bcc967b723b1b073baf1b6f6c78a.sol"},{"line":255,"column":11,"severity":"Error","message":"Avoid to use tx.origin","ruleId":"avoid-tx-origin","fix":null,"filePath":"Benchmarks/Study_SamplesSet/eea2bcc967b723b1b073baf1b6f6c78a.sol"},{"line":256,"column":3,"severity":"Error","message":"Avoid to use low level calls.","ruleId":"avoid-low-level-calls","fix":null,"filePath":"Benchmarks/Study_SamplesSet/eea2bcc967b723b1b073baf1b6f6c78a.sol"},{"line":256,"column":3,"severity":"Error","message":"Avoid to use \".call.value()()\"","ruleId":"avoid-call-value","fix":null,"filePath":"Benchmarks/Study_SamplesSet/eea2bcc967b723b1b073baf1b6f6c78a.sol"},{"line":260,"column":5,"severity":"Warning","message":"Provide an error message for require","ruleId":"reason-string","fix":null,"filePath":"Benchmarks/Study_SamplesSet/eea2bcc967b723b1b073baf1b6f6c78a.sol"},{"line":260,"column":5,"severity":"Warning","message":"Use Custom Errors instead of require statements","ruleId":"custom-errors","fix":null,"filePath":"Benchmarks/Study_SamplesSet/eea2bcc967b723b1b073baf1b6f6c78a.sol"},{"line":265,"column":1,"severity":"Warning","message":"Function name must be in mixedCase","ruleId":"func-name-mixedcase","fix":null,"filePath":"Benchmarks/Study_SamplesSet/eea2bcc967b723b1b073baf1b6f6c78a.sol"},{"line":265,"column":25,"severity":"Warning","message":"Variable name must be in mixedCase","ruleId":"var-name-mixedcase","fix":null,"filePath":"Benchmarks/Study_SamplesSet/eea2bcc967b723b1b073baf1b6f6c78a.sol"},{"line":266,"column":9,"severity":"Warning","message":"Provide an error message for require","ruleId":"reason-string","fix":null,"filePath":"Benchmarks/Study_SamplesSet/eea2bcc967b723b1b073baf1b6f6c78a.sol"},{"line":266,"column":9,"severity":"Warning","message":"Use Custom Errors instead of require statements","ruleId":"custom-errors","fix":null,"filePath":"Benchmarks/Study_SamplesSet/eea2bcc967b723b1b073baf1b6f6c78a.sol"},{"line":266,"column":17,"severity":"Error","message":"Avoid to use tx.origin","ruleId":"avoid-tx-origin","fix":null,"filePath":"Benchmarks/Study_SamplesSet/eea2bcc967b723b1b073baf1b6f6c78a.sol"},{"line":270,"column":5,"severity":"Warning","message":"Provide an error message for require","ruleId":"reason-string","fix":null,"filePath":"Benchmarks/Study_SamplesSet/eea2bcc967b723b1b073baf1b6f6c78a.sol"},{"line":270,"column":5,"severity":"Warning","message":"Use Custom Errors instead of require statements","ruleId":"custom-errors","fix":null,"filePath":"Benchmarks/Study_SamplesSet/eea2bcc967b723b1b073baf1b6f6c78a.sol"},{"line":274,"column":1,"severity":"Warning","message":"Function name must be in mixedCase","ruleId":"func-name-mixedcase","fix":null,"filePath":"Benchmarks/Study_SamplesSet/eea2bcc967b723b1b073baf1b6f6c78a.sol"},{"line":274,"column":54,"severity":"Warning","message":"Rule is set with explicit type [var/s: uint]","ruleId":"explicit-types","filePath":"Benchmarks/Study_SamplesSet/eea2bcc967b723b1b073baf1b6f6c78a.sol"},{"line":274,"column":66,"severity":"Warning","message":"Variable name must be in mixedCase","ruleId":"var-name-mixedcase","fix":null,"filePath":"Benchmarks/Study_SamplesSet/eea2bcc967b723b1b073baf1b6f6c78a.sol"},{"line":275,"column":2,"severity":"Warning","message":"Provide an error message for require","ruleId":"reason-string","fix":null,"filePath":"Benchmarks/Study_SamplesSet/eea2bcc967b723b1b073baf1b6f6c78a.sol"},{"line":275,"column":2,"severity":"Warning","message":"Use Custom Errors instead of require statements","ruleId":"custom-errors","fix":null,"filePath":"Benchmarks/Study_SamplesSet/eea2bcc967b723b1b073baf1b6f6c78a.sol"},{"line":275,"column":11,"severity":"Error","message":"Avoid to use tx.origin","ruleId":"avoid-tx-origin","fix":null,"filePath":"Benchmarks/Study_SamplesSet/eea2bcc967b723b1b073baf1b6f6c78a.sol"},{"line":282,"column":1,"severity":"Warning","message":"Function name must be in mixedCase","ruleId":"func-name-mixedcase","fix":null,"filePath":"Benchmarks/Study_SamplesSet/eea2bcc967b723b1b073baf1b6f6c78a.sol"},{"line":282,"column":44,"severity":"Warning","message":"Rule is set with explicit type [var/s: uint]","ruleId":"explicit-types","filePath":"Benchmarks/Study_SamplesSet/eea2bcc967b723b1b073baf1b6f6c78a.sol"},{"line":282,"column":56,"severity":"Warning","message":"Variable name must be in mixedCase","ruleId":"var-name-mixedcase","fix":null,"filePath":"Benchmarks/Study_SamplesSet/eea2bcc967b723b1b073baf1b6f6c78a.sol"},{"line":283,"column":3,"severity":"Warning","message":"Provide an error message for require","ruleId":"reason-string","fix":null,"filePath":"Benchmarks/Study_SamplesSet/eea2bcc967b723b1b073baf1b6f6c78a.sol"},{"line":283,"column":3,"severity":"Warning","message":"Use Custom Errors instead of require statements","ruleId":"custom-errors","fix":null,"filePath":"Benchmarks/Study_SamplesSet/eea2bcc967b723b1b073baf1b6f6c78a.sol"},{"line":283,"column":11,"severity":"Error","message":"Avoid to use tx.origin","ruleId":"avoid-tx-origin","fix":null,"filePath":"Benchmarks/Study_SamplesSet/eea2bcc967b723b1b073baf1b6f6c78a.sol"},{"line":284,"column":3,"severity":"Error","message":"Avoid to use low level calls.","ruleId":"avoid-low-level-calls","fix":null,"filePath":"Benchmarks/Study_SamplesSet/eea2bcc967b723b1b073baf1b6f6c78a.sol"},{"line":284,"column":3,"severity":"Error","message":"Avoid to use \".call.value()()\"","ruleId":"avoid-call-value","fix":null,"filePath":"Benchmarks/Study_SamplesSet/eea2bcc967b723b1b073baf1b6f6c78a.sol"},{"line":288,"column":5,"severity":"Warning","message":"Provide an error message for require","ruleId":"reason-string","fix":null,"filePath":"Benchmarks/Study_SamplesSet/eea2bcc967b723b1b073baf1b6f6c78a.sol"},{"line":288,"column":5,"severity":"Warning","message":"Use Custom Errors instead of require statements","ruleId":"custom-errors","fix":null,"filePath":"Benchmarks/Study_SamplesSet/eea2bcc967b723b1b073baf1b6f6c78a.sol"},{"line":289,"column":5,"severity":"Warning","message":"Provide an error message for require","ruleId":"reason-string","fix":null,"filePath":"Benchmarks/Study_SamplesSet/eea2bcc967b723b1b073baf1b6f6c78a.sol"},{"line":289,"column":5,"severity":"Warning","message":"Use Custom Errors instead of require statements","ruleId":"custom-errors","fix":null,"filePath":"Benchmarks/Study_SamplesSet/eea2bcc967b723b1b073baf1b6f6c78a.sol"},{"line":294,"column":1,"severity":"Warning","message":"Function name must be in mixedCase","ruleId":"func-name-mixedcase","fix":null,"filePath":"Benchmarks/Study_SamplesSet/eea2bcc967b723b1b073baf1b6f6c78a.sol"},{"line":294,"column":44,"severity":"Warning","message":"Rule is set with explicit type [var/s: uint]","ruleId":"explicit-types","filePath":"Benchmarks/Study_SamplesSet/eea2bcc967b723b1b073baf1b6f6c78a.sol"},{"line":294,"column":56,"severity":"Warning","message":"Variable name must be in mixedCase","ruleId":"var-name-mixedcase","fix":null,"filePath":"Benchmarks/Study_SamplesSet/eea2bcc967b723b1b073baf1b6f6c78a.sol"},{"line":295,"column":3,"severity":"Warning","message":"Provide an error message for require","ruleId":"reason-string","fix":null,"filePath":"Benchmarks/Study_SamplesSet/eea2bcc967b723b1b073baf1b6f6c78a.sol"},{"line":295,"column":3,"severity":"Warning","message":"Use Custom Errors instead of require statements","ruleId":"custom-errors","fix":null,"filePath":"Benchmarks/Study_SamplesSet/eea2bcc967b723b1b073baf1b6f6c78a.sol"},{"line":295,"column":11,"severity":"Error","message":"Avoid to use tx.origin","ruleId":"avoid-tx-origin","fix":null,"filePath":"Benchmarks/Study_SamplesSet/eea2bcc967b723b1b073baf1b6f6c78a.sol"},{"line":296,"column":3,"severity":"Error","message":"Avoid to use low level calls.","ruleId":"avoid-low-level-calls","fix":null,"filePath":"Benchmarks/Study_SamplesSet/eea2bcc967b723b1b073baf1b6f6c78a.sol"},{"line":296,"column":3,"severity":"Error","message":"Avoid to use \".call.value()()\"","ruleId":"avoid-call-value","fix":null,"filePath":"Benchmarks/Study_SamplesSet/eea2bcc967b723b1b073baf1b6f6c78a.sol"},{"line":300,"column":5,"severity":"Warning","message":"Provide an error message for require","ruleId":"reason-string","fix":null,"filePath":"Benchmarks/Study_SamplesSet/eea2bcc967b723b1b073baf1b6f6c78a.sol"},{"line":300,"column":5,"severity":"Warning","message":"Use Custom Errors instead of require statements","ruleId":"custom-errors","fix":null,"filePath":"Benchmarks/Study_SamplesSet/eea2bcc967b723b1b073baf1b6f6c78a.sol"},{"line":304,"column":1,"severity":"Warning","message":"Function name must be in mixedCase","ruleId":"func-name-mixedcase","fix":null,"filePath":"Benchmarks/Study_SamplesSet/eea2bcc967b723b1b073baf1b6f6c78a.sol"},{"line":304,"column":54,"severity":"Warning","message":"Rule is set with explicit type [var/s: uint]","ruleId":"explicit-types","filePath":"Benchmarks/Study_SamplesSet/eea2bcc967b723b1b073baf1b6f6c78a.sol"},{"line":304,"column":66,"severity":"Warning","message":"Variable name must be in mixedCase","ruleId":"var-name-mixedcase","fix":null,"filePath":"Benchmarks/Study_SamplesSet/eea2bcc967b723b1b073baf1b6f6c78a.sol"},{"line":305,"column":2,"severity":"Warning","message":"Provide an error message for require","ruleId":"reason-string","fix":null,"filePath":"Benchmarks/Study_SamplesSet/eea2bcc967b723b1b073baf1b6f6c78a.sol"},{"line":305,"column":2,"severity":"Warning","message":"Use Custom Errors instead of require statements","ruleId":"custom-errors","fix":null,"filePath":"Benchmarks/Study_SamplesSet/eea2bcc967b723b1b073baf1b6f6c78a.sol"},{"line":305,"column":11,"severity":"Error","message":"Avoid to use tx.origin","ruleId":"avoid-tx-origin","fix":null,"filePath":"Benchmarks/Study_SamplesSet/eea2bcc967b723b1b073baf1b6f6c78a.sol"},{"conclusion":"212 problem/s (52 error/s, 160 warning/s)"}]
