[{"line":1,"column":1,"severity":"Warning","message":"Found more than One contract per file. 13 contracts found!","ruleId":"one-contract-per-file","fix":null,"filePath":"Benchmarks/Study_SamplesSet/eeec1e8a9be3b58748c8e9f28342e429.sol"},{"line":1,"column":1,"severity":"Error","message":"Compiler version ^0.4.11 does not satisfy the ^0.8.0 semver requirement","ruleId":"compiler-version","fix":null,"filePath":"Benchmarks/Study_SamplesSet/eeec1e8a9be3b58748c8e9f28342e429.sol"},{"line":9,"column":5,"severity":"Warning","message":"Rule is set with explicit type [var/s: uint]","ruleId":"explicit-types","filePath":"Benchmarks/Study_SamplesSet/eeec1e8a9be3b58748c8e9f28342e429.sol"},{"line":17,"column":9,"severity":"Error","message":"Avoid to use inline assembly. It is acceptable only in rare cases","ruleId":"no-inline-assembly","fix":null,"filePath":"Benchmarks/Study_SamplesSet/eeec1e8a9be3b58748c8e9f28342e429.sol"},{"line":22,"column":9,"severity":"Error","message":"Explicitly mark all external contracts as trusted or untrusted","ruleId":"mark-callable-contracts","filePath":"Benchmarks/Study_SamplesSet/eeec1e8a9be3b58748c8e9f28342e429.sol"},{"line":29,"column":5,"severity":"Error","message":"Explicitly mark visibility in function","ruleId":"func-visibility","fix":null,"filePath":"Benchmarks/Study_SamplesSet/eeec1e8a9be3b58748c8e9f28342e429.sol"},{"line":29,"column":46,"severity":"Warning","message":"Rule is set with explicit type [var/s: uint]","ruleId":"explicit-types","filePath":"Benchmarks/Study_SamplesSet/eeec1e8a9be3b58748c8e9f28342e429.sol"},{"line":30,"column":5,"severity":"Error","message":"Explicitly mark visibility in function","ruleId":"func-visibility","fix":null,"filePath":"Benchmarks/Study_SamplesSet/eeec1e8a9be3b58748c8e9f28342e429.sol"},{"line":30,"column":57,"severity":"Warning","message":"Rule is set with explicit type [var/s: uint]","ruleId":"explicit-types","filePath":"Benchmarks/Study_SamplesSet/eeec1e8a9be3b58748c8e9f28342e429.sol"},{"line":31,"column":5,"severity":"Error","message":"Explicitly mark visibility in function","ruleId":"func-visibility","fix":null,"filePath":"Benchmarks/Study_SamplesSet/eeec1e8a9be3b58748c8e9f28342e429.sol"},{"line":31,"column":76,"severity":"Warning","message":"Rule is set with explicit type [var/s: uint]","ruleId":"explicit-types","filePath":"Benchmarks/Study_SamplesSet/eeec1e8a9be3b58748c8e9f28342e429.sol"},{"line":33,"column":5,"severity":"Error","message":"Explicitly mark visibility in function","ruleId":"func-visibility","fix":null,"filePath":"Benchmarks/Study_SamplesSet/eeec1e8a9be3b58748c8e9f28342e429.sol"},{"line":33,"column":36,"severity":"Warning","message":"Rule is set with explicit type [var/s: uint]","ruleId":"explicit-types","filePath":"Benchmarks/Study_SamplesSet/eeec1e8a9be3b58748c8e9f28342e429.sol"},{"line":34,"column":5,"severity":"Error","message":"Explicitly mark visibility in function","ruleId":"func-visibility","fix":null,"filePath":"Benchmarks/Study_SamplesSet/eeec1e8a9be3b58748c8e9f28342e429.sol"},{"line":34,"column":54,"severity":"Warning","message":"Rule is set with explicit type [var/s: uint]","ruleId":"explicit-types","filePath":"Benchmarks/Study_SamplesSet/eeec1e8a9be3b58748c8e9f28342e429.sol"},{"line":35,"column":5,"severity":"Error","message":"Explicitly mark visibility in function","ruleId":"func-visibility","fix":null,"filePath":"Benchmarks/Study_SamplesSet/eeec1e8a9be3b58748c8e9f28342e429.sol"},{"line":35,"column":40,"severity":"Warning","message":"Rule is set with explicit type [var/s: uint]","ruleId":"explicit-types","filePath":"Benchmarks/Study_SamplesSet/eeec1e8a9be3b58748c8e9f28342e429.sol"},{"line":37,"column":63,"severity":"Warning","message":"Rule is set with explicit type [var/s: uint]","ruleId":"explicit-types","filePath":"Benchmarks/Study_SamplesSet/eeec1e8a9be3b58748c8e9f28342e429.sol"},{"line":38,"column":69,"severity":"Warning","message":"Rule is set with explicit type [var/s: uint]","ruleId":"explicit-types","filePath":"Benchmarks/Study_SamplesSet/eeec1e8a9be3b58748c8e9f28342e429.sol"},{"line":42,"column":5,"severity":"Error","message":"Explicitly mark visibility in function","ruleId":"func-visibility","fix":null,"filePath":"Benchmarks/Study_SamplesSet/eeec1e8a9be3b58748c8e9f28342e429.sol"},{"line":56,"column":5,"severity":"Error","message":"Explicitly mark visibility in function (Set ignoreConstructors to true if using solidity >=0.7.0)","ruleId":"func-visibility","fix":null,"filePath":"Benchmarks/Study_SamplesSet/eeec1e8a9be3b58748c8e9f28342e429.sol"},{"line":58,"column":9,"severity":"Error","message":"Explicitly mark all external contracts as trusted or untrusted","ruleId":"mark-callable-contracts","filePath":"Benchmarks/Study_SamplesSet/eeec1e8a9be3b58748c8e9f28342e429.sol"},{"line":61,"column":5,"severity":"Error","message":"Explicitly mark visibility in function","ruleId":"func-visibility","fix":null,"filePath":"Benchmarks/Study_SamplesSet/eeec1e8a9be3b58748c8e9f28342e429.sol"},{"line":65,"column":9,"severity":"Error","message":"Explicitly mark all external contracts as trusted or untrusted","ruleId":"mark-callable-contracts","filePath":"Benchmarks/Study_SamplesSet/eeec1e8a9be3b58748c8e9f28342e429.sol"},{"line":68,"column":5,"severity":"Error","message":"Explicitly mark visibility in function","ruleId":"func-visibility","fix":null,"filePath":"Benchmarks/Study_SamplesSet/eeec1e8a9be3b58748c8e9f28342e429.sol"},{"line":72,"column":9,"severity":"Error","message":"Explicitly mark all external contracts as trusted or untrusted","ruleId":"mark-callable-contracts","filePath":"Benchmarks/Study_SamplesSet/eeec1e8a9be3b58748c8e9f28342e429.sol"},{"line":98,"column":17,"severity":"Warning","message":"Provide an error message for revert","ruleId":"reason-string","fix":null,"filePath":"Benchmarks/Study_SamplesSet/eeec1e8a9be3b58748c8e9f28342e429.sol"},{"line":98,"column":17,"severity":"Warning","message":"Use Custom Errors instead of revert statements","ruleId":"custom-errors","fix":null,"filePath":"Benchmarks/Study_SamplesSet/eeec1e8a9be3b58748c8e9f28342e429.sol"},{"line":103,"column":55,"severity":"Warning","message":"Rule is set with explicit type [var/s: uint]","ruleId":"explicit-types","filePath":"Benchmarks/Study_SamplesSet/eeec1e8a9be3b58748c8e9f28342e429.sol"},{"line":105,"column":14,"severity":"Warning","message":"Variable name must be in mixedCase","ruleId":"var-name-mixedcase","fix":null,"filePath":"Benchmarks/Study_SamplesSet/eeec1e8a9be3b58748c8e9f28342e429.sol"},{"line":107,"column":16,"severity":"Error","message":"Avoid to use low level calls.","ruleId":"avoid-low-level-calls","fix":null,"filePath":"Benchmarks/Study_SamplesSet/eeec1e8a9be3b58748c8e9f28342e429.sol"},{"line":107,"column":16,"severity":"Error","message":"Avoid to use \".call.value()()\"","ruleId":"avoid-call-value","fix":null,"filePath":"Benchmarks/Study_SamplesSet/eeec1e8a9be3b58748c8e9f28342e429.sol"},{"line":109,"column":52,"severity":"Warning","message":"Rule is set with explicit type [var/s: uint]","ruleId":"explicit-types","filePath":"Benchmarks/Study_SamplesSet/eeec1e8a9be3b58748c8e9f28342e429.sol"},{"line":113,"column":13,"severity":"Warning","message":"Provide an error message for revert","ruleId":"reason-string","fix":null,"filePath":"Benchmarks/Study_SamplesSet/eeec1e8a9be3b58748c8e9f28342e429.sol"},{"line":113,"column":13,"severity":"Warning","message":"Use Custom Errors instead of revert statements","ruleId":"custom-errors","fix":null,"filePath":"Benchmarks/Study_SamplesSet/eeec1e8a9be3b58748c8e9f28342e429.sol"},{"line":148,"column":49,"severity":"Warning","message":"Visibility modifier must be first in list of modifiers","ruleId":"visibility-modifier-order","fix":null,"filePath":"Benchmarks/Study_SamplesSet/eeec1e8a9be3b58748c8e9f28342e429.sol"},{"line":152,"column":49,"severity":"Warning","message":"Visibility modifier must be first in list of modifiers","ruleId":"visibility-modifier-order","fix":null,"filePath":"Benchmarks/Study_SamplesSet/eeec1e8a9be3b58748c8e9f28342e429.sol"},{"line":156,"column":49,"severity":"Warning","message":"Visibility modifier must be first in list of modifiers","ruleId":"visibility-modifier-order","fix":null,"filePath":"Benchmarks/Study_SamplesSet/eeec1e8a9be3b58748c8e9f28342e429.sol"},{"line":160,"column":49,"severity":"Warning","message":"Visibility modifier must be first in list of modifiers","ruleId":"visibility-modifier-order","fix":null,"filePath":"Benchmarks/Study_SamplesSet/eeec1e8a9be3b58748c8e9f28342e429.sol"},{"line":164,"column":49,"severity":"Warning","message":"Visibility modifier must be first in list of modifiers","ruleId":"visibility-modifier-order","fix":null,"filePath":"Benchmarks/Study_SamplesSet/eeec1e8a9be3b58748c8e9f28342e429.sol"},{"line":167,"column":49,"severity":"Warning","message":"Visibility modifier must be first in list of modifiers","ruleId":"visibility-modifier-order","fix":null,"filePath":"Benchmarks/Study_SamplesSet/eeec1e8a9be3b58748c8e9f28342e429.sol"},{"line":176,"column":50,"severity":"Warning","message":"Visibility modifier must be first in list of modifiers","ruleId":"visibility-modifier-order","fix":null,"filePath":"Benchmarks/Study_SamplesSet/eeec1e8a9be3b58748c8e9f28342e429.sol"},{"line":180,"column":50,"severity":"Warning","message":"Visibility modifier must be first in list of modifiers","ruleId":"visibility-modifier-order","fix":null,"filePath":"Benchmarks/Study_SamplesSet/eeec1e8a9be3b58748c8e9f28342e429.sol"},{"line":184,"column":50,"severity":"Warning","message":"Visibility modifier must be first in list of modifiers","ruleId":"visibility-modifier-order","fix":null,"filePath":"Benchmarks/Study_SamplesSet/eeec1e8a9be3b58748c8e9f28342e429.sol"},{"line":188,"column":50,"severity":"Warning","message":"Visibility modifier must be first in list of modifiers","ruleId":"visibility-modifier-order","fix":null,"filePath":"Benchmarks/Study_SamplesSet/eeec1e8a9be3b58748c8e9f28342e429.sol"},{"line":192,"column":50,"severity":"Warning","message":"Visibility modifier must be first in list of modifiers","ruleId":"visibility-modifier-order","fix":null,"filePath":"Benchmarks/Study_SamplesSet/eeec1e8a9be3b58748c8e9f28342e429.sol"},{"line":195,"column":50,"severity":"Warning","message":"Visibility modifier must be first in list of modifiers","ruleId":"visibility-modifier-order","fix":null,"filePath":"Benchmarks/Study_SamplesSet/eeec1e8a9be3b58748c8e9f28342e429.sol"},{"line":204,"column":48,"severity":"Warning","message":"Visibility modifier must be first in list of modifiers","ruleId":"visibility-modifier-order","fix":null,"filePath":"Benchmarks/Study_SamplesSet/eeec1e8a9be3b58748c8e9f28342e429.sol"},{"line":207,"column":48,"severity":"Warning","message":"Visibility modifier must be first in list of modifiers","ruleId":"visibility-modifier-order","fix":null,"filePath":"Benchmarks/Study_SamplesSet/eeec1e8a9be3b58748c8e9f28342e429.sol"},{"line":215,"column":5,"severity":"Error","message":"Explicitly mark visibility of state","ruleId":"state-visibility","fix":null,"filePath":"Benchmarks/Study_SamplesSet/eeec1e8a9be3b58748c8e9f28342e429.sol"},{"line":217,"column":50,"severity":"Warning","message":"Visibility modifier must be first in list of modifiers","ruleId":"visibility-modifier-order","fix":null,"filePath":"Benchmarks/Study_SamplesSet/eeec1e8a9be3b58748c8e9f28342e429.sol"},{"line":221,"column":50,"severity":"Warning","message":"Visibility modifier must be first in list of modifiers","ruleId":"visibility-modifier-order","fix":null,"filePath":"Benchmarks/Study_SamplesSet/eeec1e8a9be3b58748c8e9f28342e429.sol"},{"line":225,"column":50,"severity":"Warning","message":"Visibility modifier must be first in list of modifiers","ruleId":"visibility-modifier-order","fix":null,"filePath":"Benchmarks/Study_SamplesSet/eeec1e8a9be3b58748c8e9f28342e429.sol"},{"line":226,"column":36,"severity":"Error","message":"Explicitly mark all external contracts as trusted or untrusted","ruleId":"mark-callable-contracts","filePath":"Benchmarks/Study_SamplesSet/eeec1e8a9be3b58748c8e9f28342e429.sol"},{"line":226,"column":47,"severity":"Error","message":"Explicitly mark all external contracts as trusted or untrusted","ruleId":"mark-callable-contracts","filePath":"Benchmarks/Study_SamplesSet/eeec1e8a9be3b58748c8e9f28342e429.sol"},{"line":229,"column":50,"severity":"Warning","message":"Visibility modifier must be first in list of modifiers","ruleId":"visibility-modifier-order","fix":null,"filePath":"Benchmarks/Study_SamplesSet/eeec1e8a9be3b58748c8e9f28342e429.sol"},{"line":230,"column":32,"severity":"Error","message":"Explicitly mark all external contracts as trusted or untrusted","ruleId":"mark-callable-contracts","filePath":"Benchmarks/Study_SamplesSet/eeec1e8a9be3b58748c8e9f28342e429.sol"},{"line":233,"column":50,"severity":"Warning","message":"Visibility modifier must be first in list of modifiers","ruleId":"visibility-modifier-order","fix":null,"filePath":"Benchmarks/Study_SamplesSet/eeec1e8a9be3b58748c8e9f28342e429.sol"},{"line":236,"column":50,"severity":"Warning","message":"Visibility modifier must be first in list of modifiers","ruleId":"visibility-modifier-order","fix":null,"filePath":"Benchmarks/Study_SamplesSet/eeec1e8a9be3b58748c8e9f28342e429.sol"},{"line":244,"column":5,"severity":"Error","message":"Explicitly mark visibility of state","ruleId":"state-visibility","fix":null,"filePath":"Benchmarks/Study_SamplesSet/eeec1e8a9be3b58748c8e9f28342e429.sol"},{"line":246,"column":50,"severity":"Warning","message":"Visibility modifier must be first in list of modifiers","ruleId":"visibility-modifier-order","fix":null,"filePath":"Benchmarks/Study_SamplesSet/eeec1e8a9be3b58748c8e9f28342e429.sol"},{"line":250,"column":50,"severity":"Warning","message":"Visibility modifier must be first in list of modifiers","ruleId":"visibility-modifier-order","fix":null,"filePath":"Benchmarks/Study_SamplesSet/eeec1e8a9be3b58748c8e9f28342e429.sol"},{"line":254,"column":50,"severity":"Warning","message":"Visibility modifier must be first in list of modifiers","ruleId":"visibility-modifier-order","fix":null,"filePath":"Benchmarks/Study_SamplesSet/eeec1e8a9be3b58748c8e9f28342e429.sol"},{"line":255,"column":36,"severity":"Error","message":"Explicitly mark all external contracts as trusted or untrusted","ruleId":"mark-callable-contracts","filePath":"Benchmarks/Study_SamplesSet/eeec1e8a9be3b58748c8e9f28342e429.sol"},{"line":255,"column":47,"severity":"Error","message":"Explicitly mark all external contracts as trusted or untrusted","ruleId":"mark-callable-contracts","filePath":"Benchmarks/Study_SamplesSet/eeec1e8a9be3b58748c8e9f28342e429.sol"},{"line":258,"column":50,"severity":"Warning","message":"Visibility modifier must be first in list of modifiers","ruleId":"visibility-modifier-order","fix":null,"filePath":"Benchmarks/Study_SamplesSet/eeec1e8a9be3b58748c8e9f28342e429.sol"},{"line":259,"column":32,"severity":"Error","message":"Explicitly mark all external contracts as trusted or untrusted","ruleId":"mark-callable-contracts","filePath":"Benchmarks/Study_SamplesSet/eeec1e8a9be3b58748c8e9f28342e429.sol"},{"line":262,"column":49,"severity":"Warning","message":"Visibility modifier must be first in list of modifiers","ruleId":"visibility-modifier-order","fix":null,"filePath":"Benchmarks/Study_SamplesSet/eeec1e8a9be3b58748c8e9f28342e429.sol"},{"line":278,"column":30,"severity":"Error","message":"Explicitly mark all external contracts as trusted or untrusted","ruleId":"mark-callable-contracts","filePath":"Benchmarks/Study_SamplesSet/eeec1e8a9be3b58748c8e9f28342e429.sol"},{"line":289,"column":50,"severity":"Warning","message":"Visibility modifier must be first in list of modifiers","ruleId":"visibility-modifier-order","fix":null,"filePath":"Benchmarks/Study_SamplesSet/eeec1e8a9be3b58748c8e9f28342e429.sol"},{"line":292,"column":50,"severity":"Warning","message":"Visibility modifier must be first in list of modifiers","ruleId":"visibility-modifier-order","fix":null,"filePath":"Benchmarks/Study_SamplesSet/eeec1e8a9be3b58748c8e9f28342e429.sol"},{"line":296,"column":39,"severity":"Warning","message":"Visibility modifier must be first in list of modifiers","ruleId":"visibility-modifier-order","fix":null,"filePath":"Benchmarks/Study_SamplesSet/eeec1e8a9be3b58748c8e9f28342e429.sol"},{"line":310,"column":5,"severity":"Error","message":"Explicitly mark visibility in function","ruleId":"func-visibility","fix":null,"filePath":"Benchmarks/Study_SamplesSet/eeec1e8a9be3b58748c8e9f28342e429.sol"},{"line":313,"column":5,"severity":"Error","message":"Explicitly mark visibility in function","ruleId":"func-visibility","fix":null,"filePath":"Benchmarks/Study_SamplesSet/eeec1e8a9be3b58748c8e9f28342e429.sol"},{"line":320,"column":5,"severity":"Error","message":"Explicitly mark visibility of state","ruleId":"state-visibility","fix":null,"filePath":"Benchmarks/Study_SamplesSet/eeec1e8a9be3b58748c8e9f28342e429.sol"},{"line":321,"column":5,"severity":"Error","message":"Explicitly mark visibility of state","ruleId":"state-visibility","fix":null,"filePath":"Benchmarks/Study_SamplesSet/eeec1e8a9be3b58748c8e9f28342e429.sol"},{"line":322,"column":5,"severity":"Error","message":"Explicitly mark visibility of state","ruleId":"state-visibility","fix":null,"filePath":"Benchmarks/Study_SamplesSet/eeec1e8a9be3b58748c8e9f28342e429.sol"},{"line":324,"column":5,"severity":"Error","message":"Explicitly mark visibility in function (Set ignoreConstructors to true if using solidity >=0.7.0)","ruleId":"func-visibility","fix":null,"filePath":"Benchmarks/Study_SamplesSet/eeec1e8a9be3b58748c8e9f28342e429.sol"},{"line":329,"column":5,"severity":"Error","message":"Explicitly mark visibility in function","ruleId":"func-visibility","fix":null,"filePath":"Benchmarks/Study_SamplesSet/eeec1e8a9be3b58748c8e9f28342e429.sol"},{"line":332,"column":5,"severity":"Error","message":"Explicitly mark visibility in function","ruleId":"func-visibility","fix":null,"filePath":"Benchmarks/Study_SamplesSet/eeec1e8a9be3b58748c8e9f28342e429.sol"},{"line":335,"column":5,"severity":"Error","message":"Explicitly mark visibility in function","ruleId":"func-visibility","fix":null,"filePath":"Benchmarks/Study_SamplesSet/eeec1e8a9be3b58748c8e9f28342e429.sol"},{"line":339,"column":5,"severity":"Error","message":"Explicitly mark visibility in function","ruleId":"func-visibility","fix":null,"filePath":"Benchmarks/Study_SamplesSet/eeec1e8a9be3b58748c8e9f28342e429.sol"},{"line":339,"column":36,"severity":"Warning","message":"Rule is set with explicit type [var/s: uint]","ruleId":"explicit-types","filePath":"Benchmarks/Study_SamplesSet/eeec1e8a9be3b58748c8e9f28342e429.sol"},{"line":345,"column":9,"severity":"Error","message":"Explicitly mark all external contracts as trusted or untrusted","ruleId":"mark-callable-contracts","filePath":"Benchmarks/Study_SamplesSet/eeec1e8a9be3b58748c8e9f28342e429.sol"},{"line":350,"column":5,"severity":"Error","message":"Explicitly mark visibility in function","ruleId":"func-visibility","fix":null,"filePath":"Benchmarks/Study_SamplesSet/eeec1e8a9be3b58748c8e9f28342e429.sol"},{"line":350,"column":53,"severity":"Warning","message":"Rule is set with explicit type [var/s: uint]","ruleId":"explicit-types","filePath":"Benchmarks/Study_SamplesSet/eeec1e8a9be3b58748c8e9f28342e429.sol"},{"line":358,"column":9,"severity":"Error","message":"Explicitly mark all external contracts as trusted or untrusted","ruleId":"mark-callable-contracts","filePath":"Benchmarks/Study_SamplesSet/eeec1e8a9be3b58748c8e9f28342e429.sol"},{"line":363,"column":5,"severity":"Error","message":"Explicitly mark visibility in function","ruleId":"func-visibility","fix":null,"filePath":"Benchmarks/Study_SamplesSet/eeec1e8a9be3b58748c8e9f28342e429.sol"},{"line":366,"column":9,"severity":"Error","message":"Explicitly mark all external contracts as trusted or untrusted","ruleId":"mark-callable-contracts","filePath":"Benchmarks/Study_SamplesSet/eeec1e8a9be3b58748c8e9f28342e429.sol"},{"line":378,"column":5,"severity":"Error","message":"Explicitly mark visibility in function (Set ignoreConstructors to true if using solidity >=0.7.0)","ruleId":"func-visibility","fix":null,"filePath":"Benchmarks/Study_SamplesSet/eeec1e8a9be3b58748c8e9f28342e429.sol"},{"line":382,"column":5,"severity":"Error","message":"Explicitly mark visibility in function","ruleId":"func-visibility","fix":null,"filePath":"Benchmarks/Study_SamplesSet/eeec1e8a9be3b58748c8e9f28342e429.sol"},{"line":382,"column":36,"severity":"Warning","message":"Rule is set with explicit type [var/s: uint]","ruleId":"explicit-types","filePath":"Benchmarks/Study_SamplesSet/eeec1e8a9be3b58748c8e9f28342e429.sol"},{"line":385,"column":5,"severity":"Error","message":"Explicitly mark visibility in function","ruleId":"func-visibility","fix":null,"filePath":"Benchmarks/Study_SamplesSet/eeec1e8a9be3b58748c8e9f28342e429.sol"},{"line":386,"column":31,"severity":"Warning","message":"Rule is set with explicit type [var/s: uint]","ruleId":"explicit-types","filePath":"Benchmarks/Study_SamplesSet/eeec1e8a9be3b58748c8e9f28342e429.sol"},{"line":390,"column":5,"severity":"Error","message":"Explicitly mark visibility in function","ruleId":"func-visibility","fix":null,"filePath":"Benchmarks/Study_SamplesSet/eeec1e8a9be3b58748c8e9f28342e429.sol"},{"line":390,"column":35,"severity":"Warning","message":"Rule is set with explicit type [var/s: uint]","ruleId":"explicit-types","filePath":"Benchmarks/Study_SamplesSet/eeec1e8a9be3b58748c8e9f28342e429.sol"},{"line":394,"column":5,"severity":"Error","message":"Explicitly mark visibility in function","ruleId":"func-visibility","fix":null,"filePath":"Benchmarks/Study_SamplesSet/eeec1e8a9be3b58748c8e9f28342e429.sol"},{"line":398,"column":5,"severity":"Error","message":"Explicitly mark visibility in function","ruleId":"func-visibility","fix":null,"filePath":"Benchmarks/Study_SamplesSet/eeec1e8a9be3b58748c8e9f28342e429.sol"},{"line":402,"column":5,"severity":"Error","message":"Explicitly mark visibility in function","ruleId":"func-visibility","fix":null,"filePath":"Benchmarks/Study_SamplesSet/eeec1e8a9be3b58748c8e9f28342e429.sol"},{"line":406,"column":5,"severity":"Error","message":"Explicitly mark visibility in function","ruleId":"func-visibility","fix":null,"filePath":"Benchmarks/Study_SamplesSet/eeec1e8a9be3b58748c8e9f28342e429.sol"},{"line":415,"column":5,"severity":"Error","message":"Explicitly mark visibility in function","ruleId":"func-visibility","fix":null,"filePath":"Benchmarks/Study_SamplesSet/eeec1e8a9be3b58748c8e9f28342e429.sol"},{"line":421,"column":30,"severity":"Error","message":"Use double quotes for string literals","ruleId":"quotes","filePath":"Benchmarks/Study_SamplesSet/eeec1e8a9be3b58748c8e9f28342e429.sol"},{"line":422,"column":5,"severity":"Warning","message":"Variable name must be in mixedCase","ruleId":"var-name-mixedcase","fix":null,"filePath":"Benchmarks/Study_SamplesSet/eeec1e8a9be3b58748c8e9f28342e429.sol"},{"line":424,"column":5,"severity":"Warning","message":"Rule is set with explicit type [var/s: uint]","ruleId":"explicit-types","filePath":"Benchmarks/Study_SamplesSet/eeec1e8a9be3b58748c8e9f28342e429.sol"},{"line":425,"column":5,"severity":"Warning","message":"Rule is set with explicit type [var/s: uint]","ruleId":"explicit-types","filePath":"Benchmarks/Study_SamplesSet/eeec1e8a9be3b58748c8e9f28342e429.sol"},{"line":427,"column":5,"severity":"Warning","message":"Rule is set with explicit type [var/s: uint]","ruleId":"explicit-types","filePath":"Benchmarks/Study_SamplesSet/eeec1e8a9be3b58748c8e9f28342e429.sol"},{"line":428,"column":5,"severity":"Warning","message":"Rule is set with explicit type [var/s: uint]","ruleId":"explicit-types","filePath":"Benchmarks/Study_SamplesSet/eeec1e8a9be3b58748c8e9f28342e429.sol"},{"line":430,"column":5,"severity":"Warning","message":"Variable name must be in mixedCase","ruleId":"var-name-mixedcase","fix":null,"filePath":"Benchmarks/Study_SamplesSet/eeec1e8a9be3b58748c8e9f28342e429.sol"},{"line":434,"column":5,"severity":"Warning","message":"Rule is set with explicit type [var/s: uint]","ruleId":"explicit-types","filePath":"Benchmarks/Study_SamplesSet/eeec1e8a9be3b58748c8e9f28342e429.sol"},{"line":435,"column":5,"severity":"Warning","message":"Rule is set with explicit type [var/s: uint]","ruleId":"explicit-types","filePath":"Benchmarks/Study_SamplesSet/eeec1e8a9be3b58748c8e9f28342e429.sol"},{"line":438,"column":5,"severity":"Warning","message":"Rule is set with explicit type [var/s: uint]","ruleId":"explicit-types","filePath":"Benchmarks/Study_SamplesSet/eeec1e8a9be3b58748c8e9f28342e429.sol"},{"line":441,"column":35,"severity":"Warning","message":"Rule is set with explicit type [var/s: uint]","ruleId":"explicit-types","filePath":"Benchmarks/Study_SamplesSet/eeec1e8a9be3b58748c8e9f28342e429.sol"},{"line":442,"column":40,"severity":"Warning","message":"Rule is set with explicit type [var/s: uint]","ruleId":"explicit-types","filePath":"Benchmarks/Study_SamplesSet/eeec1e8a9be3b58748c8e9f28342e429.sol"},{"line":444,"column":37,"severity":"Warning","message":"Rule is set with explicit type [var/s: uint]","ruleId":"explicit-types","filePath":"Benchmarks/Study_SamplesSet/eeec1e8a9be3b58748c8e9f28342e429.sol"},{"line":445,"column":37,"severity":"Warning","message":"Rule is set with explicit type [var/s: uint]","ruleId":"explicit-types","filePath":"Benchmarks/Study_SamplesSet/eeec1e8a9be3b58748c8e9f28342e429.sol"},{"line":446,"column":40,"severity":"Warning","message":"Rule is set with explicit type [var/s: uint]","ruleId":"explicit-types","filePath":"Benchmarks/Study_SamplesSet/eeec1e8a9be3b58748c8e9f28342e429.sol"},{"line":447,"column":39,"severity":"Warning","message":"Rule is set with explicit type [var/s: uint]","ruleId":"explicit-types","filePath":"Benchmarks/Study_SamplesSet/eeec1e8a9be3b58748c8e9f28342e429.sol"},{"line":449,"column":5,"severity":"Error","message":"Explicitly mark visibility in function (Set ignoreConstructors to true if using solidity >=0.7.0)","ruleId":"func-visibility","fix":null,"filePath":"Benchmarks/Study_SamplesSet/eeec1e8a9be3b58748c8e9f28342e429.sol"},{"line":449,"column":24,"severity":"Warning","message":"Code contains empty blocks","ruleId":"no-empty-blocks","fix":null,"filePath":"Benchmarks/Study_SamplesSet/eeec1e8a9be3b58748c8e9f28342e429.sol"},{"line":459,"column":30,"severity":"Error","message":"Explicitly mark all external contracts as trusted or untrusted","ruleId":"mark-callable-contracts","filePath":"Benchmarks/Study_SamplesSet/eeec1e8a9be3b58748c8e9f28342e429.sol"},{"line":469,"column":30,"severity":"Error","message":"Explicitly mark all external contracts as trusted or untrusted","ruleId":"mark-callable-contracts","filePath":"Benchmarks/Study_SamplesSet/eeec1e8a9be3b58748c8e9f28342e429.sol"},{"line":473,"column":5,"severity":"Error","message":"Explicitly mark visibility in function","ruleId":"func-visibility","fix":null,"filePath":"Benchmarks/Study_SamplesSet/eeec1e8a9be3b58748c8e9f28342e429.sol"},{"line":473,"column":21,"severity":"Warning","message":"Variable name must be in mixedCase","ruleId":"var-name-mixedcase","fix":null,"filePath":"Benchmarks/Study_SamplesSet/eeec1e8a9be3b58748c8e9f28342e429.sol"},{"line":474,"column":9,"severity":"Error","message":"Explicitly mark all external contracts as trusted or untrusted","ruleId":"mark-callable-contracts","filePath":"Benchmarks/Study_SamplesSet/eeec1e8a9be3b58748c8e9f28342e429.sol"},{"line":474,"column":23,"severity":"Error","message":"Explicitly mark all external contracts as trusted or untrusted","ruleId":"mark-callable-contracts","filePath":"Benchmarks/Study_SamplesSet/eeec1e8a9be3b58748c8e9f28342e429.sol"},{"line":477,"column":5,"severity":"Error","message":"Explicitly mark visibility in function","ruleId":"func-visibility","fix":null,"filePath":"Benchmarks/Study_SamplesSet/eeec1e8a9be3b58748c8e9f28342e429.sol"},{"line":481,"column":5,"severity":"Error","message":"Explicitly mark visibility in function","ruleId":"func-visibility","fix":null,"filePath":"Benchmarks/Study_SamplesSet/eeec1e8a9be3b58748c8e9f28342e429.sol"},{"line":487,"column":5,"severity":"Warning","message":"Function name must be in mixedCase","ruleId":"func-name-mixedcase","fix":null,"filePath":"Benchmarks/Study_SamplesSet/eeec1e8a9be3b58748c8e9f28342e429.sol"},{"line":487,"column":5,"severity":"Error","message":"Explicitly mark visibility in function","ruleId":"func-visibility","fix":null,"filePath":"Benchmarks/Study_SamplesSet/eeec1e8a9be3b58748c8e9f28342e429.sol"},{"line":493,"column":5,"severity":"Error","message":"Explicitly mark visibility in function","ruleId":"func-visibility","fix":null,"filePath":"Benchmarks/Study_SamplesSet/eeec1e8a9be3b58748c8e9f28342e429.sol"},{"line":493,"column":35,"severity":"Warning","message":"Rule is set with explicit type [var/s: uint]","ruleId":"explicit-types","filePath":"Benchmarks/Study_SamplesSet/eeec1e8a9be3b58748c8e9f28342e429.sol"},{"line":498,"column":9,"severity":"Error","message":"Explicitly mark all external contracts as trusted or untrusted","ruleId":"mark-callable-contracts","filePath":"Benchmarks/Study_SamplesSet/eeec1e8a9be3b58748c8e9f28342e429.sol"},{"line":502,"column":5,"severity":"Error","message":"Explicitly mark visibility in function","ruleId":"func-visibility","fix":null,"filePath":"Benchmarks/Study_SamplesSet/eeec1e8a9be3b58748c8e9f28342e429.sol"},{"line":502,"column":40,"severity":"Warning","message":"Rule is set with explicit type [var/s: uint]","ruleId":"explicit-types","filePath":"Benchmarks/Study_SamplesSet/eeec1e8a9be3b58748c8e9f28342e429.sol"},{"line":505,"column":9,"severity":"Error","message":"Explicitly mark all external contracts as trusted or untrusted","ruleId":"mark-callable-contracts","filePath":"Benchmarks/Study_SamplesSet/eeec1e8a9be3b58748c8e9f28342e429.sol"},{"line":509,"column":5,"severity":"Error","message":"Explicitly mark visibility in function","ruleId":"func-visibility","fix":null,"filePath":"Benchmarks/Study_SamplesSet/eeec1e8a9be3b58748c8e9f28342e429.sol"},{"line":509,"column":51,"severity":"Warning","message":"Rule is set with explicit type [var/s: uint]","ruleId":"explicit-types","filePath":"Benchmarks/Study_SamplesSet/eeec1e8a9be3b58748c8e9f28342e429.sol"},{"line":512,"column":9,"severity":"Error","message":"Explicitly mark all external contracts as trusted or untrusted","ruleId":"mark-callable-contracts","filePath":"Benchmarks/Study_SamplesSet/eeec1e8a9be3b58748c8e9f28342e429.sol"},{"line":516,"column":5,"severity":"Error","message":"Explicitly mark visibility in function","ruleId":"func-visibility","fix":null,"filePath":"Benchmarks/Study_SamplesSet/eeec1e8a9be3b58748c8e9f28342e429.sol"},{"line":516,"column":41,"severity":"Warning","message":"Rule is set with explicit type [var/s: uint]","ruleId":"explicit-types","filePath":"Benchmarks/Study_SamplesSet/eeec1e8a9be3b58748c8e9f28342e429.sol"},{"line":522,"column":5,"severity":"Error","message":"Explicitly mark visibility in function","ruleId":"func-visibility","fix":null,"filePath":"Benchmarks/Study_SamplesSet/eeec1e8a9be3b58748c8e9f28342e429.sol"},{"line":522,"column":41,"severity":"Warning","message":"Rule is set with explicit type [var/s: uint]","ruleId":"explicit-types","filePath":"Benchmarks/Study_SamplesSet/eeec1e8a9be3b58748c8e9f28342e429.sol"},{"line":528,"column":5,"severity":"Error","message":"Explicitly mark visibility in function","ruleId":"func-visibility","fix":null,"filePath":"Benchmarks/Study_SamplesSet/eeec1e8a9be3b58748c8e9f28342e429.sol"},{"line":534,"column":9,"severity":"Error","message":"Explicitly mark all external contracts as trusted or untrusted","ruleId":"mark-callable-contracts","filePath":"Benchmarks/Study_SamplesSet/eeec1e8a9be3b58748c8e9f28342e429.sol"},{"line":538,"column":5,"severity":"Error","message":"Explicitly mark visibility in function","ruleId":"func-visibility","fix":null,"filePath":"Benchmarks/Study_SamplesSet/eeec1e8a9be3b58748c8e9f28342e429.sol"},{"line":538,"column":26,"severity":"Warning","message":"Rule is set with explicit type [var/s: uint]","ruleId":"explicit-types","filePath":"Benchmarks/Study_SamplesSet/eeec1e8a9be3b58748c8e9f28342e429.sol"},{"line":543,"column":37,"severity":"Error","message":"Avoid making time-based decisions in your business logic","ruleId":"not-rely-on-time","fix":null,"filePath":"Benchmarks/Study_SamplesSet/eeec1e8a9be3b58748c8e9f28342e429.sol"},{"line":546,"column":9,"severity":"Error","message":"Explicitly mark all external contracts as trusted or untrusted","ruleId":"mark-callable-contracts","filePath":"Benchmarks/Study_SamplesSet/eeec1e8a9be3b58748c8e9f28342e429.sol"},{"line":550,"column":5,"severity":"Error","message":"Explicitly mark visibility in function","ruleId":"func-visibility","fix":null,"filePath":"Benchmarks/Study_SamplesSet/eeec1e8a9be3b58748c8e9f28342e429.sol"},{"line":552,"column":16,"severity":"Error","message":"Avoid making time-based decisions in your business logic","ruleId":"not-rely-on-time","fix":null,"filePath":"Benchmarks/Study_SamplesSet/eeec1e8a9be3b58748c8e9f28342e429.sol"},{"line":555,"column":9,"severity":"Warning","message":"Rule is set with explicit type [var/s: uint]","ruleId":"explicit-types","filePath":"Benchmarks/Study_SamplesSet/eeec1e8a9be3b58748c8e9f28342e429.sol"},{"line":559,"column":9,"severity":"Error","message":"Explicitly mark all external contracts as trusted or untrusted","ruleId":"mark-callable-contracts","filePath":"Benchmarks/Study_SamplesSet/eeec1e8a9be3b58748c8e9f28342e429.sol"},{"line":563,"column":5,"severity":"Error","message":"Explicitly mark visibility in function","ruleId":"func-visibility","fix":null,"filePath":"Benchmarks/Study_SamplesSet/eeec1e8a9be3b58748c8e9f28342e429.sol"},{"line":563,"column":27,"severity":"Warning","message":"Rule is set with explicit type [var/s: uint]","ruleId":"explicit-types","filePath":"Benchmarks/Study_SamplesSet/eeec1e8a9be3b58748c8e9f28342e429.sol"},{"line":568,"column":5,"severity":"Error","message":"Explicitly mark visibility in function","ruleId":"func-visibility","fix":null,"filePath":"Benchmarks/Study_SamplesSet/eeec1e8a9be3b58748c8e9f28342e429.sol"},{"line":568,"column":28,"severity":"Warning","message":"Rule is set with explicit type [var/s: uint]","ruleId":"explicit-types","filePath":"Benchmarks/Study_SamplesSet/eeec1e8a9be3b58748c8e9f28342e429.sol"},{"line":573,"column":5,"severity":"Error","message":"Explicitly mark visibility in function","ruleId":"func-visibility","fix":null,"filePath":"Benchmarks/Study_SamplesSet/eeec1e8a9be3b58748c8e9f28342e429.sol"},{"line":578,"column":5,"severity":"Error","message":"Explicitly mark visibility in function","ruleId":"func-visibility","fix":null,"filePath":"Benchmarks/Study_SamplesSet/eeec1e8a9be3b58748c8e9f28342e429.sol"},{"line":579,"column":9,"severity":"Error","message":"Explicitly mark all external contracts as trusted or untrusted","ruleId":"mark-callable-contracts","filePath":"Benchmarks/Study_SamplesSet/eeec1e8a9be3b58748c8e9f28342e429.sol"},{"line":583,"column":5,"severity":"Error","message":"Explicitly mark visibility in function","ruleId":"func-visibility","fix":null,"filePath":"Benchmarks/Study_SamplesSet/eeec1e8a9be3b58748c8e9f28342e429.sol"},{"line":583,"column":30,"severity":"Warning","message":"Rule is set with explicit type [var/s: uint]","ruleId":"explicit-types","filePath":"Benchmarks/Study_SamplesSet/eeec1e8a9be3b58748c8e9f28342e429.sol"},{"line":588,"column":5,"severity":"Error","message":"Explicitly mark visibility in function","ruleId":"func-visibility","fix":null,"filePath":"Benchmarks/Study_SamplesSet/eeec1e8a9be3b58748c8e9f28342e429.sol"},{"line":588,"column":33,"severity":"Warning","message":"Rule is set with explicit type [var/s: uint]","ruleId":"explicit-types","filePath":"Benchmarks/Study_SamplesSet/eeec1e8a9be3b58748c8e9f28342e429.sol"},{"line":593,"column":5,"severity":"Error","message":"Explicitly mark visibility in function","ruleId":"func-visibility","fix":null,"filePath":"Benchmarks/Study_SamplesSet/eeec1e8a9be3b58748c8e9f28342e429.sol"},{"line":593,"column":39,"severity":"Warning","message":"Code contains empty blocks","ruleId":"no-empty-blocks","fix":null,"filePath":"Benchmarks/Study_SamplesSet/eeec1e8a9be3b58748c8e9f28342e429.sol"},{"line":596,"column":5,"severity":"Error","message":"Explicitly mark visibility in function","ruleId":"func-visibility","fix":null,"filePath":"Benchmarks/Study_SamplesSet/eeec1e8a9be3b58748c8e9f28342e429.sol"},{"line":596,"column":5,"severity":"Error","message":"Fallback function must be simple","ruleId":"no-complex-fallback","fix":null,"filePath":"Benchmarks/Study_SamplesSet/eeec1e8a9be3b58748c8e9f28342e429.sol"},{"line":597,"column":9,"severity":"Warning","message":"Rule is set with explicit type [var/s: uint]","ruleId":"explicit-types","filePath":"Benchmarks/Study_SamplesSet/eeec1e8a9be3b58748c8e9f28342e429.sol"},{"line":600,"column":9,"severity":"Error","message":"Explicitly mark all external contracts as trusted or untrusted","ruleId":"mark-callable-contracts","filePath":"Benchmarks/Study_SamplesSet/eeec1e8a9be3b58748c8e9f28342e429.sol"},{"line":604,"column":1,"severity":"Warning","message":"Contract has 16 states declarations but allowed no more than 15","ruleId":"max-states-count","fix":null,"filePath":"Benchmarks/Study_SamplesSet/eeec1e8a9be3b58748c8e9f28342e429.sol"},{"line":604,"column":1,"severity":"Warning","message":"Contract, Structs and Enums should be in CamelCase","ruleId":"contract-name-camelcase","filePath":"Benchmarks/Study_SamplesSet/eeec1e8a9be3b58748c8e9f28342e429.sol"},{"line":607,"column":5,"severity":"Warning","message":"Variable name must be in mixedCase","ruleId":"var-name-mixedcase","fix":null,"filePath":"Benchmarks/Study_SamplesSet/eeec1e8a9be3b58748c8e9f28342e429.sol"},{"line":609,"column":5,"severity":"Error","message":"Explicitly mark visibility of state","ruleId":"state-visibility","fix":null,"filePath":"Benchmarks/Study_SamplesSet/eeec1e8a9be3b58748c8e9f28342e429.sol"},{"line":612,"column":5,"severity":"Warning","message":"Rule is set with explicit type [var/s: uint]","ruleId":"explicit-types","filePath":"Benchmarks/Study_SamplesSet/eeec1e8a9be3b58748c8e9f28342e429.sol"},{"line":613,"column":5,"severity":"Warning","message":"Rule is set with explicit type [var/s: uint]","ruleId":"explicit-types","filePath":"Benchmarks/Study_SamplesSet/eeec1e8a9be3b58748c8e9f28342e429.sol"},{"line":621,"column":5,"severity":"Warning","message":"Rule is set with explicit type [var/s: uint]","ruleId":"explicit-types","filePath":"Benchmarks/Study_SamplesSet/eeec1e8a9be3b58748c8e9f28342e429.sol"},{"line":622,"column":5,"severity":"Warning","message":"Rule is set with explicit type [var/s: uint]","ruleId":"explicit-types","filePath":"Benchmarks/Study_SamplesSet/eeec1e8a9be3b58748c8e9f28342e429.sol"},{"line":623,"column":5,"severity":"Warning","message":"Rule is set with explicit type [var/s: uint]","ruleId":"explicit-types","filePath":"Benchmarks/Study_SamplesSet/eeec1e8a9be3b58748c8e9f28342e429.sol"},{"line":627,"column":5,"severity":"Warning","message":"Rule is set with explicit type [var/s: uint]","ruleId":"explicit-types","filePath":"Benchmarks/Study_SamplesSet/eeec1e8a9be3b58748c8e9f28342e429.sol"},{"line":628,"column":5,"severity":"Warning","message":"Rule is set with explicit type [var/s: uint]","ruleId":"explicit-types","filePath":"Benchmarks/Study_SamplesSet/eeec1e8a9be3b58748c8e9f28342e429.sol"},{"line":629,"column":5,"severity":"Warning","message":"Rule is set with explicit type [var/s: uint]","ruleId":"explicit-types","filePath":"Benchmarks/Study_SamplesSet/eeec1e8a9be3b58748c8e9f28342e429.sol"},{"line":630,"column":5,"severity":"Warning","message":"Rule is set with explicit type [var/s: uint]","ruleId":"explicit-types","filePath":"Benchmarks/Study_SamplesSet/eeec1e8a9be3b58748c8e9f28342e429.sol"},{"line":639,"column":38,"severity":"Warning","message":"Rule is set with explicit type [var/s: uint]","ruleId":"explicit-types","filePath":"Benchmarks/Study_SamplesSet/eeec1e8a9be3b58748c8e9f28342e429.sol"},{"line":644,"column":16,"severity":"Error","message":"Avoid making time-based decisions in your business logic","ruleId":"not-rely-on-time","fix":null,"filePath":"Benchmarks/Study_SamplesSet/eeec1e8a9be3b58748c8e9f28342e429.sol"},{"line":650,"column":39,"severity":"Warning","message":"Rule is set with explicit type [var/s: uint]","ruleId":"explicit-types","filePath":"Benchmarks/Study_SamplesSet/eeec1e8a9be3b58748c8e9f28342e429.sol"},{"line":651,"column":42,"severity":"Warning","message":"Rule is set with explicit type [var/s: uint]","ruleId":"explicit-types","filePath":"Benchmarks/Study_SamplesSet/eeec1e8a9be3b58748c8e9f28342e429.sol"},{"line":653,"column":5,"severity":"Error","message":"Explicitly mark visibility in function (Set ignoreConstructors to true if using solidity >=0.7.0)","ruleId":"func-visibility","fix":null,"filePath":"Benchmarks/Study_SamplesSet/eeec1e8a9be3b58748c8e9f28342e429.sol"},{"line":653,"column":21,"severity":"Warning","message":"Rule is set with explicit type [var/s: uint]","ruleId":"explicit-types","filePath":"Benchmarks/Study_SamplesSet/eeec1e8a9be3b58748c8e9f28342e429.sol"},{"line":662,"column":5,"severity":"Error","message":"Explicitly mark visibility in function","ruleId":"func-visibility","fix":null,"filePath":"Benchmarks/Study_SamplesSet/eeec1e8a9be3b58748c8e9f28342e429.sol"},{"line":664,"column":17,"severity":"Error","message":"Avoid making time-based decisions in your business logic","ruleId":"not-rely-on-time","fix":null,"filePath":"Benchmarks/Study_SamplesSet/eeec1e8a9be3b58748c8e9f28342e429.sol"},{"line":665,"column":20,"severity":"Error","message":"Avoid making time-based decisions in your business logic","ruleId":"not-rely-on-time","fix":null,"filePath":"Benchmarks/Study_SamplesSet/eeec1e8a9be3b58748c8e9f28342e429.sol"},{"line":671,"column":5,"severity":"Error","message":"Explicitly mark visibility in function","ruleId":"func-visibility","fix":null,"filePath":"Benchmarks/Study_SamplesSet/eeec1e8a9be3b58748c8e9f28342e429.sol"},{"line":674,"column":9,"severity":"Warning","message":"Rule is set with explicit type [var/s: uint]","ruleId":"explicit-types","filePath":"Benchmarks/Study_SamplesSet/eeec1e8a9be3b58748c8e9f28342e429.sol"},{"line":680,"column":9,"severity":"Error","message":"Explicitly mark all external contracts as trusted or untrusted","ruleId":"mark-callable-contracts","filePath":"Benchmarks/Study_SamplesSet/eeec1e8a9be3b58748c8e9f28342e429.sol"},{"line":683,"column":5,"severity":"Error","message":"Explicitly mark visibility in function","ruleId":"func-visibility","fix":null,"filePath":"Benchmarks/Study_SamplesSet/eeec1e8a9be3b58748c8e9f28342e429.sol"},{"line":684,"column":9,"severity":"Error","message":"Explicitly mark all external contracts as trusted or untrusted","ruleId":"mark-callable-contracts","filePath":"Benchmarks/Study_SamplesSet/eeec1e8a9be3b58748c8e9f28342e429.sol"},{"line":686,"column":14,"severity":"Warning","message":"Rule is set with explicit type [var/s: uint]","ruleId":"explicit-types","filePath":"Benchmarks/Study_SamplesSet/eeec1e8a9be3b58748c8e9f28342e429.sol"},{"line":687,"column":13,"severity":"Error","message":"Explicitly mark all external contracts as trusted or untrusted","ruleId":"mark-callable-contracts","filePath":"Benchmarks/Study_SamplesSet/eeec1e8a9be3b58748c8e9f28342e429.sol"},{"line":688,"column":13,"severity":"Warning","message":"Rule is set with explicit type [var/s: uint]","ruleId":"explicit-types","filePath":"Benchmarks/Study_SamplesSet/eeec1e8a9be3b58748c8e9f28342e429.sol"},{"line":689,"column":13,"severity":"Error","message":"Explicitly mark all external contracts as trusted or untrusted","ruleId":"mark-callable-contracts","filePath":"Benchmarks/Study_SamplesSet/eeec1e8a9be3b58748c8e9f28342e429.sol"},{"line":692,"column":17,"severity":"Error","message":"Explicitly mark all external contracts as trusted or untrusted","ruleId":"mark-callable-contracts","filePath":"Benchmarks/Study_SamplesSet/eeec1e8a9be3b58748c8e9f28342e429.sol"},{"line":700,"column":5,"severity":"Error","message":"Explicitly mark visibility in function","ruleId":"func-visibility","fix":null,"filePath":"Benchmarks/Study_SamplesSet/eeec1e8a9be3b58748c8e9f28342e429.sol"},{"line":701,"column":9,"severity":"Error","message":"Explicitly mark all external contracts as trusted or untrusted","ruleId":"mark-callable-contracts","filePath":"Benchmarks/Study_SamplesSet/eeec1e8a9be3b58748c8e9f28342e429.sol"},{"line":705,"column":5,"severity":"Error","message":"Explicitly mark visibility in function","ruleId":"func-visibility","fix":null,"filePath":"Benchmarks/Study_SamplesSet/eeec1e8a9be3b58748c8e9f28342e429.sol"},{"line":705,"column":24,"severity":"Warning","message":"Rule is set with explicit type [var/s: uint]","ruleId":"explicit-types","filePath":"Benchmarks/Study_SamplesSet/eeec1e8a9be3b58748c8e9f28342e429.sol"},{"line":713,"column":5,"severity":"Error","message":"Explicitly mark visibility in function","ruleId":"func-visibility","fix":null,"filePath":"Benchmarks/Study_SamplesSet/eeec1e8a9be3b58748c8e9f28342e429.sol"},{"line":717,"column":9,"severity":"Warning","message":"Rule is set with explicit type [var/s: uint]","ruleId":"explicit-types","filePath":"Benchmarks/Study_SamplesSet/eeec1e8a9be3b58748c8e9f28342e429.sol"},{"line":722,"column":9,"severity":"Error","message":"Explicitly mark all external contracts as trusted or untrusted","ruleId":"mark-callable-contracts","filePath":"Benchmarks/Study_SamplesSet/eeec1e8a9be3b58748c8e9f28342e429.sol"},{"line":725,"column":5,"severity":"Error","message":"Explicitly mark visibility in function","ruleId":"func-visibility","fix":null,"filePath":"Benchmarks/Study_SamplesSet/eeec1e8a9be3b58748c8e9f28342e429.sol"},{"line":730,"column":59,"severity":"Warning","message":"Rule is set with explicit type [var/s: uint]","ruleId":"explicit-types","filePath":"Benchmarks/Study_SamplesSet/eeec1e8a9be3b58748c8e9f28342e429.sol"},{"line":738,"column":5,"severity":"Error","message":"Explicitly mark visibility in function","ruleId":"func-visibility","fix":null,"filePath":"Benchmarks/Study_SamplesSet/eeec1e8a9be3b58748c8e9f28342e429.sol"},{"line":739,"column":30,"severity":"Error","message":"Explicitly mark all external contracts as trusted or untrusted","ruleId":"mark-callable-contracts","filePath":"Benchmarks/Study_SamplesSet/eeec1e8a9be3b58748c8e9f28342e429.sol"},{"line":743,"column":5,"severity":"Error","message":"Explicitly mark visibility in function","ruleId":"func-visibility","fix":null,"filePath":"Benchmarks/Study_SamplesSet/eeec1e8a9be3b58748c8e9f28342e429.sol"},{"line":743,"column":5,"severity":"Error","message":"Fallback function must be simple","ruleId":"no-complex-fallback","fix":null,"filePath":"Benchmarks/Study_SamplesSet/eeec1e8a9be3b58748c8e9f28342e429.sol"},{"line":744,"column":16,"severity":"Error","message":"Avoid making time-based decisions in your business logic","ruleId":"not-rely-on-time","fix":null,"filePath":"Benchmarks/Study_SamplesSet/eeec1e8a9be3b58748c8e9f28342e429.sol"},{"line":749,"column":9,"severity":"Warning","message":"Rule is set with explicit type [var/s: uint]","ruleId":"explicit-types","filePath":"Benchmarks/Study_SamplesSet/eeec1e8a9be3b58748c8e9f28342e429.sol"},{"line":751,"column":17,"severity":"Error","message":"Avoid making time-based decisions in your business logic","ruleId":"not-rely-on-time","fix":null,"filePath":"Benchmarks/Study_SamplesSet/eeec1e8a9be3b58748c8e9f28342e429.sol"},{"line":752,"column":40,"severity":"Error","message":"Avoid making time-based decisions in your business logic","ruleId":"not-rely-on-time","fix":null,"filePath":"Benchmarks/Study_SamplesSet/eeec1e8a9be3b58748c8e9f28342e429.sol"},{"line":755,"column":9,"severity":"Warning","message":"Rule is set with explicit type [var/s: uint]","ruleId":"explicit-types","filePath":"Benchmarks/Study_SamplesSet/eeec1e8a9be3b58748c8e9f28342e429.sol"},{"line":766,"column":9,"severity":"Error","message":"Explicitly mark all external contracts as trusted or untrusted","ruleId":"mark-callable-contracts","filePath":"Benchmarks/Study_SamplesSet/eeec1e8a9be3b58748c8e9f28342e429.sol"},{"line":772,"column":5,"severity":"Warning","message":"Variable name must be in mixedCase","ruleId":"var-name-mixedcase","fix":null,"filePath":"Benchmarks/Study_SamplesSet/eeec1e8a9be3b58748c8e9f28342e429.sol"},{"line":773,"column":5,"severity":"Warning","message":"Variable name must be in mixedCase","ruleId":"var-name-mixedcase","fix":null,"filePath":"Benchmarks/Study_SamplesSet/eeec1e8a9be3b58748c8e9f28342e429.sol"},{"line":775,"column":5,"severity":"Error","message":"Explicitly mark visibility of state","ruleId":"state-visibility","fix":null,"filePath":"Benchmarks/Study_SamplesSet/eeec1e8a9be3b58748c8e9f28342e429.sol"},{"line":777,"column":5,"severity":"Warning","message":"Contract, Structs and Enums should be in CamelCase","ruleId":"contract-name-camelcase","filePath":"Benchmarks/Study_SamplesSet/eeec1e8a9be3b58748c8e9f28342e429.sol"},{"line":778,"column":5,"severity":"Warning","message":"Rule is set with explicit type [var/s: uint]","ruleId":"explicit-types","filePath":"Benchmarks/Study_SamplesSet/eeec1e8a9be3b58748c8e9f28342e429.sol"},{"line":790,"column":5,"severity":"Warning","message":"Rule is set with explicit type [var/s: uint]","ruleId":"explicit-types","filePath":"Benchmarks/Study_SamplesSet/eeec1e8a9be3b58748c8e9f28342e429.sol"},{"line":791,"column":5,"severity":"Warning","message":"Rule is set with explicit type [var/s: uint]","ruleId":"explicit-types","filePath":"Benchmarks/Study_SamplesSet/eeec1e8a9be3b58748c8e9f28342e429.sol"},{"line":795,"column":5,"severity":"Warning","message":"Rule is set with explicit type [var/s: uint]","ruleId":"explicit-types","filePath":"Benchmarks/Study_SamplesSet/eeec1e8a9be3b58748c8e9f28342e429.sol"},{"line":797,"column":5,"severity":"Warning","message":"Rule is set with explicit type [var/s: uint]","ruleId":"explicit-types","filePath":"Benchmarks/Study_SamplesSet/eeec1e8a9be3b58748c8e9f28342e429.sol"},{"line":811,"column":41,"severity":"Warning","message":"Rule is set with explicit type [var/s: uint]","ruleId":"explicit-types","filePath":"Benchmarks/Study_SamplesSet/eeec1e8a9be3b58748c8e9f28342e429.sol"},{"line":812,"column":42,"severity":"Warning","message":"Rule is set with explicit type [var/s: uint]","ruleId":"explicit-types","filePath":"Benchmarks/Study_SamplesSet/eeec1e8a9be3b58748c8e9f28342e429.sol"},{"line":813,"column":38,"severity":"Warning","message":"Rule is set with explicit type [var/s: uint]","ruleId":"explicit-types","filePath":"Benchmarks/Study_SamplesSet/eeec1e8a9be3b58748c8e9f28342e429.sol"},{"line":814,"column":42,"severity":"Warning","message":"Rule is set with explicit type [var/s: uint]","ruleId":"explicit-types","filePath":"Benchmarks/Study_SamplesSet/eeec1e8a9be3b58748c8e9f28342e429.sol"},{"line":819,"column":5,"severity":"Error","message":"Explicitly mark visibility in function (Set ignoreConstructors to true if using solidity >=0.7.0)","ruleId":"func-visibility","fix":null,"filePath":"Benchmarks/Study_SamplesSet/eeec1e8a9be3b58748c8e9f28342e429.sol"},{"line":820,"column":9,"severity":"Error","message":"Explicitly mark all external contracts as trusted or untrusted","ruleId":"mark-callable-contracts","filePath":"Benchmarks/Study_SamplesSet/eeec1e8a9be3b58748c8e9f28342e429.sol"},{"line":821,"column":9,"severity":"Error","message":"Explicitly mark all external contracts as trusted or untrusted","ruleId":"mark-callable-contracts","filePath":"Benchmarks/Study_SamplesSet/eeec1e8a9be3b58748c8e9f28342e429.sol"},{"line":824,"column":5,"severity":"Error","message":"Explicitly mark visibility in function","ruleId":"func-visibility","fix":null,"filePath":"Benchmarks/Study_SamplesSet/eeec1e8a9be3b58748c8e9f28342e429.sol"},{"line":829,"column":5,"severity":"Error","message":"Explicitly mark visibility in function","ruleId":"func-visibility","fix":null,"filePath":"Benchmarks/Study_SamplesSet/eeec1e8a9be3b58748c8e9f28342e429.sol"},{"line":829,"column":24,"severity":"Warning","message":"Rule is set with explicit type [var/s: uint]","ruleId":"explicit-types","filePath":"Benchmarks/Study_SamplesSet/eeec1e8a9be3b58748c8e9f28342e429.sol"},{"line":836,"column":5,"severity":"Error","message":"Explicitly mark visibility in function","ruleId":"func-visibility","fix":null,"filePath":"Benchmarks/Study_SamplesSet/eeec1e8a9be3b58748c8e9f28342e429.sol"},{"line":840,"column":9,"severity":"Error","message":"Explicitly mark all external contracts as trusted or untrusted","ruleId":"mark-callable-contracts","filePath":"Benchmarks/Study_SamplesSet/eeec1e8a9be3b58748c8e9f28342e429.sol"},{"line":844,"column":5,"severity":"Error","message":"Explicitly mark visibility in function","ruleId":"func-visibility","fix":null,"filePath":"Benchmarks/Study_SamplesSet/eeec1e8a9be3b58748c8e9f28342e429.sol"},{"line":846,"column":9,"severity":"Error","message":"Explicitly mark all external contracts as trusted or untrusted","ruleId":"mark-callable-contracts","filePath":"Benchmarks/Study_SamplesSet/eeec1e8a9be3b58748c8e9f28342e429.sol"},{"line":849,"column":5,"severity":"Error","message":"Explicitly mark visibility in function","ruleId":"func-visibility","fix":null,"filePath":"Benchmarks/Study_SamplesSet/eeec1e8a9be3b58748c8e9f28342e429.sol"},{"line":851,"column":9,"severity":"Error","message":"Explicitly mark all external contracts as trusted or untrusted","ruleId":"mark-callable-contracts","filePath":"Benchmarks/Study_SamplesSet/eeec1e8a9be3b58748c8e9f28342e429.sol"},{"line":855,"column":5,"severity":"Error","message":"Explicitly mark visibility in function","ruleId":"func-visibility","fix":null,"filePath":"Benchmarks/Study_SamplesSet/eeec1e8a9be3b58748c8e9f28342e429.sol"},{"line":857,"column":9,"severity":"Error","message":"Explicitly mark all external contracts as trusted or untrusted","ruleId":"mark-callable-contracts","filePath":"Benchmarks/Study_SamplesSet/eeec1e8a9be3b58748c8e9f28342e429.sol"},{"line":861,"column":5,"severity":"Error","message":"Explicitly mark visibility in function","ruleId":"func-visibility","fix":null,"filePath":"Benchmarks/Study_SamplesSet/eeec1e8a9be3b58748c8e9f28342e429.sol"},{"line":863,"column":9,"severity":"Error","message":"Explicitly mark all external contracts as trusted or untrusted","ruleId":"mark-callable-contracts","filePath":"Benchmarks/Study_SamplesSet/eeec1e8a9be3b58748c8e9f28342e429.sol"},{"line":867,"column":5,"severity":"Error","message":"Explicitly mark visibility in function","ruleId":"func-visibility","fix":null,"filePath":"Benchmarks/Study_SamplesSet/eeec1e8a9be3b58748c8e9f28342e429.sol"},{"line":872,"column":5,"severity":"Error","message":"Explicitly mark visibility in function","ruleId":"func-visibility","fix":null,"filePath":"Benchmarks/Study_SamplesSet/eeec1e8a9be3b58748c8e9f28342e429.sol"},{"line":872,"column":27,"severity":"Warning","message":"Rule is set with explicit type [var/s: uint]","ruleId":"explicit-types","filePath":"Benchmarks/Study_SamplesSet/eeec1e8a9be3b58748c8e9f28342e429.sol"},{"line":878,"column":5,"severity":"Error","message":"Explicitly mark visibility in function","ruleId":"func-visibility","fix":null,"filePath":"Benchmarks/Study_SamplesSet/eeec1e8a9be3b58748c8e9f28342e429.sol"},{"line":881,"column":9,"severity":"Error","message":"Possible reentrancy vulnerabilities. Avoid state changes after transfer.","ruleId":"reentrancy","fix":null,"filePath":"Benchmarks/Study_SamplesSet/eeec1e8a9be3b58748c8e9f28342e429.sol"},{"line":882,"column":9,"severity":"Error","message":"Explicitly mark all external contracts as trusted or untrusted","ruleId":"mark-callable-contracts","filePath":"Benchmarks/Study_SamplesSet/eeec1e8a9be3b58748c8e9f28342e429.sol"},{"line":886,"column":5,"severity":"Error","message":"Explicitly mark visibility in function","ruleId":"func-visibility","fix":null,"filePath":"Benchmarks/Study_SamplesSet/eeec1e8a9be3b58748c8e9f28342e429.sol"},{"line":887,"column":16,"severity":"Error","message":"Explicitly mark all external contracts as trusted or untrusted","ruleId":"mark-callable-contracts","filePath":"Benchmarks/Study_SamplesSet/eeec1e8a9be3b58748c8e9f28342e429.sol"},{"line":889,"column":42,"severity":"Error","message":"Explicitly mark all external contracts as trusted or untrusted","ruleId":"mark-callable-contracts","filePath":"Benchmarks/Study_SamplesSet/eeec1e8a9be3b58748c8e9f28342e429.sol"},{"line":889,"column":61,"severity":"Error","message":"Explicitly mark all external contracts as trusted or untrusted","ruleId":"mark-callable-contracts","filePath":"Benchmarks/Study_SamplesSet/eeec1e8a9be3b58748c8e9f28342e429.sol"},{"line":892,"column":5,"severity":"Error","message":"Explicitly mark visibility in function","ruleId":"func-visibility","fix":null,"filePath":"Benchmarks/Study_SamplesSet/eeec1e8a9be3b58748c8e9f28342e429.sol"},{"line":895,"column":16,"severity":"Error","message":"Explicitly mark all external contracts as trusted or untrusted","ruleId":"mark-callable-contracts","filePath":"Benchmarks/Study_SamplesSet/eeec1e8a9be3b58748c8e9f28342e429.sol"},{"line":897,"column":9,"severity":"Warning","message":"Rule is set with explicit type [var/s: uint]","ruleId":"explicit-types","filePath":"Benchmarks/Study_SamplesSet/eeec1e8a9be3b58748c8e9f28342e429.sol"},{"line":902,"column":9,"severity":"Error","message":"Explicitly mark all external contracts as trusted or untrusted","ruleId":"mark-callable-contracts","filePath":"Benchmarks/Study_SamplesSet/eeec1e8a9be3b58748c8e9f28342e429.sol"},{"line":903,"column":9,"severity":"Error","message":"Explicitly mark all external contracts as trusted or untrusted","ruleId":"mark-callable-contracts","filePath":"Benchmarks/Study_SamplesSet/eeec1e8a9be3b58748c8e9f28342e429.sol"},{"line":906,"column":5,"severity":"Error","message":"Explicitly mark visibility in function","ruleId":"func-visibility","fix":null,"filePath":"Benchmarks/Study_SamplesSet/eeec1e8a9be3b58748c8e9f28342e429.sol"},{"line":908,"column":9,"severity":"Warning","message":"Rule is set with explicit type [var/s: uint]","ruleId":"explicit-types","filePath":"Benchmarks/Study_SamplesSet/eeec1e8a9be3b58748c8e9f28342e429.sol"},{"line":909,"column":9,"severity":"Warning","message":"Rule is set with explicit type [var/s: uint]","ruleId":"explicit-types","filePath":"Benchmarks/Study_SamplesSet/eeec1e8a9be3b58748c8e9f28342e429.sol"},{"line":914,"column":5,"severity":"Error","message":"Explicitly mark visibility in function","ruleId":"func-visibility","fix":null,"filePath":"Benchmarks/Study_SamplesSet/eeec1e8a9be3b58748c8e9f28342e429.sol"},{"line":919,"column":5,"severity":"Error","message":"Explicitly mark visibility in function","ruleId":"func-visibility","fix":null,"filePath":"Benchmarks/Study_SamplesSet/eeec1e8a9be3b58748c8e9f28342e429.sol"},{"line":923,"column":5,"severity":"Error","message":"Explicitly mark visibility in function","ruleId":"func-visibility","fix":null,"filePath":"Benchmarks/Study_SamplesSet/eeec1e8a9be3b58748c8e9f28342e429.sol"},{"line":923,"column":5,"severity":"Error","message":"Fallback function must be simple","ruleId":"no-complex-fallback","fix":null,"filePath":"Benchmarks/Study_SamplesSet/eeec1e8a9be3b58748c8e9f28342e429.sol"},{"line":928,"column":16,"severity":"Error","message":"Explicitly mark all external contracts as trusted or untrusted","ruleId":"mark-callable-contracts","filePath":"Benchmarks/Study_SamplesSet/eeec1e8a9be3b58748c8e9f28342e429.sol"},{"line":934,"column":9,"severity":"Warning","message":"Rule is set with explicit type [var/s: uint]","ruleId":"explicit-types","filePath":"Benchmarks/Study_SamplesSet/eeec1e8a9be3b58748c8e9f28342e429.sol"},{"line":939,"column":9,"severity":"Error","message":"Explicitly mark all external contracts as trusted or untrusted","ruleId":"mark-callable-contracts","filePath":"Benchmarks/Study_SamplesSet/eeec1e8a9be3b58748c8e9f28342e429.sol"},{"line":943,"column":9,"severity":"Error","message":"Explicitly mark all external contracts as trusted or untrusted","ruleId":"mark-callable-contracts","filePath":"Benchmarks/Study_SamplesSet/eeec1e8a9be3b58748c8e9f28342e429.sol"},{"conclusion":"275 problem/s (152 error/s, 123 warning/s)"}]
