[{"line":1,"column":1,"severity":"Error","message":"Compiler version ^0.4.18 does not satisfy the ^0.8.0 semver requirement","ruleId":"compiler-version","fix":null,"filePath":"Benchmarks/Study_SamplesSet/ef4048f9bb62bae6e6010b4c161bb819.sol"},{"line":5,"column":5,"severity":"Warning","message":"Constant name must be in capitalized SNAKE_CASE","ruleId":"const-name-snakecase","fix":null,"filePath":"Benchmarks/Study_SamplesSet/ef4048f9bb62bae6e6010b4c161bb819.sol"},{"line":6,"column":5,"severity":"Warning","message":"Constant name must be in capitalized SNAKE_CASE","ruleId":"const-name-snakecase","fix":null,"filePath":"Benchmarks/Study_SamplesSet/ef4048f9bb62bae6e6010b4c161bb819.sol"},{"line":8,"column":5,"severity":"Warning","message":"Rule is set with explicit type [var/s: uint]","ruleId":"explicit-types","filePath":"Benchmarks/Study_SamplesSet/ef4048f9bb62bae6e6010b4c161bb819.sol"},{"line":10,"column":5,"severity":"Error","message":"Explicitly mark visibility of state","ruleId":"state-visibility","fix":null,"filePath":"Benchmarks/Study_SamplesSet/ef4048f9bb62bae6e6010b4c161bb819.sol"},{"line":14,"column":5,"severity":"Warning","message":"Rule is set with explicit type [var/s: uint]","ruleId":"explicit-types","filePath":"Benchmarks/Study_SamplesSet/ef4048f9bb62bae6e6010b4c161bb819.sol"},{"line":15,"column":5,"severity":"Warning","message":"Rule is set with explicit type [var/s: uint]","ruleId":"explicit-types","filePath":"Benchmarks/Study_SamplesSet/ef4048f9bb62bae6e6010b4c161bb819.sol"},{"line":15,"column":5,"severity":"Warning","message":"Variable name must be in mixedCase","ruleId":"var-name-mixedcase","fix":null,"filePath":"Benchmarks/Study_SamplesSet/ef4048f9bb62bae6e6010b4c161bb819.sol"},{"line":16,"column":5,"severity":"Warning","message":"Rule is set with explicit type [var/s: uint]","ruleId":"explicit-types","filePath":"Benchmarks/Study_SamplesSet/ef4048f9bb62bae6e6010b4c161bb819.sol"},{"line":16,"column":5,"severity":"Warning","message":"Variable name must be in mixedCase","ruleId":"var-name-mixedcase","fix":null,"filePath":"Benchmarks/Study_SamplesSet/ef4048f9bb62bae6e6010b4c161bb819.sol"},{"line":17,"column":5,"severity":"Warning","message":"Rule is set with explicit type [var/s: uint]","ruleId":"explicit-types","filePath":"Benchmarks/Study_SamplesSet/ef4048f9bb62bae6e6010b4c161bb819.sol"},{"line":17,"column":5,"severity":"Warning","message":"Variable name must be in mixedCase","ruleId":"var-name-mixedcase","fix":null,"filePath":"Benchmarks/Study_SamplesSet/ef4048f9bb62bae6e6010b4c161bb819.sol"},{"line":18,"column":5,"severity":"Warning","message":"Rule is set with explicit type [var/s: uint]","ruleId":"explicit-types","filePath":"Benchmarks/Study_SamplesSet/ef4048f9bb62bae6e6010b4c161bb819.sol"},{"line":18,"column":5,"severity":"Warning","message":"Variable name must be in mixedCase","ruleId":"var-name-mixedcase","fix":null,"filePath":"Benchmarks/Study_SamplesSet/ef4048f9bb62bae6e6010b4c161bb819.sol"},{"line":19,"column":5,"severity":"Warning","message":"Variable name must be in mixedCase","ruleId":"var-name-mixedcase","fix":null,"filePath":"Benchmarks/Study_SamplesSet/ef4048f9bb62bae6e6010b4c161bb819.sol"},{"line":29,"column":53,"severity":"Warning","message":"Rule is set with explicit type [var/s: uint]","ruleId":"explicit-types","filePath":"Benchmarks/Study_SamplesSet/ef4048f9bb62bae6e6010b4c161bb819.sol"},{"line":31,"column":64,"severity":"Warning","message":"Rule is set with explicit type [var/s: uint]","ruleId":"explicit-types","filePath":"Benchmarks/Study_SamplesSet/ef4048f9bb62bae6e6010b4c161bb819.sol"},{"line":34,"column":60,"severity":"Warning","message":"Visibility modifier must be first in list of modifiers","ruleId":"visibility-modifier-order","fix":null,"filePath":"Benchmarks/Study_SamplesSet/ef4048f9bb62bae6e6010b4c161bb819.sol"},{"line":34,"column":38,"severity":"Warning","message":"Rule is set with explicit type [var/s: uint]","ruleId":"explicit-types","filePath":"Benchmarks/Study_SamplesSet/ef4048f9bb62bae6e6010b4c161bb819.sol"},{"line":40,"column":60,"severity":"Warning","message":"Visibility modifier must be first in list of modifiers","ruleId":"visibility-modifier-order","fix":null,"filePath":"Benchmarks/Study_SamplesSet/ef4048f9bb62bae6e6010b4c161bb819.sol"},{"line":40,"column":38,"severity":"Warning","message":"Rule is set with explicit type [var/s: uint]","ruleId":"explicit-types","filePath":"Benchmarks/Study_SamplesSet/ef4048f9bb62bae6e6010b4c161bb819.sol"},{"line":42,"column":9,"severity":"Warning","message":"Rule is set with explicit type [var/s: uint]","ruleId":"explicit-types","filePath":"Benchmarks/Study_SamplesSet/ef4048f9bb62bae6e6010b4c161bb819.sol"},{"line":46,"column":81,"severity":"Warning","message":"Visibility modifier must be first in list of modifiers","ruleId":"visibility-modifier-order","fix":null,"filePath":"Benchmarks/Study_SamplesSet/ef4048f9bb62bae6e6010b4c161bb819.sol"},{"line":46,"column":59,"severity":"Warning","message":"Rule is set with explicit type [var/s: uint]","ruleId":"explicit-types","filePath":"Benchmarks/Study_SamplesSet/ef4048f9bb62bae6e6010b4c161bb819.sol"},{"line":51,"column":42,"severity":"Warning","message":"Visibility modifier must be first in list of modifiers","ruleId":"visibility-modifier-order","fix":null,"filePath":"Benchmarks/Study_SamplesSet/ef4048f9bb62bae6e6010b4c161bb819.sol"},{"line":51,"column":21,"severity":"Warning","message":"Rule is set with explicit type [var/s: uint]","ruleId":"explicit-types","filePath":"Benchmarks/Study_SamplesSet/ef4048f9bb62bae6e6010b4c161bb819.sol"},{"line":51,"column":29,"severity":"Warning","message":"Rule is set with explicit type [var/s: uint]","ruleId":"explicit-types","filePath":"Benchmarks/Study_SamplesSet/ef4048f9bb62bae6e6010b4c161bb819.sol"},{"line":52,"column":9,"severity":"Warning","message":"Rule is set with explicit type [var/s: uint]","ruleId":"explicit-types","filePath":"Benchmarks/Study_SamplesSet/ef4048f9bb62bae6e6010b4c161bb819.sol"},{"line":59,"column":35,"severity":"Warning","message":"Rule is set with explicit type [var/s: uint]","ruleId":"explicit-types","filePath":"Benchmarks/Study_SamplesSet/ef4048f9bb62bae6e6010b4c161bb819.sol"},{"line":60,"column":9,"severity":"Warning","message":"Provide an error message for require","ruleId":"reason-string","fix":null,"filePath":"Benchmarks/Study_SamplesSet/ef4048f9bb62bae6e6010b4c161bb819.sol"},{"line":60,"column":9,"severity":"Warning","message":"Use Custom Errors instead of require statements","ruleId":"custom-errors","fix":null,"filePath":"Benchmarks/Study_SamplesSet/ef4048f9bb62bae6e6010b4c161bb819.sol"},{"line":61,"column":9,"severity":"Warning","message":"Provide an error message for require","ruleId":"reason-string","fix":null,"filePath":"Benchmarks/Study_SamplesSet/ef4048f9bb62bae6e6010b4c161bb819.sol"},{"line":61,"column":9,"severity":"Warning","message":"Use Custom Errors instead of require statements","ruleId":"custom-errors","fix":null,"filePath":"Benchmarks/Study_SamplesSet/ef4048f9bb62bae6e6010b4c161bb819.sol"},{"line":64,"column":9,"severity":"Error","message":"Explicitly mark all external contracts as trusted or untrusted","ruleId":"mark-callable-contracts","filePath":"Benchmarks/Study_SamplesSet/ef4048f9bb62bae6e6010b4c161bb819.sol"},{"line":68,"column":81,"severity":"Warning","message":"Rule is set with explicit type [var/s: uint]","ruleId":"explicit-types","filePath":"Benchmarks/Study_SamplesSet/ef4048f9bb62bae6e6010b4c161bb819.sol"},{"line":72,"column":39,"severity":"Warning","message":"Rule is set with explicit type [var/s: uint]","ruleId":"explicit-types","filePath":"Benchmarks/Study_SamplesSet/ef4048f9bb62bae6e6010b4c161bb819.sol"},{"line":74,"column":9,"severity":"Error","message":"Explicitly mark all external contracts as trusted or untrusted","ruleId":"mark-callable-contracts","filePath":"Benchmarks/Study_SamplesSet/ef4048f9bb62bae6e6010b4c161bb819.sol"},{"line":78,"column":53,"severity":"Warning","message":"Rule is set with explicit type [var/s: uint]","ruleId":"explicit-types","filePath":"Benchmarks/Study_SamplesSet/ef4048f9bb62bae6e6010b4c161bb819.sol"},{"line":79,"column":9,"severity":"Warning","message":"Provide an error message for require","ruleId":"reason-string","fix":null,"filePath":"Benchmarks/Study_SamplesSet/ef4048f9bb62bae6e6010b4c161bb819.sol"},{"line":79,"column":9,"severity":"Warning","message":"Use Custom Errors instead of require statements","ruleId":"custom-errors","fix":null,"filePath":"Benchmarks/Study_SamplesSet/ef4048f9bb62bae6e6010b4c161bb819.sol"},{"line":80,"column":9,"severity":"Warning","message":"Provide an error message for require","ruleId":"reason-string","fix":null,"filePath":"Benchmarks/Study_SamplesSet/ef4048f9bb62bae6e6010b4c161bb819.sol"},{"line":80,"column":9,"severity":"Warning","message":"Use Custom Errors instead of require statements","ruleId":"custom-errors","fix":null,"filePath":"Benchmarks/Study_SamplesSet/ef4048f9bb62bae6e6010b4c161bb819.sol"},{"line":81,"column":9,"severity":"Warning","message":"Provide an error message for require","ruleId":"reason-string","fix":null,"filePath":"Benchmarks/Study_SamplesSet/ef4048f9bb62bae6e6010b4c161bb819.sol"},{"line":81,"column":9,"severity":"Warning","message":"Use Custom Errors instead of require statements","ruleId":"custom-errors","fix":null,"filePath":"Benchmarks/Study_SamplesSet/ef4048f9bb62bae6e6010b4c161bb819.sol"},{"line":85,"column":9,"severity":"Error","message":"Explicitly mark all external contracts as trusted or untrusted","ruleId":"mark-callable-contracts","filePath":"Benchmarks/Study_SamplesSet/ef4048f9bb62bae6e6010b4c161bb819.sol"},{"line":90,"column":13,"severity":"Warning","message":"Provide an error message for require","ruleId":"reason-string","fix":null,"filePath":"Benchmarks/Study_SamplesSet/ef4048f9bb62bae6e6010b4c161bb819.sol"},{"line":90,"column":13,"severity":"Warning","message":"Use Custom Errors instead of require statements","ruleId":"custom-errors","fix":null,"filePath":"Benchmarks/Study_SamplesSet/ef4048f9bb62bae6e6010b4c161bb819.sol"},{"line":94,"column":22,"severity":"Warning","message":"Rule is set with explicit type [var/s: uint]","ruleId":"explicit-types","filePath":"Benchmarks/Study_SamplesSet/ef4048f9bb62bae6e6010b4c161bb819.sol"},{"line":95,"column":9,"severity":"Warning","message":"Provide an error message for require","ruleId":"reason-string","fix":null,"filePath":"Benchmarks/Study_SamplesSet/ef4048f9bb62bae6e6010b4c161bb819.sol"},{"line":95,"column":9,"severity":"Warning","message":"Use Custom Errors instead of require statements","ruleId":"custom-errors","fix":null,"filePath":"Benchmarks/Study_SamplesSet/ef4048f9bb62bae6e6010b4c161bb819.sol"},{"line":101,"column":34,"severity":"Warning","message":"Rule is set with explicit type [var/s: uint]","ruleId":"explicit-types","filePath":"Benchmarks/Study_SamplesSet/ef4048f9bb62bae6e6010b4c161bb819.sol"},{"line":102,"column":9,"severity":"Warning","message":"Provide an error message for require","ruleId":"reason-string","fix":null,"filePath":"Benchmarks/Study_SamplesSet/ef4048f9bb62bae6e6010b4c161bb819.sol"},{"line":102,"column":9,"severity":"Warning","message":"Use Custom Errors instead of require statements","ruleId":"custom-errors","fix":null,"filePath":"Benchmarks/Study_SamplesSet/ef4048f9bb62bae6e6010b4c161bb819.sol"},{"line":106,"column":34,"severity":"Warning","message":"Rule is set with explicit type [var/s: uint]","ruleId":"explicit-types","filePath":"Benchmarks/Study_SamplesSet/ef4048f9bb62bae6e6010b4c161bb819.sol"},{"line":107,"column":9,"severity":"Warning","message":"Provide an error message for require","ruleId":"reason-string","fix":null,"filePath":"Benchmarks/Study_SamplesSet/ef4048f9bb62bae6e6010b4c161bb819.sol"},{"line":107,"column":9,"severity":"Warning","message":"Use Custom Errors instead of require statements","ruleId":"custom-errors","fix":null,"filePath":"Benchmarks/Study_SamplesSet/ef4048f9bb62bae6e6010b4c161bb819.sol"},{"line":111,"column":5,"severity":"Warning","message":"Function name must be in mixedCase","ruleId":"func-name-mixedcase","fix":null,"filePath":"Benchmarks/Study_SamplesSet/ef4048f9bb62bae6e6010b4c161bb819.sol"},{"line":115,"column":5,"severity":"Warning","message":"Function name must be in mixedCase","ruleId":"func-name-mixedcase","fix":null,"filePath":"Benchmarks/Study_SamplesSet/ef4048f9bb62bae6e6010b4c161bb819.sol"},{"line":115,"column":24,"severity":"Warning","message":"Rule is set with explicit type [var/s: uint]","ruleId":"explicit-types","filePath":"Benchmarks/Study_SamplesSet/ef4048f9bb62bae6e6010b4c161bb819.sol"},{"line":116,"column":9,"severity":"Warning","message":"Provide an error message for require","ruleId":"reason-string","fix":null,"filePath":"Benchmarks/Study_SamplesSet/ef4048f9bb62bae6e6010b4c161bb819.sol"},{"line":116,"column":9,"severity":"Warning","message":"Use Custom Errors instead of require statements","ruleId":"custom-errors","fix":null,"filePath":"Benchmarks/Study_SamplesSet/ef4048f9bb62bae6e6010b4c161bb819.sol"},{"line":116,"column":17,"severity":"Error","message":"Explicitly mark all external contracts as trusted or untrusted","ruleId":"mark-callable-contracts","filePath":"Benchmarks/Study_SamplesSet/ef4048f9bb62bae6e6010b4c161bb819.sol"},{"line":120,"column":13,"severity":"Warning","message":"Provide an error message for require","ruleId":"reason-string","fix":null,"filePath":"Benchmarks/Study_SamplesSet/ef4048f9bb62bae6e6010b4c161bb819.sol"},{"line":120,"column":13,"severity":"Warning","message":"Use Custom Errors instead of require statements","ruleId":"custom-errors","fix":null,"filePath":"Benchmarks/Study_SamplesSet/ef4048f9bb62bae6e6010b4c161bb819.sol"},{"line":121,"column":13,"severity":"Warning","message":"Provide an error message for require","ruleId":"reason-string","fix":null,"filePath":"Benchmarks/Study_SamplesSet/ef4048f9bb62bae6e6010b4c161bb819.sol"},{"line":121,"column":13,"severity":"Warning","message":"Use Custom Errors instead of require statements","ruleId":"custom-errors","fix":null,"filePath":"Benchmarks/Study_SamplesSet/ef4048f9bb62bae6e6010b4c161bb819.sol"},{"line":124,"column":13,"severity":"Error","message":"Explicitly mark all external contracts as trusted or untrusted","ruleId":"mark-callable-contracts","filePath":"Benchmarks/Study_SamplesSet/ef4048f9bb62bae6e6010b4c161bb819.sol"},{"line":128,"column":54,"severity":"Warning","message":"Rule is set with explicit type [var/s: uint]","ruleId":"explicit-types","filePath":"Benchmarks/Study_SamplesSet/ef4048f9bb62bae6e6010b4c161bb819.sol"},{"line":129,"column":68,"severity":"Warning","message":"Rule is set with explicit type [var/s: uint]","ruleId":"explicit-types","filePath":"Benchmarks/Study_SamplesSet/ef4048f9bb62bae6e6010b4c161bb819.sol"},{"conclusion":"69 problem/s (7 error/s, 62 warning/s)"}]
