[{"line":5,"column":1,"severity":"Warning","message":"Found more than One contract per file. 3 contracts found!","ruleId":"one-contract-per-file","fix":null,"filePath":"Benchmarks/Study_SamplesSet/efd7ece9d97357eee3ee7bd746b1c858.sol"},{"line":5,"column":1,"severity":"Error","message":"Compiler version >=0.5.11 does not satisfy the ^0.8.0 semver requirement","ruleId":"compiler-version","fix":null,"filePath":"Benchmarks/Study_SamplesSet/efd7ece9d97357eee3ee7bd746b1c858.sol"},{"line":49,"column":9,"severity":"Warning","message":"Use Custom Errors instead of require statements","ruleId":"custom-errors","fix":null,"filePath":"Benchmarks/Study_SamplesSet/efd7ece9d97357eee3ee7bd746b1c858.sol"},{"line":64,"column":9,"severity":"Warning","message":"Use Custom Errors instead of require statements","ruleId":"custom-errors","fix":null,"filePath":"Benchmarks/Study_SamplesSet/efd7ece9d97357eee3ee7bd746b1c858.sol"},{"line":88,"column":9,"severity":"Warning","message":"Error message for require is too long: 33 counted / 32 allowed","ruleId":"reason-string","fix":null,"filePath":"Benchmarks/Study_SamplesSet/efd7ece9d97357eee3ee7bd746b1c858.sol"},{"line":88,"column":9,"severity":"Warning","message":"Use Custom Errors instead of require statements","ruleId":"custom-errors","fix":null,"filePath":"Benchmarks/Study_SamplesSet/efd7ece9d97357eee3ee7bd746b1c858.sol"},{"line":106,"column":9,"severity":"Warning","message":"Use Custom Errors instead of require statements","ruleId":"custom-errors","fix":null,"filePath":"Benchmarks/Study_SamplesSet/efd7ece9d97357eee3ee7bd746b1c858.sol"},{"line":125,"column":9,"severity":"Warning","message":"Use Custom Errors instead of require statements","ruleId":"custom-errors","fix":null,"filePath":"Benchmarks/Study_SamplesSet/efd7ece9d97357eee3ee7bd746b1c858.sol"},{"line":135,"column":1,"severity":"Warning","message":"Contract, Structs and Enums should be in CamelCase","ruleId":"contract-name-camelcase","filePath":"Benchmarks/Study_SamplesSet/efd7ece9d97357eee3ee7bd746b1c858.sol"},{"line":140,"column":3,"severity":"Warning","message":"Function name must be in mixedCase","ruleId":"func-name-mixedcase","fix":null,"filePath":"Benchmarks/Study_SamplesSet/efd7ece9d97357eee3ee7bd746b1c858.sol"},{"line":140,"column":39,"severity":"Warning","message":"Visibility modifier must be first in list of modifiers","ruleId":"visibility-modifier-order","fix":null,"filePath":"Benchmarks/Study_SamplesSet/efd7ece9d97357eee3ee7bd746b1c858.sol"},{"line":147,"column":1,"severity":"Warning","message":"Function name must be in mixedCase","ruleId":"func-name-mixedcase","fix":null,"filePath":"Benchmarks/Study_SamplesSet/efd7ece9d97357eee3ee7bd746b1c858.sol"},{"line":147,"column":37,"severity":"Warning","message":"Visibility modifier must be first in list of modifiers","ruleId":"visibility-modifier-order","fix":null,"filePath":"Benchmarks/Study_SamplesSet/efd7ece9d97357eee3ee7bd746b1c858.sol"},{"line":151,"column":9,"severity":"Warning","message":"Provide an error message for require","ruleId":"reason-string","fix":null,"filePath":"Benchmarks/Study_SamplesSet/efd7ece9d97357eee3ee7bd746b1c858.sol"},{"line":151,"column":9,"severity":"Warning","message":"Use Custom Errors instead of require statements","ruleId":"custom-errors","fix":null,"filePath":"Benchmarks/Study_SamplesSet/efd7ece9d97357eee3ee7bd746b1c858.sol"},{"line":159,"column":1,"severity":"Warning","message":"Function name must be in mixedCase","ruleId":"func-name-mixedcase","fix":null,"filePath":"Benchmarks/Study_SamplesSet/efd7ece9d97357eee3ee7bd746b1c858.sol"},{"line":159,"column":37,"severity":"Warning","message":"Visibility modifier must be first in list of modifiers","ruleId":"visibility-modifier-order","fix":null,"filePath":"Benchmarks/Study_SamplesSet/efd7ece9d97357eee3ee7bd746b1c858.sol"},{"line":164,"column":9,"severity":"Warning","message":"Provide an error message for require","ruleId":"reason-string","fix":null,"filePath":"Benchmarks/Study_SamplesSet/efd7ece9d97357eee3ee7bd746b1c858.sol"},{"line":164,"column":9,"severity":"Warning","message":"Use Custom Errors instead of require statements","ruleId":"custom-errors","fix":null,"filePath":"Benchmarks/Study_SamplesSet/efd7ece9d97357eee3ee7bd746b1c858.sol"},{"line":165,"column":35,"severity":"Error","message":"Avoid making time-based decisions in your business logic","ruleId":"not-rely-on-time","fix":null,"filePath":"Benchmarks/Study_SamplesSet/efd7ece9d97357eee3ee7bd746b1c858.sol"},{"line":169,"column":1,"severity":"Warning","message":"Function name must be in mixedCase","ruleId":"func-name-mixedcase","fix":null,"filePath":"Benchmarks/Study_SamplesSet/efd7ece9d97357eee3ee7bd746b1c858.sol"},{"line":169,"column":37,"severity":"Warning","message":"Visibility modifier must be first in list of modifiers","ruleId":"visibility-modifier-order","fix":null,"filePath":"Benchmarks/Study_SamplesSet/efd7ece9d97357eee3ee7bd746b1c858.sol"},{"line":184,"column":1,"severity":"Warning","message":"Function name must be in mixedCase","ruleId":"func-name-mixedcase","fix":null,"filePath":"Benchmarks/Study_SamplesSet/efd7ece9d97357eee3ee7bd746b1c858.sol"},{"line":184,"column":37,"severity":"Warning","message":"Visibility modifier must be first in list of modifiers","ruleId":"visibility-modifier-order","fix":null,"filePath":"Benchmarks/Study_SamplesSet/efd7ece9d97357eee3ee7bd746b1c858.sol"},{"line":187,"column":1,"severity":"Warning","message":"Function name must be in mixedCase","ruleId":"func-name-mixedcase","fix":null,"filePath":"Benchmarks/Study_SamplesSet/efd7ece9d97357eee3ee7bd746b1c858.sol"},{"line":187,"column":37,"severity":"Warning","message":"Visibility modifier must be first in list of modifiers","ruleId":"visibility-modifier-order","fix":null,"filePath":"Benchmarks/Study_SamplesSet/efd7ece9d97357eee3ee7bd746b1c858.sol"},{"line":190,"column":1,"severity":"Warning","message":"Function name must be in mixedCase","ruleId":"func-name-mixedcase","fix":null,"filePath":"Benchmarks/Study_SamplesSet/efd7ece9d97357eee3ee7bd746b1c858.sol"},{"line":190,"column":36,"severity":"Warning","message":"Visibility modifier must be first in list of modifiers","ruleId":"visibility-modifier-order","fix":null,"filePath":"Benchmarks/Study_SamplesSet/efd7ece9d97357eee3ee7bd746b1c858.sol"},{"line":192,"column":3,"severity":"Warning","message":"Rule is set with explicit type [var/s: uint]","ruleId":"explicit-types","filePath":"Benchmarks/Study_SamplesSet/efd7ece9d97357eee3ee7bd746b1c858.sol"},{"line":194,"column":1,"severity":"Warning","message":"Function name must be in mixedCase","ruleId":"func-name-mixedcase","fix":null,"filePath":"Benchmarks/Study_SamplesSet/efd7ece9d97357eee3ee7bd746b1c858.sol"},{"line":194,"column":37,"severity":"Warning","message":"Visibility modifier must be first in list of modifiers","ruleId":"visibility-modifier-order","fix":null,"filePath":"Benchmarks/Study_SamplesSet/efd7ece9d97357eee3ee7bd746b1c858.sol"},{"line":196,"column":3,"severity":"Warning","message":"Rule is set with explicit type [var/s: uint]","ruleId":"explicit-types","filePath":"Benchmarks/Study_SamplesSet/efd7ece9d97357eee3ee7bd746b1c858.sol"},{"line":197,"column":1,"severity":"Warning","message":"Function name must be in mixedCase","ruleId":"func-name-mixedcase","fix":null,"filePath":"Benchmarks/Study_SamplesSet/efd7ece9d97357eee3ee7bd746b1c858.sol"},{"line":197,"column":37,"severity":"Warning","message":"Visibility modifier must be first in list of modifiers","ruleId":"visibility-modifier-order","fix":null,"filePath":"Benchmarks/Study_SamplesSet/efd7ece9d97357eee3ee7bd746b1c858.sol"},{"line":200,"column":1,"severity":"Warning","message":"Function name must be in mixedCase","ruleId":"func-name-mixedcase","fix":null,"filePath":"Benchmarks/Study_SamplesSet/efd7ece9d97357eee3ee7bd746b1c858.sol"},{"line":200,"column":36,"severity":"Warning","message":"Visibility modifier must be first in list of modifiers","ruleId":"visibility-modifier-order","fix":null,"filePath":"Benchmarks/Study_SamplesSet/efd7ece9d97357eee3ee7bd746b1c858.sol"},{"line":202,"column":3,"severity":"Warning","message":"Rule is set with explicit type [var/s: uint]","ruleId":"explicit-types","filePath":"Benchmarks/Study_SamplesSet/efd7ece9d97357eee3ee7bd746b1c858.sol"},{"line":204,"column":1,"severity":"Warning","message":"Function name must be in mixedCase","ruleId":"func-name-mixedcase","fix":null,"filePath":"Benchmarks/Study_SamplesSet/efd7ece9d97357eee3ee7bd746b1c858.sol"},{"line":204,"column":37,"severity":"Warning","message":"Visibility modifier must be first in list of modifiers","ruleId":"visibility-modifier-order","fix":null,"filePath":"Benchmarks/Study_SamplesSet/efd7ece9d97357eee3ee7bd746b1c858.sol"},{"line":206,"column":50,"severity":"Warning","message":"Rule is set with explicit type [var/s: uint]","ruleId":"explicit-types","filePath":"Benchmarks/Study_SamplesSet/efd7ece9d97357eee3ee7bd746b1c858.sol"},{"line":206,"column":85,"severity":"Warning","message":"Rule is set with explicit type [var/s: uint]","ruleId":"explicit-types","filePath":"Benchmarks/Study_SamplesSet/efd7ece9d97357eee3ee7bd746b1c858.sol"},{"line":206,"column":102,"severity":"Warning","message":"Rule is set with explicit type [var/s: uint]","ruleId":"explicit-types","filePath":"Benchmarks/Study_SamplesSet/efd7ece9d97357eee3ee7bd746b1c858.sol"},{"line":206,"column":116,"severity":"Warning","message":"Rule is set with explicit type [var/s: uint]","ruleId":"explicit-types","filePath":"Benchmarks/Study_SamplesSet/efd7ece9d97357eee3ee7bd746b1c858.sol"},{"line":207,"column":1,"severity":"Warning","message":"Function name must be in mixedCase","ruleId":"func-name-mixedcase","fix":null,"filePath":"Benchmarks/Study_SamplesSet/efd7ece9d97357eee3ee7bd746b1c858.sol"},{"line":207,"column":37,"severity":"Warning","message":"Visibility modifier must be first in list of modifiers","ruleId":"visibility-modifier-order","fix":null,"filePath":"Benchmarks/Study_SamplesSet/efd7ece9d97357eee3ee7bd746b1c858.sol"},{"line":209,"column":51,"severity":"Warning","message":"Rule is set with explicit type [var/s: uint]","ruleId":"explicit-types","filePath":"Benchmarks/Study_SamplesSet/efd7ece9d97357eee3ee7bd746b1c858.sol"},{"line":209,"column":86,"severity":"Warning","message":"Rule is set with explicit type [var/s: uint]","ruleId":"explicit-types","filePath":"Benchmarks/Study_SamplesSet/efd7ece9d97357eee3ee7bd746b1c858.sol"},{"line":209,"column":103,"severity":"Warning","message":"Rule is set with explicit type [var/s: uint]","ruleId":"explicit-types","filePath":"Benchmarks/Study_SamplesSet/efd7ece9d97357eee3ee7bd746b1c858.sol"},{"line":209,"column":117,"severity":"Warning","message":"Rule is set with explicit type [var/s: uint]","ruleId":"explicit-types","filePath":"Benchmarks/Study_SamplesSet/efd7ece9d97357eee3ee7bd746b1c858.sol"},{"line":210,"column":1,"severity":"Warning","message":"Function name must be in mixedCase","ruleId":"func-name-mixedcase","fix":null,"filePath":"Benchmarks/Study_SamplesSet/efd7ece9d97357eee3ee7bd746b1c858.sol"},{"line":210,"column":36,"severity":"Warning","message":"Visibility modifier must be first in list of modifiers","ruleId":"visibility-modifier-order","fix":null,"filePath":"Benchmarks/Study_SamplesSet/efd7ece9d97357eee3ee7bd746b1c858.sol"},{"line":212,"column":50,"severity":"Warning","message":"Rule is set with explicit type [var/s: uint]","ruleId":"explicit-types","filePath":"Benchmarks/Study_SamplesSet/efd7ece9d97357eee3ee7bd746b1c858.sol"},{"line":212,"column":85,"severity":"Warning","message":"Rule is set with explicit type [var/s: uint]","ruleId":"explicit-types","filePath":"Benchmarks/Study_SamplesSet/efd7ece9d97357eee3ee7bd746b1c858.sol"},{"line":213,"column":1,"severity":"Warning","message":"Function name must be in mixedCase","ruleId":"func-name-mixedcase","fix":null,"filePath":"Benchmarks/Study_SamplesSet/efd7ece9d97357eee3ee7bd746b1c858.sol"},{"line":213,"column":37,"severity":"Warning","message":"Visibility modifier must be first in list of modifiers","ruleId":"visibility-modifier-order","fix":null,"filePath":"Benchmarks/Study_SamplesSet/efd7ece9d97357eee3ee7bd746b1c858.sol"},{"line":215,"column":63,"severity":"Warning","message":"Rule is set with explicit type [var/s: uint]","ruleId":"explicit-types","filePath":"Benchmarks/Study_SamplesSet/efd7ece9d97357eee3ee7bd746b1c858.sol"},{"line":215,"column":76,"severity":"Warning","message":"Rule is set with explicit type [var/s: uint]","ruleId":"explicit-types","filePath":"Benchmarks/Study_SamplesSet/efd7ece9d97357eee3ee7bd746b1c858.sol"},{"line":216,"column":1,"severity":"Warning","message":"Function name must be in mixedCase","ruleId":"func-name-mixedcase","fix":null,"filePath":"Benchmarks/Study_SamplesSet/efd7ece9d97357eee3ee7bd746b1c858.sol"},{"line":216,"column":37,"severity":"Warning","message":"Visibility modifier must be first in list of modifiers","ruleId":"visibility-modifier-order","fix":null,"filePath":"Benchmarks/Study_SamplesSet/efd7ece9d97357eee3ee7bd746b1c858.sol"},{"line":218,"column":64,"severity":"Warning","message":"Rule is set with explicit type [var/s: uint]","ruleId":"explicit-types","filePath":"Benchmarks/Study_SamplesSet/efd7ece9d97357eee3ee7bd746b1c858.sol"},{"line":218,"column":77,"severity":"Warning","message":"Rule is set with explicit type [var/s: uint]","ruleId":"explicit-types","filePath":"Benchmarks/Study_SamplesSet/efd7ece9d97357eee3ee7bd746b1c858.sol"},{"line":219,"column":1,"severity":"Warning","message":"Function name must be in mixedCase","ruleId":"func-name-mixedcase","fix":null,"filePath":"Benchmarks/Study_SamplesSet/efd7ece9d97357eee3ee7bd746b1c858.sol"},{"line":219,"column":37,"severity":"Warning","message":"Visibility modifier must be first in list of modifiers","ruleId":"visibility-modifier-order","fix":null,"filePath":"Benchmarks/Study_SamplesSet/efd7ece9d97357eee3ee7bd746b1c858.sol"},{"line":228,"column":1,"severity":"Warning","message":"Function name must be in mixedCase","ruleId":"func-name-mixedcase","fix":null,"filePath":"Benchmarks/Study_SamplesSet/efd7ece9d97357eee3ee7bd746b1c858.sol"},{"line":228,"column":37,"severity":"Warning","message":"Visibility modifier must be first in list of modifiers","ruleId":"visibility-modifier-order","fix":null,"filePath":"Benchmarks/Study_SamplesSet/efd7ece9d97357eee3ee7bd746b1c858.sol"},{"line":231,"column":48,"severity":"Warning","message":"Visibility modifier must be first in list of modifiers","ruleId":"visibility-modifier-order","fix":null,"filePath":"Benchmarks/Study_SamplesSet/efd7ece9d97357eee3ee7bd746b1c858.sol"},{"line":242,"column":1,"severity":"Warning","message":"Function name must be in mixedCase","ruleId":"func-name-mixedcase","fix":null,"filePath":"Benchmarks/Study_SamplesSet/efd7ece9d97357eee3ee7bd746b1c858.sol"},{"line":242,"column":37,"severity":"Warning","message":"Visibility modifier must be first in list of modifiers","ruleId":"visibility-modifier-order","fix":null,"filePath":"Benchmarks/Study_SamplesSet/efd7ece9d97357eee3ee7bd746b1c858.sol"},{"line":246,"column":34,"severity":"Warning","message":"Variable name must be in mixedCase","ruleId":"var-name-mixedcase","fix":null,"filePath":"Benchmarks/Study_SamplesSet/efd7ece9d97357eee3ee7bd746b1c858.sol"},{"line":249,"column":9,"severity":"Warning","message":"Provide an error message for require","ruleId":"reason-string","fix":null,"filePath":"Benchmarks/Study_SamplesSet/efd7ece9d97357eee3ee7bd746b1c858.sol"},{"line":249,"column":9,"severity":"Warning","message":"Use Custom Errors instead of require statements","ruleId":"custom-errors","fix":null,"filePath":"Benchmarks/Study_SamplesSet/efd7ece9d97357eee3ee7bd746b1c858.sol"},{"line":253,"column":1,"severity":"Warning","message":"Function name must be in mixedCase","ruleId":"func-name-mixedcase","fix":null,"filePath":"Benchmarks/Study_SamplesSet/efd7ece9d97357eee3ee7bd746b1c858.sol"},{"line":253,"column":37,"severity":"Warning","message":"Visibility modifier must be first in list of modifiers","ruleId":"visibility-modifier-order","fix":null,"filePath":"Benchmarks/Study_SamplesSet/efd7ece9d97357eee3ee7bd746b1c858.sol"},{"line":266,"column":1,"severity":"Warning","message":"Function name must be in mixedCase","ruleId":"func-name-mixedcase","fix":null,"filePath":"Benchmarks/Study_SamplesSet/efd7ece9d97357eee3ee7bd746b1c858.sol"},{"line":266,"column":37,"severity":"Warning","message":"Visibility modifier must be first in list of modifiers","ruleId":"visibility-modifier-order","fix":null,"filePath":"Benchmarks/Study_SamplesSet/efd7ece9d97357eee3ee7bd746b1c858.sol"},{"line":269,"column":29,"severity":"Warning","message":"Rule is set with explicit type [var/s: uint]","ruleId":"explicit-types","filePath":"Benchmarks/Study_SamplesSet/efd7ece9d97357eee3ee7bd746b1c858.sol"},{"line":273,"column":1,"severity":"Warning","message":"Function name must be in mixedCase","ruleId":"func-name-mixedcase","fix":null,"filePath":"Benchmarks/Study_SamplesSet/efd7ece9d97357eee3ee7bd746b1c858.sol"},{"line":273,"column":36,"severity":"Warning","message":"Visibility modifier must be first in list of modifiers","ruleId":"visibility-modifier-order","fix":null,"filePath":"Benchmarks/Study_SamplesSet/efd7ece9d97357eee3ee7bd746b1c858.sol"},{"line":280,"column":1,"severity":"Warning","message":"Function name must be in mixedCase","ruleId":"func-name-mixedcase","fix":null,"filePath":"Benchmarks/Study_SamplesSet/efd7ece9d97357eee3ee7bd746b1c858.sol"},{"line":280,"column":36,"severity":"Warning","message":"Visibility modifier must be first in list of modifiers","ruleId":"visibility-modifier-order","fix":null,"filePath":"Benchmarks/Study_SamplesSet/efd7ece9d97357eee3ee7bd746b1c858.sol"},{"line":285,"column":7,"severity":"Warning","message":"Use Custom Errors instead of require statements","ruleId":"custom-errors","fix":null,"filePath":"Benchmarks/Study_SamplesSet/efd7ece9d97357eee3ee7bd746b1c858.sol"},{"line":285,"column":28,"severity":"Error","message":"Use double quotes for string literals","ruleId":"quotes","filePath":"Benchmarks/Study_SamplesSet/efd7ece9d97357eee3ee7bd746b1c858.sol"},{"line":294,"column":1,"severity":"Warning","message":"Function name must be in mixedCase","ruleId":"func-name-mixedcase","fix":null,"filePath":"Benchmarks/Study_SamplesSet/efd7ece9d97357eee3ee7bd746b1c858.sol"},{"line":294,"column":37,"severity":"Warning","message":"Visibility modifier must be first in list of modifiers","ruleId":"visibility-modifier-order","fix":null,"filePath":"Benchmarks/Study_SamplesSet/efd7ece9d97357eee3ee7bd746b1c858.sol"},{"line":299,"column":18,"severity":"Error","message":"Avoid making time-based decisions in your business logic","ruleId":"not-rely-on-time","fix":null,"filePath":"Benchmarks/Study_SamplesSet/efd7ece9d97357eee3ee7bd746b1c858.sol"},{"line":301,"column":1,"severity":"Warning","message":"Function name must be in mixedCase","ruleId":"func-name-mixedcase","fix":null,"filePath":"Benchmarks/Study_SamplesSet/efd7ece9d97357eee3ee7bd746b1c858.sol"},{"line":301,"column":36,"severity":"Warning","message":"Visibility modifier must be first in list of modifiers","ruleId":"visibility-modifier-order","fix":null,"filePath":"Benchmarks/Study_SamplesSet/efd7ece9d97357eee3ee7bd746b1c858.sol"},{"line":304,"column":21,"severity":"Warning","message":"Rule is set with explicit type [var/s: uint]","ruleId":"explicit-types","filePath":"Benchmarks/Study_SamplesSet/efd7ece9d97357eee3ee7bd746b1c858.sol"},{"line":305,"column":5,"severity":"Warning","message":"Use Custom Errors instead of require statements","ruleId":"custom-errors","fix":null,"filePath":"Benchmarks/Study_SamplesSet/efd7ece9d97357eee3ee7bd746b1c858.sol"},{"line":306,"column":5,"severity":"Warning","message":"Provide an error message for require","ruleId":"reason-string","fix":null,"filePath":"Benchmarks/Study_SamplesSet/efd7ece9d97357eee3ee7bd746b1c858.sol"},{"line":306,"column":5,"severity":"Warning","message":"Use Custom Errors instead of require statements","ruleId":"custom-errors","fix":null,"filePath":"Benchmarks/Study_SamplesSet/efd7ece9d97357eee3ee7bd746b1c858.sol"},{"line":309,"column":19,"severity":"Error","message":"Avoid making time-based decisions in your business logic","ruleId":"not-rely-on-time","fix":null,"filePath":"Benchmarks/Study_SamplesSet/efd7ece9d97357eee3ee7bd746b1c858.sol"},{"line":311,"column":1,"severity":"Warning","message":"Function name must be in mixedCase","ruleId":"func-name-mixedcase","fix":null,"filePath":"Benchmarks/Study_SamplesSet/efd7ece9d97357eee3ee7bd746b1c858.sol"},{"line":311,"column":36,"severity":"Warning","message":"Visibility modifier must be first in list of modifiers","ruleId":"visibility-modifier-order","fix":null,"filePath":"Benchmarks/Study_SamplesSet/efd7ece9d97357eee3ee7bd746b1c858.sol"},{"line":314,"column":40,"severity":"Warning","message":"Rule is set with explicit type [var/s: uint]","ruleId":"explicit-types","filePath":"Benchmarks/Study_SamplesSet/efd7ece9d97357eee3ee7bd746b1c858.sol"},{"line":316,"column":5,"severity":"Warning","message":"Provide an error message for require","ruleId":"reason-string","fix":null,"filePath":"Benchmarks/Study_SamplesSet/efd7ece9d97357eee3ee7bd746b1c858.sol"},{"line":316,"column":5,"severity":"Warning","message":"Use Custom Errors instead of require statements","ruleId":"custom-errors","fix":null,"filePath":"Benchmarks/Study_SamplesSet/efd7ece9d97357eee3ee7bd746b1c858.sol"},{"line":317,"column":5,"severity":"Warning","message":"Provide an error message for require","ruleId":"reason-string","fix":null,"filePath":"Benchmarks/Study_SamplesSet/efd7ece9d97357eee3ee7bd746b1c858.sol"},{"line":317,"column":5,"severity":"Warning","message":"Use Custom Errors instead of require statements","ruleId":"custom-errors","fix":null,"filePath":"Benchmarks/Study_SamplesSet/efd7ece9d97357eee3ee7bd746b1c858.sol"},{"line":317,"column":13,"severity":"Error","message":"Explicitly mark all external contracts as trusted or untrusted","ruleId":"mark-callable-contracts","filePath":"Benchmarks/Study_SamplesSet/efd7ece9d97357eee3ee7bd746b1c858.sol"},{"line":319,"column":18,"severity":"Error","message":"Avoid making time-based decisions in your business logic","ruleId":"not-rely-on-time","fix":null,"filePath":"Benchmarks/Study_SamplesSet/efd7ece9d97357eee3ee7bd746b1c858.sol"},{"line":321,"column":1,"severity":"Warning","message":"Function name must be in mixedCase","ruleId":"func-name-mixedcase","fix":null,"filePath":"Benchmarks/Study_SamplesSet/efd7ece9d97357eee3ee7bd746b1c858.sol"},{"line":321,"column":37,"severity":"Warning","message":"Visibility modifier must be first in list of modifiers","ruleId":"visibility-modifier-order","fix":null,"filePath":"Benchmarks/Study_SamplesSet/efd7ece9d97357eee3ee7bd746b1c858.sol"},{"line":324,"column":41,"severity":"Warning","message":"Rule is set with explicit type [var/s: uint]","ruleId":"explicit-types","filePath":"Benchmarks/Study_SamplesSet/efd7ece9d97357eee3ee7bd746b1c858.sol"},{"line":325,"column":5,"severity":"Warning","message":"Use Custom Errors instead of require statements","ruleId":"custom-errors","fix":null,"filePath":"Benchmarks/Study_SamplesSet/efd7ece9d97357eee3ee7bd746b1c858.sol"},{"line":326,"column":5,"severity":"Warning","message":"Provide an error message for require","ruleId":"reason-string","fix":null,"filePath":"Benchmarks/Study_SamplesSet/efd7ece9d97357eee3ee7bd746b1c858.sol"},{"line":326,"column":5,"severity":"Warning","message":"Use Custom Errors instead of require statements","ruleId":"custom-errors","fix":null,"filePath":"Benchmarks/Study_SamplesSet/efd7ece9d97357eee3ee7bd746b1c858.sol"},{"line":327,"column":5,"severity":"Warning","message":"Provide an error message for require","ruleId":"reason-string","fix":null,"filePath":"Benchmarks/Study_SamplesSet/efd7ece9d97357eee3ee7bd746b1c858.sol"},{"line":327,"column":5,"severity":"Warning","message":"Use Custom Errors instead of require statements","ruleId":"custom-errors","fix":null,"filePath":"Benchmarks/Study_SamplesSet/efd7ece9d97357eee3ee7bd746b1c858.sol"},{"line":329,"column":4,"severity":"Error","message":"Explicitly mark all external contracts as trusted or untrusted","ruleId":"mark-callable-contracts","filePath":"Benchmarks/Study_SamplesSet/efd7ece9d97357eee3ee7bd746b1c858.sol"},{"line":330,"column":19,"severity":"Error","message":"Avoid making time-based decisions in your business logic","ruleId":"not-rely-on-time","fix":null,"filePath":"Benchmarks/Study_SamplesSet/efd7ece9d97357eee3ee7bd746b1c858.sol"},{"line":332,"column":1,"severity":"Warning","message":"Function name must be in mixedCase","ruleId":"func-name-mixedcase","fix":null,"filePath":"Benchmarks/Study_SamplesSet/efd7ece9d97357eee3ee7bd746b1c858.sol"},{"line":332,"column":37,"severity":"Warning","message":"Visibility modifier must be first in list of modifiers","ruleId":"visibility-modifier-order","fix":null,"filePath":"Benchmarks/Study_SamplesSet/efd7ece9d97357eee3ee7bd746b1c858.sol"},{"line":335,"column":72,"severity":"Warning","message":"Rule is set with explicit type [var/s: uint]","ruleId":"explicit-types","filePath":"Benchmarks/Study_SamplesSet/efd7ece9d97357eee3ee7bd746b1c858.sol"},{"line":338,"column":1,"severity":"Warning","message":"Function name must be in mixedCase","ruleId":"func-name-mixedcase","fix":null,"filePath":"Benchmarks/Study_SamplesSet/efd7ece9d97357eee3ee7bd746b1c858.sol"},{"line":338,"column":37,"severity":"Warning","message":"Visibility modifier must be first in list of modifiers","ruleId":"visibility-modifier-order","fix":null,"filePath":"Benchmarks/Study_SamplesSet/efd7ece9d97357eee3ee7bd746b1c858.sol"},{"line":341,"column":36,"severity":"Warning","message":"Rule is set with explicit type [var/s: uint]","ruleId":"explicit-types","filePath":"Benchmarks/Study_SamplesSet/efd7ece9d97357eee3ee7bd746b1c858.sol"},{"line":341,"column":71,"severity":"Warning","message":"Rule is set with explicit type [var/s: uint]","ruleId":"explicit-types","filePath":"Benchmarks/Study_SamplesSet/efd7ece9d97357eee3ee7bd746b1c858.sol"},{"line":341,"column":88,"severity":"Warning","message":"Rule is set with explicit type [var/s: uint]","ruleId":"explicit-types","filePath":"Benchmarks/Study_SamplesSet/efd7ece9d97357eee3ee7bd746b1c858.sol"},{"line":341,"column":102,"severity":"Warning","message":"Rule is set with explicit type [var/s: uint]","ruleId":"explicit-types","filePath":"Benchmarks/Study_SamplesSet/efd7ece9d97357eee3ee7bd746b1c858.sol"},{"line":344,"column":16,"severity":"Error","message":"Avoid making time-based decisions in your business logic","ruleId":"not-rely-on-time","fix":null,"filePath":"Benchmarks/Study_SamplesSet/efd7ece9d97357eee3ee7bd746b1c858.sol"},{"line":346,"column":1,"severity":"Warning","message":"Function name must be in mixedCase","ruleId":"func-name-mixedcase","fix":null,"filePath":"Benchmarks/Study_SamplesSet/efd7ece9d97357eee3ee7bd746b1c858.sol"},{"line":346,"column":37,"severity":"Warning","message":"Visibility modifier must be first in list of modifiers","ruleId":"visibility-modifier-order","fix":null,"filePath":"Benchmarks/Study_SamplesSet/efd7ece9d97357eee3ee7bd746b1c858.sol"},{"line":349,"column":36,"severity":"Warning","message":"Rule is set with explicit type [var/s: uint]","ruleId":"explicit-types","filePath":"Benchmarks/Study_SamplesSet/efd7ece9d97357eee3ee7bd746b1c858.sol"},{"line":349,"column":71,"severity":"Warning","message":"Rule is set with explicit type [var/s: uint]","ruleId":"explicit-types","filePath":"Benchmarks/Study_SamplesSet/efd7ece9d97357eee3ee7bd746b1c858.sol"},{"line":349,"column":88,"severity":"Warning","message":"Rule is set with explicit type [var/s: uint]","ruleId":"explicit-types","filePath":"Benchmarks/Study_SamplesSet/efd7ece9d97357eee3ee7bd746b1c858.sol"},{"line":349,"column":102,"severity":"Warning","message":"Rule is set with explicit type [var/s: uint]","ruleId":"explicit-types","filePath":"Benchmarks/Study_SamplesSet/efd7ece9d97357eee3ee7bd746b1c858.sol"},{"line":349,"column":159,"severity":"Warning","message":"Rule is set with explicit type [var/s: uint]","ruleId":"explicit-types","filePath":"Benchmarks/Study_SamplesSet/efd7ece9d97357eee3ee7bd746b1c858.sol"},{"line":350,"column":5,"severity":"Warning","message":"Use Custom Errors instead of require statements","ruleId":"custom-errors","fix":null,"filePath":"Benchmarks/Study_SamplesSet/efd7ece9d97357eee3ee7bd746b1c858.sol"},{"line":353,"column":5,"severity":"Warning","message":"Provide an error message for require","ruleId":"reason-string","fix":null,"filePath":"Benchmarks/Study_SamplesSet/efd7ece9d97357eee3ee7bd746b1c858.sol"},{"line":353,"column":5,"severity":"Warning","message":"Use Custom Errors instead of require statements","ruleId":"custom-errors","fix":null,"filePath":"Benchmarks/Study_SamplesSet/efd7ece9d97357eee3ee7bd746b1c858.sol"},{"line":360,"column":16,"severity":"Error","message":"Avoid making time-based decisions in your business logic","ruleId":"not-rely-on-time","fix":null,"filePath":"Benchmarks/Study_SamplesSet/efd7ece9d97357eee3ee7bd746b1c858.sol"},{"line":363,"column":44,"severity":"Warning","message":"Rule is set with explicit type [var/s: uint]","ruleId":"explicit-types","filePath":"Benchmarks/Study_SamplesSet/efd7ece9d97357eee3ee7bd746b1c858.sol"},{"line":363,"column":79,"severity":"Warning","message":"Rule is set with explicit type [var/s: uint]","ruleId":"explicit-types","filePath":"Benchmarks/Study_SamplesSet/efd7ece9d97357eee3ee7bd746b1c858.sol"},{"line":363,"column":110,"severity":"Warning","message":"Rule is set with explicit type [var/s: uint]","ruleId":"explicit-types","filePath":"Benchmarks/Study_SamplesSet/efd7ece9d97357eee3ee7bd746b1c858.sol"},{"line":365,"column":5,"severity":"Warning","message":"Rule is set with explicit type [var/s: uint]","ruleId":"explicit-types","filePath":"Benchmarks/Study_SamplesSet/efd7ece9d97357eee3ee7bd746b1c858.sol"},{"line":373,"column":1,"severity":"Warning","message":"Function name must be in mixedCase","ruleId":"func-name-mixedcase","fix":null,"filePath":"Benchmarks/Study_SamplesSet/efd7ece9d97357eee3ee7bd746b1c858.sol"},{"line":373,"column":37,"severity":"Warning","message":"Visibility modifier must be first in list of modifiers","ruleId":"visibility-modifier-order","fix":null,"filePath":"Benchmarks/Study_SamplesSet/efd7ece9d97357eee3ee7bd746b1c858.sol"},{"line":376,"column":40,"severity":"Warning","message":"Rule is set with explicit type [var/s: uint]","ruleId":"explicit-types","filePath":"Benchmarks/Study_SamplesSet/efd7ece9d97357eee3ee7bd746b1c858.sol"},{"line":376,"column":75,"severity":"Warning","message":"Rule is set with explicit type [var/s: uint]","ruleId":"explicit-types","filePath":"Benchmarks/Study_SamplesSet/efd7ece9d97357eee3ee7bd746b1c858.sol"},{"line":376,"column":92,"severity":"Warning","message":"Rule is set with explicit type [var/s: uint]","ruleId":"explicit-types","filePath":"Benchmarks/Study_SamplesSet/efd7ece9d97357eee3ee7bd746b1c858.sol"},{"line":376,"column":106,"severity":"Warning","message":"Rule is set with explicit type [var/s: uint]","ruleId":"explicit-types","filePath":"Benchmarks/Study_SamplesSet/efd7ece9d97357eee3ee7bd746b1c858.sol"},{"line":376,"column":163,"severity":"Warning","message":"Rule is set with explicit type [var/s: uint]","ruleId":"explicit-types","filePath":"Benchmarks/Study_SamplesSet/efd7ece9d97357eee3ee7bd746b1c858.sol"},{"line":384,"column":1,"severity":"Warning","message":"Function name must be in mixedCase","ruleId":"func-name-mixedcase","fix":null,"filePath":"Benchmarks/Study_SamplesSet/efd7ece9d97357eee3ee7bd746b1c858.sol"},{"line":384,"column":36,"severity":"Warning","message":"Visibility modifier must be first in list of modifiers","ruleId":"visibility-modifier-order","fix":null,"filePath":"Benchmarks/Study_SamplesSet/efd7ece9d97357eee3ee7bd746b1c858.sol"},{"line":387,"column":46,"severity":"Warning","message":"Rule is set with explicit type [var/s: uint]","ruleId":"explicit-types","filePath":"Benchmarks/Study_SamplesSet/efd7ece9d97357eee3ee7bd746b1c858.sol"},{"line":387,"column":81,"severity":"Warning","message":"Rule is set with explicit type [var/s: uint]","ruleId":"explicit-types","filePath":"Benchmarks/Study_SamplesSet/efd7ece9d97357eee3ee7bd746b1c858.sol"},{"line":387,"column":98,"severity":"Warning","message":"Rule is set with explicit type [var/s: uint]","ruleId":"explicit-types","filePath":"Benchmarks/Study_SamplesSet/efd7ece9d97357eee3ee7bd746b1c858.sol"},{"line":387,"column":112,"severity":"Warning","message":"Rule is set with explicit type [var/s: uint]","ruleId":"explicit-types","filePath":"Benchmarks/Study_SamplesSet/efd7ece9d97357eee3ee7bd746b1c858.sol"},{"line":387,"column":189,"severity":"Warning","message":"Rule is set with explicit type [var/s: uint]","ruleId":"explicit-types","filePath":"Benchmarks/Study_SamplesSet/efd7ece9d97357eee3ee7bd746b1c858.sol"},{"line":389,"column":5,"severity":"Warning","message":"Rule is set with explicit type [var/s: uint]","ruleId":"explicit-types","filePath":"Benchmarks/Study_SamplesSet/efd7ece9d97357eee3ee7bd746b1c858.sol"},{"line":401,"column":43,"severity":"Warning","message":"Rule is set with explicit type [var/s: uint]","ruleId":"explicit-types","filePath":"Benchmarks/Study_SamplesSet/efd7ece9d97357eee3ee7bd746b1c858.sol"},{"line":401,"column":78,"severity":"Warning","message":"Rule is set with explicit type [var/s: uint]","ruleId":"explicit-types","filePath":"Benchmarks/Study_SamplesSet/efd7ece9d97357eee3ee7bd746b1c858.sol"},{"line":401,"column":95,"severity":"Warning","message":"Rule is set with explicit type [var/s: uint]","ruleId":"explicit-types","filePath":"Benchmarks/Study_SamplesSet/efd7ece9d97357eee3ee7bd746b1c858.sol"},{"line":401,"column":109,"severity":"Warning","message":"Rule is set with explicit type [var/s: uint]","ruleId":"explicit-types","filePath":"Benchmarks/Study_SamplesSet/efd7ece9d97357eee3ee7bd746b1c858.sol"},{"line":401,"column":155,"severity":"Warning","message":"Rule is set with explicit type [var/s: uint]","ruleId":"explicit-types","filePath":"Benchmarks/Study_SamplesSet/efd7ece9d97357eee3ee7bd746b1c858.sol"},{"line":405,"column":1,"severity":"Warning","message":"Function name must be in mixedCase","ruleId":"func-name-mixedcase","fix":null,"filePath":"Benchmarks/Study_SamplesSet/efd7ece9d97357eee3ee7bd746b1c858.sol"},{"line":405,"column":36,"severity":"Warning","message":"Visibility modifier must be first in list of modifiers","ruleId":"visibility-modifier-order","fix":null,"filePath":"Benchmarks/Study_SamplesSet/efd7ece9d97357eee3ee7bd746b1c858.sol"},{"line":408,"column":42,"severity":"Warning","message":"Rule is set with explicit type [var/s: uint]","ruleId":"explicit-types","filePath":"Benchmarks/Study_SamplesSet/efd7ece9d97357eee3ee7bd746b1c858.sol"},{"line":408,"column":77,"severity":"Warning","message":"Rule is set with explicit type [var/s: uint]","ruleId":"explicit-types","filePath":"Benchmarks/Study_SamplesSet/efd7ece9d97357eee3ee7bd746b1c858.sol"},{"line":408,"column":94,"severity":"Warning","message":"Rule is set with explicit type [var/s: uint]","ruleId":"explicit-types","filePath":"Benchmarks/Study_SamplesSet/efd7ece9d97357eee3ee7bd746b1c858.sol"},{"line":408,"column":108,"severity":"Warning","message":"Rule is set with explicit type [var/s: uint]","ruleId":"explicit-types","filePath":"Benchmarks/Study_SamplesSet/efd7ece9d97357eee3ee7bd746b1c858.sol"},{"line":409,"column":5,"severity":"Warning","message":"Use Custom Errors instead of require statements","ruleId":"custom-errors","fix":null,"filePath":"Benchmarks/Study_SamplesSet/efd7ece9d97357eee3ee7bd746b1c858.sol"},{"line":411,"column":5,"severity":"Warning","message":"Provide an error message for require","ruleId":"reason-string","fix":null,"filePath":"Benchmarks/Study_SamplesSet/efd7ece9d97357eee3ee7bd746b1c858.sol"},{"line":411,"column":5,"severity":"Warning","message":"Use Custom Errors instead of require statements","ruleId":"custom-errors","fix":null,"filePath":"Benchmarks/Study_SamplesSet/efd7ece9d97357eee3ee7bd746b1c858.sol"},{"line":413,"column":17,"severity":"Error","message":"Avoid making time-based decisions in your business logic","ruleId":"not-rely-on-time","fix":null,"filePath":"Benchmarks/Study_SamplesSet/efd7ece9d97357eee3ee7bd746b1c858.sol"},{"conclusion":"166 problem/s (12 error/s, 154 warning/s)"}]
