[{"line":7,"column":1,"severity":"Warning","message":"Found more than One contract per file. 5 contracts found!","ruleId":"one-contract-per-file","fix":null,"filePath":"Benchmarks/Study_SamplesSet/f5f3ada03ff33a21fc3076639a98db7b.sol"},{"line":7,"column":1,"severity":"Error","message":"Compiler version ^0.5.2 does not satisfy the ^0.8.0 semver requirement","ruleId":"compiler-version","fix":null,"filePath":"Benchmarks/Study_SamplesSet/f5f3ada03ff33a21fc3076639a98db7b.sol"},{"line":33,"column":1,"severity":"Error","message":"Compiler version ^0.5.2 does not satisfy the ^0.8.0 semver requirement","ruleId":"compiler-version","fix":null,"filePath":"Benchmarks/Study_SamplesSet/f5f3ada03ff33a21fc3076639a98db7b.sol"},{"line":52,"column":9,"severity":"Warning","message":"Provide an error message for require","ruleId":"reason-string","fix":null,"filePath":"Benchmarks/Study_SamplesSet/f5f3ada03ff33a21fc3076639a98db7b.sol"},{"line":52,"column":9,"severity":"Warning","message":"Use Custom Errors instead of require statements","ruleId":"custom-errors","fix":null,"filePath":"Benchmarks/Study_SamplesSet/f5f3ada03ff33a21fc3076639a98db7b.sol"},{"line":62,"column":9,"severity":"Warning","message":"Provide an error message for require","ruleId":"reason-string","fix":null,"filePath":"Benchmarks/Study_SamplesSet/f5f3ada03ff33a21fc3076639a98db7b.sol"},{"line":62,"column":9,"severity":"Warning","message":"Use Custom Errors instead of require statements","ruleId":"custom-errors","fix":null,"filePath":"Benchmarks/Study_SamplesSet/f5f3ada03ff33a21fc3076639a98db7b.sol"},{"line":73,"column":9,"severity":"Warning","message":"Provide an error message for require","ruleId":"reason-string","fix":null,"filePath":"Benchmarks/Study_SamplesSet/f5f3ada03ff33a21fc3076639a98db7b.sol"},{"line":73,"column":9,"severity":"Warning","message":"Use Custom Errors instead of require statements","ruleId":"custom-errors","fix":null,"filePath":"Benchmarks/Study_SamplesSet/f5f3ada03ff33a21fc3076639a98db7b.sol"},{"line":84,"column":9,"severity":"Warning","message":"Provide an error message for require","ruleId":"reason-string","fix":null,"filePath":"Benchmarks/Study_SamplesSet/f5f3ada03ff33a21fc3076639a98db7b.sol"},{"line":84,"column":9,"severity":"Warning","message":"Use Custom Errors instead of require statements","ruleId":"custom-errors","fix":null,"filePath":"Benchmarks/Study_SamplesSet/f5f3ada03ff33a21fc3076639a98db7b.sol"},{"line":94,"column":9,"severity":"Warning","message":"Provide an error message for require","ruleId":"reason-string","fix":null,"filePath":"Benchmarks/Study_SamplesSet/f5f3ada03ff33a21fc3076639a98db7b.sol"},{"line":94,"column":9,"severity":"Warning","message":"Use Custom Errors instead of require statements","ruleId":"custom-errors","fix":null,"filePath":"Benchmarks/Study_SamplesSet/f5f3ada03ff33a21fc3076639a98db7b.sol"},{"line":101,"column":1,"severity":"Error","message":"Compiler version ^0.5.2 does not satisfy the ^0.8.0 semver requirement","ruleId":"compiler-version","fix":null,"filePath":"Benchmarks/Study_SamplesSet/f5f3ada03ff33a21fc3076639a98db7b.sol"},{"line":120,"column":3,"severity":"Warning","message":"Function name must be in mixedCase","ruleId":"func-name-mixedcase","fix":null,"filePath":"Benchmarks/Study_SamplesSet/f5f3ada03ff33a21fc3076639a98db7b.sol"},{"line":120,"column":55,"severity":"Warning","message":"Rule is set with explicit type [var/s: uint]","ruleId":"explicit-types","filePath":"Benchmarks/Study_SamplesSet/f5f3ada03ff33a21fc3076639a98db7b.sol"},{"line":120,"column":67,"severity":"Warning","message":"Variable name must be in mixedCase","ruleId":"var-name-mixedcase","fix":null,"filePath":"Benchmarks/Study_SamplesSet/f5f3ada03ff33a21fc3076639a98db7b.sol"},{"line":121,"column":2,"severity":"Warning","message":"Provide an error message for require","ruleId":"reason-string","fix":null,"filePath":"Benchmarks/Study_SamplesSet/f5f3ada03ff33a21fc3076639a98db7b.sol"},{"line":121,"column":2,"severity":"Warning","message":"Use Custom Errors instead of require statements","ruleId":"custom-errors","fix":null,"filePath":"Benchmarks/Study_SamplesSet/f5f3ada03ff33a21fc3076639a98db7b.sol"},{"line":121,"column":11,"severity":"Error","message":"Avoid to use tx.origin","ruleId":"avoid-tx-origin","fix":null,"filePath":"Benchmarks/Study_SamplesSet/f5f3ada03ff33a21fc3076639a98db7b.sol"},{"line":126,"column":3,"severity":"Warning","message":"Function name must be in mixedCase","ruleId":"func-name-mixedcase","fix":null,"filePath":"Benchmarks/Study_SamplesSet/f5f3ada03ff33a21fc3076639a98db7b.sol"},{"line":126,"column":61,"severity":"Warning","message":"Variable name must be in mixedCase","ruleId":"var-name-mixedcase","fix":null,"filePath":"Benchmarks/Study_SamplesSet/f5f3ada03ff33a21fc3076639a98db7b.sol"},{"line":127,"column":9,"severity":"Warning","message":"Provide an error message for require","ruleId":"reason-string","fix":null,"filePath":"Benchmarks/Study_SamplesSet/f5f3ada03ff33a21fc3076639a98db7b.sol"},{"line":127,"column":9,"severity":"Warning","message":"Use Custom Errors instead of require statements","ruleId":"custom-errors","fix":null,"filePath":"Benchmarks/Study_SamplesSet/f5f3ada03ff33a21fc3076639a98db7b.sol"},{"line":127,"column":17,"severity":"Error","message":"Avoid to use tx.origin","ruleId":"avoid-tx-origin","fix":null,"filePath":"Benchmarks/Study_SamplesSet/f5f3ada03ff33a21fc3076639a98db7b.sol"},{"line":132,"column":3,"severity":"Warning","message":"Function name must be in mixedCase","ruleId":"func-name-mixedcase","fix":null,"filePath":"Benchmarks/Study_SamplesSet/f5f3ada03ff33a21fc3076639a98db7b.sol"},{"line":132,"column":56,"severity":"Warning","message":"Rule is set with explicit type [var/s: uint]","ruleId":"explicit-types","filePath":"Benchmarks/Study_SamplesSet/f5f3ada03ff33a21fc3076639a98db7b.sol"},{"line":132,"column":68,"severity":"Warning","message":"Variable name must be in mixedCase","ruleId":"var-name-mixedcase","fix":null,"filePath":"Benchmarks/Study_SamplesSet/f5f3ada03ff33a21fc3076639a98db7b.sol"},{"line":133,"column":2,"severity":"Warning","message":"Provide an error message for require","ruleId":"reason-string","fix":null,"filePath":"Benchmarks/Study_SamplesSet/f5f3ada03ff33a21fc3076639a98db7b.sol"},{"line":133,"column":2,"severity":"Warning","message":"Use Custom Errors instead of require statements","ruleId":"custom-errors","fix":null,"filePath":"Benchmarks/Study_SamplesSet/f5f3ada03ff33a21fc3076639a98db7b.sol"},{"line":133,"column":11,"severity":"Error","message":"Avoid to use tx.origin","ruleId":"avoid-tx-origin","fix":null,"filePath":"Benchmarks/Study_SamplesSet/f5f3ada03ff33a21fc3076639a98db7b.sol"},{"line":144,"column":1,"severity":"Warning","message":"Function name must be in mixedCase","ruleId":"func-name-mixedcase","fix":null,"filePath":"Benchmarks/Study_SamplesSet/f5f3ada03ff33a21fc3076639a98db7b.sol"},{"line":144,"column":54,"severity":"Warning","message":"Rule is set with explicit type [var/s: uint]","ruleId":"explicit-types","filePath":"Benchmarks/Study_SamplesSet/f5f3ada03ff33a21fc3076639a98db7b.sol"},{"line":144,"column":66,"severity":"Warning","message":"Variable name must be in mixedCase","ruleId":"var-name-mixedcase","fix":null,"filePath":"Benchmarks/Study_SamplesSet/f5f3ada03ff33a21fc3076639a98db7b.sol"},{"line":145,"column":2,"severity":"Warning","message":"Provide an error message for require","ruleId":"reason-string","fix":null,"filePath":"Benchmarks/Study_SamplesSet/f5f3ada03ff33a21fc3076639a98db7b.sol"},{"line":145,"column":2,"severity":"Warning","message":"Use Custom Errors instead of require statements","ruleId":"custom-errors","fix":null,"filePath":"Benchmarks/Study_SamplesSet/f5f3ada03ff33a21fc3076639a98db7b.sol"},{"line":145,"column":11,"severity":"Error","message":"Avoid to use tx.origin","ruleId":"avoid-tx-origin","fix":null,"filePath":"Benchmarks/Study_SamplesSet/f5f3ada03ff33a21fc3076639a98db7b.sol"},{"line":157,"column":1,"severity":"Warning","message":"Function name must be in mixedCase","ruleId":"func-name-mixedcase","fix":null,"filePath":"Benchmarks/Study_SamplesSet/f5f3ada03ff33a21fc3076639a98db7b.sol"},{"line":157,"column":44,"severity":"Warning","message":"Rule is set with explicit type [var/s: uint]","ruleId":"explicit-types","filePath":"Benchmarks/Study_SamplesSet/f5f3ada03ff33a21fc3076639a98db7b.sol"},{"line":157,"column":56,"severity":"Warning","message":"Variable name must be in mixedCase","ruleId":"var-name-mixedcase","fix":null,"filePath":"Benchmarks/Study_SamplesSet/f5f3ada03ff33a21fc3076639a98db7b.sol"},{"line":158,"column":3,"severity":"Warning","message":"Provide an error message for require","ruleId":"reason-string","fix":null,"filePath":"Benchmarks/Study_SamplesSet/f5f3ada03ff33a21fc3076639a98db7b.sol"},{"line":158,"column":3,"severity":"Warning","message":"Use Custom Errors instead of require statements","ruleId":"custom-errors","fix":null,"filePath":"Benchmarks/Study_SamplesSet/f5f3ada03ff33a21fc3076639a98db7b.sol"},{"line":158,"column":11,"severity":"Error","message":"Avoid to use tx.origin","ruleId":"avoid-tx-origin","fix":null,"filePath":"Benchmarks/Study_SamplesSet/f5f3ada03ff33a21fc3076639a98db7b.sol"},{"line":159,"column":3,"severity":"Error","message":"Avoid to use low level calls.","ruleId":"avoid-low-level-calls","fix":null,"filePath":"Benchmarks/Study_SamplesSet/f5f3ada03ff33a21fc3076639a98db7b.sol"},{"line":159,"column":3,"severity":"Error","message":"Avoid to use \".call.value()()\"","ruleId":"avoid-call-value","fix":null,"filePath":"Benchmarks/Study_SamplesSet/f5f3ada03ff33a21fc3076639a98db7b.sol"},{"line":171,"column":1,"severity":"Warning","message":"Function name must be in mixedCase","ruleId":"func-name-mixedcase","fix":null,"filePath":"Benchmarks/Study_SamplesSet/f5f3ada03ff33a21fc3076639a98db7b.sol"},{"line":171,"column":60,"severity":"Warning","message":"Variable name must be in mixedCase","ruleId":"var-name-mixedcase","fix":null,"filePath":"Benchmarks/Study_SamplesSet/f5f3ada03ff33a21fc3076639a98db7b.sol"},{"line":172,"column":9,"severity":"Warning","message":"Provide an error message for require","ruleId":"reason-string","fix":null,"filePath":"Benchmarks/Study_SamplesSet/f5f3ada03ff33a21fc3076639a98db7b.sol"},{"line":172,"column":9,"severity":"Warning","message":"Use Custom Errors instead of require statements","ruleId":"custom-errors","fix":null,"filePath":"Benchmarks/Study_SamplesSet/f5f3ada03ff33a21fc3076639a98db7b.sol"},{"line":172,"column":17,"severity":"Error","message":"Avoid to use tx.origin","ruleId":"avoid-tx-origin","fix":null,"filePath":"Benchmarks/Study_SamplesSet/f5f3ada03ff33a21fc3076639a98db7b.sol"},{"line":185,"column":1,"severity":"Warning","message":"Function name must be in mixedCase","ruleId":"func-name-mixedcase","fix":null,"filePath":"Benchmarks/Study_SamplesSet/f5f3ada03ff33a21fc3076639a98db7b.sol"},{"line":185,"column":25,"severity":"Warning","message":"Variable name must be in mixedCase","ruleId":"var-name-mixedcase","fix":null,"filePath":"Benchmarks/Study_SamplesSet/f5f3ada03ff33a21fc3076639a98db7b.sol"},{"line":186,"column":9,"severity":"Warning","message":"Provide an error message for require","ruleId":"reason-string","fix":null,"filePath":"Benchmarks/Study_SamplesSet/f5f3ada03ff33a21fc3076639a98db7b.sol"},{"line":186,"column":9,"severity":"Warning","message":"Use Custom Errors instead of require statements","ruleId":"custom-errors","fix":null,"filePath":"Benchmarks/Study_SamplesSet/f5f3ada03ff33a21fc3076639a98db7b.sol"},{"line":186,"column":17,"severity":"Error","message":"Avoid to use tx.origin","ruleId":"avoid-tx-origin","fix":null,"filePath":"Benchmarks/Study_SamplesSet/f5f3ada03ff33a21fc3076639a98db7b.sol"},{"line":202,"column":1,"severity":"Warning","message":"Function name must be in mixedCase","ruleId":"func-name-mixedcase","fix":null,"filePath":"Benchmarks/Study_SamplesSet/f5f3ada03ff33a21fc3076639a98db7b.sol"},{"line":202,"column":27,"severity":"Warning","message":"Variable name must be in mixedCase","ruleId":"var-name-mixedcase","fix":null,"filePath":"Benchmarks/Study_SamplesSet/f5f3ada03ff33a21fc3076639a98db7b.sol"},{"line":203,"column":9,"severity":"Warning","message":"Provide an error message for require","ruleId":"reason-string","fix":null,"filePath":"Benchmarks/Study_SamplesSet/f5f3ada03ff33a21fc3076639a98db7b.sol"},{"line":203,"column":9,"severity":"Warning","message":"Use Custom Errors instead of require statements","ruleId":"custom-errors","fix":null,"filePath":"Benchmarks/Study_SamplesSet/f5f3ada03ff33a21fc3076639a98db7b.sol"},{"line":203,"column":17,"severity":"Error","message":"Avoid to use tx.origin","ruleId":"avoid-tx-origin","fix":null,"filePath":"Benchmarks/Study_SamplesSet/f5f3ada03ff33a21fc3076639a98db7b.sol"},{"line":219,"column":1,"severity":"Warning","message":"Function name must be in mixedCase","ruleId":"func-name-mixedcase","fix":null,"filePath":"Benchmarks/Study_SamplesSet/f5f3ada03ff33a21fc3076639a98db7b.sol"},{"line":219,"column":60,"severity":"Warning","message":"Variable name must be in mixedCase","ruleId":"var-name-mixedcase","fix":null,"filePath":"Benchmarks/Study_SamplesSet/f5f3ada03ff33a21fc3076639a98db7b.sol"},{"line":220,"column":9,"severity":"Warning","message":"Provide an error message for require","ruleId":"reason-string","fix":null,"filePath":"Benchmarks/Study_SamplesSet/f5f3ada03ff33a21fc3076639a98db7b.sol"},{"line":220,"column":9,"severity":"Warning","message":"Use Custom Errors instead of require statements","ruleId":"custom-errors","fix":null,"filePath":"Benchmarks/Study_SamplesSet/f5f3ada03ff33a21fc3076639a98db7b.sol"},{"line":220,"column":17,"severity":"Error","message":"Avoid to use tx.origin","ruleId":"avoid-tx-origin","fix":null,"filePath":"Benchmarks/Study_SamplesSet/f5f3ada03ff33a21fc3076639a98db7b.sol"},{"line":238,"column":1,"severity":"Warning","message":"Function name must be in mixedCase","ruleId":"func-name-mixedcase","fix":null,"filePath":"Benchmarks/Study_SamplesSet/f5f3ada03ff33a21fc3076639a98db7b.sol"},{"line":238,"column":24,"severity":"Warning","message":"Variable name must be in mixedCase","ruleId":"var-name-mixedcase","fix":null,"filePath":"Benchmarks/Study_SamplesSet/f5f3ada03ff33a21fc3076639a98db7b.sol"},{"line":239,"column":9,"severity":"Warning","message":"Provide an error message for require","ruleId":"reason-string","fix":null,"filePath":"Benchmarks/Study_SamplesSet/f5f3ada03ff33a21fc3076639a98db7b.sol"},{"line":239,"column":9,"severity":"Warning","message":"Use Custom Errors instead of require statements","ruleId":"custom-errors","fix":null,"filePath":"Benchmarks/Study_SamplesSet/f5f3ada03ff33a21fc3076639a98db7b.sol"},{"line":239,"column":17,"severity":"Error","message":"Avoid to use tx.origin","ruleId":"avoid-tx-origin","fix":null,"filePath":"Benchmarks/Study_SamplesSet/f5f3ada03ff33a21fc3076639a98db7b.sol"},{"line":256,"column":1,"severity":"Warning","message":"Function name must be in mixedCase","ruleId":"func-name-mixedcase","fix":null,"filePath":"Benchmarks/Study_SamplesSet/f5f3ada03ff33a21fc3076639a98db7b.sol"},{"line":256,"column":43,"severity":"Warning","message":"Rule is set with explicit type [var/s: uint]","ruleId":"explicit-types","filePath":"Benchmarks/Study_SamplesSet/f5f3ada03ff33a21fc3076639a98db7b.sol"},{"line":256,"column":55,"severity":"Warning","message":"Variable name must be in mixedCase","ruleId":"var-name-mixedcase","fix":null,"filePath":"Benchmarks/Study_SamplesSet/f5f3ada03ff33a21fc3076639a98db7b.sol"},{"line":257,"column":3,"severity":"Warning","message":"Provide an error message for require","ruleId":"reason-string","fix":null,"filePath":"Benchmarks/Study_SamplesSet/f5f3ada03ff33a21fc3076639a98db7b.sol"},{"line":257,"column":3,"severity":"Warning","message":"Use Custom Errors instead of require statements","ruleId":"custom-errors","fix":null,"filePath":"Benchmarks/Study_SamplesSet/f5f3ada03ff33a21fc3076639a98db7b.sol"},{"line":257,"column":11,"severity":"Error","message":"Avoid to use tx.origin","ruleId":"avoid-tx-origin","fix":null,"filePath":"Benchmarks/Study_SamplesSet/f5f3ada03ff33a21fc3076639a98db7b.sol"},{"line":258,"column":3,"severity":"Error","message":"Avoid to use low level calls.","ruleId":"avoid-low-level-calls","fix":null,"filePath":"Benchmarks/Study_SamplesSet/f5f3ada03ff33a21fc3076639a98db7b.sol"},{"line":258,"column":3,"severity":"Error","message":"Avoid to use \".call.value()()\"","ruleId":"avoid-call-value","fix":null,"filePath":"Benchmarks/Study_SamplesSet/f5f3ada03ff33a21fc3076639a98db7b.sol"},{"line":268,"column":9,"severity":"Warning","message":"Provide an error message for require","ruleId":"reason-string","fix":null,"filePath":"Benchmarks/Study_SamplesSet/f5f3ada03ff33a21fc3076639a98db7b.sol"},{"line":268,"column":9,"severity":"Warning","message":"Use Custom Errors instead of require statements","ruleId":"custom-errors","fix":null,"filePath":"Benchmarks/Study_SamplesSet/f5f3ada03ff33a21fc3076639a98db7b.sol"},{"line":274,"column":1,"severity":"Warning","message":"Function name must be in mixedCase","ruleId":"func-name-mixedcase","fix":null,"filePath":"Benchmarks/Study_SamplesSet/f5f3ada03ff33a21fc3076639a98db7b.sol"},{"line":274,"column":44,"severity":"Warning","message":"Rule is set with explicit type [var/s: uint]","ruleId":"explicit-types","filePath":"Benchmarks/Study_SamplesSet/f5f3ada03ff33a21fc3076639a98db7b.sol"},{"line":274,"column":56,"severity":"Warning","message":"Variable name must be in mixedCase","ruleId":"var-name-mixedcase","fix":null,"filePath":"Benchmarks/Study_SamplesSet/f5f3ada03ff33a21fc3076639a98db7b.sol"},{"line":275,"column":3,"severity":"Warning","message":"Provide an error message for require","ruleId":"reason-string","fix":null,"filePath":"Benchmarks/Study_SamplesSet/f5f3ada03ff33a21fc3076639a98db7b.sol"},{"line":275,"column":3,"severity":"Warning","message":"Use Custom Errors instead of require statements","ruleId":"custom-errors","fix":null,"filePath":"Benchmarks/Study_SamplesSet/f5f3ada03ff33a21fc3076639a98db7b.sol"},{"line":275,"column":11,"severity":"Error","message":"Avoid to use tx.origin","ruleId":"avoid-tx-origin","fix":null,"filePath":"Benchmarks/Study_SamplesSet/f5f3ada03ff33a21fc3076639a98db7b.sol"},{"line":276,"column":3,"severity":"Error","message":"Avoid to use low level calls.","ruleId":"avoid-low-level-calls","fix":null,"filePath":"Benchmarks/Study_SamplesSet/f5f3ada03ff33a21fc3076639a98db7b.sol"},{"line":276,"column":3,"severity":"Error","message":"Avoid to use \".call.value()()\"","ruleId":"avoid-call-value","fix":null,"filePath":"Benchmarks/Study_SamplesSet/f5f3ada03ff33a21fc3076639a98db7b.sol"},{"line":287,"column":9,"severity":"Warning","message":"Provide an error message for require","ruleId":"reason-string","fix":null,"filePath":"Benchmarks/Study_SamplesSet/f5f3ada03ff33a21fc3076639a98db7b.sol"},{"line":287,"column":9,"severity":"Warning","message":"Use Custom Errors instead of require statements","ruleId":"custom-errors","fix":null,"filePath":"Benchmarks/Study_SamplesSet/f5f3ada03ff33a21fc3076639a98db7b.sol"},{"line":293,"column":1,"severity":"Warning","message":"Function name must be in mixedCase","ruleId":"func-name-mixedcase","fix":null,"filePath":"Benchmarks/Study_SamplesSet/f5f3ada03ff33a21fc3076639a98db7b.sol"},{"line":293,"column":60,"severity":"Warning","message":"Variable name must be in mixedCase","ruleId":"var-name-mixedcase","fix":null,"filePath":"Benchmarks/Study_SamplesSet/f5f3ada03ff33a21fc3076639a98db7b.sol"},{"line":294,"column":9,"severity":"Warning","message":"Provide an error message for require","ruleId":"reason-string","fix":null,"filePath":"Benchmarks/Study_SamplesSet/f5f3ada03ff33a21fc3076639a98db7b.sol"},{"line":294,"column":9,"severity":"Warning","message":"Use Custom Errors instead of require statements","ruleId":"custom-errors","fix":null,"filePath":"Benchmarks/Study_SamplesSet/f5f3ada03ff33a21fc3076639a98db7b.sol"},{"line":294,"column":17,"severity":"Error","message":"Avoid to use tx.origin","ruleId":"avoid-tx-origin","fix":null,"filePath":"Benchmarks/Study_SamplesSet/f5f3ada03ff33a21fc3076639a98db7b.sol"},{"line":305,"column":9,"severity":"Warning","message":"Provide an error message for require","ruleId":"reason-string","fix":null,"filePath":"Benchmarks/Study_SamplesSet/f5f3ada03ff33a21fc3076639a98db7b.sol"},{"line":305,"column":9,"severity":"Warning","message":"Use Custom Errors instead of require statements","ruleId":"custom-errors","fix":null,"filePath":"Benchmarks/Study_SamplesSet/f5f3ada03ff33a21fc3076639a98db7b.sol"},{"line":311,"column":1,"severity":"Warning","message":"Function name must be in mixedCase","ruleId":"func-name-mixedcase","fix":null,"filePath":"Benchmarks/Study_SamplesSet/f5f3ada03ff33a21fc3076639a98db7b.sol"},{"line":311,"column":60,"severity":"Warning","message":"Variable name must be in mixedCase","ruleId":"var-name-mixedcase","fix":null,"filePath":"Benchmarks/Study_SamplesSet/f5f3ada03ff33a21fc3076639a98db7b.sol"},{"line":312,"column":9,"severity":"Warning","message":"Provide an error message for require","ruleId":"reason-string","fix":null,"filePath":"Benchmarks/Study_SamplesSet/f5f3ada03ff33a21fc3076639a98db7b.sol"},{"line":312,"column":9,"severity":"Warning","message":"Use Custom Errors instead of require statements","ruleId":"custom-errors","fix":null,"filePath":"Benchmarks/Study_SamplesSet/f5f3ada03ff33a21fc3076639a98db7b.sol"},{"line":312,"column":17,"severity":"Error","message":"Avoid to use tx.origin","ruleId":"avoid-tx-origin","fix":null,"filePath":"Benchmarks/Study_SamplesSet/f5f3ada03ff33a21fc3076639a98db7b.sol"},{"line":323,"column":9,"severity":"Warning","message":"Provide an error message for require","ruleId":"reason-string","fix":null,"filePath":"Benchmarks/Study_SamplesSet/f5f3ada03ff33a21fc3076639a98db7b.sol"},{"line":323,"column":9,"severity":"Warning","message":"Use Custom Errors instead of require statements","ruleId":"custom-errors","fix":null,"filePath":"Benchmarks/Study_SamplesSet/f5f3ada03ff33a21fc3076639a98db7b.sol"},{"line":324,"column":9,"severity":"Warning","message":"Provide an error message for require","ruleId":"reason-string","fix":null,"filePath":"Benchmarks/Study_SamplesSet/f5f3ada03ff33a21fc3076639a98db7b.sol"},{"line":324,"column":9,"severity":"Warning","message":"Use Custom Errors instead of require statements","ruleId":"custom-errors","fix":null,"filePath":"Benchmarks/Study_SamplesSet/f5f3ada03ff33a21fc3076639a98db7b.sol"},{"line":329,"column":1,"severity":"Warning","message":"Function name must be in mixedCase","ruleId":"func-name-mixedcase","fix":null,"filePath":"Benchmarks/Study_SamplesSet/f5f3ada03ff33a21fc3076639a98db7b.sol"},{"line":329,"column":24,"severity":"Warning","message":"Variable name must be in mixedCase","ruleId":"var-name-mixedcase","fix":null,"filePath":"Benchmarks/Study_SamplesSet/f5f3ada03ff33a21fc3076639a98db7b.sol"},{"line":330,"column":9,"severity":"Warning","message":"Provide an error message for require","ruleId":"reason-string","fix":null,"filePath":"Benchmarks/Study_SamplesSet/f5f3ada03ff33a21fc3076639a98db7b.sol"},{"line":330,"column":9,"severity":"Warning","message":"Use Custom Errors instead of require statements","ruleId":"custom-errors","fix":null,"filePath":"Benchmarks/Study_SamplesSet/f5f3ada03ff33a21fc3076639a98db7b.sol"},{"line":330,"column":17,"severity":"Error","message":"Avoid to use tx.origin","ruleId":"avoid-tx-origin","fix":null,"filePath":"Benchmarks/Study_SamplesSet/f5f3ada03ff33a21fc3076639a98db7b.sol"},{"line":345,"column":1,"severity":"Warning","message":"Function name must be in mixedCase","ruleId":"func-name-mixedcase","fix":null,"filePath":"Benchmarks/Study_SamplesSet/f5f3ada03ff33a21fc3076639a98db7b.sol"},{"line":345,"column":44,"severity":"Warning","message":"Rule is set with explicit type [var/s: uint]","ruleId":"explicit-types","filePath":"Benchmarks/Study_SamplesSet/f5f3ada03ff33a21fc3076639a98db7b.sol"},{"line":345,"column":56,"severity":"Warning","message":"Variable name must be in mixedCase","ruleId":"var-name-mixedcase","fix":null,"filePath":"Benchmarks/Study_SamplesSet/f5f3ada03ff33a21fc3076639a98db7b.sol"},{"line":346,"column":3,"severity":"Warning","message":"Provide an error message for require","ruleId":"reason-string","fix":null,"filePath":"Benchmarks/Study_SamplesSet/f5f3ada03ff33a21fc3076639a98db7b.sol"},{"line":346,"column":3,"severity":"Warning","message":"Use Custom Errors instead of require statements","ruleId":"custom-errors","fix":null,"filePath":"Benchmarks/Study_SamplesSet/f5f3ada03ff33a21fc3076639a98db7b.sol"},{"line":346,"column":11,"severity":"Error","message":"Avoid to use tx.origin","ruleId":"avoid-tx-origin","fix":null,"filePath":"Benchmarks/Study_SamplesSet/f5f3ada03ff33a21fc3076639a98db7b.sol"},{"line":347,"column":3,"severity":"Error","message":"Avoid to use low level calls.","ruleId":"avoid-low-level-calls","fix":null,"filePath":"Benchmarks/Study_SamplesSet/f5f3ada03ff33a21fc3076639a98db7b.sol"},{"line":347,"column":3,"severity":"Error","message":"Avoid to use \".call.value()()\"","ruleId":"avoid-call-value","fix":null,"filePath":"Benchmarks/Study_SamplesSet/f5f3ada03ff33a21fc3076639a98db7b.sol"},{"line":353,"column":1,"severity":"Error","message":"Compiler version ^0.5.2 does not satisfy the ^0.8.0 semver requirement","ruleId":"compiler-version","fix":null,"filePath":"Benchmarks/Study_SamplesSet/f5f3ada03ff33a21fc3076639a98db7b.sol"},{"line":368,"column":1,"severity":"Warning","message":"Function name must be in mixedCase","ruleId":"func-name-mixedcase","fix":null,"filePath":"Benchmarks/Study_SamplesSet/f5f3ada03ff33a21fc3076639a98db7b.sol"},{"line":368,"column":27,"severity":"Warning","message":"Variable name must be in mixedCase","ruleId":"var-name-mixedcase","fix":null,"filePath":"Benchmarks/Study_SamplesSet/f5f3ada03ff33a21fc3076639a98db7b.sol"},{"line":369,"column":9,"severity":"Warning","message":"Provide an error message for require","ruleId":"reason-string","fix":null,"filePath":"Benchmarks/Study_SamplesSet/f5f3ada03ff33a21fc3076639a98db7b.sol"},{"line":369,"column":9,"severity":"Warning","message":"Use Custom Errors instead of require statements","ruleId":"custom-errors","fix":null,"filePath":"Benchmarks/Study_SamplesSet/f5f3ada03ff33a21fc3076639a98db7b.sol"},{"line":369,"column":17,"severity":"Error","message":"Avoid to use tx.origin","ruleId":"avoid-tx-origin","fix":null,"filePath":"Benchmarks/Study_SamplesSet/f5f3ada03ff33a21fc3076639a98db7b.sol"},{"line":380,"column":1,"severity":"Warning","message":"Function name must be in mixedCase","ruleId":"func-name-mixedcase","fix":null,"filePath":"Benchmarks/Study_SamplesSet/f5f3ada03ff33a21fc3076639a98db7b.sol"},{"line":380,"column":44,"severity":"Warning","message":"Rule is set with explicit type [var/s: uint]","ruleId":"explicit-types","filePath":"Benchmarks/Study_SamplesSet/f5f3ada03ff33a21fc3076639a98db7b.sol"},{"line":380,"column":56,"severity":"Warning","message":"Variable name must be in mixedCase","ruleId":"var-name-mixedcase","fix":null,"filePath":"Benchmarks/Study_SamplesSet/f5f3ada03ff33a21fc3076639a98db7b.sol"},{"line":381,"column":3,"severity":"Warning","message":"Provide an error message for require","ruleId":"reason-string","fix":null,"filePath":"Benchmarks/Study_SamplesSet/f5f3ada03ff33a21fc3076639a98db7b.sol"},{"line":381,"column":3,"severity":"Warning","message":"Use Custom Errors instead of require statements","ruleId":"custom-errors","fix":null,"filePath":"Benchmarks/Study_SamplesSet/f5f3ada03ff33a21fc3076639a98db7b.sol"},{"line":381,"column":11,"severity":"Error","message":"Avoid to use tx.origin","ruleId":"avoid-tx-origin","fix":null,"filePath":"Benchmarks/Study_SamplesSet/f5f3ada03ff33a21fc3076639a98db7b.sol"},{"line":382,"column":3,"severity":"Error","message":"Avoid to use low level calls.","ruleId":"avoid-low-level-calls","fix":null,"filePath":"Benchmarks/Study_SamplesSet/f5f3ada03ff33a21fc3076639a98db7b.sol"},{"line":382,"column":3,"severity":"Error","message":"Avoid to use \".call.value()()\"","ruleId":"avoid-call-value","fix":null,"filePath":"Benchmarks/Study_SamplesSet/f5f3ada03ff33a21fc3076639a98db7b.sol"},{"line":388,"column":1,"severity":"Error","message":"Compiler version ^0.5.2 does not satisfy the ^0.8.0 semver requirement","ruleId":"compiler-version","fix":null,"filePath":"Benchmarks/Study_SamplesSet/f5f3ada03ff33a21fc3076639a98db7b.sol"},{"line":398,"column":3,"severity":"Warning","message":"Function name must be in mixedCase","ruleId":"func-name-mixedcase","fix":null,"filePath":"Benchmarks/Study_SamplesSet/f5f3ada03ff33a21fc3076639a98db7b.sol"},{"line":398,"column":56,"severity":"Warning","message":"Rule is set with explicit type [var/s: uint]","ruleId":"explicit-types","filePath":"Benchmarks/Study_SamplesSet/f5f3ada03ff33a21fc3076639a98db7b.sol"},{"line":398,"column":68,"severity":"Warning","message":"Variable name must be in mixedCase","ruleId":"var-name-mixedcase","fix":null,"filePath":"Benchmarks/Study_SamplesSet/f5f3ada03ff33a21fc3076639a98db7b.sol"},{"line":399,"column":2,"severity":"Warning","message":"Provide an error message for require","ruleId":"reason-string","fix":null,"filePath":"Benchmarks/Study_SamplesSet/f5f3ada03ff33a21fc3076639a98db7b.sol"},{"line":399,"column":2,"severity":"Warning","message":"Use Custom Errors instead of require statements","ruleId":"custom-errors","fix":null,"filePath":"Benchmarks/Study_SamplesSet/f5f3ada03ff33a21fc3076639a98db7b.sol"},{"line":399,"column":11,"severity":"Error","message":"Avoid to use tx.origin","ruleId":"avoid-tx-origin","fix":null,"filePath":"Benchmarks/Study_SamplesSet/f5f3ada03ff33a21fc3076639a98db7b.sol"},{"line":403,"column":3,"severity":"Warning","message":"Function name must be in mixedCase","ruleId":"func-name-mixedcase","fix":null,"filePath":"Benchmarks/Study_SamplesSet/f5f3ada03ff33a21fc3076639a98db7b.sol"},{"line":403,"column":45,"severity":"Warning","message":"Rule is set with explicit type [var/s: uint]","ruleId":"explicit-types","filePath":"Benchmarks/Study_SamplesSet/f5f3ada03ff33a21fc3076639a98db7b.sol"},{"line":403,"column":57,"severity":"Warning","message":"Variable name must be in mixedCase","ruleId":"var-name-mixedcase","fix":null,"filePath":"Benchmarks/Study_SamplesSet/f5f3ada03ff33a21fc3076639a98db7b.sol"},{"line":404,"column":3,"severity":"Warning","message":"Provide an error message for require","ruleId":"reason-string","fix":null,"filePath":"Benchmarks/Study_SamplesSet/f5f3ada03ff33a21fc3076639a98db7b.sol"},{"line":404,"column":3,"severity":"Warning","message":"Use Custom Errors instead of require statements","ruleId":"custom-errors","fix":null,"filePath":"Benchmarks/Study_SamplesSet/f5f3ada03ff33a21fc3076639a98db7b.sol"},{"line":404,"column":11,"severity":"Error","message":"Avoid to use tx.origin","ruleId":"avoid-tx-origin","fix":null,"filePath":"Benchmarks/Study_SamplesSet/f5f3ada03ff33a21fc3076639a98db7b.sol"},{"line":405,"column":3,"severity":"Error","message":"Avoid to use low level calls.","ruleId":"avoid-low-level-calls","fix":null,"filePath":"Benchmarks/Study_SamplesSet/f5f3ada03ff33a21fc3076639a98db7b.sol"},{"line":405,"column":3,"severity":"Error","message":"Avoid to use \".call.value()()\"","ruleId":"avoid-call-value","fix":null,"filePath":"Benchmarks/Study_SamplesSet/f5f3ada03ff33a21fc3076639a98db7b.sol"},{"line":408,"column":3,"severity":"Warning","message":"Function name must be in mixedCase","ruleId":"func-name-mixedcase","fix":null,"filePath":"Benchmarks/Study_SamplesSet/f5f3ada03ff33a21fc3076639a98db7b.sol"},{"line":408,"column":55,"severity":"Warning","message":"Rule is set with explicit type [var/s: uint]","ruleId":"explicit-types","filePath":"Benchmarks/Study_SamplesSet/f5f3ada03ff33a21fc3076639a98db7b.sol"},{"line":408,"column":67,"severity":"Warning","message":"Variable name must be in mixedCase","ruleId":"var-name-mixedcase","fix":null,"filePath":"Benchmarks/Study_SamplesSet/f5f3ada03ff33a21fc3076639a98db7b.sol"},{"line":409,"column":2,"severity":"Warning","message":"Provide an error message for require","ruleId":"reason-string","fix":null,"filePath":"Benchmarks/Study_SamplesSet/f5f3ada03ff33a21fc3076639a98db7b.sol"},{"line":409,"column":2,"severity":"Warning","message":"Use Custom Errors instead of require statements","ruleId":"custom-errors","fix":null,"filePath":"Benchmarks/Study_SamplesSet/f5f3ada03ff33a21fc3076639a98db7b.sol"},{"line":409,"column":11,"severity":"Error","message":"Avoid to use tx.origin","ruleId":"avoid-tx-origin","fix":null,"filePath":"Benchmarks/Study_SamplesSet/f5f3ada03ff33a21fc3076639a98db7b.sol"},{"line":419,"column":1,"severity":"Warning","message":"Function name must be in mixedCase","ruleId":"func-name-mixedcase","fix":null,"filePath":"Benchmarks/Study_SamplesSet/f5f3ada03ff33a21fc3076639a98db7b.sol"},{"line":419,"column":25,"severity":"Warning","message":"Variable name must be in mixedCase","ruleId":"var-name-mixedcase","fix":null,"filePath":"Benchmarks/Study_SamplesSet/f5f3ada03ff33a21fc3076639a98db7b.sol"},{"line":420,"column":9,"severity":"Warning","message":"Provide an error message for require","ruleId":"reason-string","fix":null,"filePath":"Benchmarks/Study_SamplesSet/f5f3ada03ff33a21fc3076639a98db7b.sol"},{"line":420,"column":9,"severity":"Warning","message":"Use Custom Errors instead of require statements","ruleId":"custom-errors","fix":null,"filePath":"Benchmarks/Study_SamplesSet/f5f3ada03ff33a21fc3076639a98db7b.sol"},{"line":420,"column":17,"severity":"Error","message":"Avoid to use tx.origin","ruleId":"avoid-tx-origin","fix":null,"filePath":"Benchmarks/Study_SamplesSet/f5f3ada03ff33a21fc3076639a98db7b.sol"},{"line":429,"column":1,"severity":"Warning","message":"Function name must be in mixedCase","ruleId":"func-name-mixedcase","fix":null,"filePath":"Benchmarks/Study_SamplesSet/f5f3ada03ff33a21fc3076639a98db7b.sol"},{"line":429,"column":54,"severity":"Warning","message":"Rule is set with explicit type [var/s: uint]","ruleId":"explicit-types","filePath":"Benchmarks/Study_SamplesSet/f5f3ada03ff33a21fc3076639a98db7b.sol"},{"line":429,"column":66,"severity":"Warning","message":"Variable name must be in mixedCase","ruleId":"var-name-mixedcase","fix":null,"filePath":"Benchmarks/Study_SamplesSet/f5f3ada03ff33a21fc3076639a98db7b.sol"},{"line":430,"column":2,"severity":"Warning","message":"Provide an error message for require","ruleId":"reason-string","fix":null,"filePath":"Benchmarks/Study_SamplesSet/f5f3ada03ff33a21fc3076639a98db7b.sol"},{"line":430,"column":2,"severity":"Warning","message":"Use Custom Errors instead of require statements","ruleId":"custom-errors","fix":null,"filePath":"Benchmarks/Study_SamplesSet/f5f3ada03ff33a21fc3076639a98db7b.sol"},{"line":430,"column":11,"severity":"Error","message":"Avoid to use tx.origin","ruleId":"avoid-tx-origin","fix":null,"filePath":"Benchmarks/Study_SamplesSet/f5f3ada03ff33a21fc3076639a98db7b.sol"},{"line":440,"column":1,"severity":"Warning","message":"Function name must be in mixedCase","ruleId":"func-name-mixedcase","fix":null,"filePath":"Benchmarks/Study_SamplesSet/f5f3ada03ff33a21fc3076639a98db7b.sol"},{"line":440,"column":44,"severity":"Warning","message":"Rule is set with explicit type [var/s: uint]","ruleId":"explicit-types","filePath":"Benchmarks/Study_SamplesSet/f5f3ada03ff33a21fc3076639a98db7b.sol"},{"line":440,"column":56,"severity":"Warning","message":"Variable name must be in mixedCase","ruleId":"var-name-mixedcase","fix":null,"filePath":"Benchmarks/Study_SamplesSet/f5f3ada03ff33a21fc3076639a98db7b.sol"},{"line":441,"column":3,"severity":"Warning","message":"Provide an error message for require","ruleId":"reason-string","fix":null,"filePath":"Benchmarks/Study_SamplesSet/f5f3ada03ff33a21fc3076639a98db7b.sol"},{"line":441,"column":3,"severity":"Warning","message":"Use Custom Errors instead of require statements","ruleId":"custom-errors","fix":null,"filePath":"Benchmarks/Study_SamplesSet/f5f3ada03ff33a21fc3076639a98db7b.sol"},{"line":441,"column":11,"severity":"Error","message":"Avoid to use tx.origin","ruleId":"avoid-tx-origin","fix":null,"filePath":"Benchmarks/Study_SamplesSet/f5f3ada03ff33a21fc3076639a98db7b.sol"},{"line":442,"column":3,"severity":"Error","message":"Avoid to use low level calls.","ruleId":"avoid-low-level-calls","fix":null,"filePath":"Benchmarks/Study_SamplesSet/f5f3ada03ff33a21fc3076639a98db7b.sol"},{"line":442,"column":3,"severity":"Error","message":"Avoid to use \".call.value()()\"","ruleId":"avoid-call-value","fix":null,"filePath":"Benchmarks/Study_SamplesSet/f5f3ada03ff33a21fc3076639a98db7b.sol"},{"line":451,"column":1,"severity":"Warning","message":"Function name must be in mixedCase","ruleId":"func-name-mixedcase","fix":null,"filePath":"Benchmarks/Study_SamplesSet/f5f3ada03ff33a21fc3076639a98db7b.sol"},{"line":451,"column":44,"severity":"Warning","message":"Rule is set with explicit type [var/s: uint]","ruleId":"explicit-types","filePath":"Benchmarks/Study_SamplesSet/f5f3ada03ff33a21fc3076639a98db7b.sol"},{"line":451,"column":56,"severity":"Warning","message":"Variable name must be in mixedCase","ruleId":"var-name-mixedcase","fix":null,"filePath":"Benchmarks/Study_SamplesSet/f5f3ada03ff33a21fc3076639a98db7b.sol"},{"line":452,"column":3,"severity":"Warning","message":"Provide an error message for require","ruleId":"reason-string","fix":null,"filePath":"Benchmarks/Study_SamplesSet/f5f3ada03ff33a21fc3076639a98db7b.sol"},{"line":452,"column":3,"severity":"Warning","message":"Use Custom Errors instead of require statements","ruleId":"custom-errors","fix":null,"filePath":"Benchmarks/Study_SamplesSet/f5f3ada03ff33a21fc3076639a98db7b.sol"},{"line":452,"column":11,"severity":"Error","message":"Avoid to use tx.origin","ruleId":"avoid-tx-origin","fix":null,"filePath":"Benchmarks/Study_SamplesSet/f5f3ada03ff33a21fc3076639a98db7b.sol"},{"line":453,"column":3,"severity":"Error","message":"Avoid to use low level calls.","ruleId":"avoid-low-level-calls","fix":null,"filePath":"Benchmarks/Study_SamplesSet/f5f3ada03ff33a21fc3076639a98db7b.sol"},{"line":453,"column":3,"severity":"Error","message":"Avoid to use \".call.value()()\"","ruleId":"avoid-call-value","fix":null,"filePath":"Benchmarks/Study_SamplesSet/f5f3ada03ff33a21fc3076639a98db7b.sol"},{"line":459,"column":1,"severity":"Error","message":"Compiler version ^0.5.0 does not satisfy the ^0.8.0 semver requirement","ruleId":"compiler-version","fix":null,"filePath":"Benchmarks/Study_SamplesSet/f5f3ada03ff33a21fc3076639a98db7b.sol"},{"line":465,"column":60,"severity":"Warning","message":"Visibility modifier must be first in list of modifiers","ruleId":"visibility-modifier-order","fix":null,"filePath":"Benchmarks/Study_SamplesSet/f5f3ada03ff33a21fc3076639a98db7b.sol"},{"line":465,"column":31,"severity":"Error","message":"Use double quotes for string literals","ruleId":"quotes","filePath":"Benchmarks/Study_SamplesSet/f5f3ada03ff33a21fc3076639a98db7b.sol"},{"line":465,"column":50,"severity":"Error","message":"Use double quotes for string literals","ruleId":"quotes","filePath":"Benchmarks/Study_SamplesSet/f5f3ada03ff33a21fc3076639a98db7b.sol"},{"line":468,"column":1,"severity":"Warning","message":"Function name must be in mixedCase","ruleId":"func-name-mixedcase","fix":null,"filePath":"Benchmarks/Study_SamplesSet/f5f3ada03ff33a21fc3076639a98db7b.sol"},{"line":468,"column":54,"severity":"Warning","message":"Rule is set with explicit type [var/s: uint]","ruleId":"explicit-types","filePath":"Benchmarks/Study_SamplesSet/f5f3ada03ff33a21fc3076639a98db7b.sol"},{"line":468,"column":66,"severity":"Warning","message":"Variable name must be in mixedCase","ruleId":"var-name-mixedcase","fix":null,"filePath":"Benchmarks/Study_SamplesSet/f5f3ada03ff33a21fc3076639a98db7b.sol"},{"line":469,"column":2,"severity":"Warning","message":"Provide an error message for require","ruleId":"reason-string","fix":null,"filePath":"Benchmarks/Study_SamplesSet/f5f3ada03ff33a21fc3076639a98db7b.sol"},{"line":469,"column":2,"severity":"Warning","message":"Use Custom Errors instead of require statements","ruleId":"custom-errors","fix":null,"filePath":"Benchmarks/Study_SamplesSet/f5f3ada03ff33a21fc3076639a98db7b.sol"},{"line":469,"column":11,"severity":"Error","message":"Avoid to use tx.origin","ruleId":"avoid-tx-origin","fix":null,"filePath":"Benchmarks/Study_SamplesSet/f5f3ada03ff33a21fc3076639a98db7b.sol"},{"conclusion":"191 problem/s (50 error/s, 141 warning/s)"}]
