[{"line":1,"column":1,"severity":"Error","message":"Compiler version ^0.4.19 does not satisfy the ^0.8.0 semver requirement","ruleId":"compiler-version","fix":null,"filePath":"Benchmarks/Study_SamplesSet/f787a3b683932a30e4beb0e4a57b41f2.sol"},{"line":30,"column":30,"severity":"Error","message":"Use \"keccak256\" instead of deprecated \"sha3\"","ruleId":"avoid-sha3","filePath":"Benchmarks/Study_SamplesSet/f787a3b683932a30e4beb0e4a57b41f2.sol"},{"line":30,"column":35,"severity":"Error","message":"Avoid making time-based decisions in your business logic","ruleId":"not-rely-on-time","fix":null,"filePath":"Benchmarks/Study_SamplesSet/f787a3b683932a30e4beb0e4a57b41f2.sol"},{"line":30,"column":40,"severity":"Error","message":"Do not rely on \"block.blockhash\". Miners can influence its value.","ruleId":"not-rely-on-block-hash","fix":null,"filePath":"Benchmarks/Study_SamplesSet/f787a3b683932a30e4beb0e4a57b41f2.sol"},{"line":33,"column":43,"severity":"Warning","message":"Visibility modifier must be first in list of modifiers","ruleId":"visibility-modifier-order","fix":null,"filePath":"Benchmarks/Study_SamplesSet/f787a3b683932a30e4beb0e4a57b41f2.sol"},{"line":34,"column":9,"severity":"Warning","message":"Provide an error message for require","ruleId":"reason-string","fix":null,"filePath":"Benchmarks/Study_SamplesSet/f787a3b683932a30e4beb0e4a57b41f2.sol"},{"line":34,"column":9,"severity":"Warning","message":"Use Custom Errors instead of require statements","ruleId":"custom-errors","fix":null,"filePath":"Benchmarks/Study_SamplesSet/f787a3b683932a30e4beb0e4a57b41f2.sol"},{"line":47,"column":9,"severity":"Error","message":"Possible reentrancy vulnerabilities. Avoid state changes after transfer.","ruleId":"reentrancy","fix":null,"filePath":"Benchmarks/Study_SamplesSet/f787a3b683932a30e4beb0e4a57b41f2.sol"},{"line":47,"column":22,"severity":"Error","message":"Avoid making time-based decisions in your business logic","ruleId":"not-rely-on-time","fix":null,"filePath":"Benchmarks/Study_SamplesSet/f787a3b683932a30e4beb0e4a57b41f2.sol"},{"line":51,"column":40,"severity":"Error","message":"Avoid making time-based decisions in your business logic","ruleId":"not-rely-on-time","fix":null,"filePath":"Benchmarks/Study_SamplesSet/f787a3b683932a30e4beb0e4a57b41f2.sol"},{"line":52,"column":13,"severity":"Error","message":"Use \"selfdestruct\" instead of deprecated \"suicide\"","ruleId":"avoid-suicide","filePath":"Benchmarks/Study_SamplesSet/f787a3b683932a30e4beb0e4a57b41f2.sol"},{"conclusion":"11 problem/s (8 error/s, 3 warning/s)"}]
