[{"line":1,"column":1,"severity":"Warning","message":"Found more than One contract per file. 5 contracts found!","ruleId":"one-contract-per-file","fix":null,"filePath":"Benchmarks/Study_SamplesSet/fcdd06c3d73f2425c50916d0116ae936.sol"},{"line":1,"column":1,"severity":"Error","message":"Compiler version ^0.4.18 does not satisfy the ^0.8.0 semver requirement","ruleId":"compiler-version","fix":null,"filePath":"Benchmarks/Study_SamplesSet/fcdd06c3d73f2425c50916d0116ae936.sol"},{"line":34,"column":53,"severity":"Warning","message":"Rule is set with explicit type [var/s: uint]","ruleId":"explicit-types","filePath":"Benchmarks/Study_SamplesSet/fcdd06c3d73f2425c50916d0116ae936.sol"},{"line":42,"column":58,"severity":"Warning","message":"Rule is set with explicit type [var/s: uint]","ruleId":"explicit-types","filePath":"Benchmarks/Study_SamplesSet/fcdd06c3d73f2425c50916d0116ae936.sol"},{"line":50,"column":31,"severity":"Warning","message":"Provide an error message for require","ruleId":"reason-string","fix":null,"filePath":"Benchmarks/Study_SamplesSet/fcdd06c3d73f2425c50916d0116ae936.sol"},{"line":50,"column":31,"severity":"Warning","message":"Use Custom Errors instead of require statements","ruleId":"custom-errors","fix":null,"filePath":"Benchmarks/Study_SamplesSet/fcdd06c3d73f2425c50916d0116ae936.sol"},{"line":76,"column":29,"severity":"Error","message":"Use double quotes for string literals","ruleId":"quotes","filePath":"Benchmarks/Study_SamplesSet/fcdd06c3d73f2425c50916d0116ae936.sol"},{"line":97,"column":5,"severity":"Warning","message":"Rule is set with explicit type [var/s: uint]","ruleId":"explicit-types","filePath":"Benchmarks/Study_SamplesSet/fcdd06c3d73f2425c50916d0116ae936.sol"},{"line":100,"column":5,"severity":"Warning","message":"Rule is set with explicit type [var/s: uint]","ruleId":"explicit-types","filePath":"Benchmarks/Study_SamplesSet/fcdd06c3d73f2425c50916d0116ae936.sol"},{"line":105,"column":5,"severity":"Error","message":"Explicitly mark visibility of state","ruleId":"state-visibility","fix":null,"filePath":"Benchmarks/Study_SamplesSet/fcdd06c3d73f2425c50916d0116ae936.sol"},{"line":108,"column":5,"severity":"Error","message":"Explicitly mark visibility of state","ruleId":"state-visibility","fix":null,"filePath":"Benchmarks/Study_SamplesSet/fcdd06c3d73f2425c50916d0116ae936.sol"},{"line":111,"column":5,"severity":"Error","message":"Explicitly mark visibility of state","ruleId":"state-visibility","fix":null,"filePath":"Benchmarks/Study_SamplesSet/fcdd06c3d73f2425c50916d0116ae936.sol"},{"line":139,"column":9,"severity":"Warning","message":"Rule is set with explicit type [var/s: uint]","ruleId":"explicit-types","filePath":"Benchmarks/Study_SamplesSet/fcdd06c3d73f2425c50916d0116ae936.sol"},{"line":145,"column":24,"severity":"Error","message":"Explicitly mark all external contracts as trusted or untrusted","ruleId":"mark-callable-contracts","filePath":"Benchmarks/Study_SamplesSet/fcdd06c3d73f2425c50916d0116ae936.sol"},{"line":149,"column":23,"severity":"Error","message":"Explicitly mark all external contracts as trusted or untrusted","ruleId":"mark-callable-contracts","filePath":"Benchmarks/Study_SamplesSet/fcdd06c3d73f2425c50916d0116ae936.sol"},{"line":165,"column":9,"severity":"Warning","message":"Provide an error message for require","ruleId":"reason-string","fix":null,"filePath":"Benchmarks/Study_SamplesSet/fcdd06c3d73f2425c50916d0116ae936.sol"},{"line":165,"column":9,"severity":"Warning","message":"Use Custom Errors instead of require statements","ruleId":"custom-errors","fix":null,"filePath":"Benchmarks/Study_SamplesSet/fcdd06c3d73f2425c50916d0116ae936.sol"},{"line":184,"column":13,"severity":"Warning","message":"Provide an error message for require","ruleId":"reason-string","fix":null,"filePath":"Benchmarks/Study_SamplesSet/fcdd06c3d73f2425c50916d0116ae936.sol"},{"line":184,"column":13,"severity":"Warning","message":"Use Custom Errors instead of require statements","ruleId":"custom-errors","fix":null,"filePath":"Benchmarks/Study_SamplesSet/fcdd06c3d73f2425c50916d0116ae936.sol"},{"line":187,"column":13,"severity":"Warning","message":"Provide an error message for require","ruleId":"reason-string","fix":null,"filePath":"Benchmarks/Study_SamplesSet/fcdd06c3d73f2425c50916d0116ae936.sol"},{"line":187,"column":13,"severity":"Warning","message":"Use Custom Errors instead of require statements","ruleId":"custom-errors","fix":null,"filePath":"Benchmarks/Study_SamplesSet/fcdd06c3d73f2425c50916d0116ae936.sol"},{"line":200,"column":53,"severity":"Warning","message":"Rule is set with explicit type [var/s: uint]","ruleId":"explicit-types","filePath":"Benchmarks/Study_SamplesSet/fcdd06c3d73f2425c50916d0116ae936.sol"},{"line":204,"column":16,"severity":"Error","message":"Explicitly mark all external contracts as trusted or untrusted","ruleId":"mark-callable-contracts","filePath":"Benchmarks/Study_SamplesSet/fcdd06c3d73f2425c50916d0116ae936.sol"},{"line":208,"column":12,"severity":"Warning","message":"Provide an error message for require","ruleId":"reason-string","fix":null,"filePath":"Benchmarks/Study_SamplesSet/fcdd06c3d73f2425c50916d0116ae936.sol"},{"line":208,"column":12,"severity":"Warning","message":"Use Custom Errors instead of require statements","ruleId":"custom-errors","fix":null,"filePath":"Benchmarks/Study_SamplesSet/fcdd06c3d73f2425c50916d0116ae936.sol"},{"line":211,"column":12,"severity":"Warning","message":"Provide an error message for require","ruleId":"reason-string","fix":null,"filePath":"Benchmarks/Study_SamplesSet/fcdd06c3d73f2425c50916d0116ae936.sol"},{"line":211,"column":12,"severity":"Warning","message":"Use Custom Errors instead of require statements","ruleId":"custom-errors","fix":null,"filePath":"Benchmarks/Study_SamplesSet/fcdd06c3d73f2425c50916d0116ae936.sol"},{"line":217,"column":12,"severity":"Warning","message":"Provide an error message for require","ruleId":"reason-string","fix":null,"filePath":"Benchmarks/Study_SamplesSet/fcdd06c3d73f2425c50916d0116ae936.sol"},{"line":217,"column":12,"severity":"Warning","message":"Use Custom Errors instead of require statements","ruleId":"custom-errors","fix":null,"filePath":"Benchmarks/Study_SamplesSet/fcdd06c3d73f2425c50916d0116ae936.sol"},{"line":221,"column":16,"severity":"Warning","message":"Provide an error message for require","ruleId":"reason-string","fix":null,"filePath":"Benchmarks/Study_SamplesSet/fcdd06c3d73f2425c50916d0116ae936.sol"},{"line":221,"column":16,"severity":"Warning","message":"Use Custom Errors instead of require statements","ruleId":"custom-errors","fix":null,"filePath":"Benchmarks/Study_SamplesSet/fcdd06c3d73f2425c50916d0116ae936.sol"},{"line":221,"column":24,"severity":"Error","message":"Explicitly mark all external contracts as trusted or untrusted","ruleId":"mark-callable-contracts","filePath":"Benchmarks/Study_SamplesSet/fcdd06c3d73f2425c50916d0116ae936.sol"},{"line":231,"column":12,"severity":"Warning","message":"Provide an error message for require","ruleId":"reason-string","fix":null,"filePath":"Benchmarks/Study_SamplesSet/fcdd06c3d73f2425c50916d0116ae936.sol"},{"line":231,"column":12,"severity":"Warning","message":"Use Custom Errors instead of require statements","ruleId":"custom-errors","fix":null,"filePath":"Benchmarks/Study_SamplesSet/fcdd06c3d73f2425c50916d0116ae936.sol"},{"line":235,"column":12,"severity":"Error","message":"Explicitly mark all external contracts as trusted or untrusted","ruleId":"mark-callable-contracts","filePath":"Benchmarks/Study_SamplesSet/fcdd06c3d73f2425c50916d0116ae936.sol"},{"line":252,"column":9,"severity":"Warning","message":"Provide an error message for require","ruleId":"reason-string","fix":null,"filePath":"Benchmarks/Study_SamplesSet/fcdd06c3d73f2425c50916d0116ae936.sol"},{"line":252,"column":9,"severity":"Warning","message":"Use Custom Errors instead of require statements","ruleId":"custom-errors","fix":null,"filePath":"Benchmarks/Study_SamplesSet/fcdd06c3d73f2425c50916d0116ae936.sol"},{"line":255,"column":13,"severity":"Warning","message":"Provide an error message for require","ruleId":"reason-string","fix":null,"filePath":"Benchmarks/Study_SamplesSet/fcdd06c3d73f2425c50916d0116ae936.sol"},{"line":255,"column":13,"severity":"Warning","message":"Use Custom Errors instead of require statements","ruleId":"custom-errors","fix":null,"filePath":"Benchmarks/Study_SamplesSet/fcdd06c3d73f2425c50916d0116ae936.sol"},{"line":255,"column":21,"severity":"Error","message":"Explicitly mark all external contracts as trusted or untrusted","ruleId":"mark-callable-contracts","filePath":"Benchmarks/Study_SamplesSet/fcdd06c3d73f2425c50916d0116ae936.sol"},{"line":278,"column":9,"severity":"Warning","message":"Provide an error message for require","ruleId":"reason-string","fix":null,"filePath":"Benchmarks/Study_SamplesSet/fcdd06c3d73f2425c50916d0116ae936.sol"},{"line":278,"column":9,"severity":"Warning","message":"Use Custom Errors instead of require statements","ruleId":"custom-errors","fix":null,"filePath":"Benchmarks/Study_SamplesSet/fcdd06c3d73f2425c50916d0116ae936.sol"},{"line":280,"column":9,"severity":"Error","message":"Explicitly mark all external contracts as trusted or untrusted","ruleId":"mark-callable-contracts","filePath":"Benchmarks/Study_SamplesSet/fcdd06c3d73f2425c50916d0116ae936.sol"},{"line":292,"column":53,"severity":"Warning","message":"Rule is set with explicit type [var/s: uint]","ruleId":"explicit-types","filePath":"Benchmarks/Study_SamplesSet/fcdd06c3d73f2425c50916d0116ae936.sol"},{"line":305,"column":42,"severity":"Warning","message":"Rule is set with explicit type [var/s: uint]","ruleId":"explicit-types","filePath":"Benchmarks/Study_SamplesSet/fcdd06c3d73f2425c50916d0116ae936.sol"},{"line":306,"column":18,"severity":"Warning","message":"Rule is set with explicit type [var/s: uint]","ruleId":"explicit-types","filePath":"Benchmarks/Study_SamplesSet/fcdd06c3d73f2425c50916d0116ae936.sol"},{"line":331,"column":28,"severity":"Warning","message":"Rule is set with explicit type [var/s: uint]","ruleId":"explicit-types","filePath":"Benchmarks/Study_SamplesSet/fcdd06c3d73f2425c50916d0116ae936.sol"},{"line":331,"column":71,"severity":"Warning","message":"Rule is set with explicit type [var/s: uint]","ruleId":"explicit-types","filePath":"Benchmarks/Study_SamplesSet/fcdd06c3d73f2425c50916d0116ae936.sol"},{"line":370,"column":9,"severity":"Warning","message":"Rule is set with explicit type [var/s: uint]","ruleId":"explicit-types","filePath":"Benchmarks/Study_SamplesSet/fcdd06c3d73f2425c50916d0116ae936.sol"},{"line":386,"column":9,"severity":"Error","message":"Explicitly mark all external contracts as trusted or untrusted","ruleId":"mark-callable-contracts","filePath":"Benchmarks/Study_SamplesSet/fcdd06c3d73f2425c50916d0116ae936.sol"},{"line":398,"column":45,"severity":"Warning","message":"Rule is set with explicit type [var/s: uint]","ruleId":"explicit-types","filePath":"Benchmarks/Study_SamplesSet/fcdd06c3d73f2425c50916d0116ae936.sol"},{"line":400,"column":9,"severity":"Warning","message":"Rule is set with explicit type [var/s: uint]","ruleId":"explicit-types","filePath":"Benchmarks/Study_SamplesSet/fcdd06c3d73f2425c50916d0116ae936.sol"},{"line":401,"column":9,"severity":"Warning","message":"Provide an error message for require","ruleId":"reason-string","fix":null,"filePath":"Benchmarks/Study_SamplesSet/fcdd06c3d73f2425c50916d0116ae936.sol"},{"line":401,"column":9,"severity":"Warning","message":"Use Custom Errors instead of require statements","ruleId":"custom-errors","fix":null,"filePath":"Benchmarks/Study_SamplesSet/fcdd06c3d73f2425c50916d0116ae936.sol"},{"line":402,"column":9,"severity":"Warning","message":"Rule is set with explicit type [var/s: uint]","ruleId":"explicit-types","filePath":"Benchmarks/Study_SamplesSet/fcdd06c3d73f2425c50916d0116ae936.sol"},{"line":403,"column":9,"severity":"Warning","message":"Provide an error message for require","ruleId":"reason-string","fix":null,"filePath":"Benchmarks/Study_SamplesSet/fcdd06c3d73f2425c50916d0116ae936.sol"},{"line":403,"column":9,"severity":"Warning","message":"Use Custom Errors instead of require statements","ruleId":"custom-errors","fix":null,"filePath":"Benchmarks/Study_SamplesSet/fcdd06c3d73f2425c50916d0116ae936.sol"},{"line":406,"column":9,"severity":"Error","message":"Explicitly mark all external contracts as trusted or untrusted","ruleId":"mark-callable-contracts","filePath":"Benchmarks/Study_SamplesSet/fcdd06c3d73f2425c50916d0116ae936.sol"},{"line":415,"column":44,"severity":"Warning","message":"Rule is set with explicit type [var/s: uint]","ruleId":"explicit-types","filePath":"Benchmarks/Study_SamplesSet/fcdd06c3d73f2425c50916d0116ae936.sol"},{"line":416,"column":22,"severity":"Warning","message":"Visibility modifier must be first in list of modifiers","ruleId":"visibility-modifier-order","fix":null,"filePath":"Benchmarks/Study_SamplesSet/fcdd06c3d73f2425c50916d0116ae936.sol"},{"line":417,"column":9,"severity":"Warning","message":"Rule is set with explicit type [var/s: uint]","ruleId":"explicit-types","filePath":"Benchmarks/Study_SamplesSet/fcdd06c3d73f2425c50916d0116ae936.sol"},{"line":418,"column":9,"severity":"Warning","message":"Provide an error message for require","ruleId":"reason-string","fix":null,"filePath":"Benchmarks/Study_SamplesSet/fcdd06c3d73f2425c50916d0116ae936.sol"},{"line":418,"column":9,"severity":"Warning","message":"Use Custom Errors instead of require statements","ruleId":"custom-errors","fix":null,"filePath":"Benchmarks/Study_SamplesSet/fcdd06c3d73f2425c50916d0116ae936.sol"},{"line":419,"column":9,"severity":"Warning","message":"Rule is set with explicit type [var/s: uint]","ruleId":"explicit-types","filePath":"Benchmarks/Study_SamplesSet/fcdd06c3d73f2425c50916d0116ae936.sol"},{"line":420,"column":9,"severity":"Warning","message":"Provide an error message for require","ruleId":"reason-string","fix":null,"filePath":"Benchmarks/Study_SamplesSet/fcdd06c3d73f2425c50916d0116ae936.sol"},{"line":420,"column":9,"severity":"Warning","message":"Use Custom Errors instead of require statements","ruleId":"custom-errors","fix":null,"filePath":"Benchmarks/Study_SamplesSet/fcdd06c3d73f2425c50916d0116ae936.sol"},{"line":423,"column":9,"severity":"Error","message":"Explicitly mark all external contracts as trusted or untrusted","ruleId":"mark-callable-contracts","filePath":"Benchmarks/Study_SamplesSet/fcdd06c3d73f2425c50916d0116ae936.sol"},{"line":446,"column":59,"severity":"Warning","message":"Rule is set with explicit type [var/s: uint]","ruleId":"explicit-types","filePath":"Benchmarks/Study_SamplesSet/fcdd06c3d73f2425c50916d0116ae936.sol"},{"line":447,"column":16,"severity":"Warning","message":"Visibility modifier must be first in list of modifiers","ruleId":"visibility-modifier-order","fix":null,"filePath":"Benchmarks/Study_SamplesSet/fcdd06c3d73f2425c50916d0116ae936.sol"},{"line":447,"column":34,"severity":"Warning","message":"Rule is set with explicit type [var/s: uint]","ruleId":"explicit-types","filePath":"Benchmarks/Study_SamplesSet/fcdd06c3d73f2425c50916d0116ae936.sol"},{"line":456,"column":9,"severity":"Warning","message":"Rule is set with explicit type [var/s: uint]","ruleId":"explicit-types","filePath":"Benchmarks/Study_SamplesSet/fcdd06c3d73f2425c50916d0116ae936.sol"},{"line":457,"column":9,"severity":"Warning","message":"Rule is set with explicit type [var/s: uint]","ruleId":"explicit-types","filePath":"Benchmarks/Study_SamplesSet/fcdd06c3d73f2425c50916d0116ae936.sol"},{"line":459,"column":13,"severity":"Warning","message":"Rule is set with explicit type [var/s: uint]","ruleId":"explicit-types","filePath":"Benchmarks/Study_SamplesSet/fcdd06c3d73f2425c50916d0116ae936.sol"},{"line":473,"column":65,"severity":"Warning","message":"Rule is set with explicit type [var/s: uint]","ruleId":"explicit-types","filePath":"Benchmarks/Study_SamplesSet/fcdd06c3d73f2425c50916d0116ae936.sol"},{"line":489,"column":49,"severity":"Warning","message":"Visibility modifier must be first in list of modifiers","ruleId":"visibility-modifier-order","fix":null,"filePath":"Benchmarks/Study_SamplesSet/fcdd06c3d73f2425c50916d0116ae936.sol"},{"line":490,"column":9,"severity":"Warning","message":"Rule is set with explicit type [var/s: uint]","ruleId":"explicit-types","filePath":"Benchmarks/Study_SamplesSet/fcdd06c3d73f2425c50916d0116ae936.sol"},{"line":492,"column":9,"severity":"Error","message":"Avoid to use inline assembly. It is acceptable only in rare cases","ruleId":"no-inline-assembly","fix":null,"filePath":"Benchmarks/Study_SamplesSet/fcdd06c3d73f2425c50916d0116ae936.sol"},{"line":499,"column":39,"severity":"Warning","message":"Visibility modifier must be first in list of modifiers","ruleId":"visibility-modifier-order","fix":null,"filePath":"Benchmarks/Study_SamplesSet/fcdd06c3d73f2425c50916d0116ae936.sol"},{"line":499,"column":18,"severity":"Warning","message":"Rule is set with explicit type [var/s: uint]","ruleId":"explicit-types","filePath":"Benchmarks/Study_SamplesSet/fcdd06c3d73f2425c50916d0116ae936.sol"},{"line":499,"column":26,"severity":"Warning","message":"Rule is set with explicit type [var/s: uint]","ruleId":"explicit-types","filePath":"Benchmarks/Study_SamplesSet/fcdd06c3d73f2425c50916d0116ae936.sol"},{"line":499,"column":57,"severity":"Warning","message":"Rule is set with explicit type [var/s: uint]","ruleId":"explicit-types","filePath":"Benchmarks/Study_SamplesSet/fcdd06c3d73f2425c50916d0116ae936.sol"},{"line":506,"column":5,"severity":"Error","message":"Fallback function must be simple","ruleId":"no-complex-fallback","fix":null,"filePath":"Benchmarks/Study_SamplesSet/fcdd06c3d73f2425c50916d0116ae936.sol"},{"line":507,"column":9,"severity":"Warning","message":"Provide an error message for require","ruleId":"reason-string","fix":null,"filePath":"Benchmarks/Study_SamplesSet/fcdd06c3d73f2425c50916d0116ae936.sol"},{"line":507,"column":9,"severity":"Warning","message":"Use Custom Errors instead of require statements","ruleId":"custom-errors","fix":null,"filePath":"Benchmarks/Study_SamplesSet/fcdd06c3d73f2425c50916d0116ae936.sol"},{"line":508,"column":9,"severity":"Warning","message":"Provide an error message for require","ruleId":"reason-string","fix":null,"filePath":"Benchmarks/Study_SamplesSet/fcdd06c3d73f2425c50916d0116ae936.sol"},{"line":508,"column":9,"severity":"Warning","message":"Use Custom Errors instead of require statements","ruleId":"custom-errors","fix":null,"filePath":"Benchmarks/Study_SamplesSet/fcdd06c3d73f2425c50916d0116ae936.sol"},{"line":508,"column":17,"severity":"Error","message":"Explicitly mark all external contracts as trusted or untrusted","ruleId":"mark-callable-contracts","filePath":"Benchmarks/Study_SamplesSet/fcdd06c3d73f2425c50916d0116ae936.sol"},{"line":526,"column":9,"severity":"Warning","message":"Rule is set with explicit type [var/s: uint]","ruleId":"explicit-types","filePath":"Benchmarks/Study_SamplesSet/fcdd06c3d73f2425c50916d0116ae936.sol"},{"line":528,"column":9,"severity":"Error","message":"Explicitly mark all external contracts as trusted or untrusted","ruleId":"mark-callable-contracts","filePath":"Benchmarks/Study_SamplesSet/fcdd06c3d73f2425c50916d0116ae936.sol"},{"line":534,"column":78,"severity":"Warning","message":"Rule is set with explicit type [var/s: uint]","ruleId":"explicit-types","filePath":"Benchmarks/Study_SamplesSet/fcdd06c3d73f2425c50916d0116ae936.sol"},{"line":536,"column":54,"severity":"Warning","message":"Rule is set with explicit type [var/s: uint]","ruleId":"explicit-types","filePath":"Benchmarks/Study_SamplesSet/fcdd06c3d73f2425c50916d0116ae936.sol"},{"line":567,"column":9,"severity":"Warning","message":"Rule is set with explicit type [var/s: uint]","ruleId":"explicit-types","filePath":"Benchmarks/Study_SamplesSet/fcdd06c3d73f2425c50916d0116ae936.sol"},{"conclusion":"92 problem/s (19 error/s, 73 warning/s)"}]
